180481,"Perfekt für die Arbeit mit Kleinkindern, da Teelichter benötigt werden, die einen sichereren Umgang ermöglichen. (Anstelle von länglichen Kerzen). Sehr schönes Design und sehr flexible.",5
160748,Artikel eie beschrieben. Voll zufrieden.,5
169394,Schneller als erwartet angekommen. Sehr zu Frieden mit den originalteilen.,5
199658,"Schöner Teppich für das Kinderzimmer meiner Tochter. Es fallen zwar schnell kleinere Fusseln auf durch die helle Farbe, aber er lässt sich dafür sehr leicht absaugen.",5
191343,"Dankeschön, tolles Ding die Kinder haben sich sehr über Weihnachten drüber gefreut. Die Lampe macht so tolle Effekte im Zimmer und der Preis ist auch fair. Kann gut empfehlen.",5
162265,"habe den unterschrank heute erhalten, er hat eine gute qualität für den preis, war sehr schnell aufgebaut und sieht in unserem neu sanierten bad sehr hochwertig aus. freue mich schon auf den passenden hochschrank der hoffentlich morgen kommt",5
167293,"Lieferung hat zwar lange gedauert, kam dann aber einwandfrei an und die Brille funktioniert super! Völlig neues SehErlebnis!",5
171172,"Gute Qualität! Schöne große und frische Blättern! Früher geliefert als bei dem Lieferdatum stand! Schade nur, das es kein Prime und man für die Versand zahlen muss.",5
170538,"Der Schuh sieht sehr gut aus, das Obermaterial ist leider etwas anfällig auf Staub o.Ä. und wird deswegen schnell schmutzig aber das kann man ja putzen. Preis-Leistung ist für mich hier erfüllt. Klare Kaufempfehlung.",5
171346,"Die Uhr ist ein Geschenk für mein Bruder und er findet sie wunderschön. Die Lieferung ging sehr schnell, alles war in Ordnung, keine Problem. Kann ich nur weiter empfehlen.",5
196593,"Hallo an alle die noch darüber nachdenke, ob man Lebensmittel über das Internet bestellen sollte. In diesem Fall kann ich eine klare Empfehlung geben. Schmecken gut, tun gut, sind gut ;-)",5
163933,"Ich habe diesen Vorrat von 6 Liter gekauft, weil ich ihn täglich (50 ml) trinke und somit erstmal gut eingedeckt bin. Der Saft kam gut verpackt bei mir an. Die Lieferung ging recht schnell. Geschmacklich ist er sehr gut, fruchtiger und klarer, als ich es eigentlich von Granatapfelsaft kenne. Wenn ich mit den Flaschen durch bin, werde ich entscheiden, ob ich hier nochmal bestelle, aber bisher steht dem nix im Weg :)",5
161786,super qualität schnelle lieferung top,5
178838,Macht was es soll. Leicht anzubringen.,5
180221,"Für meine Mobile Sauna , die ich zur Zeit baue.",5
195331,"Kuschelig weich, saugstarkes und niedliches Badetuch.",5
8971,"Versand ging zügig, gut verpackt und sieht stabil aus. Leider funktioniert das gute Stück aber immer mal wieder nicht, dann muss es aus dem Netzteil und irgendwann lädt das Handy dann wieder. (Verschiedene Netzteile ausprobiert, Problem taucht immer wieder auf.) Ist für zwischendurch ganz nett, aber nicht wenn man sich drauf verlassen muss, dass es über Nacht lädt.",1
21656,"Eigentlich hübsch und machst einen stabilen Eindruck, aber jetzt nach einem halben Jahr ist eine Ecke eingerissen (siehe Foto). Keine Ahnung wie das passieren konnte. Das iPad steht ständig auf dem iPad Halter und wird nur zuhause genutzt. Also sollte eigentlich nicht so schnell abgenutzt sein. Die vorherige Hülle hat min. 4 Jahre gehalten. Ich würde demnach diese Hülle nicht mehr nachkaufen. Aber kann ja sein, dass ich einfach Pech hatte. Muss daher jeder selbst wissen/ausprobieren.",1
4496,"Die Lieferung hat wirklich sehr sehr lange gedauert und der Verkäufer hat’s ich auch nicht wirklich drum gekümmert. Die Wimpern sahen in echt dann wirklich anders aus und einfach nicht schön Sodas ich sie tragen möchte. Schade, da ich mit Blue Vessel bis jetzt nur schlechte Erfahrungen gemacht haben.",1
7184,"Ein Stern, weil Null nicht gesetzt werden kann. Alles beschädigt. Spiegel in tausend Stücke. Nahtlose Fugen und Ecken alle genäht. Sehr schlecht. Ich habe es nicht geschafft, weil ich wieder alles kaputt kommen würde. Keine Worte. Kaufen Sie nicht. Nicht ernst",1
26186,Also wer auf Qualität setzt ist hier nicht gut bedient. Einfachste Plastikausführung. Da bricht schnell mal was ab. Vom Sound her nicht besonders gut. Um vielleicht mal eine Märchen-CD abspielen zu lassen ok. Aber für gute Musik nicht zu empfehlen. Ansonsten sieht die Anlage nett aus und einfachst zu bedienen.,1
31964,Kein europäisches Handy der Verkäufer kann kein Deutsch und englisch keine iben Nummer verfügbar Finger weg vom Handy nach ein Monat defekt,1
12155,"Leider halten die Klebehaken nicht, nach kurzer Zeit fallen sie einfach ab.",1
6310,Hat einmal funtioniert dann nie wieder.,1
36816,"Dieses Spiel ist ohne sich Stunden anzumelden nicht spielbar. Leider, das nervt. Hätte ich es vorher gewusst, dann hätte ich dieses Spiel nicht gekauft.",1
22705,Zu klein die Qualität ist nicht die erwartet.,1
30399,"was nütz mir ein Schutzglas, wenn das Display (fingerabdruck usw.) nicht mehr reagiert?",1
9733,Bestellt am 6. August 2017. Angeblich zugestellt am 2. September 17. Habe die Ware nie erhalten. Eine Sendungsverfolgung war natürlich auch nicht möglich.,1
16382,Leider ist die Folie sehr klein und reicht nicht bis an den Rand des Displays. Montage der Folie klappte gut.,1
27295,Der Versand lief einwandfrei. Leider kam der Artikel defekt an. Es kann nicht genug Druck für den Strahl aufgebaut werden. Sehr schade. Mein kleiner Cousin hatte sich schon so gefreut.,1
37717,Eine absolute Frechheit! Eine Figur!!!!!! Das ist ein Witz!!! Und dann kann die nicht mal aussuchen... echt schlimm da wird man echt für dumm verkauft!!!,1
7844,Schließe mich den Vorrednern voll und ganz an! Die schlechteste Qualität was es gibt. Schlauch rutscht aus dem Verbinder und das Gewinde überdreht sich!,1
77027,Anders als erhofft. Spritzt und tropft in alle Richtungen. Einstellmöglichkeiten sind da aber irgendwie reicht mir das nicht. Für das Geld hab ich mir echt mehr erhofft. Verpackung in Ordnung Versand hätte etwas schneller sein können. Hab mich da wohl auf die tolle Optik verlassen. Der angesprochene Kleber der nicht zu entfernen geht ist tatsächlich ne Katastrophe und man kann ihn nicht rückstandsfrei wegmachen. Zumindest nicht auf Anhieb.,2
58303,"Leider hat der Artikel optische Mängel, der Verkäufer kann aber nix dafür, liegt am Material dieses ist nicht Hochwertig kann man aber für den Preis nicht erwarten. Der Glitzer ist nur Folie die sich nach und nach Ablösen wird. Dies ist jetzt bereits bei Lieferung der Fall an der Öffnung der Kamera",2
49399,Für Kinder echt lustig aber zu teuer,2
58169,"Also wer mega gute Haftung will, die gibt es. Für mich zu viel. Mein Handy klebte immer daran fest. Und es war fast unmöglich es von Auto abzubekommen.",2
60188,Für diesen Preis sollte die Qualität besser sein. Ausgebrochen!!!!,2
65554,"Gute Grösse für ein Reisestativ, Gewicht ist auch in Ordnung. Leider ist die Arretierung für die ausziehbare Beine aus Plastik. Diese ist bei der 2 Reise bereits defekt. Kann das Produkt so nicht weiter empfehlen.",2
48149,"Habe mir die Handschuhe bestellt, da ich gehofft habe das sie für den Winter geeignet seien. Da ich sie jeden Tag brauche um zur arbeit zu fahren. Habe sie bei Temperaturen um die 0 Grad ausprobiert. Nur leider haben die nichts an wärme gehalten.",2
67741,ich habe mir von dem Film mehr versprochen. Mehr wie 2 Sterne ist er nicht wert. Muß demnächst bei der Filmauswahl besser hinschauen,2
61317,"schöne Farbe, geräumig, aber nicht so stabil, da gibt es bessere Alternativen für diesen Preis (der natürlich günstig ist)",2
54712,"Habe 4 Stück gekauft, leider funktionierten 2 davon bereits nach einem Tag nicht mehr.",2
43244,"Habe die Box für meinen Welpen bestellt. Optisch machte sie einen guten Eindruck. Der Gebrauch selber ist schwierig. Die oberen Stäbe die man in einander stecken muss gehen andauert auseinander, dass einfach keine Stabiliät vorhanden ist und der Hund wie in einem Zusammengeklappten Kartenhaus sitzt.",2
63480,Für den Preis ist es ok. Aber drauf spielen lässt sich nicht so gut.,2
77059,Finde es ok nur der Versand machte die Hälfte von Body aus das finde ich zu teuer leider hab ich das zu spät gesehen würde ich nicht mehr machen 😐,2
50373,"Was ist nur los mit diesem Lieferanten? Schon die zweite Lieferung ohne Lieferschein, ohne Rechnung und ohne extra im Lieferumfang ausgewiesene Schnellinstallationsanleitung! Das ist nun das zweite Mal! Nun längst!",2
46922,War nicht so wie erwünscht,2
70454,Es verspricht Geruch na ja wer es mag Farbe ist lila aber auch nach längeren einwirken ist auf blond nichts sichtbar und der Gelbstich bleibt sich nach mehrfacher Anwendung,2
120533,"Guter Preis, schnelle Lieferung.",4
130342,"Top Sauger Ich benutze ihn zum Absaugen von Maschinen beim Heimwerken. Dabei stellt eine klare Optimierung der Werkstatt dar. Der Sauger verfügt über viel wertiger Zubehör und ist ein Muss für den kleinen Heimwerker. Negativ fällt auf, dass der Sauger sich statisch auflädt und größere Holzspäne dran haften-daher einen Stern Abzug.",4
157658,"Hält gut mit dem Klebeband und dunkelt sehr gut ab. Haben Sie gekauft um das Schlafzimmer wegen dem Baby zu verdunkeln. Einzig zu bemängeln ist, dass die Folie gefaltet ankommt und somit knicke aufweist. Diese sind jedoch im gespannten Zustand kaum mehr zu erkennen",4
130330,Schnelle Lieferung. Farben wie abgebildet . Schöne goldene Farbe. Gute Klebekraft. Alles wie erwartet. Bin mit der Qulität sehr zufrieden.,4
150000,Die bisherigen Bewertungen kann ich nicht verstehen. Läuft ohne Probleme,4
154485,"Armband passt gut auf die Fitbit Charge 2, der Verschluss ist raffiniert; leider sind die ersten Glieder (die an der Uhr) eher bläulich, was nicht ganz so gut aussieht.",4
124385,Wurde als Geschenk gekauft und die Kleine hat sich darauf sehr gefreut. Die Puppe ist süß.,4
140405,"Die Powerbank wurde schnell und zuverlässig geliefert. Es soll ein Geschenk zum Geburtstag meiner Freundin werden. Die Powerbank war bereits 75 % geladen. Dies ist der perfekte Ladestand zum Lagern und verschicken von Lithium-Ionen-Akkus. Die Powerbank ist etwas größer und schwerer als ich eigentlich gedacht hatte. Aber 10000 Milliampere wollen ja schließlich verpackt werden. Immerhin ist die Powerbank wirklich sehr flach und nicht so klobig wie manch andere. Die Powerbank hat zwei USB Ausgänge einmal ein Ampere und einmal 2,1 Ampere. Mitgeliefert wird ein passendes USB-Kabel um die Powerbank einmal am PC oder Laptop aufzuladen und natürlich um nachher das Handy an der Powerbank anzuschließen. Die Powerpack hat eine Ladestandsanzeige welche 25, 50, 75 und 100% anzeigt. Ich denke meine Freundin wird sich sehr über dieses Geschenk freuen.",4
137589,Sehr zufrieden mit meinem Geburtstagsgeschenk. Wir nutzen ihn für das schnelle sauer machen nach dem Essen und zwischen durch. Putzen kann man damit nicht wirklich. Aber für unsere Zwecke Tip Top.,4
131184,"Handlich, leicht und ergonomisch. Die Lackoptik des push knopfes zieht Fingerabdrücke an. Sehr Einfach zu befüllen und zu reinigen. Perfekt für Einsteiger geeignet.",4
153591,"Die Textmarker sind am Anfang ziemlich hart und fühlen sich an wie billige Filzstifte, mit der Zeit werden sie jedoch weicher und sie liegen sehr gut in der Hand. Sie markieren relativ gut und sind ihr Geld wert. Ich rate jedoch dazu, lieber erstmal die kleinere Packung zu kaufen um sie erstmal zu testen.",4
121657,"Sehr kuschelig, schön groß, daher auch für größere Kinder und Erwachsene geeignet. Einziges Manko, die Füllung kann nicht raus genommen werden, das fände ich hygienischer und auf Grund der Größe ist es so auch in einer kleinen Mikrowelle knapp, geht aber.",4
142611,"Sehr zufrieden mit dem Gerät. Ein Stern Abzug, da es etwas schneller aufwärmen könnte...was aber wohl bei dem guten Preis nicht zu erwarten ist.",4
136987,Sind etwas kleiner als gedacht aber trotzdem gut. Leider ist oft das gleiche in verschiedenen Farben drinn also Herzen und so das kann ich weniger gebrauchen aber der Rest ist super gut 😄.,4
148230,Ich habe es zur Geburt verschenkt. Kam sehr gut an.,4
133995,"habe Schallschutz-Set für Waschtisch gekauft, und Schallschutz-Set für WC wurde angeliefert. Aber Material hat ganz gute Qualität. Preiswert. Freundliche Kontakt.",4
102951,"Die Leuchtkraft ist sehr stark und die Optik ist ganz Okay, aber es ist halt reiner billig Plastik der nicht sehr stabil aussieht. Tut aber was es soll",3
84606,"Der Spray hat eine gute Qualität und kann ich ihn empfehlen. Die Versandkosten (EUR 7,50 pro Dose) sind jedoch unverschämt hoch. Und bestellt man zwei oder mehr Sprays, um die Versandkosten zu verringern, multiplizieren sich diese. Ein absolutes No Go Kriterium trotz der an sich guten Qualität des Produkts. Veranlasst mich, eine Alternative zu suchen...",3
97283,Könnte besser sein. Aber netter Zeitvertreib für meine Tochter am Tablet.,3
103912,"Ich empfand die Borsten als viel zu weich. Für empfindliche Haut mag das jedoch gut geeignet sein. Das Gerät liegt zwar gut in der Hand, ist jedoch deutlich kleiner als ich erwartet hatte. Da das Gerät insgesamt sehr nach Gummi roch und ich nach der Produktbeschreibung eher davon ausging, es handle sich um einen deutschen Hersteller und nicht „made in China“, habe ich das Gerät zurück gesandt.",3
86874,"Die Montage und die Zusammensetzung des Rollos sind gewöhnungsbedürftig. Der Rollo wird zwischen zwei Befestigungen montiert, die aber nicht einrasten oder ähnliches. Der Rolladen ist bereits zwei Mal runter gefallen, da auch der Kleber hinter diesen Befestigungen nicht gut am Fensterrahmen hält, sodass sich diese lösen und der Rolladen dann ""herunter kracht"". Ich persönlich würde mir eine ""Sicherungsfunktion"" wünschen. Ansonsten aber sehr gut, dunkelt gut ab, einfach in der täglichen Handhabung.",3
92209,Habe mir aufgrund der Rezensionen das Produkt gekauft. Überzeugt bin ich nicht. Ich empfinde das das Preis-Leistungsverhältnis nicht gegeben ist. Der WC-Reiniger aus der Drogerie ist meines Erachtens nach besser. Werde die zweite Flasche noch aufbrauchen und damit abschließen.,3
109411,"Riecht unangenehm, wurde mit Waschmittel ausgewaschen und anschliessend am Balkon ausgelüftet, ansonsten praktisch, nützlich, solide",3
104359,"Bis die Seife im Wasserbad geschmolzen war hat es einige Zeit gedauert. Die Verarbeitung war aber sehr leicht - Farbe und Öl ließen sich perfekt verbinden. Die acht Teile habe ich aus ca. 3/4 der Masse hergestellt. Ich habe eine der Seifen auch schon in Gebrauch. Sie ist recht fest geworden, schäumt ausreichend aber fühlt sich nicht sehr pflegend an - trotz Shea Butter. Was ich echt blöd finde ist, dass auf der Packung keine Inhaltsstoffe stehen und auch kein extra Zettel dabei liegt. Man wird also vollkommen im Dunkeln gelassen, was drin ist und zu welchen Anteilen. Ich werde das Produkt nicht wieder kaufen. Für einen Kindergeburtstag nett aber wer Seife für sich damit herstellen möchte, gibt es sicher bessere Produkte.",3
118793,"Die Koffer sind optisch schön, der Neugeruch verschwindet nach einem Tag lüften. Leider ist bereits nach dem ersten Flug eine Rolle an einem Koffer defekt. Auch wenn Koffer nicht immer gut behandelt werden sollte die Qualität doch dementsprechend sein, dass er nicht gleich auseinander fällt. Schade mal schauen wie lange der Rest hält.",3
82357,"Das Buch an sich ist nett zu lesen und beschreibt mehr oder weniger, wie die Autorin mit ihren Hunden beim Gassigehen den Tag verbringt. Für mich sind zu wenig konkrete Tipps bzw. Anleitungen enthalten, wie man letztendlich die beschriebene einvernehmliche und innige Kommunikation zwischen Hund und Mensch erreicht. Allein die Beschreibung, dass es so sein sollte und wie angenehm und schön das ist, bringt mich persönlich nicht weiter. Aber vielleicht hatte ich falsche Erwartungen an das Buch. Oder ich habe es nicht richtig verstanden. Ich würde es nicht wieder kaufen.",3
85212,Für diesen Preis ist es wirklich zu klein aber sieht gut aus mal was anders. Trotzdem danke.,3
82218,"Druck könnte sauberer sein, Leicht zu montieren. Hoffentlich haltbarer, als die Press Holz Deckel.",3
81532,"Treiberinstallation usw. gut, Gerät bzw. Trafo brummt etwas. Leider schaltet er nach Einschalten oder beim Umschalten zwischen Kopfhörer und Cinch immer auf maximal Pegel. Das macht eine Verwendung als Vorstufe für Aktiv- Lautsprecher fast unmöglich bzw. gefährlich (für die Lautsprecher und die Kopfhörer). Ich überlege noch eine Rücksendung.",3
111314,"Ich habe das Produkt schon mehrfach bestellt und bin insgesamt damit zufrieden. Die Verpackung, der Umkarton ist allerdings miserabel. Bereits zum 3. Mal war er nicht richtig verschlossen. In einem Fall war sogar eine Dose herausgefallen. Dies wurde allerdings von Amazon problemlos ersetzt.",3
104487,Optisch ist die Hülle einwandfrei. Sie ist jedoch sehr glatt und das Phone liegt damit sehr rutschig in der Hand. Habe die Hülle zurückgeschickt.,3
102619,Wurde so noch nicht getestet aber das Pult wurde einfach unverpackt im Originalkarton verschickt. Aufkleber drauf und raus....nicht sehr schön da es ein Geschenk sein sollte und der Junge die Post angenommen hat. Somit war die Überraschung dahin. Seitens des Internetanbieters gab es lediglich einen 10€ Amazongutschein. Sowas darf kurz vor Weihnachten nicht sein. Unverpackte Pakete verschicken. Das Mischpult macht auf den ersten Eindruck alles richtig.,3
