127855,"toll geliefert...immer gerne wieder hoffe auch beim nächsten mal...so prombt..und genau wie immer...so verbleiben wir ,mit einem gutem Ende auch dabei....",4
152307,Die Farbe des Armbands ist sehr schön. Der Verschluss ist ein wenig gewöhnungsbedürftig. Generell stört mich dass man immer nur das Gesamtpaket bekommt und nicht nur die beiden äußeren Teile,4
120267,"Ein schönes Erlebnis für kleine Kinder. Die Augen werden groß, wenn die vielen kleinen Kugeln durch die Röhre nach unten prasseln. Leider ist die Lackierung gar nicht gut. Ich nutze den Stab in meiner Kindertagespflege und bereits nach einem Tag platzte an verschiedenen Stellen der Lack ab. Das geht mit Sicherheit auch besser!",4
130126,Schuhe sehen super aus und scheinen bequem! Ich bestelle die nochmal eine Nr. Größer!,4
156282,"Habe mir diese Panzerfolie als Ersatz geholt weil meine vorherige das Bild massiv verfälscht und körnig gemacht hatte. Diese macht das nicht, das Bild ist unverändert. Die Passgenauigkeit ist so wie sie sein sollte. Hatte auch schon die Panzerfolie für das S3 und war auch da mehr als angetan. Der Grund zum Wechsel war auch beim S3 der Gleiche. Das einzig negative ist das sie Fett anzieht, allerdings ist sie auch hier besser als andere und verfettet nicht sofort. Hatte hier schon deutlich schlechtere die nach einmaliger Benutzung eine Fettschicht angesammelt hatten. Nutze es Täglich und 1 Mal die Woche sauber wischen recht völlig. Somit 4 Sterne und Kaufempfehlung.",4
133660,"Wir haben 2 Falträder aufgrund der guten Bewertungen gekauft und sie haben unsere Erwartungen vollauf erfüllt. Einige Schrauben kontrollieren, teilweise nachziehen und los ging es. Die Sitzposition ist gut, auch für größere Personen, bin selbst 185 cm groß. Unserer ersten Test im Urlaub haben die Räder bestanden. Wenn man vergleicht was Falträder bei namhaften Herstellern kosten, kann man nicht meckern.",4
157316,"Bestell- und Liefer-Abwicklung war problemlos. Kommunikation vor, während und nach der Lieferung war gut. Somit positiver Gesamteindruck. Kann weiter empfohlen werden.",4
141204,"Passt super, wirkt hochwertig! Bin wie immer sehr begeistert mit dem Spigen Produkt!",4
153551,"Kurz: Witzige Hausschuhe mit Penis-Spitze. Eigentlich ausschließlich als Gag-Geschenk geeignet, da Einheitsgröße und der eher dürftiger Verarbeitung. Die Reaktion, als die Pantoffeln als Geschenk überreicht wurden, waren GOLD wert!! Für privat nicht zu empfehlen (außer man trägt gerne Penis-Hausschuhe) aber als Geschenk bestens geeignet (übrigens auch für Schrottwichteln ;))",4
153131,"Ich habe diese Hülle schon 2 mal bestellt. Ich finde die Farbe gut, die Verarbeitung ist auch gut. An sich eine super Hülle, da man vorne auch noch Schutz hat. Die Hülle geht über den Fingersensor und oben über die Ecken. Dazu kommt dann noch die Folie, die ich nie benutzt habe, da ich eine andere auf dem Handy hatte. Leider sind mir bei beiden Hüllen die Klick-Verbindungen abgebrochen. Ein Teil habe ich sogar verloren. Beide Hüllen haben ca. 3 Monate gehalten. Schade drum... Dennoch werde ich sie wieder bestellen, da sie mir farblich so gut gefällt.",4
141379,Geschmacklich perfekt aber für mich persönlich etwas zu mild,4
147747,"Die Shisha ist sehr gut und weiter zu empfehlen. Gute Qualität. Preis/Leistung Top! Leider fehlten bei der Shisha ein paar Teile, deswegen nur 4 Sterne. Der Verkäufer schickte jedoch schnell und problemlos die fehlenden Teile.",4
144727,Habe zum ersten Mal diesen Café bestellt und bin begeistert. Hat einen leichten Karamellgeschmack. Nachteil - der Preis.,4
136619,"Ich habe das jetzt schon eine Weile gekauft und es hat keine Probleme. Es ist gut, ich bin froh, dass ich es gekauft habe. Ich benutze es, um zwischen meinen Computern hin und her zu wechseln. Ich habe eine drahtlose Tastatur / Maus-Kombination in einem Steckplatz und einem anderen Drucker. Diese Einstellung ist gut und es gibt kein Problem.",4
140855,"Produkt ist gut, aber trotz Prime und garantiertem Lieferdatum ist die Ware erst einen Tag danach geliefert worden. Kommt in letzter mit DHL öfter vor! Daher nur 4 Sterne.",4
128778,"An sich ein toller Regenschutz und passgenau zu unserem Bollerwagen. Er macht das ganze super gemütlich, muss nur erst einmal eine Weile auslüften. Leider ist uns direkt beim verschließen der Reissverschlüsse eine Naht gerissen - Fuxtec hat sich jedoch in der Kommunikation viel Mühe gegeben und uns einen Preisnachlass bzw. die Rücksendung angeboten. Ging daher retour; wir werden ihm aber, sobald wieder verfügbar, neu bestellen.",4
6468,"Leider sind die Noten nicht nutzbar, da die unübliche Stimmung verwendet wird. Der Theorieteil fällt eher knapp aus. Das Buch werde ich wieder zurück senden.",1
14064,"Habe es im Kindle eingegeben, aber da kam kein Treffer. Der Titel kam mir gleich unbekannt vor. Sicher liegt hier ein irrtum vor.",1
20862,Figuren sind unvollständig und falsch bemalt. Das Gesicht ist teilweise gar nicht oder falsch bemalt.,1
35994,"Das Buch ist eine reine Zumutung und verdient nicht wirklich diesen Namen. Es ist voller Rechtschreibfehler, die das Verstehen sehr erschweren. Es scheint als sei es automatisiert aus einer anderen Sprache übersetzt. Druck und Layout sind billig und lieblos. Wie ein Worddokument. Zum Inhalt. Sicherlich sind einige hilfreiche Tipps und Sprachbefehle enthalten. Aber aufgrund der etlichen Rechtschreibfehler weiss man nie, ob die Bezeichnungen alle korrekt sind. Ein sehr anstrengendes Buch. Ich kann die ganzen positiven Bewertungen nicht nachvollziehen.",1
27746,"Das Handy sieht super aus und ist auch in der Anwendung logisch aufgebaut. Nach 6 Wochen ließ sich das Akku nicht mehr aufladen. Direkt nach der angebotenen Rückgabefrist ging es nicht mehr. Daraufhin habe ich Kontakt mit dem Verkäufer aufgenommen, der mir dann zusicherte, wenn ich 5 Sterne bewerte, dass er dann erstattet. Dies hat er auch. Dafür gibts den einen Stern von mir.",1
37654,"ich hab die Folie jetz 1 Woche drauf, und hatte schon am 2. Tag zwei Becker am Rand wo die Folie zersprungen ist.. nun nach einer Woche sieht die Folie Bescheiden aus... das einzig gute ist, das es sich um 6 Stk handelt... im nachhinein logisch, was will man für 6 Stk. Folien für 7€ erwarten? Schade, das nächste mal kaufe ich mir wieder eine bessere Folie - die letzte hielt über ein Jahr..",1
15250,"Richtiger Müll und eine Frechheit sondergleichen dieses Ding zu verkaufen, Finger weg",1
18387,der Schuh ist zu klein und die Sohle und an der Seite zu hart. Ist schon beim anziehen unangenehm,1
28565,Nicht empfehlenswert. Bin das 1 mal ins Rote Meer gesprungen mit der Maske. Dicht war sie. Nach dem dann die erste Welle kam hat die Maske beide Richtungen der Atemwege versperrt. Für n Pool ok für das Meer ungeeignet.,1
29449,"Ich habe mir diese Klatsche gekauft, weil ich die Fliegen meist am Fenster erwische und dann die Scheiben verschmiert sind. Von einer elektrischen Klatsche erwarte ich eine rasche und saubere Tötung des lästigen Insekts. Aber: Das Ding macht zwar einen riesen Knall, so dass man meinen könnte, eine Kuh damit töten zu können. Merkwürdiger Weise fliegen die Insekten jedoch weiter. Das kann nicht Sinn der Sache sein. Ich habe daraufhin die Fliegenklatsche nochmals aufgeladen, in der Meinung, dass der Akku vielleicht nicht ganz voll gewesen sei. Aber auch nach nochmaligem Aufladen kann ich mit diesem Ding die Fliegen nicht töten. Es knallt zwar, aber sie fliegen einfach weiter. Möglicherweise würden sie nach einiger Zeit sterben, keine Ahnung. Ich hab jedenfalls dann die gute alte Fliegenklatsche genommen und die Sache war rasch erledigt. Eigentlich will ich auch nicht, dass die Tiere eventuell eine ganze Weile leiden müssen, ehe sie sterben, auch wenn es ""nur"" lästige Fliegen sind. Also: return to sender!",1
32921,"Wahnsinnig ölig! Nicht Für Gesicht geeignet. Sehr guter Duft, aber danach hat man eher das Gefühl voller Öl zu sein. Eher unangenehm. Schade.",1
33703,"Anfangs könnte man die handpratzen noch sehr gut zum Trainieren benutzen aber nach 3 Trainingseinheiten sind die Nähte und Faden aufgegangen,das Füllmaterial ist kein gutes. Ich kann diese Pratzen eher schwächere Kinder empfehlen die mit dem Boxen anfangen",1
17740,"Unterteil passt nicht mit Oberteil zusammen, deshalb auf den Schrott. Keine Befestigung? Verbleibende Löcher bleiben sichtbar. Verbindungsteile auf einer Seite sichtbar, auf der anderen Seite nicht. Schlampig gebohrte Bohrungen lassen keinen sauberen Zusammenbau zu. Billige Umleimer. Wenn IKEA sowas liefern würde, wären die heute Pleite. Fazit: Nie mehr.",1
32096,Nie nie wieder!!!!! Das geht zurück :-( sowas traut man sich nicht als Geschenk für Einschulung anzubieten,1
33990,"Blinker sind durch geschmort, warum ?",1
2880,"Bei der Bestellung von 3 Kopfhörern: Die Auflagen für die Ohren gehen sehr leicht ab (wenn sie nicht am Kopf anliegen) und bei einem ist eine Halterung der Auflage abgebrochen und scheppert im Gehäuse. Der Klang wäre OK, aber in Summe nicht verwendbar.",1
83787,Die sprach Steuerung ist manchmal nicht so gut. Ansonsten ganz ok für ein Roboter dieser Preisklasse.,3
107394,"Nee, das war nix. 1 IKEA Schrank und dann war Schluss. Akku ist sehr schlecht",3
119023,Nichts zu meckern aber auch nix besonderes...,3
115646,"Die Ware kam gut verpackt an, alles war gut erklärt und die Montage war, sofern man das schon mal gemacht hat, nicht weiter schwer. Man musste nur sehr genau aufpassen dass man genau in der Mitte war. Leider ist die Folie ein wenig zu schmal. Ich finde die könnte durchaus 1-2mm breiter sein, dass sie auch ein wenig über den beleuchteten Teil des Bildschirms übersteht. Als ich die Folie montiert hatte, fiel mir auf dass die Fingerabdrücke bzw Wischer doch leicht zu sehen sind. Ich hatte mir das eigentlich anders erhofft. Bei älteren Smartphones die ich besessen habe, hab ich andere Folien genutzt bei denen überhaupt keine Fingerabdrücke zu sehen waren. Nach ca 1 Stunde hob sich in einer Ecke die Folie an, man sah dass Luft darunter geraten war, ich fand keine Möglichkeit dass die Folie wieder direkt ans Display ging. Somit wollte ich die Folie wieder abziehen und erneut montieren, mit der Hoffnung dass sie danach wieder komplett aufliegen würde. Beim Abziehen brach dann die Folie wie eine Glasscheibe. Nun gut, eine schon kaputt. Die zweite genommen, die passt bis jetzt perfekt. Mal sehen wie sich das auf längere Zeit entwickelt. Bin nicht ganz zufrieden jedenfalls.",3
115171,"Produkt kam sehr schnell an, aber leider ist die Dose zerkratzt- eher unschön zum verschenken",3
104384,"Sitzt ganz gut und hält auch, allerdings steht sie offenbar so auf Spannung dass sie auch ohne Sturz, durch etwas Druck (zb Handy in der vorderen Hosentasche, man setzt sich) schnell einreißt.",3
95389,Also die Montage war nicht so einfach und es waren leider 2 Plastik Teile kaputt. Und ich hätte gerne Ersatz bitte melden sie sich doch bitte bei mir. Danke Wilfried Becker,3
105667,Tolle Schauspieler Story.... Naja...,3
108393,"Aussehen gut, Handling ok, Sound eher so lala. Würde ich nicht empfehlen. Habe derzeit Canbor im Einsatz, zu 300% besserer Sound.",3
107849,Balken die auf der Wand kleben fallen ab und zu herunter. Bisschen mit Kleber nachhelfen. Ansonsten top! Funktioniert seit fast 3 Jahren.,3
101944,"Der Aufbau dieses Unterschranks ist alleine und ohne Akkuschrauber oder viel Kraft eine Tortur. Man muss Schrauben unmittelbar neben den Füßen oder aber Wandplatten reindrehen, wo absolut kein Platz für die Hand ist, was das Drehen und den Kraftaufbau erschwert. Davon abgesehen scheint der Unterschrank recht stabil und zweckmäßig. Er war gut verpackt und kam unbeschädigt an.",3
118027,"ich würde mit wünschen,dass die Dinger stabiler und länger sind.Die Autos werden nicht wirklich auf Abstand gehalten.Es müsste richtig eine Spitze sichtbar sein,die einen Kratzer im PKW verursachen könnte .",3
91302,"bei der 3. Lieferung war alles in Ordnung und funktioniert. Die Reklamationen wurden schnell und problemlos bearbeitet. Die Programmierung ist nicht ganz einfach, da alles nur mit einem Knopf gemacht wird. Was man erst messen muss (keine Erklärung), hier handelt es sich um einen potentialfreien Wechsler. Die eingezeichnete Brücke muss von außen gemacht werden, wenn man Lampen(Last) schalten will. Es sind auch keine größeren Leistungen schaltbar, da würden schon die Leitungen nicht ins Gehäuse passen. Chinesische Leichtbauweise, erfüllt aber seinen Zweck.",3
117890,Wir haben 3 davon gekauft und alle laufen aus der Luftzufuhr Reglung. Hat jemand eine Idee warum?,3
111706,Die Shisha kam sehr schnell und ist auch vom Material sehr hochwertig! Allerdings und das ist sehr schade wurde mir das Paket ohne Schlauchanschlüsse und Totenkopf geschickt.... Mal sehen ob ich die Teile noch nachgesendet bekomme. Bericht folgt... Nachtrag Teile wären laut Kundenservice nicht mehr auf Lager.. Musste deshalb leider die Shisha zurück schicken....,3
81044,Kam sehr schnell an und war auch nichts beschädigt. Leider habe ich davon einen Ausschlag bekommen.,3
193078,Diese Matte ist super 👍 ! Rutschfest und polstert gut. Unsere Hunde finden sie auch sehr bequem 😅 besser ist sie aber für Yoga geeignet. 😂,5
166523,Top. Preis-Leistung absolut okay. Ware ist in einer guten Qualität.,5
184007,TOP super Preise Leistung Habe die Hänge sietz Schaukel jetzt 3 Monate hängen und bin immer noch der froh das ich sie habe also kann sie weiter empfehlen,5
164688,Läßt sich gut reinigen,5
164368,"sehr schnelle Lieferung, gute Passgenauigkeit sehr gerne wieder",5
161787,"Meine Haken haben zwar keinen Schutzfilm unter dem Magneten, aber das stellt doch kein Problem dar, da die Haken tatsächlich an ihrer Position verbleiben und nicht rutschen.",5
173895,"Alles bestens! Ich hatte schon viele Arten von Verschlüssen ausprobiert. Leider hatten die aber Mängel bei der Funktion. Die meisten passten nicht auf alle Flaschen. Zudem sahen manche auch Sch... aus. Diese hier passen bisher auf jede Bierflasche, sehen gut aus und erfüllen ihren eigentlichen Zweck.Hält sogar auf dem Kopf. Gerne wieder",5
196665,"Die Rutsche war ein Geschenk für meinen Enkel. Er ist mit knapp über einem Jahr aber noch ein wenig zu klein dafür und hat ein bisschen Respekt vor der Rutsche. Aber ich bin sicher, dass sie noch gute Dienste tun wird. Die Rutsche wurde super schnell versendet, wirkt sehr stabil und der Aufbau war denkbar einfach. Alles prima...",5
163751,Super Qualität und Optik Perfekt zum Mitnehmen,5
192343,Sehen sehr gut aus und passen auch perfekt. Der nächste Schnorchel-Urlaub kann kommen. Jederzeit gerne wieder. Kann ich nur empfehlen.,5
191382,"Es ist ein wunderschönes Produkt. Der pure Hingucker. Allein der Runde Karton sieht beim auspacken sehr edel aus. dann kommt die Krönung. Die Flasche aus Glas mit dem goldenen Verschluss. Einfach nur wunderschön. Daher auch ideal als ein Geschenk. Es hält lange warm oder kalt je nachdem was man reinfüllt. Ist auslaufsicher und Kein Vergleich mit anderen Glas Flaschen. Es ist sehr modern, edel und wunderschön Ich kann es daher mit einem besten Gewissen weiterempfehlen",5
179846,"Dieser Fahrradträger ist im Vergleich zum Atera viel stabiler gebaut, einfache Montage u. kann nur empfohlen werden. Das einzige Manko ist, daß die Halterungen für die Fahrräder sehr kurz sind, daher ist es oft schwierig die richtige Position zu finden um die E-Bikes am Rahmen festmachen zu können.",5
198580,"Schön warm und flauschig, super Hausschuhe",5
170545,"Ich kann dieses Buch nur empfehlen. Eine sehr ergreifende, wenn auch brutale Geschichte. Man kann das Buch gar nicht weglegen.",5
198505,"Meine Tochter (2 Jahre) liebt ihr Stockerl. Perfekt zum alleine Zähne putzen, Hände waschen und in der Küche helfen. Super auch mit den kleinen Tragegriffen auf der Seite.",5
178148,Passt perfekt und ist super verarbeitet und das alles für diesen Preis.,5
71782,Hat leider nicht die Farbe Schwarz sondern eher dunkel grün und fällt auch etwas schmaler aus. Wurde wohl falsche Farbe gesendet..,2
75206,"Die Hülle ist so rutschig, dass sie mir (samt Handy) schon ein paar Mal einfach so aus der Hand gerutscht ist. Mir ist nach einem Monat auch direkt eine Kappe, die den Sperrbildschirm aktivieren soll, abgefallen. Die Bedienung ist nun ziemlich lästig.",2
65709,"Leider zu klein obwohl es viel größer bestellt wurde, habe dieses Shirt dann Neffen gegeben",2
62893,"Die Bild- und Tonqualität von Wii (erste Generation) über Hdmi auf 55 Zoll ist soweit in Ordnung - ich vermute da schränkt der Adapter die Qualität nicht ein, hin und wieder setzt allerdings das Bild für 1-2 Sekunden total aus!",2
79853,"Bei der ersten Nutzung dachte ich was. Ist das???? Was soll daran Ultra soft sein?? Schock! Nach dem ich sie ungefähr 10 mal VORSICHTIG benutzte, wurden die Borsten etwas softer, aber nicht Ultra soft. Für Menschen die das Zahnfleisch eher massieren wollen und schnell zu Zahnfleischbluten neigen, empfehle ich diese Bürste gar nicht!",2
47356,"Ich muss mich den schlechteren Rezensionen anschließen. Bei mir brennt es auch, zwar nur kurz, aber dennoch unangenehm und die Gleitwirkung hält nicht lange an, man braucht relativ viel Produkt, wenns länger dauert ;) Kann ich somit leider nicht empfehlen, da dafür zu teuer.",2
47801,"Akku schnell leer, Amazon photo echt nervig. Sehr umständlich zum bedienen. Bin sehr enttäuscht",2
75100,Eigentlich ganz tolle Scheibe. Passt perfekt aufs Handy. Bedienungsanleitung nicht auf Deutsch. Leider fing die Scheibe schon nach kurzem an den Seiten zu reißen/brechen an ohne das das handy runtergefallen wäre. Teils sogar mit splittern. Dachte sie hält besser bei dem Preis.,2
66019,"Der Artikel entspricht definitiv nicht der gezeigten Abbildung. Haftfähigkeit für kleinere Saugnäpfe schier unmöglich, nicht sonderlich empfehlenswert, also keine Kaufempfehlung.",2
63580,Muss mich den eher nicht guten Rezessionen anschliessen! Ist nur schön anzuschauen! Verarbeitung mangelhaft! Schon kaputt! Hinterrad abgebrochen! 18 Euro absolut zu teuer! Mich reut der Kauf,2
77178,"Wir haben 3 Decken gekauft, alle Decken sind nicht so verarbeitet wie abgebildet und weisen erhebliche Mängel auf.",2
42840,Bei uns funktioniert leider die Fernbedienung nicht und das ist nicht der eine ganz normale Steckdose angeschlossen werden kann nervt mich auch! Leider war es für mich kein guter Kauf! Für unser Baby ist es auch viel zu hell und zu grell,2
74486,"Leider ist das Spielzeug sehr billig und mir ist die Angel schon beim zweiten Mal beim Spielen kaputt gegangen, hat mich total geärgert weil es auch nicht gerade günstig war der Preis. Auch die dazu gehörigen Anhänger kann man sehr schwer zumachen an der Angel, somit muss ich es offen lassen und es fliegt immer wieder raus. Es tut mir leid, aber dieses Produkt war ein totaler Fehlkauf und würd ich niemanden weiter empfehlen.",2
64412,An sich ein tolles Produkt. Leider lässt die Qualität für diesen Preis zu wünschen übrig. Ist gerade erst angekommen und bereits beim auspacken ist der Stoff verfusselt. Bin gespannt wie es nach dem ersten waschen aussieht. Werde es trotzdem behalten da ich so kurzfristig nicht mehr schaffe was neues für den Urlaub zu besorgen. Schade,2
57524,Das bestellte Samsung Galaxy J7 kam nicht nur mit einer Bedienungsanleitung in polnischer Sprache sondern das Smartphone war auch komplett auf polnisch eingestellt und so für mich nicht zu gebrauchen. Erst mit großem Aufwand und mit Hilfe eines polnischen Kollegen konnte das Smartphone auf die deutsche Sprache umgestellt werden. Leider war dies in der Produktbeschreibung nicht angegeben.,2
45348,"Nach täglichem Gebrauch ist das Gerät nun nach 11 Monaten defekt, es reagiert nicht mehr. Ansonsten hat es gut funktioniert.",2
