127855,"toll geliefert...immer gerne wieder hoffe auch beim nächsten mal...so prombt..und genau wie immer...so verbleiben wir ,mit einem gutem Ende auch dabei....",4
152307,Die Farbe des Armbands ist sehr schön. Der Verschluss ist ein wenig gewöhnungsbedürftig. Generell stört mich dass man immer nur das Gesamtpaket bekommt und nicht nur die beiden äußeren Teile,4
120267,"Ein schönes Erlebnis für kleine Kinder. Die Augen werden groß, wenn die vielen kleinen Kugeln durch die Röhre nach unten prasseln. Leider ist die Lackierung gar nicht gut. Ich nutze den Stab in meiner Kindertagespflege und bereits nach einem Tag platzte an verschiedenen Stellen der Lack ab. Das geht mit Sicherheit auch besser!",4
130126,Schuhe sehen super aus und scheinen bequem! Ich bestelle die nochmal eine Nr. Größer!,4
156282,"Habe mir diese Panzerfolie als Ersatz geholt weil meine vorherige das Bild massiv verfälscht und körnig gemacht hatte. Diese macht das nicht, das Bild ist unverändert. Die Passgenauigkeit ist so wie sie sein sollte. Hatte auch schon die Panzerfolie für das S3 und war auch da mehr als angetan. Der Grund zum Wechsel war auch beim S3 der Gleiche. Das einzig negative ist das sie Fett anzieht, allerdings ist sie auch hier besser als andere und verfettet nicht sofort. Hatte hier schon deutlich schlechtere die nach einmaliger Benutzung eine Fettschicht angesammelt hatten. Nutze es Täglich und 1 Mal die Woche sauber wischen recht völlig. Somit 4 Sterne und Kaufempfehlung.",4
133660,"Wir haben 2 Falträder aufgrund der guten Bewertungen gekauft und sie haben unsere Erwartungen vollauf erfüllt. Einige Schrauben kontrollieren, teilweise nachziehen und los ging es. Die Sitzposition ist gut, auch für größere Personen, bin selbst 185 cm groß. Unserer ersten Test im Urlaub haben die Räder bestanden. Wenn man vergleicht was Falträder bei namhaften Herstellern kosten, kann man nicht meckern.",4
157316,"Bestell- und Liefer-Abwicklung war problemlos. Kommunikation vor, während und nach der Lieferung war gut. Somit positiver Gesamteindruck. Kann weiter empfohlen werden.",4
141204,"Passt super, wirkt hochwertig! Bin wie immer sehr begeistert mit dem Spigen Produkt!",4
153551,"Kurz: Witzige Hausschuhe mit Penis-Spitze. Eigentlich ausschließlich als Gag-Geschenk geeignet, da Einheitsgröße und der eher dürftiger Verarbeitung. Die Reaktion, als die Pantoffeln als Geschenk überreicht wurden, waren GOLD wert!! Für privat nicht zu empfehlen (außer man trägt gerne Penis-Hausschuhe) aber als Geschenk bestens geeignet (übrigens auch für Schrottwichteln ;))",4
153131,"Ich habe diese Hülle schon 2 mal bestellt. Ich finde die Farbe gut, die Verarbeitung ist auch gut. An sich eine super Hülle, da man vorne auch noch Schutz hat. Die Hülle geht über den Fingersensor und oben über die Ecken. Dazu kommt dann noch die Folie, die ich nie benutzt habe, da ich eine andere auf dem Handy hatte. Leider sind mir bei beiden Hüllen die Klick-Verbindungen abgebrochen. Ein Teil habe ich sogar verloren. Beide Hüllen haben ca. 3 Monate gehalten. Schade drum... Dennoch werde ich sie wieder bestellen, da sie mir farblich so gut gefällt.",4
141379,Geschmacklich perfekt aber für mich persönlich etwas zu mild,4
147747,"Die Shisha ist sehr gut und weiter zu empfehlen. Gute Qualität. Preis/Leistung Top! Leider fehlten bei der Shisha ein paar Teile, deswegen nur 4 Sterne. Der Verkäufer schickte jedoch schnell und problemlos die fehlenden Teile.",4
144727,Habe zum ersten Mal diesen Café bestellt und bin begeistert. Hat einen leichten Karamellgeschmack. Nachteil - der Preis.,4
136619,"Ich habe das jetzt schon eine Weile gekauft und es hat keine Probleme. Es ist gut, ich bin froh, dass ich es gekauft habe. Ich benutze es, um zwischen meinen Computern hin und her zu wechseln. Ich habe eine drahtlose Tastatur / Maus-Kombination in einem Steckplatz und einem anderen Drucker. Diese Einstellung ist gut und es gibt kein Problem.",4
140855,"Produkt ist gut, aber trotz Prime und garantiertem Lieferdatum ist die Ware erst einen Tag danach geliefert worden. Kommt in letzter mit DHL öfter vor! Daher nur 4 Sterne.",4
128778,"An sich ein toller Regenschutz und passgenau zu unserem Bollerwagen. Er macht das ganze super gemütlich, muss nur erst einmal eine Weile auslüften. Leider ist uns direkt beim verschließen der Reissverschlüsse eine Naht gerissen - Fuxtec hat sich jedoch in der Kommunikation viel Mühe gegeben und uns einen Preisnachlass bzw. die Rücksendung angeboten. Ging daher retour; wir werden ihm aber, sobald wieder verfügbar, neu bestellen.",4
128391,Klappt Einwandfrei. Leicht zu bedienen. Einziges Manko der Deckel wo die Batterie sitzt geht schnell ab. Aber so von preisleistung super,4
148765,Habe mir etwas mehr erhofft für das Geld. Sie ist ja schön gestaltet und verarbeitet. Das Motiv ist schön und passt gut zu dem Anlass.Aber ehrlich gesagt finde ich 7€ dafür zu teuer. Ein Fehler habe ich gemacht. Habe nicht auf die Grösse geschaut. Sie ist sehr klein.,4
150547,Preis-/ Leistung...na ja. Ich wollte aber einen kleinen Wecker der mir im Schlafzimmer die Zeit anzeigt und nicht den halben Raum erleuchtet. Insgesamt bin ich zufrieden und würde ihn mir wieder kaufen.,4
124668,"Lieferung war schnell.... Tut was er verspricht. Sicher gibt es noch bessere aber für den Preis absolut ok. Hochwertig verarbeitet. Massiert, wärmt mit Abschaltautomatik.",4
137341,"Im Großen und ganzen ok, die Sachen sind zu klein viel zu klein",4
137402,Tut was es soll. Nicht mehr nicht weniger. Preis/Leistung is auf jeden Fall ok.,4
155376,"Toller Teppich, die Tiere kommen toll raus. Hatte mir die Farben etwas intensiver vorgestellt. Es ist empfehlenswert wegen dem Geruch den Teppich 1-2 Wochen vor Einsatz zu bestellen. Würde diesen aber auf jeden Fall wieder kaufen",4
120130,"Sieht sehr schön aus,Lieferung erfolgte superschnell.Danke",4
131492,"In die Tasche passt mein iPad mit dünnem Smartcover-Case, aber auch das iPad mitsamt Logitech Smart Keyboard Slim Combo. Dazu muss man anfangs ein bisschen Quetschen und den Stift habe ich dann in einem separaten Täschchen, das ich um das Adore June Case spanne, aber es passt wunderbar hinein. Ansonsten hält der Stift sehr gut und die Kappe geht auch nicht verloren. Insgesamt sehr zu empfehlen, wenn man eine Soft-Hülle sucht. Der Preis könnte angesichts der Konkurrenz etwas geringer sein.",4
159639,Kleidergröße hat gepasst. Jedoch das Körbchen ist zu klein. Deshalb kann ich es nicht tragen. Sonst wäre es sehr schön gewesen.,4
138131,Super Klingel für das Geld,4
131197,Schönes Malbuch. Allerdings sehr detaillierte Bilder und für meine Tochter (4) nicht einfach auszumalen.,4
120335,"Ein Film den man gucken kann, aber auch nicht unbedingt muss. Mir persönlich hat er gefallen. Im Angebot gekauft und für das Geld war es völlig ok.",4
129935,"Das Produkt ist etwas instabil, aber sehr empfehlenswert. Die Klammern halten die Klamotten realtiv gut und man kann mehrere Sachen übereinander hängen. Platzersparnis ist total super. Würde es nochmal kaufen!",4
136014,"Qualität, schnell war sie da und macht richtig Spaß",4
123297,Ich habe mir den Roboter auf Empfehlung eines Freundes angeschafft. Er ist jetzt schon einige Zeit in Einsatz und verrichtet seine Arbeit sehr gut. Durch die Möglichkeit der Appverbindung eine super Sache um ab und an mal den Roboter zu beobachten. Mit normalem Hausstaub und Haare kommt er gut zurecht. Bei Blättern von Zimmerpflanzen blockiert er dann doch gerne und gibt eine Fehlermeldung. Im großen und ganzen macht er einen guten Eindruck und ich würde ihn wieder kaufen.,4
6468,"Leider sind die Noten nicht nutzbar, da die unübliche Stimmung verwendet wird. Der Theorieteil fällt eher knapp aus. Das Buch werde ich wieder zurück senden.",1
14064,"Habe es im Kindle eingegeben, aber da kam kein Treffer. Der Titel kam mir gleich unbekannt vor. Sicher liegt hier ein irrtum vor.",1
20862,Figuren sind unvollständig und falsch bemalt. Das Gesicht ist teilweise gar nicht oder falsch bemalt.,1
35994,"Das Buch ist eine reine Zumutung und verdient nicht wirklich diesen Namen. Es ist voller Rechtschreibfehler, die das Verstehen sehr erschweren. Es scheint als sei es automatisiert aus einer anderen Sprache übersetzt. Druck und Layout sind billig und lieblos. Wie ein Worddokument. Zum Inhalt. Sicherlich sind einige hilfreiche Tipps und Sprachbefehle enthalten. Aber aufgrund der etlichen Rechtschreibfehler weiss man nie, ob die Bezeichnungen alle korrekt sind. Ein sehr anstrengendes Buch. Ich kann die ganzen positiven Bewertungen nicht nachvollziehen.",1
27746,"Das Handy sieht super aus und ist auch in der Anwendung logisch aufgebaut. Nach 6 Wochen ließ sich das Akku nicht mehr aufladen. Direkt nach der angebotenen Rückgabefrist ging es nicht mehr. Daraufhin habe ich Kontakt mit dem Verkäufer aufgenommen, der mir dann zusicherte, wenn ich 5 Sterne bewerte, dass er dann erstattet. Dies hat er auch. Dafür gibts den einen Stern von mir.",1
37654,"ich hab die Folie jetz 1 Woche drauf, und hatte schon am 2. Tag zwei Becker am Rand wo die Folie zersprungen ist.. nun nach einer Woche sieht die Folie Bescheiden aus... das einzig gute ist, das es sich um 6 Stk handelt... im nachhinein logisch, was will man für 6 Stk. Folien für 7€ erwarten? Schade, das nächste mal kaufe ich mir wieder eine bessere Folie - die letzte hielt über ein Jahr..",1
15250,"Richtiger Müll und eine Frechheit sondergleichen dieses Ding zu verkaufen, Finger weg",1
18387,der Schuh ist zu klein und die Sohle und an der Seite zu hart. Ist schon beim anziehen unangenehm,1
28565,Nicht empfehlenswert. Bin das 1 mal ins Rote Meer gesprungen mit der Maske. Dicht war sie. Nach dem dann die erste Welle kam hat die Maske beide Richtungen der Atemwege versperrt. Für n Pool ok für das Meer ungeeignet.,1
29449,"Ich habe mir diese Klatsche gekauft, weil ich die Fliegen meist am Fenster erwische und dann die Scheiben verschmiert sind. Von einer elektrischen Klatsche erwarte ich eine rasche und saubere Tötung des lästigen Insekts. Aber: Das Ding macht zwar einen riesen Knall, so dass man meinen könnte, eine Kuh damit töten zu können. Merkwürdiger Weise fliegen die Insekten jedoch weiter. Das kann nicht Sinn der Sache sein. Ich habe daraufhin die Fliegenklatsche nochmals aufgeladen, in der Meinung, dass der Akku vielleicht nicht ganz voll gewesen sei. Aber auch nach nochmaligem Aufladen kann ich mit diesem Ding die Fliegen nicht töten. Es knallt zwar, aber sie fliegen einfach weiter. Möglicherweise würden sie nach einiger Zeit sterben, keine Ahnung. Ich hab jedenfalls dann die gute alte Fliegenklatsche genommen und die Sache war rasch erledigt. Eigentlich will ich auch nicht, dass die Tiere eventuell eine ganze Weile leiden müssen, ehe sie sterben, auch wenn es ""nur"" lästige Fliegen sind. Also: return to sender!",1
32921,"Wahnsinnig ölig! Nicht Für Gesicht geeignet. Sehr guter Duft, aber danach hat man eher das Gefühl voller Öl zu sein. Eher unangenehm. Schade.",1
33703,"Anfangs könnte man die handpratzen noch sehr gut zum Trainieren benutzen aber nach 3 Trainingseinheiten sind die Nähte und Faden aufgegangen,das Füllmaterial ist kein gutes. Ich kann diese Pratzen eher schwächere Kinder empfehlen die mit dem Boxen anfangen",1
17740,"Unterteil passt nicht mit Oberteil zusammen, deshalb auf den Schrott. Keine Befestigung? Verbleibende Löcher bleiben sichtbar. Verbindungsteile auf einer Seite sichtbar, auf der anderen Seite nicht. Schlampig gebohrte Bohrungen lassen keinen sauberen Zusammenbau zu. Billige Umleimer. Wenn IKEA sowas liefern würde, wären die heute Pleite. Fazit: Nie mehr.",1
32096,Nie nie wieder!!!!! Das geht zurück :-( sowas traut man sich nicht als Geschenk für Einschulung anzubieten,1
33990,"Blinker sind durch geschmort, warum ?",1
2880,"Bei der Bestellung von 3 Kopfhörern: Die Auflagen für die Ohren gehen sehr leicht ab (wenn sie nicht am Kopf anliegen) und bei einem ist eine Halterung der Auflage abgebrochen und scheppert im Gehäuse. Der Klang wäre OK, aber in Summe nicht verwendbar.",1
34605,Lt. Beschreibung sollte ein Sat Receiver verbaut sein. War leider nicht drin. Verkäufer bietet trotzdem keinen Preisnachlass an. Da es ein Geschenk war habe ich eine Rückgabe ausgeschlossen.,1
18357,Ware im Februar gekauft bis heute nicht angekommen und auch keine Reaktion,1
36068,"Leider defekt, ging zurück. Wir hatten keine Freude daran. Funktionierte nicht und wurde gleich wieder zurück gesendet. War sehr schade.",1
4829,"schlechte Qualität zu hart , zu sauer , zu trocken , nicht gut",1
39208,Teile fehlten. Zusammenbau war nicht möglich. Ventilator wirkte gebraucht. Hersteller Klarstein war schwer zu erreichen.,1
18947,"Ende Juni bestellt und im Dezember sieht die Beschichtung bereit so aus (s. Foto)... Ich habe Zuhause einige Tefalpfannen, aber so eine schlechte Qualität hatte ich noch nie bekommen.",1
36291,Absolut schlecht und extrem billig,1
19947,Leider nicht geliefert worden im angegebenen Zeitraum,1
543,"Leider wurde der Schuh, nachdem ich ihn ein paar Mal getragen habe, undicht. Seitdem habe ich jedes Mal, wenn es regnet, nasse Füße. Blöd, weil die Schuhe für die kalten Jahreszeiten gekauft wurden, in denen es halt auch mal regnet. Geld, das ich besser in einen anderen Schuh investiert hätte. Schade!",1
4108,"Das Paket kam schnell bei uns an. Allerdings äußerst beschädigt und ohne Umverpackung. Es war schon zu diesem Zeitpunkt ersichtlich, dass das Produkt nicht zum ersten Mal verschickt wurde. Beim auspacken klebten Teile des Produktes an der Verpackungsfolie. Überall war geschmolzener Zucker am Gerät! Es ging sofort zurück! Aber auch der Rückversand musste erst beim Verkäufer beantragt werden und das Etikett für die Rücksendung ist zu unserem Erstaunen nicht bezahlt. (Also ohne Strichcode.) Falls das Gerät vom Verkäufer nicht per Post angenommen wird, werde ich den Verkäufer bei Amazon melden. Ein solches Produkt in so einem Zustand zu erhalten, ist eine absolute Unverschämtheit!",1
2740,"!!! Achtung !!! Finger Weg ! Am Anfang wird eine Meldung erscheinen, dass es sich um kein Originalteile handelt ( ist ja klar ). Danach muss man das Handy Neustarten, danach geht es. Beim 3 Gebrauch funktioniert schon das laden und Kopfhörer nicht mehr gleichzeitig! Laden geht aber Kopfhörer verlieren ständig die Verbindung und der Ton wird dennoch übers Handy angespielt. Teil hat auch oft Wackelkontakt !!! Wer das Geld in Sand setzen möchte, die können zugreifen :)",1
16742,"Ich habe das Panzerglas für mein Samsung galaxy S8 gekauft. Nachdem ich bereits schlechte Erfahrungen mit einem Panzerglas für das S8 gemacht habe, das plötzlich nicht mehr klebte, habe ich meine Hoffnung nun in dieses Panzerglas gelegt....und wurde arg enttäuscht. Auf den ersten Blick sehen die Panzergläser gut verarbeitet aus, was mir jedoch sofort ins Auge fiel war der nur dünne Kleberand an den Seiten, wie auch schon beim Vorgänger einer anderen Marke. Ich habe das Panzerglas also angebracht und vorsichtig festgedrückt und schon nach etwa 5 Sekunden lösten sich die Ecken vom Display, später auch Teile der Kanten. Ich habe den Schutz immer wieder festgedrückt, er wollte aber dennoch nicht halten. Beim Anlegen einer Silikonhülle hat es sich dann vollständig gelöst. Sehr enttäuschend!!😠",1
31332,"Achtung! Die Pumpe ist relativ schwach und eignet sich ggf. Für Luftmatratzen, Schwimmtiere etc.. unser Paddelboot jedenfalls hat sie nicht aufpumpen können, da die Pumpe irgendwann nicht mehr gegen den Innendruck des Bootes ankam.",1
35172,Hat gerade mal ein Jahr gebrannt. Unsere erste Glühlampe im Kühlschrank brannte 6 Jahre.,1
36402,Produckt heute erhalten und kann leider nur von abraten dies zu kaufen für denn Preis seher enteuscht schlechte Verarbeitung hatte besseres erwarten bin sehr enteuscht würde lieber nicht mal einen Stern geben,1
26723,Es ging bei mir nun schon zweimal nach kurzer Zeit kaputt. Kann jemand eine gute Alternative empfehlen?,1
83787,Die sprach Steuerung ist manchmal nicht so gut. Ansonsten ganz ok für ein Roboter dieser Preisklasse.,3
107394,"Nee, das war nix. 1 IKEA Schrank und dann war Schluss. Akku ist sehr schlecht",3
119023,Nichts zu meckern aber auch nix besonderes...,3
115646,"Die Ware kam gut verpackt an, alles war gut erklärt und die Montage war, sofern man das schon mal gemacht hat, nicht weiter schwer. Man musste nur sehr genau aufpassen dass man genau in der Mitte war. Leider ist die Folie ein wenig zu schmal. Ich finde die könnte durchaus 1-2mm breiter sein, dass sie auch ein wenig über den beleuchteten Teil des Bildschirms übersteht. Als ich die Folie montiert hatte, fiel mir auf dass die Fingerabdrücke bzw Wischer doch leicht zu sehen sind. Ich hatte mir das eigentlich anders erhofft. Bei älteren Smartphones die ich besessen habe, hab ich andere Folien genutzt bei denen überhaupt keine Fingerabdrücke zu sehen waren. Nach ca 1 Stunde hob sich in einer Ecke die Folie an, man sah dass Luft darunter geraten war, ich fand keine Möglichkeit dass die Folie wieder direkt ans Display ging. Somit wollte ich die Folie wieder abziehen und erneut montieren, mit der Hoffnung dass sie danach wieder komplett aufliegen würde. Beim Abziehen brach dann die Folie wie eine Glasscheibe. Nun gut, eine schon kaputt. Die zweite genommen, die passt bis jetzt perfekt. Mal sehen wie sich das auf längere Zeit entwickelt. Bin nicht ganz zufrieden jedenfalls.",3
115171,"Produkt kam sehr schnell an, aber leider ist die Dose zerkratzt- eher unschön zum verschenken",3
104384,"Sitzt ganz gut und hält auch, allerdings steht sie offenbar so auf Spannung dass sie auch ohne Sturz, durch etwas Druck (zb Handy in der vorderen Hosentasche, man setzt sich) schnell einreißt.",3
95389,Also die Montage war nicht so einfach und es waren leider 2 Plastik Teile kaputt. Und ich hätte gerne Ersatz bitte melden sie sich doch bitte bei mir. Danke Wilfried Becker,3
105667,Tolle Schauspieler Story.... Naja...,3
108393,"Aussehen gut, Handling ok, Sound eher so lala. Würde ich nicht empfehlen. Habe derzeit Canbor im Einsatz, zu 300% besserer Sound.",3
107849,Balken die auf der Wand kleben fallen ab und zu herunter. Bisschen mit Kleber nachhelfen. Ansonsten top! Funktioniert seit fast 3 Jahren.,3
101944,"Der Aufbau dieses Unterschranks ist alleine und ohne Akkuschrauber oder viel Kraft eine Tortur. Man muss Schrauben unmittelbar neben den Füßen oder aber Wandplatten reindrehen, wo absolut kein Platz für die Hand ist, was das Drehen und den Kraftaufbau erschwert. Davon abgesehen scheint der Unterschrank recht stabil und zweckmäßig. Er war gut verpackt und kam unbeschädigt an.",3
118027,"ich würde mit wünschen,dass die Dinger stabiler und länger sind.Die Autos werden nicht wirklich auf Abstand gehalten.Es müsste richtig eine Spitze sichtbar sein,die einen Kratzer im PKW verursachen könnte .",3
91302,"bei der 3. Lieferung war alles in Ordnung und funktioniert. Die Reklamationen wurden schnell und problemlos bearbeitet. Die Programmierung ist nicht ganz einfach, da alles nur mit einem Knopf gemacht wird. Was man erst messen muss (keine Erklärung), hier handelt es sich um einen potentialfreien Wechsler. Die eingezeichnete Brücke muss von außen gemacht werden, wenn man Lampen(Last) schalten will. Es sind auch keine größeren Leistungen schaltbar, da würden schon die Leitungen nicht ins Gehäuse passen. Chinesische Leichtbauweise, erfüllt aber seinen Zweck.",3
117890,Wir haben 3 davon gekauft und alle laufen aus der Luftzufuhr Reglung. Hat jemand eine Idee warum?,3
111706,Die Shisha kam sehr schnell und ist auch vom Material sehr hochwertig! Allerdings und das ist sehr schade wurde mir das Paket ohne Schlauchanschlüsse und Totenkopf geschickt.... Mal sehen ob ich die Teile noch nachgesendet bekomme. Bericht folgt... Nachtrag Teile wären laut Kundenservice nicht mehr auf Lager.. Musste deshalb leider die Shisha zurück schicken....,3
81044,Kam sehr schnell an und war auch nichts beschädigt. Leider habe ich davon einen Ausschlag bekommen.,3
114311,Ich hab schon ein besseres Buch zum Thema gelesen. Hab hier keine neuen Ideen gefunden. Der Autor hätte ins Lektorat investieren sollen. Mich nerven Grammatikfehler. Fazit: Billigprodukt/ Kopie,3
112078,Billig verarbeitet aber reicht aus um die Puppe zu Baden.,3
89969,"Akkuleistung 15 Minuten, Akkuwechsel nervt - kleines Schräubchen muß gelöst werden, ist echt ein gefriemel",3
81532,"Treiberinstallation usw. gut, Gerät bzw. Trafo brummt etwas. Leider schaltet er nach Einschalten oder beim Umschalten zwischen Kopfhörer und Cinch immer auf maximal Pegel. Das macht eine Verwendung als Vorstufe für Aktiv- Lautsprecher fast unmöglich bzw. gefährlich (für die Lautsprecher und die Kopfhörer). Ich überlege noch eine Rücksendung.",3
109392,"die Qualität ist gut, jedoch etwas klein für M der amazone fahrer gab es bei den nachbarn ab owohl ich ihn die tür auf machte das ist DHL verhalten :(",3
98485,Wie abgebildet. Allerdings sehr grob und wenig geschmeidig.,3
106294,"Ich lerne italienisch seit längerem schon immer nach und nach, bisher mit reinem Vokabel Training. Trotz dessen war es mir unmöglich direkt mit diesem audio Trainer alleine zu lernen, ich stieß hier schnell an meine Grenzen. Ich habe versucht auf dem weg zur Arbeit den Kurs durch zu ackern, habe aber relativ schnell überhaupt gar nichts mehr verstanden. Bei einem Blick ins Buch wird dann wieder alles klarer und die Vokabeln werden übersetzt, so daß man dann alles versteht, aber nach für dieses Prinzip habe ich bereits eine große box mit Lehrbuch, Arbeitsbuch und CD Begleitung, diese Kombination würde ich auch in Verbindung mit der pons Vokabelbox eher empfehlen. Dieser audio sprachkurs eignet sich gut als Ergänzung, ist aber eigentlich nicht notwendig wenn man die von mir erwähnten Materialien hat.",3
96606,läuft leider nur wenn die Sonne direkt drauf scheint ist ein kleines Blatt was auch nur 1/4 verdeckt läuft sie leider nicht,3
113144,Super Produkt. Muss aber leider sagen das 1 von 2 Dosen nicht funktioniert haben. Schade....,3
110686,"Etwas enttäuschend, aber kann man sich schonmal anschauen",3
105691,Leider nicht für shellac Nägel geeignet,3
85307,Passt bei meiner Freundin auf keinen Finger,3
107112,"Auf dem Bild sieht es aus, als hätte die Hose mehr Bein und das war es , was ich eigentlich wollte....sonst ist die Hose wahrscheinlich ok. Ich schicke sie zu dem Preis nicht zurück.",3
95572,"Alles in allem sehr einfache Ausführung, für den Preis aber i.O. Trockenzeit mit diesen 1000 Watt nicht, wie erwartet, erheblich kürzer, als mit meiner 600 Watt-Haube. Liegt wohl daran, dass die Haube sehr dünn ist und ständig verrutscht.",3
101463,"Bin von villeroy und boch etwas anderes gewohnt. Hier handelt es sich wohl um 2. Wahl, obwohl es nicht so deklariert ist. Schlechte Glasur, Rückseite der Artikel ist rauh und uneben, so dass die Teile nicht übereinander gestellt werden können, da die Oberseiten dann zerkratzen. Sehr schade.",3
82725,Sehr gute Qualität Schnell angekommen,3
193078,Diese Matte ist super 👍 ! Rutschfest und polstert gut. Unsere Hunde finden sie auch sehr bequem 😅 besser ist sie aber für Yoga geeignet. 😂,5
166523,Top. Preis-Leistung absolut okay. Ware ist in einer guten Qualität.,5
184007,TOP super Preise Leistung Habe die Hänge sietz Schaukel jetzt 3 Monate hängen und bin immer noch der froh das ich sie habe also kann sie weiter empfehlen,5
164688,Läßt sich gut reinigen,5
164368,"sehr schnelle Lieferung, gute Passgenauigkeit sehr gerne wieder",5
161787,"Meine Haken haben zwar keinen Schutzfilm unter dem Magneten, aber das stellt doch kein Problem dar, da die Haken tatsächlich an ihrer Position verbleiben und nicht rutschen.",5
173895,"Alles bestens! Ich hatte schon viele Arten von Verschlüssen ausprobiert. Leider hatten die aber Mängel bei der Funktion. Die meisten passten nicht auf alle Flaschen. Zudem sahen manche auch Sch... aus. Diese hier passen bisher auf jede Bierflasche, sehen gut aus und erfüllen ihren eigentlichen Zweck.Hält sogar auf dem Kopf. Gerne wieder",5
196665,"Die Rutsche war ein Geschenk für meinen Enkel. Er ist mit knapp über einem Jahr aber noch ein wenig zu klein dafür und hat ein bisschen Respekt vor der Rutsche. Aber ich bin sicher, dass sie noch gute Dienste tun wird. Die Rutsche wurde super schnell versendet, wirkt sehr stabil und der Aufbau war denkbar einfach. Alles prima...",5
163751,Super Qualität und Optik Perfekt zum Mitnehmen,5
192343,Sehen sehr gut aus und passen auch perfekt. Der nächste Schnorchel-Urlaub kann kommen. Jederzeit gerne wieder. Kann ich nur empfehlen.,5
191382,"Es ist ein wunderschönes Produkt. Der pure Hingucker. Allein der Runde Karton sieht beim auspacken sehr edel aus. dann kommt die Krönung. Die Flasche aus Glas mit dem goldenen Verschluss. Einfach nur wunderschön. Daher auch ideal als ein Geschenk. Es hält lange warm oder kalt je nachdem was man reinfüllt. Ist auslaufsicher und Kein Vergleich mit anderen Glas Flaschen. Es ist sehr modern, edel und wunderschön Ich kann es daher mit einem besten Gewissen weiterempfehlen",5
179846,"Dieser Fahrradträger ist im Vergleich zum Atera viel stabiler gebaut, einfache Montage u. kann nur empfohlen werden. Das einzige Manko ist, daß die Halterungen für die Fahrräder sehr kurz sind, daher ist es oft schwierig die richtige Position zu finden um die E-Bikes am Rahmen festmachen zu können.",5
198580,"Schön warm und flauschig, super Hausschuhe",5
170545,"Ich kann dieses Buch nur empfehlen. Eine sehr ergreifende, wenn auch brutale Geschichte. Man kann das Buch gar nicht weglegen.",5
198505,"Meine Tochter (2 Jahre) liebt ihr Stockerl. Perfekt zum alleine Zähne putzen, Hände waschen und in der Küche helfen. Super auch mit den kleinen Tragegriffen auf der Seite.",5
178148,Passt perfekt und ist super verarbeitet und das alles für diesen Preis.,5
195778,Ich bin voll und ganz zufrieden!!!!! Man muss nur die Anleitung gut befolgen die findet man ganz leicht im Internet und dann habt ihr eine gute Schutzfolie auf euer Smartphone. Ich würde es wieder kaufen!!!,5
191946,"Nachdem ich etliche Kissen durchprobiert habe, von Tempur bis Gelkissen, habe ich nun endlich das perfekte Kissen für mich gefunden. Keine Verspannungen mehr, im Bereich der HWS. Den Kopf kann ich wieder drehen und bewegen, wie seit Jahren nicht mehr. Besonders möchte ich aber auch den Kontakt mit Händler hervor heben. So einen sensationellen Kundenservice, habe ich noch nie erlebt. Es wurde immer schnell geantwortet und sich um alles sofort gekümmert. Vielen Dank W...y",5
172095,Fürs Jugendzimmer eine tolle Sache!,5
178701,"Der Rucksack ist modern und die Qualität ist auch gut, es wird für Babynahrung verwendet, sehr leicht und praktisch.",5
162881,Hält was er verspricht,5
162760,"Promote Lieferung, gutes Produkt!",5
197902,"Ich habs geschafft! Die Konsistenz war großartig. Das Wachs war warm, aber gleichzeitig nicht heiß, also habe ich es schön am Ende des Applikators gesammelt und… war fertig !!! Ich bin so mutig und ich bin so stolz auf mich!",5
172805,"Ich muss sagen das ich den echt lustig finde. Ebenso kann ich auch sagen das ich Dwayne Johnson aus so welchen Filme sehr sehr selten kenne. So über den Film kann ich sagen das ich den super finde ,ist vielleicht nicht jedermans sache aber ist echt cool der Film. Kann den Film 5 Sterne geben und einen Daumen nach oben.",5
194311,Die beste Folie die ich je hatte. Leider ist sie nicht mehr verfügbar. Schade,5
161074,"Das Halsband ist leicht zu kürzen und hat eine echt super lange leichtdauer. Es hält regen aus und sitzt auch gut am Hund. Wir haben die Farbe Orange an einem Hund mit mittellangem Fell Bei uns fehlte das ladekabel , was aber vom Verkäufer sofort korrigiert wurde Also wirklich empfehlenswert",5
177119,Ich habe mehrere Lampen ausprobiert und es war die erste die ein echtes UV Licht hatte. Ich würde sie wieder kaufen und kann auch weiterempfehlen.,5
174228,"Tolle neuartige Trinkflasche in schicken Design. Ich wurde bereits mehrmals im Fitnessstudio angesprochen woher ich sie habe. Das zusammenrollen ist echt eine prima Funktion , somit kann sie platzsparend verstaut werden. Auch das sie frei von Weichmachern ist vermitteln mir ein gutes Gefühl. Für mich eine tolle Anschaffung Sie hält dicht und lässt sich einzigartig zusammenrollen. Klare Empfehlung Echter Hingucker",5
198161,"Das Produkt ist sehr gut.Auch die Befestigungsschlaufen sind sehr hilfreich gegen Sturm..Alles in allem eine Abdeckhaube,die man nur weiterempfehlen kann",5
169585,"Super Farbton,würde ich jederzeit wieder kaufen ! Deckt sehr gut ab und lässt sich gut verarbeiten.",5
176354,Olymp die Qualität wie gewohnt sehr gut,5
161239,Passt wie angegossen. Nach persönlichem Empfinden etwas zu teuer,5
71782,Hat leider nicht die Farbe Schwarz sondern eher dunkel grün und fällt auch etwas schmaler aus. Wurde wohl falsche Farbe gesendet..,2
75206,"Die Hülle ist so rutschig, dass sie mir (samt Handy) schon ein paar Mal einfach so aus der Hand gerutscht ist. Mir ist nach einem Monat auch direkt eine Kappe, die den Sperrbildschirm aktivieren soll, abgefallen. Die Bedienung ist nun ziemlich lästig.",2
65709,"Leider zu klein obwohl es viel größer bestellt wurde, habe dieses Shirt dann Neffen gegeben",2
62893,"Die Bild- und Tonqualität von Wii (erste Generation) über Hdmi auf 55 Zoll ist soweit in Ordnung - ich vermute da schränkt der Adapter die Qualität nicht ein, hin und wieder setzt allerdings das Bild für 1-2 Sekunden total aus!",2
79853,"Bei der ersten Nutzung dachte ich was. Ist das???? Was soll daran Ultra soft sein?? Schock! Nach dem ich sie ungefähr 10 mal VORSICHTIG benutzte, wurden die Borsten etwas softer, aber nicht Ultra soft. Für Menschen die das Zahnfleisch eher massieren wollen und schnell zu Zahnfleischbluten neigen, empfehle ich diese Bürste gar nicht!",2
47356,"Ich muss mich den schlechteren Rezensionen anschließen. Bei mir brennt es auch, zwar nur kurz, aber dennoch unangenehm und die Gleitwirkung hält nicht lange an, man braucht relativ viel Produkt, wenns länger dauert ;) Kann ich somit leider nicht empfehlen, da dafür zu teuer.",2
47801,"Akku schnell leer, Amazon photo echt nervig. Sehr umständlich zum bedienen. Bin sehr enttäuscht",2
75100,Eigentlich ganz tolle Scheibe. Passt perfekt aufs Handy. Bedienungsanleitung nicht auf Deutsch. Leider fing die Scheibe schon nach kurzem an den Seiten zu reißen/brechen an ohne das das handy runtergefallen wäre. Teils sogar mit splittern. Dachte sie hält besser bei dem Preis.,2
66019,"Der Artikel entspricht definitiv nicht der gezeigten Abbildung. Haftfähigkeit für kleinere Saugnäpfe schier unmöglich, nicht sonderlich empfehlenswert, also keine Kaufempfehlung.",2
63580,Muss mich den eher nicht guten Rezessionen anschliessen! Ist nur schön anzuschauen! Verarbeitung mangelhaft! Schon kaputt! Hinterrad abgebrochen! 18 Euro absolut zu teuer! Mich reut der Kauf,2
77178,"Wir haben 3 Decken gekauft, alle Decken sind nicht so verarbeitet wie abgebildet und weisen erhebliche Mängel auf.",2
42840,Bei uns funktioniert leider die Fernbedienung nicht und das ist nicht der eine ganz normale Steckdose angeschlossen werden kann nervt mich auch! Leider war es für mich kein guter Kauf! Für unser Baby ist es auch viel zu hell und zu grell,2
74486,"Leider ist das Spielzeug sehr billig und mir ist die Angel schon beim zweiten Mal beim Spielen kaputt gegangen, hat mich total geärgert weil es auch nicht gerade günstig war der Preis. Auch die dazu gehörigen Anhänger kann man sehr schwer zumachen an der Angel, somit muss ich es offen lassen und es fliegt immer wieder raus. Es tut mir leid, aber dieses Produkt war ein totaler Fehlkauf und würd ich niemanden weiter empfehlen.",2
64412,An sich ein tolles Produkt. Leider lässt die Qualität für diesen Preis zu wünschen übrig. Ist gerade erst angekommen und bereits beim auspacken ist der Stoff verfusselt. Bin gespannt wie es nach dem ersten waschen aussieht. Werde es trotzdem behalten da ich so kurzfristig nicht mehr schaffe was neues für den Urlaub zu besorgen. Schade,2
57524,Das bestellte Samsung Galaxy J7 kam nicht nur mit einer Bedienungsanleitung in polnischer Sprache sondern das Smartphone war auch komplett auf polnisch eingestellt und so für mich nicht zu gebrauchen. Erst mit großem Aufwand und mit Hilfe eines polnischen Kollegen konnte das Smartphone auf die deutsche Sprache umgestellt werden. Leider war dies in der Produktbeschreibung nicht angegeben.,2
45348,"Nach täglichem Gebrauch ist das Gerät nun nach 11 Monaten defekt, es reagiert nicht mehr. Ansonsten hat es gut funktioniert.",2
67333,"Die Lichterkette ist an und für sich schön. Sie leuchtet auch schön und nicht zu aufdringlich. Allerdings waren nach dem 3. oder 4. Batteriewechsel die Kontakte kaputt und z. T. auch abgebrochen, deshalb leider ab in die Restmülltonne.",2
43084,"An sich eine schöne Uhr, da man für diesen Preis nicht all zu viel erwarten kann, hier ein paar Abstriche : Schritte werden gezählt, wenn man nur den Arm bewegt und dabei sitzt. Benachrichtigungen wie whatsapp funktionieren nicht (Samsung s5) Pulsmessung recht ungenau (hat oft Aussetzer) Mein fazit: wenn man technisch eine tolle Uhr möchte, sollte man nicht diese Uhr kaufen",2
43543,Lieferung wie bei Amazon gewohnt sehr schnell! Schoner rollen sich aber beim Gehen auf . Beim ersten Tragen passte es dann dehnen sie sich aber . Werde versuchen sie enger zu machen.,2
58349,"Der Football hat eine gute Größe und kann von meinem achtjährigen Sohn gut geworfen werden. Allerdings ist vor kurzem eine Naht aufgegangen, was nach der kurzen Zeit und der geringen Belastung sehr ärgerlich ist. Daher nur die zwei Sterne.",2
67782,Nähte rundum gerissen und sehr instabil,2
75651,"Ich habe meine Kopfhörer vor 3 Wochen bestellt und bereits nach 2 Wochen funktioniert der linke Kopfhörer nicht mehr :( ist sehr sehr schade da ich sie wunderschön finde. Für den Preis kann man zwar nicht all zu viel erwarten, aber zumindest sollten sie länger als 2 Wochen halten.. Zwei Sterne gibt es daher für die wunderschöne Optik und einen echten Hingucker. Wer allerdings etwas bequemes will- da muss ich leider sagen, dass die Kopfhörer zu klein sind und nach einer Zeit auf dem Ohr drücken.",2
54732,"Wir benutzen die flotte Lotte häufig für die Zubereitung von Apfelmus, aber mit diesem Gerät war das nicht bzw. nur schwer möglich. Die Äpfel wurden nicht runter gedrückt und der Großteil blieb an der Seite hängen. Man hat sich quasi einen Wolf gedreht. Für uns ist das Gerät daher völlig ungeeignet und es ging zurück. Rückabwicklung war problemfrei.",2
45813,Im spitzen Winkel kann immer noch alles gesehen werden. Protect Schutz nicht gut genug. Hatte mehr erhofft. Leider daher nur zwei sterne.,2
54549,Bei mir fehlen die 5 Filter sowie fen vernebler. Schade ich kann das Gerät nicht benutzen. Den Verkäufer kann ich auch nicht kontaktieren,2
78954,Ist leider nur auf Englisch kann man nicht auf Deutsch umstellen ging wieder zurück,2
68249,Ich benutze es gerne in der Badewanne. Nach zweimaligem Gebrauch ging die Ladefunktion jedoch verloren und es trat gelbe Flüssigkeit aus. Vielleicht kannst du es im Wasser probieren.,2
70247,"... meine kleine Nichte hat mich nach der Überraschung angerufen und stellte mir diese Frag, weil sie sich weh getan hat. Aber nachdem ihr Papa den Grat entfernt hatte hat es ihr doch noch gefallen. Lieber Verkäufer, besser darauf achten gibt bessere Bewertungen.",2
58152,"Hab echt versucht es zu tragen. Meine Haltung war besser ganz ohne Anstrengung aaaber solbald ich meine Arme Hängen lasse wird das ganze mega Unangenehm, bis ich langsam spüre das meine Arme Einschlafen weil die unteren beiden Bänder einfach noch so schön anliegend sind wie auf dem Bild zu sehen.",2
61163,"Dieses Produkt ist ein Lacher. Es lockt nur das Geld aus der Tasche, doch die Wimpern nicht einen Millimeter zum Wachsen. Die Wimpern wirken nur etwas dunkler, das läßt sich aber viel Preiswerter erreichen. Produkt schadet nicht, auch bringt es nichts- also besser Finger weg",2
65545,"Am Anfang ist der Geruch der stark. Sehen toll aus, aber ich hatte trotzdem mega viele Stiche.",2
67028,"Hübsch, der Deckel öffnet und schließt sich optimal. Der Eimer macht einen hochwertigen Eindruck. Innen ist der Platz allerdings sehr schmal, und wenn man den Abfall nicht bewusst hinunterdrücken will, bleibt er oben hängen, so dass der Eimer immer gefüllt aussieht. Deshalb würde ich den Eimer nicht wieder aussuchen. Auf der glänzenden Oberfläche sieht man Staub oder Wassertropfen sofort, so dass er täglich abgewischt werden muss, was aber schnell gemacht ist.",2
