85784,"Ich bin ein absoluter Neuling was Handlettering angeht und wollte mich einfach mal damit befassen. Das Buch ist nett gemacht, aber für einen Neuling nicht so gut geeignet. Ich hab dann doch erst einmal einen Kurs bei der VHS besucht und danach konnte ich das Buch gut nutzen für meine Übungen. Viele unterschiedlichen Schriftarten sind leider auch nicht vorhanden. Aber es eignet sich gut für die ersten Übungen und als kleine Hilfe. Wer wirklich neu startet, sollte doch lieber einen Kurs besuchen. Das Buch kann man dann anschließend zum Üben nehmen.",3
98749,"Hallo, Für ein Geschenk eine sehr schlechte Verpackung. Einfach nur in Folie eingepackt nich wie auf dem Fotos zu sehen. Die Qualität des Produktes lässt auch viel zu wünschen. Für den Preis würde ich es nie wider kaufen. Aber ich hab’s meinen Brüdern versprochen das ich den Gürtel bestelle.",3
87578,"Leider bricht die BT Verbindung zu oft ab (auch auf sehr kurze Distanz), daher kann ich nicht mehr Punkte geben. Sound ist okay für den Preis, natürlich darf man keine Wunder erwarten. Akkuleistung hält bei mir nicht so lang, wie versprochen.",3
112066,In der Verpackung waren auch nicht bestellten Sachen.,3
96394,"Insgesamt sehr einfache Verarbeitung und trotz 1050 Watt ist der Kaffee leider nur mäßig warm. Hatte gedacht, dass Krups doch eine bessere Marke ist....",3
93624,"Leider hat dieses Headset kein gutes micro, ""ich klinge als säße ich in einer Blechbüchse"" so meine Freunde. Ich werde es für Notfälle und Konsolen behalten aber fürn pc kommt demnächst wieder ein anderes her. Der Klang der Kopfhörer ist nicht schlecht und es dichtet wirklich gut die Umgebungsgeräusche ab, was wiederum wieder sehr gut ist.",3
106525,"Schriftzug sieht genau wie auf dem Bild aus, auch die Farbe ist schön. Problematisch finde ich, dass der Topper aus dünner Pappe besteht. Dadurch ist eine Wiederverwendung unter Umständen nicht möglich. Es wirkt auch etwas instabil. Ich dachte, es wäre aus Plastik. So finde ich das Preis-Leistungs-Verhältnis nicht angemessen!",3
108218,"Zunächst einmal sind diese Flaschen sehr gut durchdacht, flexibel und recht widerstandsfähig. Ich benutze sie beim Sport, der Arbeit und auch für Urlaube. Allerdings hat sie einen Schwachpunkt und das ist der Deckel. Ich habe 6 Flaschen und bei zweien ist bereits der Deckel, genauer gesagt der Druckknopf zum öffnen der Trinköffnung abgebrochen. Ob dies ein Materialfehler war oder eine schlechte Kontruktion ist, will ich nicht beurteilen. Allerdings finde ich es sehr bedauerlich, dass die Deckel nicht als Ersatzteile direkt hier angeboten werden, vielleicht wäre das eine Überlegung wert. Durch die defekten Deckel leider nur 3 Sterne.",3
104626,Leider fehlt die Abdeckung am Fuß an einem der vier Beine,3
102434,Qualität mittelmäßig,3
92390,Es gibt sicherlich schönere Tattoos. Halten gut,3
100737,Für mehr als 15 Minuten muss man sehr lange drehen.,3
103352,Die Kugeln sind sehr schön. Nur leider waren 2 kaputt. Die Verpackung war sehr schlecht. Da ist vorprogrammiert das nicht alles geil bleibt.,3
114677,"Ja, und das ist es. Er sieht gut aus, und ist bei Windstille echt gut. Frischt der Wind allerdings auf, zerlegt es ihn sofort - schade. Also nur was für den Baggersee wenn Windstille ist - am Meer kann man ihn vergessen.",3
107969,"Auf der Suche nach Pflanzenlicht, das ich nicht ohne Rechnung in China kaufe, wie es mir per Amazon leider oft passiert, habe ich dieses im Angebot von Pearl entdeckt. Nachdem es geliefert wurde, stellte ich fest, dass es nur ein Erweiterungsset ist. Nachgeschaut! Stimmt. Irgendwo in Klammern steht das geschrieben. Ein extra Netzteil kostet extra. Als Set mit einem Netzteil kostet es ungefähr soviel wie mein gekauftes Angebot, also werde ich das Set bestellen und dann schauen, ob ich beide gebrauchen kann. Wenn nicht, sende ich das Erweiterungsset zurück. Zur Qualität kann ich also einstweilen nur sagen, dass es beim Auspacken stark nach Plastik müffelt, was aber schnell verfliegt. Die Verarbeitung macht einen guten Eindruck. Die Funktionsbeschreibung erfolgt nach Test mit Netzteil.",3
108464,Erfüllt seinen Zweck aber anhand des Bildes hat man eine Kraftpapier Farbe erwartet aber sie sind in grau weißem Karton verpackt,3
80936,Leider ist die Uhr defekt - sie zählt keine Schritte mehr und lässt sich nicht mehr synchronisieren. Bitte schicken Sie mir einen Retourenschein. LG Kurt Vogelgesang,3
97262,Dürfte gerne 2mm größer sein,3
102408,nicht für Locken geeignet auch nicht für sehr leichte Haare. Ich fand es schade dass ich de zurück senden muss da die sehr gut aussehen aber nicht für meine Haare geeignet waren.,3
83715,Möchte das Bild fertig stellen habe aber keine weissen Steine mehr bitte um Info wie bekomme ich noch welche bzw warum geht sich das nicht aus,3
81445,Leider etwas zu klein für mich aber verschenken geht ja auch,3
90467,Habe mir den Sauger für ein Geschäft gekauft. Saugleistung ist super und völlig ausreichend nur die Materialqualität ist echt Mist. Ich hatte eine von den beiden Öffnungsklappen nach 5x öffnen lose in der Hand und im Innenteil ist nur vom saugen ein Stück Plastik abgebrochen. Das ist nicht gut aber er funktioniert noch. Aber kaufen würde ich ihn nicht mehr.,3
80582,Nicht schlecht aber unnötig habe sie auf Grund eines Tipps gekauft aber wie ich finde hat sie nichts gebracht .,3
97946,"Die Winkel könnten etwas stabiler sein, bei 10 Bücher denkt man es biegt sich nach unten.",3
94554,Funktioniert mit dem Fire TV Stick. Allerdings lässt sich das Bild nicht ausreichend auf dem Fernseher zentrieren,3
117947,Die Latschen passen zu 100% und sie lassen sich sehr gut anpassen weil sie einen Klettverschluss haben. die Sohle ist etwas hart wobei ich hoffe dass sich das mit der Zeit legt. Negativ ist der grässliche Chemiegeruch dass diese Schuhe ausdünsten.,3
102381,"Verarbeitung und Qualität lassen zu wünschen übrig, außerdem wird recht grob zermahlen. Design ist zwar sehr ansehnlich allerdings gibt es zu diesem Preis durchaus Grinder mit welchen man bessere Ergebnisse erzielt.",3
99971,"Ich nehme sie jetzt seit paar Tagen,zu der Wirkung kann ich bis jetzt nix sagen.",3
94263,"Man kann bei so einem günstigen Produkt nicht wirklich erwarten das die Körperanalyse Daten alle so stimmen, aber zumindest das Gewicht sollte doch möglich sein das diese korrekt angezeigt wird. Bin 3 mal nacheinander auf die Waage, jedesmal ein anderes Gewicht, und mit Schwankungen von mehr als einem Kilo. Die App ist auch nur ein schlechter Scherz. Habe als Austausch ein neues Modell erhalten, dieses ist wesentlich besser uns es gibt auch eine etwas verbesserte App inzwischen. Von dem Kundenservice kann so manch einer sich noch eine Scheibe Abschneiden.",3
113079,"Man braucht eine etwas größere Ecke Platz hierfür. Die Näpfchen könnten größer sein, aber für meine Mietzen hat's gereicht. Super easy unter warmen Wasser sauber zu machen",3
99630,"Funktion und Handhabung perfekt - perfide jedoch, dass das Gerät nach 2 1/2 Jahren unreparierbar defekt ist - unglaublich!",3
89531,Action Aber wie bei jedem Actionfilm etwas unrealistisch,3
178096,Bissl kürzer als Gedacht aber das war mein Fehler. Hochwertig und erfüllt seinen Job,5
182827,Génial Es hält länger als 2 h Klang ist sehr gut nur die Reichweite ist etwas geringer aber alles andere ist sehr gut,5
194470,"Ein sehr schöner Schmuckständer mit viel Platz für Ketten, Armbänder und auch Ringe. Sieht sehr schick aus.",5
163429,Immer wieder Klasse die Happy Socks Machen Spass u regen Gespräche mit Menschen an von denen ich nie erwartet hätte dass die Socken glotzen ;-),5
178462,"das Ding funktioniert ohne große Probleme, bzw. gar keine Probleme man kann auch gut hindurch sehen",5
178847,"Ich bin nicht so verrückt nach Neuheiten oder nach beauty Produkten. Diese Creme allerdings verleiht meinem Leben im Moment einen ganz besonderen Glanz und ich bin sehr froh sie ausprobiert zu haben. Sie riecht gut, zieht schnell ein, pflegt uns glänzt!",5
177911,Mein Sohn 6 Jahre alt hat viel Spaß damit. Er knetet immer wieder damit. Dieses Set ist sehr empfehlenswert. Fußabdrücke von Dinos in Knochen sind ein Highlight.,5
199561,"Ich habe das Produkt bestellt, da ich darüber nur gutes gehört und gelesen habe. Meine Bestellung kam dank Prime am nächsten Tag an. Ausgepackt und sofort getestet. Es gibt zwar eine große Sauerei, wenn man nicht richtig aufpasst aber es lohnt sich. Direkt nach der ersten Anwendung wurden meine Zähne sichtbar heller. Werde es auf jeden Fall nochmal bestellen",5
181601,Alles super und schnell gelaufen. Bin sehr zufrieden. Werde den Verkäufer weiter empfehlen. Sehr gute Verpackung. Machen Sie weiter so.,5
175970,Die Riegel wahren schnell geliefert und der Geschmack ist Super. Werde bei diesen Riegeln bleiben da in der Mix-Box genug Abwechslung drin steckt. Sehr empfehlenswert.,5
193744,"Hochwertiges gut verarbeitetes Halsband, was trotz seiner Schlichtheit auffällt! Sehr stabiel. Auch für große, starke Hunde.",5
199639,Perfekt zum Entspannen am Abend!,5
199744,"Sehr gute Verarbeitung, sehr zu empfehlen",5
160995,"Solide Socken, fühlen sich gut an, es sind keine bösen Überraschungen zu erwarten.",5
179229,"Qualität ist gut, aber das Kabel ist deutlich zu steif, was im täglichen Gebrauch unangenehm ist, z.B. stört es im Auto oder insgesamt bei der Handhabung. Man kann es biegen und es bleibt dann in der Form. Fairerweise muss man sagen, dass viele USB-C-Kabel dieses Manko besitzen.",5
163178,"Meine Frau wollte die Tasche erst wieder zurück schicken, da Sie ihr zu ""Dick"" war, hat sich jedoch nach 1-2 Wochen doch dagegen entschieden. Heute ist Sie froh, dass Sie die Tasche hat. Aufgrund der Dicke schützt Sie das Handy sehr gut gegen Beschädigungen bei einem Sturz. Dabei schaut die Tasche auch nicht klobig aus. Das Handy ist schon mehrfach gefallen und die Tasche hat den Sturz jedesmal sehr gut abgefangen, so dass am Handy keine Beschädigung auftraten. Schwächen : die eingelassenen Kreditkartenfächer sind zwar lieb gemeint, dienen aber wohl mehr der Optik. Steckt man hier Karten rein drückt die unteren Karte (welche auch immer als unterste Karte in welchem Schlitz steckt) auf das Display. Also lieber keine Karten mit der Tasche nutzen. Das hintere Fach dagegen lässt sich anstandslos benutzen. Auch ist der Gummirahmen, welcher das Handy umfasst m. E. zu eng und daher nicht 100% passgenau. Er wölbt sich oben und unten minimal, da er zu kurz ist. Auch gibt es weichere Materialien, da genau dieser Rahmen schon zu der härteren Kategorie gehört. Ein weicher z. B. Silikonrahmen in der Ledertasche würde die Wertigkeit deutlich erhöhen. Auch die Bedienung der Lautstärketasten ist durch den steifen Rahmen erschwert. Funktioniert zwar (meine Frau hat sich daran gewöhnt; wenn ich mal das Handy in der Hand habe, fällt es mir negativ auf), ginge aber besser.",5
197291,Preis/Leistung passt super. Artikel entsprach der Beschreibung,5
161701,Ich kann die Tasche Travel Nature Tasche für das Galaxy S9 nur empfehlen. Der Versand erfolgte reibungslos schnell und die Tasche sieht einfach stylisch an dem S9 aus. Bei der nächsten Smartphone Generation greife ich gerne wieder zu den WIIUKA Taschen.,5
167832,"Die Tabletten sind gepresst und überzogen. Kenne noch ein anderes vergleichbares Produkt, da ist das L-Tryptophan in Pulverform in einer pflanzlichen Kapsel. Die 60 Kapseln reichen für 2 Monate, da man nur täglich eine einnehmen braucht. Ich hatte mich für das Produkt entschieden, weil ich manchmal an Schlaflosigkeit und mieser Laune leide (aufgrund des Winters). Schon nach ein paar Tagen verbesserte sich mein Schlaf und meine Laune. Nebenwirkungen verspüre ich bis jetzt nicht.",5
165462,Ist ein Highlight und funktioniert bestens. Mit dem Salzstreuer integriert einfach top und bei Besuch immer ein Gag wenn man damit ankommt!,5
182421,"Sehr schön und Hochwertig, nicht zu groß. Das Leder fühlt sich gut an, der Schließmechanismus ist ideal, vom Gewicht nicht zu schwer. Schnelle Lieferung. Sehr zu empfehlen wenn jemand was hochwertiges haben oder schenken will.",5
173021,Super spannender Film mit ein grandiosen Noomi Rapace in 7 Hauptrollen. Sehr zu empfehlen,5
195474,Super Batterien total lang lediglich und super Saft drauf. Würde ich immer wider stellen. Kann ich wirklich nur weiter empfehlen.lg Sabrina,5
198022,"Erfüllt seine Funktion.. Preis Leistung gut, es gibt nicht mehr zu sagen. Perfekt für Cappuccino Kakao. Kann es nur Weiterempfehlen",5
172613,Tolles Produkt. Würde ich jederzeit wieder kaufen.,5
176999,"Habe die Schürze für meinem 14 Jährigem Sohn bestellt, weil er eine für den Hauswirtschaft-Unterricht in der Schule braucht. Da es in Doppelpack war benutze ich das eine für mich zuhause , bin zufrieden, das material ist etwas steif, aber es ist ja klar bei Wasserdichten Material, trage es trotzdem gerne.",5
178408,"Perfektes Helferlein in der Küche. Für mich unverzichtbar! Biegsam, um auch Rundungen auszukratzen, und trotzdem stabil genug.",5
199963,"Gewohnt schnelle und zweckmäßig verpackte Lieferung durch Amazon. Der Projektor macht einen soliden und ordentlich verarbeiteten Eindruck. Die Leuchtkraft ist ganz in Ordnung. Die Muster und Geschwindigkeit sind verstellbar. Bin gespannt, ob das Teil wirklich einen Winter draußen im Freien übersteht. Bis dahin alles bestens.",5
168772,"Praktisches und sehr helles Licht; Ich benutze es normalerweise am Fahrrad. Der Winkel ist einfach einzustellen. Da eine Gummischlaufe den Scheinwerfer am Lenker befestigte, wurde die Einrichtung kaum locker. Es ist auch leicht zu entfernen, um es wieder aufzuladen. Es läuft problemlos mehrere Stunden zwischen den Aufladen. Funktioniert bisher sehr gut und erledigt den Job. Habe es schon einige Tage benutzt und es hat mir niemals Probleme gebracht. Es warnt rechtzeitig mit rotem Licht, bevor die Batterie zu schwach wird, was von mir sehr hilfreich ist! Es finde ich das Hellste von drei Fahrradlampen, die ich habe. Ich bin definitiv sehr zufrieden mit dem Produkt. Die drei Helligkeitsmodi erlauben es mir die Batterielebensdauer zu steuern. Aber sogar bei der maximalen Helligkeitseinstellung scheint es auch kein Problem mit der Batterie. Aufladen nur in ein paar Stunden, so lasse ich es einfach über Nacht an Netzteil angeschlossen und am nächsten Tag funktioniert es wieder fantastisch. Abgesehen von den Helligkeitsmodi ist der Blinklichtmodus auch sehr hilfreich, insbesondere bei mäßigen Lichtverhältnissen, bei denen eine Taschenlampe meistens nicht auf der Straße auffällt, aber ein Blinklicht macht es sicherer. Alles in allem denke ich, es ist ein großartiges Produkt!",5
180317,Ein sehr gutes Buch mit viel Humor und man sieht sich in vieles ein tolles Buch von einer tollen Frau von mir 5 Sterne 👍,5
166274,Nach fast einem Jahr noch alles super und keine Schäden,5
183416,"Ich wollte immer einen Dampfer kaufen, den ich auf Reisen mitnehmen kann, und dies stellte sich als das beste Produkt dafür heraus. Ich benutze dies als primäre Quelle, um meine Hemden und nicht das Eisen jetzt zu bügeln. Kann die Jacken reinigen und den Grat von Pullovern und Jacken entfernen. Insgesamt ein sehr empfehlenswertes Produkt für Menschen, die es schwierig finden, Kleidung selbst zu pressen.",5
25645,Leider ist nach ca 1Stunde in Benutzung (heißt Kind hatte sie am Arm) der Sekundenzeiger abgefallen. Da der dann im Ziffernblatt lag blockierte er die anderen Zeiger und die Uhr war unbrauchbar.,1
5388,"Eigentlich hat das Teil gar keinen Stern verdient! Eine ordentliche Installations- oder Bedienunsanleitung- FEHLANZEIGE! Es ist nur eine unzureichende Zeichnung vorhanden, die kein Mensch versteht! FINGER WEG VOM TEIL! Es gibt gute Luft-kühler die wesentlich einfacher zu installieren sind! Artikel ging zurück!",1
33491,Das Spiel im ganzen ist ok.. aber für vier Spieler haben viele Münzen gefehlt was ich schade finde..,1
527,"Ich kann leider das Thermometer nicht empfehlen. Der Eisbär sieht niedlich aus (dafür 1 Stern), aber das ist das einzige positive. Als wir das Thermometer ins Wasser gehängt haben, fiel das Thermometer vom Eisbären ab. Ich habe mich sofort an den Verkäufer gewandt, doch dieser meinte, dass man den Eisbären einfach raufstecken könnte. Dies ist zwar möglich, jedoch hält das Thermometer nicht mehr am Eisbären. Es fällt immer wieder ab. Klebereste sind noch erkennbar. Aufgrund dieser Rückmeldung vom Verkäufer habe ich mich an Amazon gewandt. Kurze Zeit später erfolgte die Zusage, dass das Geld zurück erstattet wird und ich den Artikel zurückschicken kann. Jedoch kamen noch einige Nachrichten vom Verkäufer, welcher darüber erbost war, dass ich mich an Amazon gewandt habe. Von Kundenfreundlichkeit weit entfernt. Ich kann das Thermometer nicht empfehlen und würde es mir nicht wieder kaufen. Die 10€ kann man besser investieren und auf den Ärger und Arbeit im Nachhinein kann man gut verzichten!",1
34229,Vorsicht beim Kauf !!!!!!! Hatte diese für mein Passat 3c gekauft laut Daten die ich für mein Auto mit dsg Automatik Getriebe brauchte. Es stellte sich heraus das diese Welle aber nicht für meinen war . Die Welle ist zu Gros obwohl sie augenscheinlich passt . Das hatte zur Ursache das der linke Reifen bei Kurven Fahrten blockierte hier bestand Lebensgefahr. Alte Welle überholt und neu montiert und fährt wieder sicher ! Also von skf bin ich der Meinung das es eine absolute Qualität Marke ist. Aber das mit der Welle geht garnicht .,1
23982,"Artikel ist überhaupt nicht gekommen, Verkäufer hat geschrieben,das die schicken noch ein Artikel... Gar nichts da. Applaus.",1
16712,"Besitze diesen Schlauch seit ca.einem halben Jahr. Wurde sehr fest aufgerollt geliefert.Dadurch hat der Schlauch eine flache form angenommen.Möchte ich den Schlauch weiterziehen ,schlägt er sehr leicht um und knickt ab. Wer diesen Schlauch kauft,kauft garantiert zweimal.Nicht zu empfehlen,",1
2012,"Das ist der Absolute Rekord, Installieren hat die SSD überstanden, nach 6 Stunden Dauerbetrieb ist die Platte tot. Wird nicht mehr erkannt. Daten Weg, danke dafür. Wollte nur die Alte Platte neu Aufsetzen, Daten 200 GB auf die SSD und wieder zurück. Leider ist die SSD bei 100 GB verstorbenen. 😡 setzten 6. Stunden Arbeit für die Installation und Daten am ... .",1
2431,"wie bei vielen anderen Käufern ist eine Box kaputt... die Einlegeböden sind gar nicht ert geliefert worden. Reklamation konnte ich mr leider sparen - hab die Kartons aufgrund ""gesundheitlicher Probleme"" zu spät auf gemacht. Eigentlich bräuchte ich noch 2 Boxen - aber die Chance das die dieses mal inOrdnung sein könnten ist mir zu gering.",1
34868,Ich habe meine Bestellung nie bekommen!!! Mehr als zwei Emails geschrieben und kein Antwort...ganz unverantwortliche Haltung!!,1
15438,Hat nicht lange gedauert und der Wasserkocher war kauptt. Tut der Umwelt einen Gefallen und kauft Qualität und nicht diesen Mist.,1
5563,Leider war das Gerät nach 2 maligen Gebrauch nicht in Ordnung. Akku lädt nicht mehr auf. An den Rändern löst sich bereits nach 1 Woche die lackierung. Display war von Anfang an etwas schief eingebaut. Ich würde es nicht noch einmal kaufen. Wird zurück gesendet.,1
35548,Das Netzteil unterstützt nicht die Schnelladefunktion des S8+. Zudem bemerkte ich nach einigen Tagen ein sehr lautes Spulenfiepen aus dem Netzteil. Direkt im Mülleimer gelandet. Danke für nichts,1
10646,"Das Terrarium kam zwei Mal nur im Karton verpackt und zerbrochen an... Falls man eins dringen bräuchte zB zwecks Umzug, kann man das hier vergessen. Habe es wo anderst bestellt, hat weniger gekostet und kommt auf einer Palette mit Spedition!",1
22560,0 Sterne ging leider nicht. Die Plane (Überdachung) hielt ganze 8 Wochen. Sie wurde erst porös und riss dann an mehreren Stellen. Für den Preis absoluter Schrott.,1
24569,Leider hat das Gerät meine Erwartungen in keiner weise erfüllt. Schon nach einmaligem Gebrauch ging nichts mehr. Sehr enttäuschend. Aber die Farbe ist sehr hübsch. Und das Gerät wurde sehr schnell geliefert.,1
16733,"Ich finde dieses Panzerglas unglaublich schlecht. Das Handy lässt sich durch das Glas schlecht bedienen, es nimmt die Befehle nicht an, nur unter voll Druck.... Das Geld zum Fenster rausgeschmissen.... 1 Stern für das leichte anbringen... Definitiv keine Kaufempfehlung!!",1
26485,Müll ging beim anschrauben schon kaputt,1
22085,"Produkt ist ok. Wie diese Teil, werden aber immer öfter bei Amazon Teile nicht an die Private Adresse ausgeliefert obwohl man Zuhause ist. Muss ich selber abholen ! Dann hätte ich auch bei Media Markt kaufen können.",1
6388,"Leider habe ich viel zu wenige Schraubdeckel erhalten, so dass ich 20 Gläser nicht nutzen kann. Hatte um Nachlieferung gebeten. Dieder Bitte wurde nicht entsprochen.",1
2962,"Anfangs machten die Halter einen soliden Eindruck. Jedoch sind diese nach 2 wöchiger Nutzung nicht mehr zu gebrauchen, da sie ausgeleiert sind und am Stift hin und herrutschen. Ein Fall für die Mülltonne!",1
19098,Die Stifte erwiesen sich über alle Farben als brüchig. Die Miene ist porös und scheint mit Blasen durchsetzt und extrem brüchig.So schlechte Stifte bin ich von Farber-Castell sonst nicht gewohnt!,1
1162,Frisch geladener Akku. Da blinkt nichts. Keine erkennbare Aufnahmefunktion. Nicht zu gebrauchen - noch nicht mal zum Spielen. Keine exakten Angaben über Ladedauer. Verlust der Schraube zur Ladefunktion vorprogrammiert. Beschreibung eher dürftig.,1
1020,"Für den Preis enttäuschend, zu Weihnachten gekauft und ein Teil ( Box for hinten im Boot )defekt von Anfang an.nicht zu nutzen....schade",1
6268,"Das Buch lockt mit 150 Rezepten, die sind sämtlich ohne Fotos, zum Teil wirklich belanglos und wer es gewohnt ist, zuhause schon selbst zu kochen, braucht diese Aneinanderreihung von Texten wirklich nicht. Habe es gleich zurückgeschickt und das klappte tadellos.",1
16308,"noch nie einen derart schlechten Kleber in den Händen gehalten!!! absolut keine Klebwirkung ob angetrocknet oder frisch aufgetragen - einfach nur schlecht, klebt noch schechter als ein post-it! insgesamt einfach nur Betrug, ist gar kein Kleber :-(",1
10721,Wurden erst an dem Tag verschickt an dem sie ankommen sollten und brechen sehr schnell kaputt,1
35707,sehr geehrte Damen und Herren ich bestellen gute Käse aber das Käse nicht gut ich möchte meine Geld zurück ich brauch nicht kaufen ich bin nicht ein Hund schicken bei Mi das Käse,1
17250,Leider empfand ich die Anbringung als auch die Qualität jetzt nicht berauschend. Mein Hund hat einmal den Kopf gegen das Netz gedrückt und da is das ganze Teil samt Schrauben raus..,1
2418,"Nach 60 Minuten war überhaupt nichts geliefert. Keine Bestell- oder Auftragsbestätigung, keine e-Mail, geschweige denn eine Lizenz. Bei einem Anbieter im Internet ging das dann für weniger Geld ruckzuck.",1
31510,"Habe mir die Socken gekauft. Beim ersten Paar war beim zweiten Tragen bereits ein Loch entstanden. Verkäufer nimmt die kaputten Socken mit dem Verweis, darauf, dass diese gewaschen und getragen wurden nicht zurück. Aus hygienischen Gründen.",1
15048,Das Produkt funktioniert überhaupt nicht. Einfach nur Schrott. Schade...,1
43423,"nette bilder, wenig inhalt, praktisch nur werbung in eigener sache, zu unübersichtlich",2
62557,"ging nach 5 monaten kaputt , und ide leistung ist nicht so überzeugend , ich würde das gerat nicht mehr kaufen",2
68767,Folie nicht passgenau! beigelegte Reinigungtücher sehr gut anbringen auch einfach,2
71771,"Das Spielzeug ist ja gut robust, aber mit der Zeit Farben die Tiere gut ab. Der grüne Frosch hat rote Punkte, die sind nur noch das reinste geschmiere... Schade.",2
79125,"Den Artikel mussten wir leider zurückgeben. Die Girlande wurde zwar in den drei Farben geliefert, allerdings wechselten sich die Farben nicht ab. Ich hatte mal 2 pinke Buchstaben nebeneinander, dann 2 rosane. Das war nicht in meinem Interesse und ging somit zurück. Ich bestellte die Girlande dann ein zweites mal aber sie würde identisch zur ersten geliefert. Schade, denn mir gefiel die Idee ganz gut. 2 Punkte gibt es für die schnelle Lieferung und die ansonsten gute Qualität der Karten.",2
66654,"Das Glas passt und lässt sich gut anbringen. Leider verschwinden die grauen Ränder am Rand nicht. Liegt wahrscheinlich an der Wölbung des Smartphones. Ist aber nicht schön anzusehen. Für mich ein No-Go. Ich habe mir nun ein anderes Panzerglas das die Wölbung am Rand mitmacht bestellt. Mal schauen, wie das aussieht.",2
71397,Keine Anti AGEing sichtbar...,2
49613,"Erst waren wir begeistert wie schnell und einfach die Schützer anzubringen sind und wie gut sie aussehen. Nur leider sind nach 3 Tagen bereits die ersten abgefallen wenn man nur dagegen kam. Nun fallen die anderen nach und nach auch noch ab. Von daher für uns völlig unbrauchbar. Ärgerlich, wir mussten uns jetzt andere bestellen, die nicht abfallen wenn man dagegen kommt. 2 Sterne nur für das Aussehen und den Türschutz der gratis dabei war und echt süß ist.",2
79518,"Man schläft gut drauf. Leider ist es nicht waschbar, hat keinen Bezug und passt in die wenigsten Bezüge. Liegekomfort jedoch gut. Preis Leistung okay",2
60372,"Egal wie fest man dreht, der Arm bewegt sich trotzdem.",2
43701,"Leider sind schon nach wenigen Wochen alle Vier Ecken der Hülle abgebrochen und das ohne ""größeren"" Sturz. Lediglich die Optik ist ganz schön aber Schutz bietet die Hülle kaum.",2
60923,Bin der norddeutsche Typ mit hellem/dünnen Haar. An die Hälfte der Haare kommt der Epilierer nicht dran. Wachsen ist effektiver,2
73050,Steht 14 Tage und schon gehen die nähte auf. So an sich ist es schön groß und geräumig naja und die Reißverschlüsse werden wohl auch nicht lange halten,2
68332,"Die Farbe (blau) sieht auf den Fotos viel leuchtender und kräftiger aus, in Wirklichkeit ist es mehr ein stumpfes Blau, das fast schon ins Graue tendiert, also mehr grau-blau, Taubenblau. Werde es nicht tragen da nicht gefällt.",2
58937,"Also wer diese Pfanne vor hat täglich zu nutzen, der wird mit der hier nicht glücklich werden. Der rote Spot erfüllt nicht seine Funktion (Farbe bleibt immer gleich). Und das was am noch wichtiger ist, knapp nach 10. Monaten absolut nicht mehr zu gebrauchen, der Spot ist komplett abgebröckelt und die Beschichtung hat sich bereits nach wenigen Monaten angefangen zu lösen und dabei bin ich sehr pfleglich mit der Pfanne umgegangen. Schade aber die Pfanne von Lidl hat länger durchgehalten.",2
61580,"Die Tüten sind meiner Vorstellung entsprechend. Was ich zu bemängeln habe, ist dass die Tüten einfach lose in einem Karton geschickt wurden. Die Tüten hätten zumindest in einer ordentlichen und sauberen Verpackung und dann im Karton versendet werden müssen. Ich wollte die Tüten so zurück schicken, brauchte sie allerdings dringend.",2
72319,"Ich als erfahrener Kontaktlinsen träger hatte wirklich Probleme diese Kontaktlinsen rein zu bekommen, als ich sie dann drin hatte, brannte es nach einigen Minuten höllisch. Jedoch war der Versand schnell, weswegen ich 2 Sterne gebe",2
69163,"Ich habe 2 Sets gekauft und bei beiden treten vereinzelt Farbunterschiede bei manchen LEDs auf. Ist auch für den Preis von 15 Euro nicht so wünschenswert. Wenn dies noch mehr wird, werde ich die Sets leider zurückschicken müssen. Update: Zudem gehen die LEDs sporadisch An und Aus, auch wenn die Fernseher nicht an sind.",2
63322,"Ist nicht wirklich für Menschen gemacht, die etwas mehr mit sich rum tragen. Daher kann ich mir kein Urteil erlauben. Für alle anderen: gut verarbeitet, funktional und macht generell einen soliden Eindruck.",2
75734,Nur 2 Sterne wegen der Größe. Das Bild täuscht da schon sehr. Einmal gekauft...aber kein zweites mal.... daher meine Meinung...finger weg!!!!!,2
41477,Unsere Maus trinkt aus dieser Flasche viel zu schnell inklusive verschlucken und spucken im Nachhinein. Wir nutzen weiterhin MAM - hier läuft die Milch um einiges langsamer und sie muss sich wirklich anstrengen beim trinken.,2
52097,Schnelle Lieferung Super zu sehen Leider sehr schnell kaputt...,2
45795,Also.. hinten ein Etikett mit 4.95 drauf ..man man überteuert...,2
61134,Mir wurde ein gebrauchtes Set geschickt . So professionell sieht es auch nicht aus . Darum nur 2 Sternen .,2
78286,"Beim Anziehen ist das material an beiden Fersen eingerissen außerdem knicken die Flossen wenn man feste mit den Beinen ""strampelt"". Für mich ungeeignet",2
63253,hatte irgendwie mehr erwartet und daher auch wieder zurückgesendet. Nächstes mal informiere ich mich wohl vorher etwas besser bevor ich bestelle.,2
47299,Kurz und knapp: das Bügelbrett wackelt bei jedem Handgriff. Für diesen Preis absolut inakzeptabel. Keine Kaufempfehlung.,2
58432,Leider kein so gutes Ergebniss auf der Frontscheibe. Werde sie wieder abmachen und anständige Wischer ans Auto machen. Heckwischer ist in Ordnung.,2
55441,Also mir persönlich gefällt die Hose nicht. Also die Qualität ist schön und sie ist an sich auch bequem jedoch ist sie mir am Bauch durch den dicken Bund zu eng .die Hose hat einen engen Gummizug der weh tut.,2
64993,"Sehen ganz schön aus, bei uns klebten sie jedoch nicht gut. Unser Kind zieht sie leicht ab, weswegen wir nun andere haben.",2
70257,Sehr gut verarbeitet und gut zu montieren,2
40450,Ja dür das geld ok ab nichts besonders gut,2
130316,"Das Produkt kam gut und sicher verpackt an und ist demnach unversehrt angekommen. Ich wollte sie mir schon seit längerer Zeit kaufen, deshalb freue ich mich schon sie ausprobieren zu können. Bis jetzt bin ich sehr zufrieden muss (als Schülerin) allerdings sagen, dass sie relativ teuer sind.",4
140316,"Akku sehr passgenau, Kapazität leicht geringer als Original: nach 2,5 Stunden Video verabschiedet er sich, im Neuzustand, sehr abrupt. Zu dem Preis allerdings akzeptabel. Wie lange er diese 2,5 Stunden hält, bleibt abzuwarten.",4
152823,"Lieferung war zügig (6 Tage, dazwischen war Wochenende). Melde mich später nach dem Einbau nochmal zwecks Aussehen und Helligkeit.",4
145059,"Das Gerät kam gut verpackt kurz nach meiner Bestellung zu Hause an. Es ist leicht zu bedienen, gut zu verstauen und lässt sich gut reinigen. Die Leistung ist gut. Für den normalen Gebrauch für 1 Glas Saft am Tag ideal. Ich bin damit voll zufrieden.",4
155550,"Macht was er machen soll, wobei ich die linke/rechte Seite etwas zu wackelig finde beim klappen. Nutze das Produkt lediglich zum T-Shirts falten, kann das Gerät guten Gewissens empfehlen.",4
140803,Schnelle Lieferung als wie angegeben. Material ist so eine Art elastischer Kunstsoff. Ansonsten für den Preis gut.,4
127016,"Ketten sind hübsch, kein richtig glänzendes Silber, aber dennoch sehr schön verarbeitet. Ösen schließen sehr gut. Lieferung war recht schnell.",4
132142,"Habe diesen Helm für meinen Shon zum Roller fahren gekauft. Laut seinen Angaben, sitzt er recht gut, hat einen guten Tragekomfort und ist vom Styl her, hat er ein ordentliches Aussehen. Würden wir wieder kaufen. Franz",4
141688,"Zeigt die wesentlichen Bestandteile der Skyline von Chicago, ansonsten läßt sich mit den Bauteilen nicht viel mehr anfangen.",4
139517,Siehe Rezession Band 1 der gleichen Saga,4
158657,Habe mir die Brille zum Radfahren gekauft. Gläser sind etwas empfindlich. Brille ist leicht und angenehm zu tragen. Ist zu empfehlen.,4
135255,hoffe wir brauchen ihn nicht,4
154480,"Sehr angenehm zu tragen, sieht schick aus, sieht nicht billig aus und die Grösse passt soweit, ich musste keine Nummer grösser bestellen. Ich würde den Artikel wieder kaufen.",4
146354,"Es funktioniert super, wie ich es mir gewünscht habe. Der einzige Makel, der auch schon oft erwähnt wurde: man kann das Kabel nicht festschrauben, aber bei mir hält es auch so tip top.",4
132425,"Schönes Produkt , hätte nur gerne kräftigerer Farbe haben können !",4
159794,"Was soll den das ? War die Frage meiner Lebensgefährtin. Später dann, WOW Geile Sache 😅 ist zwar etwas eng aber das schadet ja nicht",4
133118,"Süßes Täschchen. Brauche sie zum Fasching zu meine Ananas-Kostüm. Ist ein HINGUCKER,! Kann man im Sommer auch so tragen: Handy, Geld und Lippenstift passen rein.",4
146603,"Farbe ist nicht ganz die gleiche, und die ist nach kurzer Zeit leicht kaputt. Aber sonst fühlt sie sich gut an, und sieht schön aus",4
139054,Für den Preis mehr als in Ordnung,4
145290,"Meine Tochter liebt die Ente! Oben Wasser reingießen und die Ente lässt das Wasser durch den Schnabel raus und das Wasserrad dreht sich. Es funktioniert super! Mit einer Kanne Wasser läuft die Ente etwa 30 Sekunden, was ich eine gute Dauer finde. Der Saugnapf hält ganz gut, könnte aber besser halten. In der Beschreibung steht, dass die Ente durch 2 Saugnäpfe gehalten wird, tatsächlich ist es aber nur einer. Ein zweiter wäre nicht schlecht, weshalb ich einen Punkt abziehe.",4
121716,Gute Verarbeitung. Platz für min. 7 Karten. Leder und Nähste sehr gut verarbeitet. Scheinfach groß. Passt in jede Tasche. Leider ohne Clip obwohl das model Money Clip heißt.,4
133515,Für leichten Regen richtig gut. Schnell verstaubar kein großes an und ausziehen.,4
156390,Etwas knapp am Hals.,4
135992,"ansonsten ist die Weste gut , mit vielen Taschen, aber die Größen passen nicht.",4
124625,"Es hat ein p aar Ansätze gedauert, aber jetzt gehen sie richtig ab, d.h. Sie vermehren sich gut und das Ergebnis ist richtig lecker.",4
134031,"Die Tischdecke hat gut den Geburtstag durchgehalten. Roch bloß sehr stark nach Chemie. Kommt wahrscheinlich von dem Druck. Da wir diese mehrere Tage vor Geburtstag ausgepackt hatten, war der Geruch weg nach paar Tagen.",4
121755,Ich verarbeite diese Perlen mit anderen Elemente zum Armband.,4
124713,Der Grabber ist schnell und einfach in der Bedienung und liefert passable Ergebnisse. Ich habe ihn zur Rettung von Videos benutzt,4
141585,Alles ok - Artikel war auf 2 Packungen aufgeteilt - aber in Summe passt's.,4
143691,"Man merkt das es nicht das Original ist, aber es ist ja auch deutlich günstiger.",4
158685,"Ab vier Jahren sollte man M bestellen. Das Material läßt zu wünschen übrig. Die Maske sollte man nachjustieren und wir fanden sie am Anfang unangenehm zu tragen, doch jetzt wird sie immer wieder herausgeholt und getragen. Als Fasching-Kostüm ziemlich gut.",4
135351,"Nachdem es drei Anläufe brauchte, bis ich ihn bekommen habe und der Spiegel nicht kaputt war, dauerte es etwas. Als der Spiegelschrank da war, sah er gut aus und alles schien top. Nun muss ich dazu sagen, dass mich andere Rezensionen dazu veranlasst haben, den Spiegel erstmal zu entfernen und ordentlich drauf zu kleben, damit er nicht ab fällt. Hierbei hatte ich enorme Schwierigkeiten, da der Spiegel wohl schon so gut befestigt war, dass nichts passiert wäre. Aber sicher ist sicher. Zudem habe ich unter dem Schrank einen Winkel angebracht, damit das Gewicht nicht nur an der mit gelieferten Aufhängung hängt. Nach dem ganzen Aufwand kann ich nun sagen, der Schrank hängt endlich und sieht gut aus, so wie er ist :-) Wegen der Lieferprobleme nur 4 Sterne.",4
