127855,"toll geliefert...immer gerne wieder hoffe auch beim nächsten mal...so prombt..und genau wie immer...so verbleiben wir ,mit einem gutem Ende auch dabei....",4
152307,Die Farbe des Armbands ist sehr schön. Der Verschluss ist ein wenig gewöhnungsbedürftig. Generell stört mich dass man immer nur das Gesamtpaket bekommt und nicht nur die beiden äußeren Teile,4
120267,"Ein schönes Erlebnis für kleine Kinder. Die Augen werden groß, wenn die vielen kleinen Kugeln durch die Röhre nach unten prasseln. Leider ist die Lackierung gar nicht gut. Ich nutze den Stab in meiner Kindertagespflege und bereits nach einem Tag platzte an verschiedenen Stellen der Lack ab. Das geht mit Sicherheit auch besser!",4
130126,Schuhe sehen super aus und scheinen bequem! Ich bestelle die nochmal eine Nr. Größer!,4
156282,"Habe mir diese Panzerfolie als Ersatz geholt weil meine vorherige das Bild massiv verfälscht und körnig gemacht hatte. Diese macht das nicht, das Bild ist unverändert. Die Passgenauigkeit ist so wie sie sein sollte. Hatte auch schon die Panzerfolie für das S3 und war auch da mehr als angetan. Der Grund zum Wechsel war auch beim S3 der Gleiche. Das einzig negative ist das sie Fett anzieht, allerdings ist sie auch hier besser als andere und verfettet nicht sofort. Hatte hier schon deutlich schlechtere die nach einmaliger Benutzung eine Fettschicht angesammelt hatten. Nutze es Täglich und 1 Mal die Woche sauber wischen recht völlig. Somit 4 Sterne und Kaufempfehlung.",4
133660,"Wir haben 2 Falträder aufgrund der guten Bewertungen gekauft und sie haben unsere Erwartungen vollauf erfüllt. Einige Schrauben kontrollieren, teilweise nachziehen und los ging es. Die Sitzposition ist gut, auch für größere Personen, bin selbst 185 cm groß. Unserer ersten Test im Urlaub haben die Räder bestanden. Wenn man vergleicht was Falträder bei namhaften Herstellern kosten, kann man nicht meckern.",4
157316,"Bestell- und Liefer-Abwicklung war problemlos. Kommunikation vor, während und nach der Lieferung war gut. Somit positiver Gesamteindruck. Kann weiter empfohlen werden.",4
141204,"Passt super, wirkt hochwertig! Bin wie immer sehr begeistert mit dem Spigen Produkt!",4
153551,"Kurz: Witzige Hausschuhe mit Penis-Spitze. Eigentlich ausschließlich als Gag-Geschenk geeignet, da Einheitsgröße und der eher dürftiger Verarbeitung. Die Reaktion, als die Pantoffeln als Geschenk überreicht wurden, waren GOLD wert!! Für privat nicht zu empfehlen (außer man trägt gerne Penis-Hausschuhe) aber als Geschenk bestens geeignet (übrigens auch für Schrottwichteln ;))",4
153131,"Ich habe diese Hülle schon 2 mal bestellt. Ich finde die Farbe gut, die Verarbeitung ist auch gut. An sich eine super Hülle, da man vorne auch noch Schutz hat. Die Hülle geht über den Fingersensor und oben über die Ecken. Dazu kommt dann noch die Folie, die ich nie benutzt habe, da ich eine andere auf dem Handy hatte. Leider sind mir bei beiden Hüllen die Klick-Verbindungen abgebrochen. Ein Teil habe ich sogar verloren. Beide Hüllen haben ca. 3 Monate gehalten. Schade drum... Dennoch werde ich sie wieder bestellen, da sie mir farblich so gut gefällt.",4
141379,Geschmacklich perfekt aber für mich persönlich etwas zu mild,4
147747,"Die Shisha ist sehr gut und weiter zu empfehlen. Gute Qualität. Preis/Leistung Top! Leider fehlten bei der Shisha ein paar Teile, deswegen nur 4 Sterne. Der Verkäufer schickte jedoch schnell und problemlos die fehlenden Teile.",4
144727,Habe zum ersten Mal diesen Café bestellt und bin begeistert. Hat einen leichten Karamellgeschmack. Nachteil - der Preis.,4
136619,"Ich habe das jetzt schon eine Weile gekauft und es hat keine Probleme. Es ist gut, ich bin froh, dass ich es gekauft habe. Ich benutze es, um zwischen meinen Computern hin und her zu wechseln. Ich habe eine drahtlose Tastatur / Maus-Kombination in einem Steckplatz und einem anderen Drucker. Diese Einstellung ist gut und es gibt kein Problem.",4
140855,"Produkt ist gut, aber trotz Prime und garantiertem Lieferdatum ist die Ware erst einen Tag danach geliefert worden. Kommt in letzter mit DHL öfter vor! Daher nur 4 Sterne.",4
128778,"An sich ein toller Regenschutz und passgenau zu unserem Bollerwagen. Er macht das ganze super gemütlich, muss nur erst einmal eine Weile auslüften. Leider ist uns direkt beim verschließen der Reissverschlüsse eine Naht gerissen - Fuxtec hat sich jedoch in der Kommunikation viel Mühe gegeben und uns einen Preisnachlass bzw. die Rücksendung angeboten. Ging daher retour; wir werden ihm aber, sobald wieder verfügbar, neu bestellen.",4
128391,Klappt Einwandfrei. Leicht zu bedienen. Einziges Manko der Deckel wo die Batterie sitzt geht schnell ab. Aber so von preisleistung super,4
148765,Habe mir etwas mehr erhofft für das Geld. Sie ist ja schön gestaltet und verarbeitet. Das Motiv ist schön und passt gut zu dem Anlass.Aber ehrlich gesagt finde ich 7€ dafür zu teuer. Ein Fehler habe ich gemacht. Habe nicht auf die Grösse geschaut. Sie ist sehr klein.,4
150547,Preis-/ Leistung...na ja. Ich wollte aber einen kleinen Wecker der mir im Schlafzimmer die Zeit anzeigt und nicht den halben Raum erleuchtet. Insgesamt bin ich zufrieden und würde ihn mir wieder kaufen.,4
124668,"Lieferung war schnell.... Tut was er verspricht. Sicher gibt es noch bessere aber für den Preis absolut ok. Hochwertig verarbeitet. Massiert, wärmt mit Abschaltautomatik.",4
137341,"Im Großen und ganzen ok, die Sachen sind zu klein viel zu klein",4
137402,Tut was es soll. Nicht mehr nicht weniger. Preis/Leistung is auf jeden Fall ok.,4
155376,"Toller Teppich, die Tiere kommen toll raus. Hatte mir die Farben etwas intensiver vorgestellt. Es ist empfehlenswert wegen dem Geruch den Teppich 1-2 Wochen vor Einsatz zu bestellen. Würde diesen aber auf jeden Fall wieder kaufen",4
120130,"Sieht sehr schön aus,Lieferung erfolgte superschnell.Danke",4
131492,"In die Tasche passt mein iPad mit dünnem Smartcover-Case, aber auch das iPad mitsamt Logitech Smart Keyboard Slim Combo. Dazu muss man anfangs ein bisschen Quetschen und den Stift habe ich dann in einem separaten Täschchen, das ich um das Adore June Case spanne, aber es passt wunderbar hinein. Ansonsten hält der Stift sehr gut und die Kappe geht auch nicht verloren. Insgesamt sehr zu empfehlen, wenn man eine Soft-Hülle sucht. Der Preis könnte angesichts der Konkurrenz etwas geringer sein.",4
159639,Kleidergröße hat gepasst. Jedoch das Körbchen ist zu klein. Deshalb kann ich es nicht tragen. Sonst wäre es sehr schön gewesen.,4
138131,Super Klingel für das Geld,4
131197,Schönes Malbuch. Allerdings sehr detaillierte Bilder und für meine Tochter (4) nicht einfach auszumalen.,4
120335,"Ein Film den man gucken kann, aber auch nicht unbedingt muss. Mir persönlich hat er gefallen. Im Angebot gekauft und für das Geld war es völlig ok.",4
129935,"Das Produkt ist etwas instabil, aber sehr empfehlenswert. Die Klammern halten die Klamotten realtiv gut und man kann mehrere Sachen übereinander hängen. Platzersparnis ist total super. Würde es nochmal kaufen!",4
136014,"Qualität, schnell war sie da und macht richtig Spaß",4
123297,Ich habe mir den Roboter auf Empfehlung eines Freundes angeschafft. Er ist jetzt schon einige Zeit in Einsatz und verrichtet seine Arbeit sehr gut. Durch die Möglichkeit der Appverbindung eine super Sache um ab und an mal den Roboter zu beobachten. Mit normalem Hausstaub und Haare kommt er gut zurecht. Bei Blättern von Zimmerpflanzen blockiert er dann doch gerne und gibt eine Fehlermeldung. Im großen und ganzen macht er einen guten Eindruck und ich würde ihn wieder kaufen.,4
155661,guter Ton für kleine Flachbildschirme und kleine Räume,4
125507,"Okay Leicht, glatt und stabil - Wolle ruscht gut beim stricken",4
138976,Das Produkt kam schnell und zügig an. Gut verpackt. Habe mich für Vanilleduft Paket entscheiden. Viele Duftöle sind aufdringlich und riechen sehr stark. Dieses Set riecht für mich in Ordnung Mandarine und Waldfrüchte hätten besser sein können. Riechen frisch. Wer dezent mag ist mit dieses Set richtig,4
140632,"Meine onboard Sound Karte ist so schlecht dass die Mikro Aufnahme extrem schlecht und leise aufnimmt. Schlecht weil es ein Rauschen gab und leise weil man das Mikro in den Mund nehmen musste um irgendwas bisschen zu hören. Mit dieser Soundkarte läuft es super. Kein Rauschen und das Mikro ""hört"" auch alles super, obwohl es kein Headset Mikro ist. Eins was zu bemängeln wäre ist tatsächlich dass der USB Stecker nicht fest sitzt aber OK.. stört mich nicht weil es die Funktion nicht beeinflusst. In einer USB Verlängerung sitzt der besser weil dort die Buchse enger ist. Also wenn es jmd. stört dann so. Wäre natürlich cool wenn so etwas mitgeliefert wäre um auch nicht gleich 2 USB Ports am Rechner zu blockieren. Daher 4 von 5.",4
147442,"Der Stecker erfüllt absolut seinen Zweck. Preis-Leistung ist völlig in Ordnung. Wer gern in den USA Urlaub macht, ist mit diesem Stecker recht gut beraten.",4
130874,"Einfacher aber qualitativer guter Trolley, rollt gut und stabil. Mal sehen wie lange der Reißverschluss zuverlässig funktioniert. Erwartungen bisher erfüllt und die 1. Reise gut gemeistert.",4
139913,"Alles bestens, hab meistens Stufe 1 laufen, ab Stufe 2 wirds dann schon deutlich lauter, natürlich mit mehr Gebläse, insgesamt gibt es ja 6 Stufen, die hab ich aber noch nicht getestet. Der Nachtmodus funktioniert nicht richtig, das hab ich aber schon vorher in den Bewertungen gelesen, dennoch hätte ich mir gewünscht, dass auch der Hersteller dies liest und entsprechend handelt, ist aber scheinbar nix passiert. Ich bin zufrieden, und hoffe dass das Gerät auch die nächsten Jahre seinen Dienst erfüllt, im Gegensatz zu dem Modell dass ich vorher hatte (im 3. Sommer einfach nicht mehr angesprungen).",4
126197,stört überhaupt nicht unter der Kleidung und mann fühlt sich gut eingepackt auch über Stunden ein angenehmes Tragegefühl. Besten dank,4
141460,Die Hülle passt perfekt an das s9 wackelt nicht und hat kein Spiel. Von der Folie war ich anfangs erst enttäuscht da sie das schreiben nur mit kräftigem drücken ging. Habe nun im Menü des Handys gewählt Empfindlichkeit erhöhen jetzt sie top,4
151287,"Meine Kleine (13 Monate)Schafft es das alle Bändchen und somit die Umrandung nach unten rutscht aber für den Zweck das der Kopf am Gitterbett nicht gestoßen wird,erfüllt es seinen Zweck!",4
144299,"Die Decke ist wie auf dem Bild und wie in der Beschreibung. Nachteil ist das der klettverschluss sich beim aufmachen gelöst hat, lässt sich aber wider dran kleben oder nähen",4
152763,Ich hatte mir ein Handtuch bestellt und mein Sohn war so begeistert das wir ihm auch eins bestellt haben. Sehr schönes Handtuch,4
148564,"Da ich derzeit meine Rezeptsammlung erweitere, Suche ich regelmäßig nach tollen Büchern mit leckeren Rezepten. Diese sind einfach und lecker.",4
122279,"Für den Preis absolut in Ordnung, benutze das jetzt schon seit über einem Jahr, funktioniert immer noch top",4
133981,"An sich ein schöner Grinder, der auch gut verarbeitet worden ist. Manko weswegen er zurückgeht: Leider sind meiner Meinung nach die Löcher viel zu groß.",4
140536,"Die Havaianas sehen aus wie auf dem Foto und passen gut. Sie sitzen bei mir aber etwas locker, da sind etwas zu weit geschnitten sind. Ich habe normalerweise Schuhgröße 39/40. Wie in der Produktbeschreibung beschrieben werden die Havaianas in brasilianischer Größe 39/40 geliefert und passen mir deswegen perfekt. Eins lässt sich bezüglich der Größenwahl aber noch sagen. Man sollte sich nicht an der EU-Größe orientieren, sondern an der brasilianischen.",4
120299,"Der Artikel ist wie beschrieben handlich und kompakt. Habe es gleich getestet,ist dicht und funktioniert so wie es sein soll.",4
120440,"Strumpfhose ist etwas klein, musste sehr viel ziehen damit sie passte. Bei einer Größe über 1,70 m, denke ich wird es schwierig.",4
136634,Nostalgie pur aber Speicher ein Witz,4
138637,"Genau wie ich erwartet hatte ist super für sein Preis,Verarbeitung ist gut . Er macht was er soll toasten für schmales Geld .",4
155686,"Das Kissen tut was es soll, es gibt halt. Die Füllung ist fest genug um einen stabilen Sitz zu ermöglichen ohne zu hart zu sein.",4
130060,Schnelle Lieferung. Gutes Preis-Leistungsverhältnis. Haltbarkeit muss sich im Laufe der Zeit noch zeigen.,4
154537,Machen eine soliden Eindruck. Ich finde sie gut geeignet für Anfänger oder Fortgeschrittene die es nicht so heftig mögen an den Nippeln. Man kann die Klemmen in ihrer Intensität einstellen. Mir sind sie ein bisschen zu lasch.,4
158117,"Verbaut in einem VW Lupo Lieferung👍, Verpackung 👍, Es sieht nicht billig aus riecht nicht passt gut, sieht schön aus und ist griffig . Ich kann es empfehlen.",4
130784,"Für den Preis ist es top, leicht sieht gut aus und erfüllt seinen Zweck, Messer und Kabel funktionieren fast wie richtiges Besteck, man muss eben bedenken es ist Plastik. Aber fürs Camping optimal.",4
143442,"Sehr stabil. Wäre ideal beim Fliegen. Durch das hohe Eigengewicht kann nur wenig mit genommen werden, außer man zahlt Übergepäck (bis 25,00€ je kg)",4
124522,"Einige Haken haben etwas harte Kanten,sie erfüllen aber ihren Zweck und ich kann sie weiterempfehlen. Sind preiswert und stabil.",4
158467,"Ich habe ein Pumpe gebraucht, da ich regelmässig eine große Luftmatratze aufpumpen muss. Durch die Pumpe spare ich viel Zeit und es ist viel einfacher mit dem passenden Aufsatz. Ich kann es jedem empfehlen, der viele Sachen aufpumpen muss.",4
151715,"Tolle Starbesetzung, sehr unterhaltsam und auch spannend. Allerdings einen Punkt Abzug, da manche Details nicht so authentisch rübergebracht werden sowie eine Szene den Anschein hat, kleine Änderung im Drehbuch nicht ins letzte Detail umgeschrieben zu haben.",4
125100,"Ich nehme diese Tabletten jetzt schon seit knapp 2 Monaten. Habe öfter Kopfschmerzen. Kann aber nicht 100%ig sagen, ob es nun an den Tabletten liegt oder sonstiges. Sprich Wetter, Stress oder Erkältung. Ware kam super verpackt an und die Tabletten passen auch super durch den Schlitz",4
140771,Die Vorlage sollte größer sein war echt schwierig es zu definieren und dann zusammen zu kleben,4
155054,"Also optisch echt sehr hübsch und auch wertig,aber die Lautstärke ist schon enorm für so einen kleinen Lüfter.Schlafen könnte ich damit wohl eher nicht.Aber die Brise ist trotzdem ok .Entsprechend eines kleinen Tischventilators würde ich sagen .Deshalb die 4 Sterne.",4
6468,"Leider sind die Noten nicht nutzbar, da die unübliche Stimmung verwendet wird. Der Theorieteil fällt eher knapp aus. Das Buch werde ich wieder zurück senden.",1
14064,"Habe es im Kindle eingegeben, aber da kam kein Treffer. Der Titel kam mir gleich unbekannt vor. Sicher liegt hier ein irrtum vor.",1
20862,Figuren sind unvollständig und falsch bemalt. Das Gesicht ist teilweise gar nicht oder falsch bemalt.,1
35994,"Das Buch ist eine reine Zumutung und verdient nicht wirklich diesen Namen. Es ist voller Rechtschreibfehler, die das Verstehen sehr erschweren. Es scheint als sei es automatisiert aus einer anderen Sprache übersetzt. Druck und Layout sind billig und lieblos. Wie ein Worddokument. Zum Inhalt. Sicherlich sind einige hilfreiche Tipps und Sprachbefehle enthalten. Aber aufgrund der etlichen Rechtschreibfehler weiss man nie, ob die Bezeichnungen alle korrekt sind. Ein sehr anstrengendes Buch. Ich kann die ganzen positiven Bewertungen nicht nachvollziehen.",1
27746,"Das Handy sieht super aus und ist auch in der Anwendung logisch aufgebaut. Nach 6 Wochen ließ sich das Akku nicht mehr aufladen. Direkt nach der angebotenen Rückgabefrist ging es nicht mehr. Daraufhin habe ich Kontakt mit dem Verkäufer aufgenommen, der mir dann zusicherte, wenn ich 5 Sterne bewerte, dass er dann erstattet. Dies hat er auch. Dafür gibts den einen Stern von mir.",1
37654,"ich hab die Folie jetz 1 Woche drauf, und hatte schon am 2. Tag zwei Becker am Rand wo die Folie zersprungen ist.. nun nach einer Woche sieht die Folie Bescheiden aus... das einzig gute ist, das es sich um 6 Stk handelt... im nachhinein logisch, was will man für 6 Stk. Folien für 7€ erwarten? Schade, das nächste mal kaufe ich mir wieder eine bessere Folie - die letzte hielt über ein Jahr..",1
15250,"Richtiger Müll und eine Frechheit sondergleichen dieses Ding zu verkaufen, Finger weg",1
18387,der Schuh ist zu klein und die Sohle und an der Seite zu hart. Ist schon beim anziehen unangenehm,1
28565,Nicht empfehlenswert. Bin das 1 mal ins Rote Meer gesprungen mit der Maske. Dicht war sie. Nach dem dann die erste Welle kam hat die Maske beide Richtungen der Atemwege versperrt. Für n Pool ok für das Meer ungeeignet.,1
29449,"Ich habe mir diese Klatsche gekauft, weil ich die Fliegen meist am Fenster erwische und dann die Scheiben verschmiert sind. Von einer elektrischen Klatsche erwarte ich eine rasche und saubere Tötung des lästigen Insekts. Aber: Das Ding macht zwar einen riesen Knall, so dass man meinen könnte, eine Kuh damit töten zu können. Merkwürdiger Weise fliegen die Insekten jedoch weiter. Das kann nicht Sinn der Sache sein. Ich habe daraufhin die Fliegenklatsche nochmals aufgeladen, in der Meinung, dass der Akku vielleicht nicht ganz voll gewesen sei. Aber auch nach nochmaligem Aufladen kann ich mit diesem Ding die Fliegen nicht töten. Es knallt zwar, aber sie fliegen einfach weiter. Möglicherweise würden sie nach einiger Zeit sterben, keine Ahnung. Ich hab jedenfalls dann die gute alte Fliegenklatsche genommen und die Sache war rasch erledigt. Eigentlich will ich auch nicht, dass die Tiere eventuell eine ganze Weile leiden müssen, ehe sie sterben, auch wenn es ""nur"" lästige Fliegen sind. Also: return to sender!",1
32921,"Wahnsinnig ölig! Nicht Für Gesicht geeignet. Sehr guter Duft, aber danach hat man eher das Gefühl voller Öl zu sein. Eher unangenehm. Schade.",1
33703,"Anfangs könnte man die handpratzen noch sehr gut zum Trainieren benutzen aber nach 3 Trainingseinheiten sind die Nähte und Faden aufgegangen,das Füllmaterial ist kein gutes. Ich kann diese Pratzen eher schwächere Kinder empfehlen die mit dem Boxen anfangen",1
17740,"Unterteil passt nicht mit Oberteil zusammen, deshalb auf den Schrott. Keine Befestigung? Verbleibende Löcher bleiben sichtbar. Verbindungsteile auf einer Seite sichtbar, auf der anderen Seite nicht. Schlampig gebohrte Bohrungen lassen keinen sauberen Zusammenbau zu. Billige Umleimer. Wenn IKEA sowas liefern würde, wären die heute Pleite. Fazit: Nie mehr.",1
32096,Nie nie wieder!!!!! Das geht zurück :-( sowas traut man sich nicht als Geschenk für Einschulung anzubieten,1
33990,"Blinker sind durch geschmort, warum ?",1
2880,"Bei der Bestellung von 3 Kopfhörern: Die Auflagen für die Ohren gehen sehr leicht ab (wenn sie nicht am Kopf anliegen) und bei einem ist eine Halterung der Auflage abgebrochen und scheppert im Gehäuse. Der Klang wäre OK, aber in Summe nicht verwendbar.",1
34605,Lt. Beschreibung sollte ein Sat Receiver verbaut sein. War leider nicht drin. Verkäufer bietet trotzdem keinen Preisnachlass an. Da es ein Geschenk war habe ich eine Rückgabe ausgeschlossen.,1
18357,Ware im Februar gekauft bis heute nicht angekommen und auch keine Reaktion,1
36068,"Leider defekt, ging zurück. Wir hatten keine Freude daran. Funktionierte nicht und wurde gleich wieder zurück gesendet. War sehr schade.",1
4829,"schlechte Qualität zu hart , zu sauer , zu trocken , nicht gut",1
39208,Teile fehlten. Zusammenbau war nicht möglich. Ventilator wirkte gebraucht. Hersteller Klarstein war schwer zu erreichen.,1
18947,"Ende Juni bestellt und im Dezember sieht die Beschichtung bereit so aus (s. Foto)... Ich habe Zuhause einige Tefalpfannen, aber so eine schlechte Qualität hatte ich noch nie bekommen.",1
36291,Absolut schlecht und extrem billig,1
19947,Leider nicht geliefert worden im angegebenen Zeitraum,1
543,"Leider wurde der Schuh, nachdem ich ihn ein paar Mal getragen habe, undicht. Seitdem habe ich jedes Mal, wenn es regnet, nasse Füße. Blöd, weil die Schuhe für die kalten Jahreszeiten gekauft wurden, in denen es halt auch mal regnet. Geld, das ich besser in einen anderen Schuh investiert hätte. Schade!",1
4108,"Das Paket kam schnell bei uns an. Allerdings äußerst beschädigt und ohne Umverpackung. Es war schon zu diesem Zeitpunkt ersichtlich, dass das Produkt nicht zum ersten Mal verschickt wurde. Beim auspacken klebten Teile des Produktes an der Verpackungsfolie. Überall war geschmolzener Zucker am Gerät! Es ging sofort zurück! Aber auch der Rückversand musste erst beim Verkäufer beantragt werden und das Etikett für die Rücksendung ist zu unserem Erstaunen nicht bezahlt. (Also ohne Strichcode.) Falls das Gerät vom Verkäufer nicht per Post angenommen wird, werde ich den Verkäufer bei Amazon melden. Ein solches Produkt in so einem Zustand zu erhalten, ist eine absolute Unverschämtheit!",1
2740,"!!! Achtung !!! Finger Weg ! Am Anfang wird eine Meldung erscheinen, dass es sich um kein Originalteile handelt ( ist ja klar ). Danach muss man das Handy Neustarten, danach geht es. Beim 3 Gebrauch funktioniert schon das laden und Kopfhörer nicht mehr gleichzeitig! Laden geht aber Kopfhörer verlieren ständig die Verbindung und der Ton wird dennoch übers Handy angespielt. Teil hat auch oft Wackelkontakt !!! Wer das Geld in Sand setzen möchte, die können zugreifen :)",1
16742,"Ich habe das Panzerglas für mein Samsung galaxy S8 gekauft. Nachdem ich bereits schlechte Erfahrungen mit einem Panzerglas für das S8 gemacht habe, das plötzlich nicht mehr klebte, habe ich meine Hoffnung nun in dieses Panzerglas gelegt....und wurde arg enttäuscht. Auf den ersten Blick sehen die Panzergläser gut verarbeitet aus, was mir jedoch sofort ins Auge fiel war der nur dünne Kleberand an den Seiten, wie auch schon beim Vorgänger einer anderen Marke. Ich habe das Panzerglas also angebracht und vorsichtig festgedrückt und schon nach etwa 5 Sekunden lösten sich die Ecken vom Display, später auch Teile der Kanten. Ich habe den Schutz immer wieder festgedrückt, er wollte aber dennoch nicht halten. Beim Anlegen einer Silikonhülle hat es sich dann vollständig gelöst. Sehr enttäuschend!!😠",1
31332,"Achtung! Die Pumpe ist relativ schwach und eignet sich ggf. Für Luftmatratzen, Schwimmtiere etc.. unser Paddelboot jedenfalls hat sie nicht aufpumpen können, da die Pumpe irgendwann nicht mehr gegen den Innendruck des Bootes ankam.",1
35172,Hat gerade mal ein Jahr gebrannt. Unsere erste Glühlampe im Kühlschrank brannte 6 Jahre.,1
36402,Produckt heute erhalten und kann leider nur von abraten dies zu kaufen für denn Preis seher enteuscht schlechte Verarbeitung hatte besseres erwarten bin sehr enteuscht würde lieber nicht mal einen Stern geben,1
26723,Es ging bei mir nun schon zweimal nach kurzer Zeit kaputt. Kann jemand eine gute Alternative empfehlen?,1
26,sie toll aus wenn man es benutzt aber kommt Wasch Strasse oder Regen aus und vorbei mit den verschwunden Kratzern.,1
8401,Kein original Pandora Anhänger. Nach dem mein Anhänger zerbrochen ist wollte ich ihn mir im pandora store ersetzen lassen. Und dort wurde mir gesagt das es sich um eine Fälschung handelt. Nie wieder... Dann bleibe ich lieber meinem Store treu und weiß was ich hab.,1
30436,Wenn ich könnte würde ich gar keinen Stern geben!!! So eine Frechheit!!!! Kann man doch keinem anbieten!!!,1
15168,"Die Hälfte ist bereits zerkratzt vor dem Auspacken, 2 Bilder für Vorder und Rückseite passen nicht rein. Geht schwer zu schließen und sicher ob es hält bin ich mir auch nicht. Zudem muss man die Öffnung pfeilen, da sie sonst nicht zu gehen weil immer Plaste absteht. Würde es nicht weiterempfehlen",1
25405,"So weit okay, allerdings mag man sie nach zwei mal waschen nicht mehr tragen, da der Stoff sich dann aufreibt. Nähte halten auch nicht.",1
31839,"Leider die Verpackung war nicht wie in Amazon dargestellt. Ob es über originale Akku handelt, bin ich nicht sicher",1
37419,Das Sportarmband kam leider nie an. Auf mehrmalige Kontaktversuche reagierte der Verkäufer nicht. Geld habe ich auch nicht zurückbekommen.,1
13665,"Die Sektgläser sowie die Gravur verdienen 5 Sterne,aber die versproche Lieferzeit wurde nicht eingehalten...",1
38631,Waschmittel ist nicht wie erwartet...Wäsche wird nicht sauber und richt gleich null...bin sehr enttäuscht,1
12671,"ACHTUNG: Diese Firma hat sich von Amazon abgemeldet! Ich habe meinen Siegelstempel NICHT MEHR erhalten aber immer Emails vom Hersteller, ich solle das Logo ihnen per Computer und nicht per Smartphone zusenden. Da aber alles über Amazon geht, die Firma aber sich von Amazon abgemeldet hat, werden aber auch die Emails und somit eure Daten nicht an die Firma übermittelt. Es wäre von Amazon fair diesen Artikel zu löschen - wenn die Firma auch nicht mehr mit Amazon zusammenarbeitet! Gutschrift zwar erhalten aber das Geld ist seit über einer Woche nicht auf meinem Konto zurück überweisen worden. NICHT EMPFEHLENSWERT!!!",1
27630,"Fahne bis heute nicht erhalten, keine Rückmeldung vom Verkäufer. Fahne Anfang Juni bestellt und keine Ware eingetroffen. Bin gespannt, ob Ware auf Grund der Bewertung noch eintrifft.",1
10922,Habe mir diese Handschuhe gekauft weil ich mir gedacht habe sie halten die Hitze eines Grills aus. Tja falsch gedacht...... Hab sie am Wochenende benutzt und sie schauen aus als hätte ich sie schon 2-3 Monate in Verwendung. Es wurde damit nur die Form mit den Spare Ribs vom Grill in die Küche getragen und die Spieße am Grill gewendet. Die Hitze geht sehr schnell durch den Handschuh. Hatte nachdem ich die Spare Ribs in die Küche getragen habe (vom Balkon in die Wohnung) rote finger weil die Hitze so durch den Handschuh ging. Beim wenden der Spieße (6 Stück) musste ich kurz mal aufhören weil es mir zu heiß wurde. Selbst meine IKEA Topflappen halten mehr Hitze aus als diese Handschuhe......... Anbei das Foto nachdem ich fertig war mit dem Grillen.,1
4135,Seit dem letzten Update funktioniert das Koppeln über bluetooth nicht mehr bzw. geht schon aber nur: zurückstellen auf Werkeinstellung danach geht das koppeln und nach dem aus/einschalten nicht mehr möglich !!!! Vorher war es schon sehr umständlich und nun totaler Schrott.,1
1005,"Schon bei der ersten testweisen Nutzung ist das Produkt in seine Bestandteile zerfallen. Die Verpackung in der das Produkt angeliefert wurde, war für eine Rücksendung nicht zu gebrauchen, besonders wenn das Produkt in seine Einzelteile zerfällt. Die ganzen Mühen für die Rücksendung wollte ich mir auch nicht zumuten, solche Kleinteile werde ich in Zukunft ausschließlich im stationären Handel einkaufen.",1
28178,Funktioniert nach zwei Wochen nur noch einseitig,1
6973,Habe ein Teil mit einer Macke/Defekt bekommen. Habe auch ein Bild zugefügt bis jetzt keine Antwort bekommen.,1
11121,Der Laser ist ausgefallen Ware nicht gut. schade,1
15716,"Die Haube machte auf den ersten Blick einen soliden Eindruck. Passt auch genau. Leider hat sie nach wenigen Wochen Nutzung die komplette schwarze Farbe verloren. Es sieht einfach nur noch grau und schmutzig aus. Für ein Produkt welches für den Außenbereich gemacht ist, erwarte ich etwas mehr Farbechtheit. Mal sehen was der Hersteller sagt? Auf dem 2, Foto sieht man die Originalfarbe von der Rückseite!",1
3889,Wie soll ich was bewerten wenn ich das noch nicht mal bei mir habe oder wenn es mal geliefert wird ich warte schon seit 6 tagen drauf bis meine Ware ankommt,1
12858,"Die LED Lampfe funktioniert nicht , wird zurück geschickt",1
21575,"Nette Idee, jedoch nach dem Schärfen große Scharten im Messer. Nicht zu gebrauchen.",1
36406,"Die Pfanne ist Schrott, schon nach dem einbrennen total verzogen, hab mehrere Eisenpfannen im Einsatz doch so hat sich noch keine verzogen, würde mir die Pfanne nicht mehr kaufen.",1
11846,"Viel Gerede um nichts. Teils verwirrend. Musste öfters nachlesen um den Faden wieder aufzunehmen. Handelnde Figuren langweilig, man merkt,dass die Autorin versucht originell zu sein.",1
20919,Das einzig Positive an diesem Produkt ist der angenehme Geruch. Leider bräunt es kaum und verursacht Hautunreinheiten da es die Poren verstopft. Sehr schade für den Preis.,1
7807,Die Lieferant hat falsche Produkt zu mir geschickt deswegen keine Bewertung kann ich gehen,1
1963,Wer Probleme mit dem Schnarchen hat kennt das sicher. Man sucht permanent Mittel die helfen könnten. Dieses Produkt ist aus meiner Sicht ein Reinfall. Ich Zweifel ob die andere Bewertungen korrekt sind. Daher heißt es weiter suchen.... da dieses Produkt leider nicht geholfen hat,1
8068,Lieferung ist bis jetzt immer noch nicht angekommen. 3 Wochen nach ablaufdatum. So etwas nervt. Ich bestelle dort nicht mehr,1
13805,"trotz gutem Reiseführer nur bedingt durch fehlende Aktualität. Wollten die öffentlichen Verkehrsmittel nutzen, aber die Linien laut Plan gab es nicht mehr oder fuhren eine andere Route",1
18976,Ware ist leider nie angekommen hätte gerne eine Rückerstattung,1
27257,"Die Tasche hat sich oben gleich aufgetrennt, so dass sie neu vernäht werden musste. Poor quality",1
11104,Absoluter Schrott. Schließmechanismus öffnet und schließt nach dem ersten klingen wechsel bereits nichtmehr. Wie in anderen bewertungen zu lesen kein einzelfall sondern einfach schlechte qualität. Auf keinen fall kaufen,1
29635,"Nach dem Öffnen des Deckels roch es ranzig und alt. War eine Monat vor Ablauf des MDH. So eine Info gehört in die Artikelbeschreibung. In der Regel kostet dieses Produkt 9,90 € ... Daher auch wohl der günstige Preis",1
83787,Die sprach Steuerung ist manchmal nicht so gut. Ansonsten ganz ok für ein Roboter dieser Preisklasse.,3
107394,"Nee, das war nix. 1 IKEA Schrank und dann war Schluss. Akku ist sehr schlecht",3
119023,Nichts zu meckern aber auch nix besonderes...,3
115646,"Die Ware kam gut verpackt an, alles war gut erklärt und die Montage war, sofern man das schon mal gemacht hat, nicht weiter schwer. Man musste nur sehr genau aufpassen dass man genau in der Mitte war. Leider ist die Folie ein wenig zu schmal. Ich finde die könnte durchaus 1-2mm breiter sein, dass sie auch ein wenig über den beleuchteten Teil des Bildschirms übersteht. Als ich die Folie montiert hatte, fiel mir auf dass die Fingerabdrücke bzw Wischer doch leicht zu sehen sind. Ich hatte mir das eigentlich anders erhofft. Bei älteren Smartphones die ich besessen habe, hab ich andere Folien genutzt bei denen überhaupt keine Fingerabdrücke zu sehen waren. Nach ca 1 Stunde hob sich in einer Ecke die Folie an, man sah dass Luft darunter geraten war, ich fand keine Möglichkeit dass die Folie wieder direkt ans Display ging. Somit wollte ich die Folie wieder abziehen und erneut montieren, mit der Hoffnung dass sie danach wieder komplett aufliegen würde. Beim Abziehen brach dann die Folie wie eine Glasscheibe. Nun gut, eine schon kaputt. Die zweite genommen, die passt bis jetzt perfekt. Mal sehen wie sich das auf längere Zeit entwickelt. Bin nicht ganz zufrieden jedenfalls.",3
115171,"Produkt kam sehr schnell an, aber leider ist die Dose zerkratzt- eher unschön zum verschenken",3
104384,"Sitzt ganz gut und hält auch, allerdings steht sie offenbar so auf Spannung dass sie auch ohne Sturz, durch etwas Druck (zb Handy in der vorderen Hosentasche, man setzt sich) schnell einreißt.",3
95389,Also die Montage war nicht so einfach und es waren leider 2 Plastik Teile kaputt. Und ich hätte gerne Ersatz bitte melden sie sich doch bitte bei mir. Danke Wilfried Becker,3
105667,Tolle Schauspieler Story.... Naja...,3
108393,"Aussehen gut, Handling ok, Sound eher so lala. Würde ich nicht empfehlen. Habe derzeit Canbor im Einsatz, zu 300% besserer Sound.",3
107849,Balken die auf der Wand kleben fallen ab und zu herunter. Bisschen mit Kleber nachhelfen. Ansonsten top! Funktioniert seit fast 3 Jahren.,3
101944,"Der Aufbau dieses Unterschranks ist alleine und ohne Akkuschrauber oder viel Kraft eine Tortur. Man muss Schrauben unmittelbar neben den Füßen oder aber Wandplatten reindrehen, wo absolut kein Platz für die Hand ist, was das Drehen und den Kraftaufbau erschwert. Davon abgesehen scheint der Unterschrank recht stabil und zweckmäßig. Er war gut verpackt und kam unbeschädigt an.",3
118027,"ich würde mit wünschen,dass die Dinger stabiler und länger sind.Die Autos werden nicht wirklich auf Abstand gehalten.Es müsste richtig eine Spitze sichtbar sein,die einen Kratzer im PKW verursachen könnte .",3
91302,"bei der 3. Lieferung war alles in Ordnung und funktioniert. Die Reklamationen wurden schnell und problemlos bearbeitet. Die Programmierung ist nicht ganz einfach, da alles nur mit einem Knopf gemacht wird. Was man erst messen muss (keine Erklärung), hier handelt es sich um einen potentialfreien Wechsler. Die eingezeichnete Brücke muss von außen gemacht werden, wenn man Lampen(Last) schalten will. Es sind auch keine größeren Leistungen schaltbar, da würden schon die Leitungen nicht ins Gehäuse passen. Chinesische Leichtbauweise, erfüllt aber seinen Zweck.",3
117890,Wir haben 3 davon gekauft und alle laufen aus der Luftzufuhr Reglung. Hat jemand eine Idee warum?,3
111706,Die Shisha kam sehr schnell und ist auch vom Material sehr hochwertig! Allerdings und das ist sehr schade wurde mir das Paket ohne Schlauchanschlüsse und Totenkopf geschickt.... Mal sehen ob ich die Teile noch nachgesendet bekomme. Bericht folgt... Nachtrag Teile wären laut Kundenservice nicht mehr auf Lager.. Musste deshalb leider die Shisha zurück schicken....,3
81044,Kam sehr schnell an und war auch nichts beschädigt. Leider habe ich davon einen Ausschlag bekommen.,3
114311,Ich hab schon ein besseres Buch zum Thema gelesen. Hab hier keine neuen Ideen gefunden. Der Autor hätte ins Lektorat investieren sollen. Mich nerven Grammatikfehler. Fazit: Billigprodukt/ Kopie,3
112078,Billig verarbeitet aber reicht aus um die Puppe zu Baden.,3
89969,"Akkuleistung 15 Minuten, Akkuwechsel nervt - kleines Schräubchen muß gelöst werden, ist echt ein gefriemel",3
81532,"Treiberinstallation usw. gut, Gerät bzw. Trafo brummt etwas. Leider schaltet er nach Einschalten oder beim Umschalten zwischen Kopfhörer und Cinch immer auf maximal Pegel. Das macht eine Verwendung als Vorstufe für Aktiv- Lautsprecher fast unmöglich bzw. gefährlich (für die Lautsprecher und die Kopfhörer). Ich überlege noch eine Rücksendung.",3
109392,"die Qualität ist gut, jedoch etwas klein für M der amazone fahrer gab es bei den nachbarn ab owohl ich ihn die tür auf machte das ist DHL verhalten :(",3
98485,Wie abgebildet. Allerdings sehr grob und wenig geschmeidig.,3
106294,"Ich lerne italienisch seit längerem schon immer nach und nach, bisher mit reinem Vokabel Training. Trotz dessen war es mir unmöglich direkt mit diesem audio Trainer alleine zu lernen, ich stieß hier schnell an meine Grenzen. Ich habe versucht auf dem weg zur Arbeit den Kurs durch zu ackern, habe aber relativ schnell überhaupt gar nichts mehr verstanden. Bei einem Blick ins Buch wird dann wieder alles klarer und die Vokabeln werden übersetzt, so daß man dann alles versteht, aber nach für dieses Prinzip habe ich bereits eine große box mit Lehrbuch, Arbeitsbuch und CD Begleitung, diese Kombination würde ich auch in Verbindung mit der pons Vokabelbox eher empfehlen. Dieser audio sprachkurs eignet sich gut als Ergänzung, ist aber eigentlich nicht notwendig wenn man die von mir erwähnten Materialien hat.",3
96606,läuft leider nur wenn die Sonne direkt drauf scheint ist ein kleines Blatt was auch nur 1/4 verdeckt läuft sie leider nicht,3
113144,Super Produkt. Muss aber leider sagen das 1 von 2 Dosen nicht funktioniert haben. Schade....,3
110686,"Etwas enttäuschend, aber kann man sich schonmal anschauen",3
105691,Leider nicht für shellac Nägel geeignet,3
85307,Passt bei meiner Freundin auf keinen Finger,3
107112,"Auf dem Bild sieht es aus, als hätte die Hose mehr Bein und das war es , was ich eigentlich wollte....sonst ist die Hose wahrscheinlich ok. Ich schicke sie zu dem Preis nicht zurück.",3
95572,"Alles in allem sehr einfache Ausführung, für den Preis aber i.O. Trockenzeit mit diesen 1000 Watt nicht, wie erwartet, erheblich kürzer, als mit meiner 600 Watt-Haube. Liegt wohl daran, dass die Haube sehr dünn ist und ständig verrutscht.",3
101463,"Bin von villeroy und boch etwas anderes gewohnt. Hier handelt es sich wohl um 2. Wahl, obwohl es nicht so deklariert ist. Schlechte Glasur, Rückseite der Artikel ist rauh und uneben, so dass die Teile nicht übereinander gestellt werden können, da die Oberseiten dann zerkratzen. Sehr schade.",3
82725,Sehr gute Qualität Schnell angekommen,3
108222,Ist ganz ok fuer den Preis .tut seine sache Also sieht gut aus auch stabil Also zu Frieden Danke gerne wieder,3
87568,"Schöne Uhr, gebrauchsanleitung leider nur nicht in Deutsch wer kann mir sagen wo ich sie bekommen kann. Danke.",3
91090,Nicht schlecht aber auch nicht perfekt ich habe nur gemerkt das man ein bisschen fitter ist als sonst aber auch wieder schneller müde wird.,3
112733,Viel zu klein. Es macht teils einfach nur Würste aus den Haaren...,3
83285,"Das Design mit der Weltkarte+RGB Beleuchtung ist sehr gelungen, das Problem ist das die Helligkeit zu niedrig und auch die Beleuchtung zu schlecht ausgeleuchtet ist. Ein Pluspunkt wäre auch dass das Mousepad nicht geklebt ist sondern eine Naht besitzt allerdings hat sich die Naht an manchen Stellen leicht gelöst. Was die Haltbarkeit veringert und das Design etwas zerstört. Wäre die Helligkeit und die Ausleuchtung besser könnte ich 5 Sterne vergeben.",3
84544,"Habe mir diesen Kopfhörer fürs Fernsehen gekauft und stellte fest, dass damit ein sehr guter Empfang des Fernsehtons möglich ist. Leider ist die Belastung des an den Ohren hängenden Kopfhörers für die Ohren auf Dauer nicht angenehm. Ich habe mich daher zur Rückgabe entschieden.",3
111060,"Ich hatte den Eindruck gewonnen, dass die Firma Al-Ko für gute Technik zum guten Preis steht. So habe ich nach einem Al-Ko Mulchmäher diesen Al-Ko Vertikutierer gekauft. Das erste Gerät hat nach 100 m Vertikutieren in der leichtesten Stufe schon eine Ruhepause benötigt. Ich habe es reklamiert. Amazon hat schnell reagiert und ein Ersatzgerät geliefert. Die defekte Erstlieferung ging in der zugesendeten neuen Verpackung zurück. So weit, so gut. Danke an Amazon - vorbildlicher Service. Der zweite Vertikutierer hat die ca. 350 m² Rasen durchgehalten ... diesmal habe ich vor dem Vertikutierer die Pause gebraucht. Leider verliert der Al-Ko Rasenmäher seit letztem Winter Öl (28 Monate alt) und der Al-Ko Fachhändler der ihn kostenpflichtig repariert hat meinte, dass Rasenmäher in dieser Preisklasse generell all nix taugen. Er hat ihn auch nicht dicht bekommen .... Also: - Der Vertikutierer hat ein Jahr durchgehalten und hält hoffentlich noch länger. - Der Firma Al-Ko begegne ich in Zukunft mit gesunder Skepsis.",3
103555,"Ich kaufte mir den Rucksack für einen 3wöchigen Urlaub. Er war nie mit mehr als 10kg beladen und wurde in der gesamten Zeit vielleicht 5 Stunden geschultert. Er musste allerdings auch 6 Flüge überstehen. Am Ende war von der Tasche oben auf dem Verschluss des Rucksacks eine Naht von 20 cm aufgerissen. Ein paar Dinge gingen dabei verloren. Insgesamt ist der Stoff auch sehr dünn im Vergleich zu einem hochwertigen Backpack. Für meine Bedürfnisse war er ok, zumal er ja wirklich günstig war. Nochmal kaufen würde ich ihn aber nicht mehr. Für meinen nächsten Urlaub werde ich dann doch wieder mehr ausgeben.",3
92791,"Die Ente ist in Ordnung. Über den Lieferdienst sollte man sich mal Gedanken machen. Die Verpackung, sowohl des Pakets als auch der Ente, war so massiv beschädigt und eingedellt, dass man sie nur noch ohne Verpackung verschenken kann. Extrem ärgerlich!",3
84236,"Leider hat es in meinem Falle nicht geklappt einen Riss in der Ölwanne damit zu reparieren, denn obwohl ich es großflächig benutzt habe sickerte immer wieder Öl an den Seiten durch. Und obwohl ich es vorher gut entfettet hatte, klebte die Dichtmasse nicht wirklich gut an der Ölwanne. Dann musste leider doch eine neue Ölwanne her.",3
102689,Miss fritter ist zu klein im Gegensatz zu normalen Cars Autos. Passt nicht auf die Rennstrecke. Daher nur 3 Sterne,3
116075,"Idee war auf LED umzusteigen. Zum testen wurde dieses Leuchtmittel gekauft (günstiger Preis). Leider sind diese Lampen etwas Größer als die ""alten"" Glühlampen und somit passten sie leider nicht in die enge Lampe. Verarbeitung ist dem Preis entsprechend einfach gehalten. Aber sie tuen was sie sollen.",3
104583,Funktioniert wie es soll! Nur leider ist eine extrem helle grüne LED verbaut die konstant leuchtet und erst beim Laden eines Handys in eine etwas dunklere blaue LED wechselt.,3
89643,Verbiegen sich leider schnell. Und ich habe sie bisher wirklich nur im Sand genutzt..,3
110599,"Erfüllt seinen Zweck, könnte bessere Qualität haben",3
113917,Produkt ist passend zum Preis. Keine Beanstandung. Wie bestellt und erwartet.,3
119314,"Der Eimer ist vom Prinzip ganz schön und modern so wie gewünscht. Das Plastik ist nicht sehr hochwertig dafür ist der Holzdeckel sehr schön, AABER und jetzt kommt das große aber: Was hat dieser hässliche Pfeil auf der Außenseite zu suchen? Er ist gedruckt und somit nicht zu entfernen. Ich hoffe auf Antwort oder Umtausch gegen einen Deckel ohne Pfeil ansonsten muss ich ihn zurück schicken. So leider wegen Schimmel Befall weg.",3
119776,"Ich habe den Kompass gekauft, weil er günstig ist und robust erscheint.Soweit ich es beurteilen kann, geht der Kompass auch genau.Für meine Zwecke ist er ideal.Was man als negativ bewerten muss, ist die Bedienungsanleitung, die einfach nicht zu gebrauchen ist und viel zu klein ist.Außerdem wird sie in deutscher Sprache nicht geliefert.Der Verkäufer hat mir nach Nachfrage, eine abgespeckte Anleitung zukommen lassen.",3
110158,"Das Produkt wurde schnell, gut verpackt und komplett geliefert. Ein fünf Sterne Menü wird man damit sicherlich nicht kochen können, aber für eine einzelne Person ohne große Menü Ansprüche reicht es auf jeden Fall. :) Es ist wirklich sehr klein - dachte zuerst, es ist als Kinderspielzeug gedacht... Dafür sehr leicht, ca. 534 g. (laut meiner Waage) und sehr handlich. An die Qualität kann man wohl auch nicht hohe Ansprüche setzen. Werde es auf meiner Reise testen und berichten, wie es sich unter Feuer macht. :)",3
98511,"Schöne schlichte Box, Größe gut für Kindergarten Kinder. Großes Manko: Sehr schwer zu öffnen/schließen. Der Deckel muss fest draufgedrückt und entsprechend abgenommen werden. Meine Dreijährige bekommt dies trotz einigen Übens nicht zuverlässig hin. Da sie dies im Waldkindergarten alleine können muss, ging die Box zurück. Zudem ist sie denk ich nicht auslaufsicher - hab nun eine mit Dichtungsring und Schnallen bestellt.",3
100804,"Schwer, und unflexibel. Bild auf Karton suggeriert kuscheliges. Wärmt.",3
119356,"Eigentlich ein super bequemer Schuh, leider nur ein halbes Jahr gehalten",3
116811,"Ich kann mich meinem Vorredner nur anschließen! Für den Preis hatte ich ein Produkt erwartet, was dem Originalprodukt nahe kommt, oder dieses sogar übertrifft. Die Tasten sind soweit in Ordnung, man muss sich an das Schreiben gewöhnen, da diese schon recht kräftig gedrückt werden wollen. Schreibt man darauf wie auf der Originaltastatur, passiert es, dass der ein oder andere Buchstabe nicht im geschriebenen Text erscheint! Also kräftig drücken! Ansonsten mach die Tastatur einen guten Eindruck, sie fügt sich optisch perfekt in die Apple-Umgebung ein und lässt es zu gleich drei weitere Geräte damit zu steuern. Die Beleuchtung ist in Ordnung. Sie ist ein einem bläulichen Weißton gehalten und lässt sich in mehreren Stufen einstellen. Im Gegensatz zu den Apple MacBook Tastaturen tritt das Licht aber auch zwischen den Tasten aus, was mich am Anfang ein wenig irritiert hat. Beim längeren Schreiben ermüden die Hände und Unterarme ein wenig, da man schon etwas kräftiger drücken muss. Die Funktionstasten sind - wie bei Apple üblich - übernommen worden. Hin- und wieder kommt es vor, dass die Tastatur etwas langsamer regagiert, wenn man den Mac aus dem Standby-Modus erwecken möchte. Hatte mich aufgrund des Designs und der Größe gegen die neue Logitech-Tastatur entschieden, wäre mir der Platz egal, würde ich sie mit Sicherheit dagegen austauschen.",3
91164,"Schönes Produkt, aber hätte ich mir mehr Steine mit Effekten gewünscht. Fünf Steine haben gar keine Funktion und sind einfach nur aus Holz. Auch die Oberflächen sind nicht anders. Baby hat es im Mund gesteckt und es färbt sofort etwas ab. Von Qualität erwartete ich mehr. Schade",3
81862,"Im Vergleich zu einer GU10 400lm LED-Lampe die wir bei Ikea gekauft haben, scheint mir diese hier deutlich dunkler. Ich konnte auf der Verpackung auch keine Angabe zu den 400lm finden, die diese Lampe laut Verkäuferbeschreibung haben soll.",3
110821,"Die Sneaker-Socken passen wie erwartet. Allein der Stoff ist, mir persönlich, zu plastisch ! Nach einem Tag nutzen eines der Paare stinken die Füße nach Schweis, weil die Socken kaum Schweis aufnehmen. Für einen coolen Style und angenehme Passform bekommen diese Socken von mir 3 verdiente Punkte !",3
86426,"Wir hatten die Blumentöpfe schon im letzten Jahr gekauft und haben nochmals 3 nachbestellt, sehr formschön und Preis/Leistung stimmt. Leider sind 2 der 3 nachbestellten Töpfe verkratzt angeliefert worden. Nicht sehr schön !",3
87748,"Die Waage sieht schön aus und die Verbindung mit der app ist auch super, 2 Sterne Abzug weil andere Werte wie z. B. Knochen meiner Meinung nach nicht stimmen können bei mir kommt 2.5 kg raus zum Vergleich auf einer teureren Waage sind es 12 kg was für mich realistisch ist, wenn ich nur mein Gewicht wissen will brauche ich auch keine app",3
98708,Ich habe das erste Stück zurechtgeschnitten. Danach habe ich leider beim aufkleben ein Fehler gemacht. Nun ja wenn man es das erste mal macht nicht schlimm dachte ich mir. Ich wollte dann nochmal die Größe ausschneiden und zack war das Ding leer. Also reicht es ziemlich genau für zwei Scheinwerfer. Daher nur drei Sterne.,3
89842,"wollte Artikel nur auf meiner Watchlist vermerken und plötzlich wurde mir der Betrag von 9,99 € berechnet! Konnte nicht storniert werden :O(",3
86151,Richt nach Chemie ansonsten ganz in Ordnung. Also wer damit kein Problem hat kann es ja ausprobieren . Die Größe hat gepasst,3
106044,"Wir haben den Rausfallschutz zur Sicherung unseres Boxspringbettes gekauft, da in der Beschreibung stand das es auch dafür gemacht ist. Leider ist dies nicht so, da man es anschrauben muss und bei unseren Boxspringbett kein Lattenrost zum anschrauben vorhanden ist. Wir haben uns was einfallen lassen und können es jetzt trotzdem nutzen 😊",3
193078,Diese Matte ist super 👍 ! Rutschfest und polstert gut. Unsere Hunde finden sie auch sehr bequem 😅 besser ist sie aber für Yoga geeignet. 😂,5
166523,Top. Preis-Leistung absolut okay. Ware ist in einer guten Qualität.,5
184007,TOP super Preise Leistung Habe die Hänge sietz Schaukel jetzt 3 Monate hängen und bin immer noch der froh das ich sie habe also kann sie weiter empfehlen,5
164688,Läßt sich gut reinigen,5
164368,"sehr schnelle Lieferung, gute Passgenauigkeit sehr gerne wieder",5
161787,"Meine Haken haben zwar keinen Schutzfilm unter dem Magneten, aber das stellt doch kein Problem dar, da die Haken tatsächlich an ihrer Position verbleiben und nicht rutschen.",5
173895,"Alles bestens! Ich hatte schon viele Arten von Verschlüssen ausprobiert. Leider hatten die aber Mängel bei der Funktion. Die meisten passten nicht auf alle Flaschen. Zudem sahen manche auch Sch... aus. Diese hier passen bisher auf jede Bierflasche, sehen gut aus und erfüllen ihren eigentlichen Zweck.Hält sogar auf dem Kopf. Gerne wieder",5
196665,"Die Rutsche war ein Geschenk für meinen Enkel. Er ist mit knapp über einem Jahr aber noch ein wenig zu klein dafür und hat ein bisschen Respekt vor der Rutsche. Aber ich bin sicher, dass sie noch gute Dienste tun wird. Die Rutsche wurde super schnell versendet, wirkt sehr stabil und der Aufbau war denkbar einfach. Alles prima...",5
163751,Super Qualität und Optik Perfekt zum Mitnehmen,5
192343,Sehen sehr gut aus und passen auch perfekt. Der nächste Schnorchel-Urlaub kann kommen. Jederzeit gerne wieder. Kann ich nur empfehlen.,5
191382,"Es ist ein wunderschönes Produkt. Der pure Hingucker. Allein der Runde Karton sieht beim auspacken sehr edel aus. dann kommt die Krönung. Die Flasche aus Glas mit dem goldenen Verschluss. Einfach nur wunderschön. Daher auch ideal als ein Geschenk. Es hält lange warm oder kalt je nachdem was man reinfüllt. Ist auslaufsicher und Kein Vergleich mit anderen Glas Flaschen. Es ist sehr modern, edel und wunderschön Ich kann es daher mit einem besten Gewissen weiterempfehlen",5
179846,"Dieser Fahrradträger ist im Vergleich zum Atera viel stabiler gebaut, einfache Montage u. kann nur empfohlen werden. Das einzige Manko ist, daß die Halterungen für die Fahrräder sehr kurz sind, daher ist es oft schwierig die richtige Position zu finden um die E-Bikes am Rahmen festmachen zu können.",5
198580,"Schön warm und flauschig, super Hausschuhe",5
170545,"Ich kann dieses Buch nur empfehlen. Eine sehr ergreifende, wenn auch brutale Geschichte. Man kann das Buch gar nicht weglegen.",5
198505,"Meine Tochter (2 Jahre) liebt ihr Stockerl. Perfekt zum alleine Zähne putzen, Hände waschen und in der Küche helfen. Super auch mit den kleinen Tragegriffen auf der Seite.",5
178148,Passt perfekt und ist super verarbeitet und das alles für diesen Preis.,5
195778,Ich bin voll und ganz zufrieden!!!!! Man muss nur die Anleitung gut befolgen die findet man ganz leicht im Internet und dann habt ihr eine gute Schutzfolie auf euer Smartphone. Ich würde es wieder kaufen!!!,5
191946,"Nachdem ich etliche Kissen durchprobiert habe, von Tempur bis Gelkissen, habe ich nun endlich das perfekte Kissen für mich gefunden. Keine Verspannungen mehr, im Bereich der HWS. Den Kopf kann ich wieder drehen und bewegen, wie seit Jahren nicht mehr. Besonders möchte ich aber auch den Kontakt mit Händler hervor heben. So einen sensationellen Kundenservice, habe ich noch nie erlebt. Es wurde immer schnell geantwortet und sich um alles sofort gekümmert. Vielen Dank W...y",5
172095,Fürs Jugendzimmer eine tolle Sache!,5
178701,"Der Rucksack ist modern und die Qualität ist auch gut, es wird für Babynahrung verwendet, sehr leicht und praktisch.",5
162881,Hält was er verspricht,5
162760,"Promote Lieferung, gutes Produkt!",5
197902,"Ich habs geschafft! Die Konsistenz war großartig. Das Wachs war warm, aber gleichzeitig nicht heiß, also habe ich es schön am Ende des Applikators gesammelt und… war fertig !!! Ich bin so mutig und ich bin so stolz auf mich!",5
172805,"Ich muss sagen das ich den echt lustig finde. Ebenso kann ich auch sagen das ich Dwayne Johnson aus so welchen Filme sehr sehr selten kenne. So über den Film kann ich sagen das ich den super finde ,ist vielleicht nicht jedermans sache aber ist echt cool der Film. Kann den Film 5 Sterne geben und einen Daumen nach oben.",5
194311,Die beste Folie die ich je hatte. Leider ist sie nicht mehr verfügbar. Schade,5
161074,"Das Halsband ist leicht zu kürzen und hat eine echt super lange leichtdauer. Es hält regen aus und sitzt auch gut am Hund. Wir haben die Farbe Orange an einem Hund mit mittellangem Fell Bei uns fehlte das ladekabel , was aber vom Verkäufer sofort korrigiert wurde Also wirklich empfehlenswert",5
177119,Ich habe mehrere Lampen ausprobiert und es war die erste die ein echtes UV Licht hatte. Ich würde sie wieder kaufen und kann auch weiterempfehlen.,5
174228,"Tolle neuartige Trinkflasche in schicken Design. Ich wurde bereits mehrmals im Fitnessstudio angesprochen woher ich sie habe. Das zusammenrollen ist echt eine prima Funktion , somit kann sie platzsparend verstaut werden. Auch das sie frei von Weichmachern ist vermitteln mir ein gutes Gefühl. Für mich eine tolle Anschaffung Sie hält dicht und lässt sich einzigartig zusammenrollen. Klare Empfehlung Echter Hingucker",5
198161,"Das Produkt ist sehr gut.Auch die Befestigungsschlaufen sind sehr hilfreich gegen Sturm..Alles in allem eine Abdeckhaube,die man nur weiterempfehlen kann",5
169585,"Super Farbton,würde ich jederzeit wieder kaufen ! Deckt sehr gut ab und lässt sich gut verarbeiten.",5
176354,Olymp die Qualität wie gewohnt sehr gut,5
161239,Passt wie angegossen. Nach persönlichem Empfinden etwas zu teuer,5
161670,Perfekt für den Urlaub. Passt sehr viel rein so das man schon beim Flughafen alles wichtige zur Hand hat,5
164022,"Sehr schnelle Lieferung und ein gutes Produkt. Dankeschön weiter so. Besser geht es nicht. Beste Kommunikation mit dem Verkäufer, klasse",5
171199,Mega Produkt. Sehr schön und qualitativ hochwertig,5
179050,Für meine Sohn zum 8. Geburtstag gekauft. Er konnte direkt damit fahren. Macht ihm viel Spaß. Bisher nichts kaputt.tiptop nnn,5
164200,"Viele Hersteller kommen nicht drauf. Sie machen einfach herstellen solche gerät und sind nur HALB HANDS-FREE! Bei diese gerät ist es 100% Hands Free. Da kann man zb das Gerät unter den Tisch stellen oder auf wand stellen oder auf den Tisch und nur gleitgel schmieren und los geht. Also das kann ich nur empfehlen. Hab einige gekauft und war nicht so begeistert von günstig bis teuer, ab 40€ bis max 80€ und musste jedes mal zurückgeben weil die Qualität einfach nicht ausreichend. Klar UP &DOWN ist dabei aber handsfree ist es wirklich nicht. Man muss jedes mal selber irgendwie halten. Aber bei diese Gerät hingegen. Man stellt es einfach irgendwo man gerne möchte und schon ist es 100% handsfree. Da muss man nicht halten sondern ehe bequem Sitzen. Was will man mehr? Preis ist ok! Sound braucht nicht viele. Aber es ist tatsächlich dabei. Mit kopfhörer. Und sehr gute Schmierung (gleitgel) Gleitgel an sich optimal sehr gut. Wasserlöslich ist es. Aber ist schmiert sich so sehr. Also man nimmt nur einwenig und schon ist das ganze voll verschmiert. Das würde ich sehr gern weiter testen.",5
186820,Heiß geliebt und viel genutzt. Passt super auf den Kinderkopf und rutscht nicht immer wie die großen. Schöne Farbe und individualisierbar durch die Aufkleber. Zumindest fühlt es sich für das Kind so an! Haben sie für einen langen Flug gekauft. Aber inzwischen kommen soe überall zum Einsatz. Waren bis jetzt auch nicht kaputt zu kriegen. Empfehlen wir gerne weiter!,5
183226,"Erst im Winter ausprobieren, und Rezension möchte ich schreiben",5
174747,"Die Farben sind kräftig und schön, so wie in der Abbildung. Die Qualität ist sehr angenehm, die Verarbeitung top. Die Lieferung erfolgte sehr schnell.",5
163987,"Passt super, einfach abzubringen und die Bedienung ist nicht eingeschränkt.",5
182642,"Ich muss zugeben, dass es mein zweites Tisch-Holzkohlegrill ist. Den ersten habe ich ausgepackt, mich bei den schlecht verarbeiteten Teilen verletzt, wieder eingepackt und abgegeben. Dieser Grill überzeugte mich vollkommen. Alles super verarbeitet, schnell Grill bereit und das Ergebnis ist einfach herrlich. Was auch mir gefällt, ist es, dass ich nicht mehr einen ganzen Sack Kohle für ein einziges Grill-Abend brauche. Zwei Hände voll Kohle und es werden 4 Personen satt. Auch für mich alleine nutze ich es, weil es so wenig Arbeit macht.",5
199296,"Da es sich um ein Retro-Design handelt,ist das Licht weich und nicht blendend.Ich verwende es in Innenräumen.Es hat ein warmes und romantisches Gefühl .Der Preis ist nicht teuer und es lohnt sich,es zu kaufen.",5
166894,Qualität wie erwartet,5
168417,"Sehr schicke Lampe, die mit ihrem Farbspiel für eine schöne Atmosphäre sorgt :) ich kann es für diesen Preis in jedem Fall weiter empfehlen.",5
163880,Das Gummiband der Fliege ging leider beim ersten Tragen kaputt! Man hat mir aber Ersatz angeboten und ein neues Gummiband wird zugesandt ! Vielen Dank !,5
183316,Das Buch hat mich sehr berührt. Ich habe beim Lesen oft an meine Mutter gedacht. Sie hat es nicht geschafft meinen Vater zu verlassen. Ich hätte ihr ein freies Leben ohne Bevormundung und Unterdrückung gewünscht.,5
174932,Gute Matratze für guten Preis,5
161839,Super deutscher Film! Schauspieler auch Super ! Fand ich klasse! Wie echt! Schauspieler auch normal ! Gut gespielt! Schneller Versand!,5
190268,"Den Kissenbezug habe ich als Geschenk beötigt, super tolles Motiv und sehr gutes Prei-Leistngsverhältnis",5
185774,"Ich habe lange mit diesen Schuhen geliebäugelt und heute kamen sie an. Sie sind sehr bequem und das weiche Fell darin hält die Füße schön warm. Jedoch ist der Schuh vorn etwas enger gemacht, weshalb man evtl.bei breiteren Füßen vlt. Eine Nr. Größer bestellen sollte. Die Farbe ist klasse und die ""Aufkleber"" geben dem Schuh das besondere Etwas. Zudem steht Mustang für sehr gute Qualität. Dies ist mein 6. Paar und das erste trage ich jetzt seit 5 Jahren. Top Qualität zu gutem Preis. Ich bin glücklich :D",5
161869,Ist einfach einzusetzen und funktioniert wie versprochen. Eine lohnenswerte Investition.,5
195276,Ware wie beschrieben,5
162289,"Ich war auf der Suche nach einer langlebigen, veganen Alternative zu Ledergürteln und habe mich für den schwarzen Gürtel aus Kork entschieden. Der Gürtel ist sehr schick, qualitativ echt hochwertig und sogar etwas leichter als ein Echtledergürtel - ich bin richtig glücklich damit!",5
164972,"Diese Einlegesohlen sind der Hammer, man geht wie auf Wolken. Sie unterstützen das Fußbett genau richtig. Habe schon mehrere Orginal Sohlen in meinen Schuhen ersetzt..",5
181853,"Schön verarbeitet, passen super und sind angenehm zu tragen",5
199265,"Bis jetzt sehr zufrieden. Ein Tipp für jeden der sein Display schützen möchte aber auf die Plastikfolien verzichten möchte. Die Handhabung ist wirklich leicht und für diejenigen die noch nie zuvor eine Glasfolie angebracht haben ist eine tolle Beschreibung dabei mit der das super funktionieren sollte! Ich muss dazu sagen, dass ich schon etliche dieser Folien verwendet habe, aber noch nie so ein schönes Blasenloses Ergebnis hatte!",5
162141,Ich benutze diese Bälle gerne für die Triggerpunkte es tut zwar weg aber das ist ja auch normal seit ich sie gegen meine nackenverspannungen benutze haben sie mir jedes mal gegen meine starken Kopfschmerzen mit Brechreiz geholfen für diesen Preis unschlagbar ganz klare Kaufempfehlung sie stinken auch nicht beim Auspacken,5
188120,"Schnelle Lieferung. Ich habe den Wäschesack hauptsächlich für meine BHs bestellt. Gut verarbeitet und ein recht wertiges Material verhindert Beschädigung an Wäsche und Waschmaschine. Feinmaschiges Netz mit Innenpolsterung für optimalen Schutz. Es gibt 6 Stück, bei Reisen die Schmutzwäsche separat zu verstauen. Bisher wurden mit den Wäschesäcken BHs gewaschen, alles prima gelaufen. Die Reißverschlüsse bleiben Alles in allem bin ich zufrieden und würde das Produkt empfehlen.",5
171672,Preis und Leistung passen,5
193205,"Der Kosmetikeimer sieht gut aus und der Schwingdeckel ist praktisch. Allerdings ist es schwierig einen Kosmetikbeutel reinzugeben, ohne das oben etwas rausguckt. Trotzdem fünf Sterne.",5
165109,"Die Folie ist passgenau und mit der Bedienungsanleitung leicht am Handydisplay zu befestigen. Man sollte aber schon etwas Geschick und Geduld mitbringen dann ist das ganze kein Problem. Die Schutzfolie macht das was sie soll, bei meinem Handy hatte sie schon den Ersten Displaysprung verhindert. Auf jedenfalls weiter zu empfehlen.",5
165662,"sehr zufrieden, wegen .. + Lieferung (sogar noch vor erwartetem Lieferdatum) + keine unnötige extra Plastikverpackung + sehr viel Stauraum + kleine Seitentasche (sehr praktisch) + schöne Farben (elegant und trz. cool)",5
187877,"Sitzt perfekt und schützt zuverlässig vor Wind und Insekten beim Rad fahren. Hochwertig verpackt, mit viel Zubehör, wie 2 Paar Wechsel-Gläsern und einer Brillen-Hülle. Ich bin bestens zufrieden, das Preis-Leistungsverhältnis ist unschlagbar!",5
71782,Hat leider nicht die Farbe Schwarz sondern eher dunkel grün und fällt auch etwas schmaler aus. Wurde wohl falsche Farbe gesendet..,2
75206,"Die Hülle ist so rutschig, dass sie mir (samt Handy) schon ein paar Mal einfach so aus der Hand gerutscht ist. Mir ist nach einem Monat auch direkt eine Kappe, die den Sperrbildschirm aktivieren soll, abgefallen. Die Bedienung ist nun ziemlich lästig.",2
65709,"Leider zu klein obwohl es viel größer bestellt wurde, habe dieses Shirt dann Neffen gegeben",2
62893,"Die Bild- und Tonqualität von Wii (erste Generation) über Hdmi auf 55 Zoll ist soweit in Ordnung - ich vermute da schränkt der Adapter die Qualität nicht ein, hin und wieder setzt allerdings das Bild für 1-2 Sekunden total aus!",2
79853,"Bei der ersten Nutzung dachte ich was. Ist das???? Was soll daran Ultra soft sein?? Schock! Nach dem ich sie ungefähr 10 mal VORSICHTIG benutzte, wurden die Borsten etwas softer, aber nicht Ultra soft. Für Menschen die das Zahnfleisch eher massieren wollen und schnell zu Zahnfleischbluten neigen, empfehle ich diese Bürste gar nicht!",2
47356,"Ich muss mich den schlechteren Rezensionen anschließen. Bei mir brennt es auch, zwar nur kurz, aber dennoch unangenehm und die Gleitwirkung hält nicht lange an, man braucht relativ viel Produkt, wenns länger dauert ;) Kann ich somit leider nicht empfehlen, da dafür zu teuer.",2
47801,"Akku schnell leer, Amazon photo echt nervig. Sehr umständlich zum bedienen. Bin sehr enttäuscht",2
75100,Eigentlich ganz tolle Scheibe. Passt perfekt aufs Handy. Bedienungsanleitung nicht auf Deutsch. Leider fing die Scheibe schon nach kurzem an den Seiten zu reißen/brechen an ohne das das handy runtergefallen wäre. Teils sogar mit splittern. Dachte sie hält besser bei dem Preis.,2
66019,"Der Artikel entspricht definitiv nicht der gezeigten Abbildung. Haftfähigkeit für kleinere Saugnäpfe schier unmöglich, nicht sonderlich empfehlenswert, also keine Kaufempfehlung.",2
63580,Muss mich den eher nicht guten Rezessionen anschliessen! Ist nur schön anzuschauen! Verarbeitung mangelhaft! Schon kaputt! Hinterrad abgebrochen! 18 Euro absolut zu teuer! Mich reut der Kauf,2
77178,"Wir haben 3 Decken gekauft, alle Decken sind nicht so verarbeitet wie abgebildet und weisen erhebliche Mängel auf.",2
42840,Bei uns funktioniert leider die Fernbedienung nicht und das ist nicht der eine ganz normale Steckdose angeschlossen werden kann nervt mich auch! Leider war es für mich kein guter Kauf! Für unser Baby ist es auch viel zu hell und zu grell,2
74486,"Leider ist das Spielzeug sehr billig und mir ist die Angel schon beim zweiten Mal beim Spielen kaputt gegangen, hat mich total geärgert weil es auch nicht gerade günstig war der Preis. Auch die dazu gehörigen Anhänger kann man sehr schwer zumachen an der Angel, somit muss ich es offen lassen und es fliegt immer wieder raus. Es tut mir leid, aber dieses Produkt war ein totaler Fehlkauf und würd ich niemanden weiter empfehlen.",2
64412,An sich ein tolles Produkt. Leider lässt die Qualität für diesen Preis zu wünschen übrig. Ist gerade erst angekommen und bereits beim auspacken ist der Stoff verfusselt. Bin gespannt wie es nach dem ersten waschen aussieht. Werde es trotzdem behalten da ich so kurzfristig nicht mehr schaffe was neues für den Urlaub zu besorgen. Schade,2
57524,Das bestellte Samsung Galaxy J7 kam nicht nur mit einer Bedienungsanleitung in polnischer Sprache sondern das Smartphone war auch komplett auf polnisch eingestellt und so für mich nicht zu gebrauchen. Erst mit großem Aufwand und mit Hilfe eines polnischen Kollegen konnte das Smartphone auf die deutsche Sprache umgestellt werden. Leider war dies in der Produktbeschreibung nicht angegeben.,2
45348,"Nach täglichem Gebrauch ist das Gerät nun nach 11 Monaten defekt, es reagiert nicht mehr. Ansonsten hat es gut funktioniert.",2
67333,"Die Lichterkette ist an und für sich schön. Sie leuchtet auch schön und nicht zu aufdringlich. Allerdings waren nach dem 3. oder 4. Batteriewechsel die Kontakte kaputt und z. T. auch abgebrochen, deshalb leider ab in die Restmülltonne.",2
43084,"An sich eine schöne Uhr, da man für diesen Preis nicht all zu viel erwarten kann, hier ein paar Abstriche : Schritte werden gezählt, wenn man nur den Arm bewegt und dabei sitzt. Benachrichtigungen wie whatsapp funktionieren nicht (Samsung s5) Pulsmessung recht ungenau (hat oft Aussetzer) Mein fazit: wenn man technisch eine tolle Uhr möchte, sollte man nicht diese Uhr kaufen",2
43543,Lieferung wie bei Amazon gewohnt sehr schnell! Schoner rollen sich aber beim Gehen auf . Beim ersten Tragen passte es dann dehnen sie sich aber . Werde versuchen sie enger zu machen.,2
58349,"Der Football hat eine gute Größe und kann von meinem achtjährigen Sohn gut geworfen werden. Allerdings ist vor kurzem eine Naht aufgegangen, was nach der kurzen Zeit und der geringen Belastung sehr ärgerlich ist. Daher nur die zwei Sterne.",2
67782,Nähte rundum gerissen und sehr instabil,2
75651,"Ich habe meine Kopfhörer vor 3 Wochen bestellt und bereits nach 2 Wochen funktioniert der linke Kopfhörer nicht mehr :( ist sehr sehr schade da ich sie wunderschön finde. Für den Preis kann man zwar nicht all zu viel erwarten, aber zumindest sollten sie länger als 2 Wochen halten.. Zwei Sterne gibt es daher für die wunderschöne Optik und einen echten Hingucker. Wer allerdings etwas bequemes will- da muss ich leider sagen, dass die Kopfhörer zu klein sind und nach einer Zeit auf dem Ohr drücken.",2
54732,"Wir benutzen die flotte Lotte häufig für die Zubereitung von Apfelmus, aber mit diesem Gerät war das nicht bzw. nur schwer möglich. Die Äpfel wurden nicht runter gedrückt und der Großteil blieb an der Seite hängen. Man hat sich quasi einen Wolf gedreht. Für uns ist das Gerät daher völlig ungeeignet und es ging zurück. Rückabwicklung war problemfrei.",2
45813,Im spitzen Winkel kann immer noch alles gesehen werden. Protect Schutz nicht gut genug. Hatte mehr erhofft. Leider daher nur zwei sterne.,2
54549,Bei mir fehlen die 5 Filter sowie fen vernebler. Schade ich kann das Gerät nicht benutzen. Den Verkäufer kann ich auch nicht kontaktieren,2
78954,Ist leider nur auf Englisch kann man nicht auf Deutsch umstellen ging wieder zurück,2
68249,Ich benutze es gerne in der Badewanne. Nach zweimaligem Gebrauch ging die Ladefunktion jedoch verloren und es trat gelbe Flüssigkeit aus. Vielleicht kannst du es im Wasser probieren.,2
70247,"... meine kleine Nichte hat mich nach der Überraschung angerufen und stellte mir diese Frag, weil sie sich weh getan hat. Aber nachdem ihr Papa den Grat entfernt hatte hat es ihr doch noch gefallen. Lieber Verkäufer, besser darauf achten gibt bessere Bewertungen.",2
58152,"Hab echt versucht es zu tragen. Meine Haltung war besser ganz ohne Anstrengung aaaber solbald ich meine Arme Hängen lasse wird das ganze mega Unangenehm, bis ich langsam spüre das meine Arme Einschlafen weil die unteren beiden Bänder einfach noch so schön anliegend sind wie auf dem Bild zu sehen.",2
61163,"Dieses Produkt ist ein Lacher. Es lockt nur das Geld aus der Tasche, doch die Wimpern nicht einen Millimeter zum Wachsen. Die Wimpern wirken nur etwas dunkler, das läßt sich aber viel Preiswerter erreichen. Produkt schadet nicht, auch bringt es nichts- also besser Finger weg",2
65545,"Am Anfang ist der Geruch der stark. Sehen toll aus, aber ich hatte trotzdem mega viele Stiche.",2
67028,"Hübsch, der Deckel öffnet und schließt sich optimal. Der Eimer macht einen hochwertigen Eindruck. Innen ist der Platz allerdings sehr schmal, und wenn man den Abfall nicht bewusst hinunterdrücken will, bleibt er oben hängen, so dass der Eimer immer gefüllt aussieht. Deshalb würde ich den Eimer nicht wieder aussuchen. Auf der glänzenden Oberfläche sieht man Staub oder Wassertropfen sofort, so dass er täglich abgewischt werden muss, was aber schnell gemacht ist.",2
67944,Leider ist die Farbe des filament es mehr schimmernde dunkelgelb statt Gold :-(. Werde mir vermutlich ein Filament eines anderen Herstellers kaufen.,2
79696,Leider funktioniert der Stift nicht mit einem Huawei M5 Tablet. Es entsteht keine weiche Linie sondern eine Welle. Leider. Denn ansonsten war der Eindruch sehr gut.,2
43699,"Der Artikel ist toll, aber leider hat der Key nicht funktioniert. Habe den Artikel nochmal bestellt und den selben Key wie beim ersten mal erhalten, der auch nicht ging. Das Geld wurde mir in beiden Fällen erstattet, daher 2 Sterne.",2
65184,Der Deckel passt nicht.,2
40478,Habe die Kette für die Adventsbeleuchtung gekauft um der Kabelage aus dem Weg zu gehen doch leider reicht im Dezember das Tageslicht nicht aus um die Lichter länger als Max. zwei Stunden leuchten zu lassen 😩! Hat leider grade mal 4 Wochen gehalten!,2
45567,Leider war ich sehr enttäuscht.... Verpackung wunderschön sieht alles supi aus und dann will man ein Bad nehmen und alles was die Badebombe macht sind kleine blasen und dann war der Spaß vorbei... Ich erwarte etwas anderes von einer Bade *BOMBE*....,2
61512,"Ich dachte erst die Größe wird das Problem, aber nein. Die Nähte sind sehr schlecht verarbeitet, schon nach dem ersten Waschgang löst sich gefühlt die halbe Hose auf. Vom stoff her und vom Schnitt dennoch sehr angenehm zu tragen. Sehr schade!",2
48050,Die Jacke wurde offensichtlich schon getragen weil sich in der Jackentasche erstaunlicherweise ein paar Cent befanden.Der Geruch der Jacke ist auch unangenehm außerdem zu klein geschnitten.,2
66475,"Die Brillen sind sehr breit gehalten und passen daher eher schlecht bzw. fallen schnell runter. Schade, ansonsten wären die Brillen ein guter Partygag.",2
65690,Nicht mein Geschmack,2
58578,Ich nutze den Reiskocher jetzt bestimmt schon über 1 Monat und das täglich. Ich säubere den Topf immer von Hand und habe mich auch genau an die Anleitung gehalten bezüglich des Mischverhältnisses von Wasser und Reis und dennoch brennt mir der Reis jedes mal an. Ich habe auch verschiedene Mischungen mal ausprobiert mit mehr Wasser aber auch da das gleiche Ergebnis. Der Topf ist 1A in Ordnung da sind keine Kratzer nix und dennoch brennt er jedesmal an. Der Vorteil an dem Gerät ist dafür das das Gemüse im oberen Fach echt lecker und knackig wird aber für knappe 100€ einen Reiskocher zu bekommen wo der Reis immer anbrennt ist schon frech. Da hätte ich mir auch einen für 30€ kaufen können eig. dachte ich das dieser Reiskocher eine gute Qualität hat deshalb hab ich extra mehr ausgegeben.,2
79296,"Nach knapp 2 Jahren blättert leider der Lack an den Kanten ab. Schickes Design, welches aber bei der minderwertigen Qualität den Preis nicht rechtfertigt.",2
62019,An sich schön aber viel zu nah am Rand graviert. Versand wie angegeben,2
64790,"Ziemlich einseitige Geschichte. Die Charaktere handeln sehr unüberlegt und sind ausschließlich auf die Liebe fixiert. Alles andere zählt für sie überhaupt nicht mehr, was vor allem im Fall von Nicholas sehr unglaubwürdig ist. Außerdem spricht die gesamte royale Gesellschaft sowohl vulgär als auch abstoßend, was für mich der größte Kritikpunkt ist. Insgesamt wirkte die Story sehr auf die Sexszenen beschränkt. Es ging stets nur um die gegenseitige Anziehung und nicht den eigentlichen Plot. Man konnte eigentlich damit rechnen, dass alle paar Seiten eine neue Sexszene zwischen Olivia und Nicholas vorkommen würde. Leider zu platte Charaktere und die Story ist zu klischeehaft bzw. unglaubwürdig.",2
72237,"Eigentlich ne gute Leine für meinen Hund 30kg und sehr aktive, aber 1 vielleicht 2 Minuten aus den Augen gelassen, da war die Leine durchgebissen! :-(( Dann doch lieber Leder",2
69099,Leider hat der Duft überhaupt nicht lange angehalten. Für den preis hätte ich etwas besseres erwartet.,2
53517,armband der uhr nicht original?,2
41781,Mit der empfohlenen Menge Wasser zu konzentriert und zu süß,2
74198,"Leuchtet trotz maximaler Helligkeit ziemlich schwach. Zudem merkt man, dass am Material gespart wurde. Das Band ist nicht mal laminiert wie es andere LED Bänder sind. Lieber ein paar Euro mehr bezahlen und ein gescheites Band kaufe",2
77200,"Die Kette ist wunderschön, allerdings fallen die Anhänger der Reihe nach ab... Schade drum! Würde mir mehr wünschen. Keine Kaufempfehlung",2
73706,"Heute angekommen, wollte eine Kette draus bauen sie riss schon beim kleinsten Zug ich werde es nie wieder kaufen wirklich Schade aber es kam immerhin früher an als angegeben",2
75817,"Die Qualität war einwandfrei und wie beschrieben. Allerdings würde ich die Farbe nicht als rose/rosa bezeichnen, eher ein grelles Pink. Wirkt unruhig und kühl. Das ist auch der Grund warum der Artikel zurückging.",2
79163,"Sonnenbrille ist nach nur einer Woche Nutzung bereits gebrochen. Sehr hartes Plastik, das schon bei Lieferung verdächtig knarzte und der linke Bügel ließ sich nur sehr schwer öffnen. Die Brille wurde reklamiert.",2
46782,Vielleicht kann man für diesen Preis nicht viel erwarten. Aber zumindest eine Saison lang sollten die Dinger doch halten... Die Nähte gehen nach wenigen Wochen schon auf und das Material ist so dünn dass alleine schon beim überstreifen übers Fahrrad Löcher entstehen.,2
70052,"Leider ein schlecht verarbeitetes Produkt. Musste das Gerät schon einmal retournieren, weil direkt beim auspacken ein Stück Plastik abgebrochen ist. Jetzt muss ich das neue wieder reklamieren, da nach dem 5. mal gebrauchen das Plastikteil zum Rühren total verbogen ist. Schade!",2
63695,"Bis vor wenigen Tagen war ich total überzeugt von der Hülle. Sie passt optimal, ist dünn und sieht hochwertig aus. Nun - weniger als ein Jahr nach dem Kauf - beginnt sich jedoch die Oberfläche aufzulösen. Die Hülle ist nun weder optisch noch haptisch in einem akzeptablen Zustand. Sehr schade. Daher kann ich von einem Kauf nur abraten.",2
69687,"Habe das Gerät extra für meinen Geburtstag bestellt und war wirklich enttäuscht. Nach Anstellung des Gerätes fing das Waffeleisen sofort an zu qualmen bevor der Teig im Gerät war . Es wurde nach paar Waffeln zwar etwas weniger aber hat trotzdem war es für mich ungewöhnlich. Es hat auch ziemlich lange gedauert bis die Waffeln fertig waren , schätzungsweise doppelt so lange wie bei einem herkömmlichen Waffeleisen , war für die große Mänge die ich machen musste etwas mühselig.",2
54851,"Qualitativ eigentlich ein gutes Holz etc. ABER!!! ES WAREN KEINE STEINE VORHANDEN wie beschrieben! Verkäufer war nicht zu kontaktieren! Das ging nur über Amazon. Die Steine wurden nicht nachgeliefert, sondern wir mussten alles wieder zurückschicken! Dieses Spiel haben wir eigentlich deshalb gewählt, weil Steine dabei sein sollten! Auserdem hat uns der Magnetverschluss inspiriert! Werden es also leider zurücksenden und auch leider noch mal den selben Anbieter nutzen müssen, weil kein anderes Spiel diese beiden Vorteile hat. Sehr schade! Kundenservice sieht leider anders aus! Hoffentlich sind diesmal Steine dabei!!!! Ansonsten werde ich das auch wieder hier öffentlich machen! Nachtrag : ich habe es noch mal bestellt und diesmal waren Steine dabei! Prima ! Hat aber gedauert bis wir unser Geld zurück hatten. Ärgerlich war, dass die 14 Tage um waren und wir erst bei Amazon anrufen mussten! Amazon hat sich dann darum gekümmert und hat das Geld angefordert. Vielen Dank Amazon. Das Geld ist nun da! Produkt ist Top , aber der Service des Anbieters .... naja!",2
40412,Schleckte Qualitäten,2
53402,Leider hat es nicht funktioniert das Loch zu kleben. Der Pool verliert noch immer Luft.,2
41267,"Brauchte dringend neue Maschine. Würde ich aber nicht mehr kaufen. Läuft sehr langsam und verkalkt sehr schnell. Allerdings haben wir auch sehr kalkhaltiges Wasser. Alte Maschine war ca. 10 Jahre alt, brauchte aber nicht so oft eine Entkalkung und war doppelt so schnell.",2
64003,Metallarmband aus der Halterung nach 2 Wochen rausgefallen. Uhr stellt sich nicht mehr nach der App. wenn die Uhr nicht gleich wieder aufgeladen wurde oder aus irgendeinen Grund von der App. getrennt war.,2
