180481,"Perfekt für die Arbeit mit Kleinkindern, da Teelichter benötigt werden, die einen sichereren Umgang ermöglichen. (Anstelle von länglichen Kerzen). Sehr schönes Design und sehr flexible.",5
160748,Artikel eie beschrieben. Voll zufrieden.,5
169394,Schneller als erwartet angekommen. Sehr zu Frieden mit den originalteilen.,5
199658,"Schöner Teppich für das Kinderzimmer meiner Tochter. Es fallen zwar schnell kleinere Fusseln auf durch die helle Farbe, aber er lässt sich dafür sehr leicht absaugen.",5
191343,"Dankeschön, tolles Ding die Kinder haben sich sehr über Weihnachten drüber gefreut. Die Lampe macht so tolle Effekte im Zimmer und der Preis ist auch fair. Kann gut empfehlen.",5
162265,"habe den unterschrank heute erhalten, er hat eine gute qualität für den preis, war sehr schnell aufgebaut und sieht in unserem neu sanierten bad sehr hochwertig aus. freue mich schon auf den passenden hochschrank der hoffentlich morgen kommt",5
167293,"Lieferung hat zwar lange gedauert, kam dann aber einwandfrei an und die Brille funktioniert super! Völlig neues SehErlebnis!",5
171172,"Gute Qualität! Schöne große und frische Blättern! Früher geliefert als bei dem Lieferdatum stand! Schade nur, das es kein Prime und man für die Versand zahlen muss.",5
170538,"Der Schuh sieht sehr gut aus, das Obermaterial ist leider etwas anfällig auf Staub o.Ä. und wird deswegen schnell schmutzig aber das kann man ja putzen. Preis-Leistung ist für mich hier erfüllt. Klare Kaufempfehlung.",5
171346,"Die Uhr ist ein Geschenk für mein Bruder und er findet sie wunderschön. Die Lieferung ging sehr schnell, alles war in Ordnung, keine Problem. Kann ich nur weiter empfehlen.",5
196593,"Hallo an alle die noch darüber nachdenke, ob man Lebensmittel über das Internet bestellen sollte. In diesem Fall kann ich eine klare Empfehlung geben. Schmecken gut, tun gut, sind gut ;-)",5
163933,"Ich habe diesen Vorrat von 6 Liter gekauft, weil ich ihn täglich (50 ml) trinke und somit erstmal gut eingedeckt bin. Der Saft kam gut verpackt bei mir an. Die Lieferung ging recht schnell. Geschmacklich ist er sehr gut, fruchtiger und klarer, als ich es eigentlich von Granatapfelsaft kenne. Wenn ich mit den Flaschen durch bin, werde ich entscheiden, ob ich hier nochmal bestelle, aber bisher steht dem nix im Weg :)",5
161786,super qualität schnelle lieferung top,5
178838,Macht was es soll. Leicht anzubringen.,5
180221,"Für meine Mobile Sauna , die ich zur Zeit baue.",5
195331,"Kuschelig weich, saugstarkes und niedliches Badetuch.",5
174698,Durch Erweiterung besserer Wirkungsbereich. Erfüllt seinen Zweck.,5
194368,"Super schnelle Lieferung, Speicherriegel Einbau und Fuktion ohne Probleme.",5
189276,Super schnelle Lieferung. Vielen Dank.,5
190637,Habe es für eine Freundin gekauft aber ich habe noch keine Rückmeldung von Ihr bekommen und kann deswegen nichts genaues sagen.,5
175146,"Maus slidet wie ein König über das Mauspad, noch nie ein so krankes Mauspad gehabt... mag übertrieben klingen ist es aber nicht. Durch den Rand habt ihr länger was von dem Mauspad, ABSOLUTER KAUFTIPP!!",5
178218,"Die Echtwachskerzen sind jeweils mit einem beweglichen Plättchen ausgestattet, dass nach dem Einschalten angeleuchtet wird und sich bewegt. Das erzeugt die Illusion einer flackernden Flamme. Mit der Fernbedienung können verschiedene Helligkeitsstufen eingestellt, Ein/Aus-geschaltet oder die Laufzeit über den Timer eingestellt werden. Ich habe das Produkt als Geschenk gekauft. Die Kerzen kamen in einer neutralen Verpackung und waren in Styropor verpackt. Damit können Sie auch im Sommer sicher gegen Beschädigungen geschützt im Keller aufbewahrt werden. Über die Akkulaufzeit kann ich leider noch keine Auskunft geben, aber über die Weihnachtsfeiertag hielten die Batterien locker durch.",5
178736,Hat das gehalten für das ich es gebraucht habe,5
171197,Die Handyhülle passt perfekt. Alles Knöpfe können betätigt werden. Das Handy ist super geschützt. Ich bin begeistert werde mir noch mehr dieser Hüllen kaufen. Absolut zu empfehlen.,5
165940,Alles gut wie man es halt kennt,5
185624,Dank Prime waren die Schuhe schnell da. Der Schuh sieht schick aus und ist bequem. Die Sohle ist schön weich.,5
193502,"Ich liebe dieses produkt so sehr! Es ist einfach, von einem Ort zum anderen zu wechseln! Ich mache viele Projekte in meiner Garage und dies ist das eine, was mich davon abhält, von Mücken gebissen zu werden.",5
197782,"Ich bin sehr glücklich, diesen Barbie Anzug zu finden, er hat zehn wunderschöne kleine Röcke mit zehn Paar Schuhen. Es gibt auch zehn süße Taschen, und zehn kleine Kleiderbügel können den Rock umarmen. Kann den Rock gut schützen.",5
179450,"Die Tabaktasche ist super verarbeitet und ist auch ein echter Hingucker! Man hat Platz für alle wichtigen Utensilien wie Tabak, Filter und Papes, wobei man bei den Papes die doppelt gereihten verwenden sollte, wobei auch die einfachen hinein passen. Bei neuem Tabak wird die Tasche leicht dick, aber das ist ja normal. Ich finde es vom Preis/ Leistungsverhältnis echt gut und hoffe, dass ich mich noch lange an ihr erfreuen kann :)",5
198932,"Eine sehr schöne praktische Kaffeedose im Zeitlosen Ambiente.Hält den Kaffee lange frisch und sieht dazu TOP aus. Praktisch auch noch der Kaffeelot dazu, mit der magnetischen Halterung.So hat man ihn immer parat. Das ganze Zeitlos, Elegant und Ideal.TOP+++++ Kann ich nur empfehlen, besseres kenne ich nicht!!",5
177652,Die Hilfe ermöglicht einfaches Anbringen der Folie auch als Einzelperson!,5
162863,"Ich habe diese Kette für meine Schwester gekauft. Ich finde ein Lebensbaum in Herzform einfach toll. Die Kette sieht wirklich sehr edel aus, auch wenn ich Anfangs skeptisch war Sie nicht wirklich teuer ist. Ich dachte das Sie sicher bald abreißen wird, aber die Kette schaut wirklich sehr robust aus. Denke ich werde noch eine zweite bestellen. Alles in allem, eine super Qualität.",5
190483,"Das komplette Album beim joggen zu pumpen macht den Sport noch besser. Finde das Album insgesamt sehr gelungen, Ich hätte nichts wenn es irgendwann noch einen 5. Teil geben wird !",5
195103,Klasse! Wir hatten sehr viel Spaß mit diesem Henna-Set.,5
177792,"Super Tasche, Gurt auch für große Personen einstellbar. Verwende die Tasche jetzt seit 2 Wochen und das Material fühlt sich sehr wertig an, die Reißverschlüsse sind gut verarbeitet und mit den Innenfächern hat die Tasche sogar ein wenig Stabilität, d.h. sie fällt nicht gleich in sich zusammen.",5
173553,"Die Steckdose ist echt praktisch. Hab öfter gleichzeitig mehrere Sachen mit USB zu laden, und für diesen Zweck ist sie wirklich gut. Funktioniert einwandfrei",5
195627,Habe diesen Artikel schon einmal vor einem Jahr gekauft super Qualität halten sehr gut die Form und die Farbe sehr zu empfehlen,5
170459,Absolut empfehlenswert. Ich war total begeistert. Sehr gute Verarbeitung. Alles topp nummeriert. Gute Anleitung. Schrauben alle einzeln verpackt. Ganz großes Lob. Alles perfekt. Weiter so,5
160426,"Sehr gute Qualität. Leider nicht mehr gepasst, daher zurück. Schnelle Rückgabe durch den Verkäufer. Vielen Dank! Empfehlung.",5
193174,Funktioniert bestens und sehr einfach zu installieren.,5
196611,"Top Ware,schnelle Lieferung",5
176372,"Habe mir dieses Armband eigentlich für mich gekauft,aber meine Freundin hat es so gut gefallen dass ich es ihr Geschenkt habe und ich habe es mir nochmals bestellt und zwar gleich in Gold und Silber.De Armbänder sehen echt toll aus und man sieht kaum ein Unterschied zwischen echtem Gold oder Silber.",5
169183,"Ich mag diese Uhr wirklich. Dies ist meine tägliche Aufgabe. Wunderschön leuchtet in der Nacht. Es ist ziemlich einfach, die Kette an Ihr Handgelenk anzupassen. Es ist ziemlich einfach.",5
173179,Nach mehreren Versuchen mit anderen Schutzhüllen gefällt mir diese Hülle am aller besten. Ich kann sie auf jeden Fall weiterempfehlen.,5
189298,"Ja, passt nicht für die Hue Stripes, aber das hätte man wissen können, wenn man auf die Maße achtet. Da für meine Dusseligkeit das Produkt nichts kann, klare 5 Sterne, weil ansonsten super. Gruß Thorsten",5
188959,Schnelle Lieferung. Artikel wie beschrieben.,5
175901,"Alles prima, Größe entspricht der Angabe. Tolles Kostüm für den Straßenkarneval. Farbe neongrün ist schön auffällig.",5
198158,"Ich habe schon mehrere Vakuumtüten, auch spezielle mit der Luftabsaugung via Staubsauger. Aber ich habe mir diese hier extra gekauft; ich möchte welche ohne Luftpumpe – für den Urlaub. Hier ist mir das freundliche Design ins Auge gefallen und gefallen, dass sie sehr leicht sind und günstig. Die Kleidung wird gefaltet aufeinandergelegt und ab in diese Tüte damit. Dann habe ich den Reißverschluss fast zugemacht und von hinten angefangen, alles fest in Richtung Reißverschluss zu rollen. Reißverschluss komplett schließen und fertig ist die Komprimierung sowie ein Rundumschutz der Kleidung zB vor hoher Luftfeuchtigkeit etc. und wenn der Zoll meinen Koffer ansieht, sieht es gepflegt und ordentlich im inneren aus. Alles andere ist doch peinlich. Sehr angenehm war bei der Öffnung des Pakets auch, dass nichts nach Plastik gerochen hat. Da bin ich sehr empfindlich und würde meine Kleidung darin nicht aufbewahren wollen! Da der Preis so günstig ist, werde ich noch welche nachbestellen und die Saisonkleidung darin verstauen. Sehr zu empfehlen!",5
188555,"Dieses Gerät ist super schlicht und super und Einfach zu bedienen. Es ist eine Fernbedienung dabei um es noch besser zu benutzen. Wir haben schon mehrere diffuser aber das ist unser liebster bis jetzt. Vom Design her ist er schön schlicht gehalten. Für mich ein tolles Produkt , welches perfekt in unser Badezimmer passt",5
175128,Super schnelle Lieferung... bin vollstens zufrieden mit dem Ergebnis und der Qualität...,5
196583,"Klasse Teil und super schnell bei mir. Zur Anwendung Es funktioniert perfekt und ich habe gleich meine ganzen Schubladen durchgesucht und alles verschweißt. Da es im Doppel Paket ankam, habe ich eines meiner Freundin geschenkt, die ist genau so begeistert Dankeschön",5
182459,"Sehr schöne Steine, sehen echt edel aus. Schöne Verarbeitung und funktionieren sehr gut. Endlich keine wässrige Brühe mehr im Wiskey. Man muss nur mehr Steine nehmen als man sonst Eiswürfel verwenden würde um den gleichen kühlenden Effekt zu erhalten, aber den Dreh hat man schnell raus wie viele Steine man braucht.",5
160565,Toll es Fahrrad. Einfach zusammen zu bauen. Schade nur das kein Licht vorhanden ist und das der Gepäckträger keine Funktion hat. Mit kleinem Körbchen wäre es definitv noch beliebter. Sonst super zufrieden.,5
177620,Sehr gute Erfahrung mit den Tabletten! Schnelle Lieferung.,5
175230,"Ich habe im Voraus für Weihnachten die Darda Produkte bestellt und habe es trotzdem vorher schon ausprobieren müssen. Der Aufziehmechanismus der Autos erinnert mich an die Spielzeuge meiner Kindheit und so möchte ich auch, dass meine Kinder damit Spaß haben wie ich früher.",5
193771,"Wunderbares Produkt. Sieht sehr langlebig aus. Gekauft vier verschiedene Farben und sie sind sehr lebendig. Ist auch sehr geringes Gewicht. Liebe, wie es aussieht und sich anfühlt. Kauft definitiv mehr Farben, um alles zu koordinieren. Einfach anzubringen um zu sehen. Liebe es!",5
193919,"Super Qualität, schnelle Lieferung und super Design. Habe es verschenkt und kam sehr gut an.",5
191813,"Schnell geliefert und aufgebaut, leider kein Anschluss für Umwälzpumpe.",5
162915,Nach 24 Stunden sind Farbe und Lack einfach zu entfernen.,5
181231,Ich bin sehr zufrieden mit der Tastatur. Funktioniert einwandfrei,5
195497,"in einer sehr schönen, Robusten Verpackung. Das einsetzen war sehr leicht, da das Material eine Art leicht flexibles Gummi ist. Das Material der Hülle ist nicht zu dick und nicht zu dünn. Stürze aus Hüfthöhe sollte es lindern können, bei höheren Stürzen bin ich skeptisch.",5
188972,schnelle Lieferung tolle Ware,5
180576,"Ist gute Qualität , hält immer noch",5
195393,Die Bandage ist sehr gut angenehm zu tragen ich kann nur weiterempfehlen,5
8971,"Versand ging zügig, gut verpackt und sieht stabil aus. Leider funktioniert das gute Stück aber immer mal wieder nicht, dann muss es aus dem Netzteil und irgendwann lädt das Handy dann wieder. (Verschiedene Netzteile ausprobiert, Problem taucht immer wieder auf.) Ist für zwischendurch ganz nett, aber nicht wenn man sich drauf verlassen muss, dass es über Nacht lädt.",1
21656,"Eigentlich hübsch und machst einen stabilen Eindruck, aber jetzt nach einem halben Jahr ist eine Ecke eingerissen (siehe Foto). Keine Ahnung wie das passieren konnte. Das iPad steht ständig auf dem iPad Halter und wird nur zuhause genutzt. Also sollte eigentlich nicht so schnell abgenutzt sein. Die vorherige Hülle hat min. 4 Jahre gehalten. Ich würde demnach diese Hülle nicht mehr nachkaufen. Aber kann ja sein, dass ich einfach Pech hatte. Muss daher jeder selbst wissen/ausprobieren.",1
4496,"Die Lieferung hat wirklich sehr sehr lange gedauert und der Verkäufer hat’s ich auch nicht wirklich drum gekümmert. Die Wimpern sahen in echt dann wirklich anders aus und einfach nicht schön Sodas ich sie tragen möchte. Schade, da ich mit Blue Vessel bis jetzt nur schlechte Erfahrungen gemacht haben.",1
7184,"Ein Stern, weil Null nicht gesetzt werden kann. Alles beschädigt. Spiegel in tausend Stücke. Nahtlose Fugen und Ecken alle genäht. Sehr schlecht. Ich habe es nicht geschafft, weil ich wieder alles kaputt kommen würde. Keine Worte. Kaufen Sie nicht. Nicht ernst",1
26186,Also wer auf Qualität setzt ist hier nicht gut bedient. Einfachste Plastikausführung. Da bricht schnell mal was ab. Vom Sound her nicht besonders gut. Um vielleicht mal eine Märchen-CD abspielen zu lassen ok. Aber für gute Musik nicht zu empfehlen. Ansonsten sieht die Anlage nett aus und einfachst zu bedienen.,1
31964,Kein europäisches Handy der Verkäufer kann kein Deutsch und englisch keine iben Nummer verfügbar Finger weg vom Handy nach ein Monat defekt,1
12155,"Leider halten die Klebehaken nicht, nach kurzer Zeit fallen sie einfach ab.",1
6310,Hat einmal funtioniert dann nie wieder.,1
36816,"Dieses Spiel ist ohne sich Stunden anzumelden nicht spielbar. Leider, das nervt. Hätte ich es vorher gewusst, dann hätte ich dieses Spiel nicht gekauft.",1
22705,Zu klein die Qualität ist nicht die erwartet.,1
30399,"was nütz mir ein Schutzglas, wenn das Display (fingerabdruck usw.) nicht mehr reagiert?",1
9733,Bestellt am 6. August 2017. Angeblich zugestellt am 2. September 17. Habe die Ware nie erhalten. Eine Sendungsverfolgung war natürlich auch nicht möglich.,1
16382,Leider ist die Folie sehr klein und reicht nicht bis an den Rand des Displays. Montage der Folie klappte gut.,1
27295,Der Versand lief einwandfrei. Leider kam der Artikel defekt an. Es kann nicht genug Druck für den Strahl aufgebaut werden. Sehr schade. Mein kleiner Cousin hatte sich schon so gefreut.,1
37717,Eine absolute Frechheit! Eine Figur!!!!!! Das ist ein Witz!!! Und dann kann die nicht mal aussuchen... echt schlimm da wird man echt für dumm verkauft!!!,1
7844,Schließe mich den Vorrednern voll und ganz an! Die schlechteste Qualität was es gibt. Schlauch rutscht aus dem Verbinder und das Gewinde überdreht sich!,1
19722,"2 Akkus bestellt, beide binnen weniger als 2 Wochen defekt, iRobot läuft max. 10 min. mit neuem Akku, obwohl dieser Akku für den Typ des iRobot spezifiziert ist.",1
5685,"Leider muss ich nur einen Stern geben. Der Piercing an sich ist sehr schön, nur qualitativ sehr schlecht! Bereits am zweiten Tag ist mir während des Tragen die Blume abgefallen. Habe sie dann selbst mit Sekundenkleber wieder dran geklebt. Hat aber leider auch nur ein paar Wochen gehalten. Echt schade!!!",1
29395,Wenn man den Artikel schon zerbrochen in die Tüte legt. Sollte man wenigstens alle teile dazu legen,1
30774,"Erstattung bis heute nicht erhalten. Uhr schon vor über 2 Wochen zurückgeschickt, die Belege vom Paketshop habe ich noch da.",1
37991,"Die Matte ist in Ordnung - der Geruch sehr gewöhnungsbedürftig, wird aber besser :-). Enttäuscht bin ich eher vom nicht vorhandenen Kundenservice.",1
12226,"Wenn mein Nachbar sein Auto öffnet dann öffnet sich auch mein Garagentor. Reagiert auf alle VW, Audi usw Schlüssel. Daher nicht wirklich brauchbar.",1
21765,"Produkt taugt nichts. Das Smartphone hat eine passive Laufzeit von 2 Stunden. Kopfhöhreranschluss ist defekt. Das Betriebssystem führt dazu, dass das Smartphone sich selbst mit Apps etc zumüllt. Habe es bereits zurückgesetzt etc.. Nichts hilft mehr als wenige Stunden. Das Produkt wurde vor 3 Monate erworben. Finger weg!!!",1
12120,"Die Fernbedienung ist bis heute nicht angekommen. Daher war ein Test nicht möglich. Erstattung steht ebenfalls aus. Lt Techniker ist es zwingend notwendig, dass ein Klinke vorhanden ist. Da es eine Aussentür ist, ist jedoch kein Drücker installiert/vorgesehen.",1
24353,"Leider hat das Ding nicht lange gehalten, nach 2 Wochen nach vorherigen sehr ungenau werden, war sie schon kaputt. Geleuchtet hat sie aber mega hell, das war wirklich positiv.",1
24016,Habe den Badeanzug in xxl bestellt die tatsächliche Größe ist höchstens M! Zudem handelt es sich um minderwertigen Stoff. Rücksendung beantragt!,1
28281,Viel zu dünn gepolstert und sehr billig verarbeitet. Es ist das Geld nicht wert.,1
13902,"Ich bin wirklich enttäuscht! Das schwarz ist eine absolute Enttäuschung, dass Geld hätte ich auch zum Fenster raus werfen können. Kaum Farbabgabe und total ungleichmäßig. Vielleicht ein Montagsprodukt weil ich mit den anderen Farben sehr zufrieden bin?!",1
13889,diese uhr ist für meine enkelin.deshalb wollte ich eine 24 stündliche anzeige.aber die gibt es nicht auf dieser uhr.das könnte man in der produktbeschreibung dazu schreiben.somit ist es eine falsche produkt beschreibung.,1
15854,Einfach nur Billigware! Traurige Qualität,1
33385,1) 8 Wochen wartezeit. 2) sieht nicht aus wie auf dem Bild 3) Billiger Stoff ........uvm Es ist frech so etwas zu verkaufen mein Schrott der kam Heute an der Stoff stinkt ist Billig und hätte ich mir auf dem Flohmarkt kaufen können.Ich bin wenigsten froh mein Geld wieder bekommen zu haben aber auch nur weil ich jeden Tag die Verkäufer Kontaktiert habe. Also Ich rate jedem davon ab.,1
16490,"War einbischen enttäuscht, es sollten 5 Produkte sein vom HSV 1 Paket mit 3 Kugelschreiber, 1 kofferanhänger und eine Handy Hülle für Samsung S6 ( besser wäre nach zu fragen welches Handy man hat)",1
22241,Bis heute nicht angekommen,1
17531,"Der Stoff der Tasche ist recht hart. Was sie aber unbrauchbar macht, ist ein furchtbarer, beißender Gestank nach Chemie. Sie ging sofort zurück.",1
5362,Lieferung verspätet. Kb hat einen leichten defekt- ebenso die 16kg Kb. Werde nichts mehr bestellen!!!,1
26561,"Bringt nichts.. Katzen kommen trotzdem durch, selbst mit 2 Ringen um den Baum. Die Abstände sind zu groß. Schade, da haben die Vögel einfach Pech gehabt. Leider",1
32469,"1. Blitz - defekt Austausch 2. Blitz - nach 2 Monaten wieder defekt In dieser Baureihe scheint der Wurm zu sein. Ich war bis jetzt immer sehr zufrieden mit den Yongnuo Blitzen, aber bei diesem Modell stimmt etwas nicht.",1
12437,"Ich habe schon für zahlreiche Displays Schutzfolien gekauft, aber so schlecht war noch keine. Da es sich bei dem Handy um ein gebogenes Gehäuse handelt, war ich schon skeptisch. Aber dass das Glas nicht mal glatt aufliegt. Es wird versucht eine grade Glasscheibe auf ein gebogenes Display zu kleben. Das Ergebnis kann man sich vorstellen. Finger weg!",1
27135,"Teure Einheiten im Wettbewerb und schlechte Qualität, da sie zu Dampf rosten!",1
17161,"Ich empfinde dieses Teil als Nutzlos, zudem scheint er für sehr kleine Menschen gemacht zu sein. Die Polster kratzen.",1
24582,"Ich habe ein leeres Paket erhalten und nach telefonischem Kontakt mit der österreichischen Firma die Zusicherung bekommen, dass mir der Artikel in den nächsten Tagen zugesendet wird. Dieser kam jedoch nie an und auch auf mehrfache Nachfrage und Email kam keine Reaktion mehr",1
30608,"Der Artikel kam schlecht verpackt und eindeutig gebraucht (Fingerabdrücke auf Gehäuse und sogar Objektiv) an. Die Gehäusefarbe ist nicht weiß (wie auf den Bildern suggeriert), sondern eher creme (diese unschöne Cremefarbe, wenn etwa billiges, weißes Plastik lange der Sonne ausgesetzt war). Das Setup ist recht einfach, jedoch werden keine Sonderzeichen (wie etwa ""&"") im WLAN-Passwort akzeptiert !! Zusammengefasst: Finger weg !",1
12158,Verpackung war beschädigt und M 8 fehlte beim auspacken,1
20028,Ich habe den Rucksack wie abgebildet bestellt (vorne schwarz) doch bekam ihn in Pink! Geht sofort zurück und wird auch nicht wieder bestellt!,1
18202,"Leider sind die Patronen für mich raus geschmissenes Geld gewesen. Ich habe die auf ""Vorrat"" gekauft und wollte sie nun wechseln. Leider erkennt der HP Office Jet Pro 6970 die Patronen überhaupt nicht. Ich habe diese dann gereinigt und den Drucker auch noch einmal vom Strom genommen. Aber leider immer noch nicht erkannt. Leider kann ich sie nicht mehr zurück schicken, da ich diese ja aufmachen musste. Total enttäuschend!",1
21981,das es nach 3 tagen schon Defekt ist und ich wieder eine neue brauche,1
3412,"Das Schutzglas halt mal gar nicht und wenn es hält dann hat man gut einen Rand von 0,5 mm der sich nicht fest streichen lässt. Bin echt enttäuscht",1
23035,"Auf Fenster super, auf glasflaschen oder einem Kalender leider nicht. Auch ohne Wasser nur per Hand Abwischbar Stiftspitze splittert sehr schnell wenn man die Kappe aufsteckt.",1
35048,Passt leider aufs S8 nicht so richtig. In der Mitte bleibt Luft. Touch dann auch sehr schwer.,1
11741,"Ich habe neulich mit dem Reiniger meinen Grillrost eingelassen. Handschuhe habe ich keine getragen da ein Reiniger zwar nicht hautfreundlich sein muss, aber doch vielleicht ein bisschen weniger aggressiv sein könnte. Als ich beim einsprühen einen schmierigen eigentlich einen schon Laugen-ähnlichen Effekt spürte, kam mir dies schon komisch vor. Nur mit sehr viel Wasser ging die Lauge ab. Zwei Tage später sah ich dass ich durch den Reiniger eine sehr raue schuppige Haut bekommen habe. Erst nach 7 Tagen mit intensiven eincremen war die Haut wieder neutral. Den Reiniger habe ich in den Rundordner befördert. Danke NEIN nicht nochmal.",1
20411,"Am Anfang hatte der Toaster eine sehr unangenehme Geruchsbildung. Es roch sehr stark nach angebranntem Plastik. Und jetzt nach einem Jahr hat eine gar keine Funktion mehr, Totalausfall. Wir bekommen ein neues Gerät zugesandt. Mal sehen wie lange dieser hält ...",1
32291,nach einer Woche schon kaputt die ecken der schalle schon ausgebrochen keinen Cent wert,1
25562,Entspricht nicht meiner Erwartungen Besser man macht es auf die alt modische art und weiße es kann sich jeder denken was ich damit meine,1
36735,"Entgegen der Beschreibung funktioniert 4K über HDMI weder mit einem Dell XPS 13 noch einem Macbook. Außerdem löst sich die Kunststoffverkleidung, wenn man einen USB-Stick wieder herauszieht (siehe Foto). Ärgerlich, habe den Adapter wieder zurückgeschickt.",1
1743,"der Preis ist für diese ""Qualität"" absolut nicht gerechtfertigt, die Ohrringe sind dünn und instabil. Ich würde für die keine 5 € bezahlen. Gehen zurück...",1
7426,"Wenn ich meinen Hautkrebs los bin,gebe ich Bescheid Mit freundlichen Grüßen Dietmar Eckert",1
7338,"DUPE, ist das Geld leider nicht wert. Die Farben bröckeln und geben dabei kaum Farbe ab. Wenn ihr Geld sparen wollt geht lieber nach dm und kauft da eine Palette ein, denn die wird immer noch viel besser sein als das hier!!",1
5995,Die Maske ist viel zu groß.,1
36991,Große Probleme trotz Rückgabe seit einigen Wochen noch immer keine Erstattung,1
20535,"Habe den Stanzer 3 Mal benutzt und schon haben sich die Stanz-Stifte nach oben geschoben. Leider bekommt man den Stanzer nicht geöffnet um das Problem zu beheben... Die 3 Mal die er gestanzt hat, war das Ergebnis super.",1
15121,Sehr schlecht verarbeitet. Beschädigt angekommen.,1
21420,"Der Milchschäumer muss nach jedem Gebrauch gereinigt werden. Dazu muss man mit der Hand tief in das Gerät greifen um den Schneebesen zu entfernen, was schon bei einer Hand (Handschuhgröße M) nur mit Mühe gelingt und für größere Hände ohne Hilsmittel unmöglich ist. Kommt das Gerät nicht aus China? Die Gebrauchsanweisung hält auch noch eine Überraschung parat: auf Seite 11 liest der Käufer ""... nach dem Drücken der oberen Taste .."" und etwas später "" ... Taste unter drücken ..."" gemeint ist wohl ""Taste unten drücken"" (Druckfehler ok), nur es gibt am gelieferten Gerät und der Abbildung neben dem Text nur eine (!) Taste. Die Recherche im Internet ergab: es gibt ein Modell mit zwei Schalter und meinem Grät muss der Schalter unterschiedlich lang gedrückt werden. Nein Danke! Ein Stern für die sorgfältige Verpackung.",1
19111,Würde es 2 Nummern größer bestellen.,1
34562,Zu lange Lieferzeit. 6 Wochen geht gar nicht.,1
77027,Anders als erhofft. Spritzt und tropft in alle Richtungen. Einstellmöglichkeiten sind da aber irgendwie reicht mir das nicht. Für das Geld hab ich mir echt mehr erhofft. Verpackung in Ordnung Versand hätte etwas schneller sein können. Hab mich da wohl auf die tolle Optik verlassen. Der angesprochene Kleber der nicht zu entfernen geht ist tatsächlich ne Katastrophe und man kann ihn nicht rückstandsfrei wegmachen. Zumindest nicht auf Anhieb.,2
58303,"Leider hat der Artikel optische Mängel, der Verkäufer kann aber nix dafür, liegt am Material dieses ist nicht Hochwertig kann man aber für den Preis nicht erwarten. Der Glitzer ist nur Folie die sich nach und nach Ablösen wird. Dies ist jetzt bereits bei Lieferung der Fall an der Öffnung der Kamera",2
49399,Für Kinder echt lustig aber zu teuer,2
58169,"Also wer mega gute Haftung will, die gibt es. Für mich zu viel. Mein Handy klebte immer daran fest. Und es war fast unmöglich es von Auto abzubekommen.",2
60188,Für diesen Preis sollte die Qualität besser sein. Ausgebrochen!!!!,2
65554,"Gute Grösse für ein Reisestativ, Gewicht ist auch in Ordnung. Leider ist die Arretierung für die ausziehbare Beine aus Plastik. Diese ist bei der 2 Reise bereits defekt. Kann das Produkt so nicht weiter empfehlen.",2
48149,"Habe mir die Handschuhe bestellt, da ich gehofft habe das sie für den Winter geeignet seien. Da ich sie jeden Tag brauche um zur arbeit zu fahren. Habe sie bei Temperaturen um die 0 Grad ausprobiert. Nur leider haben die nichts an wärme gehalten.",2
67741,ich habe mir von dem Film mehr versprochen. Mehr wie 2 Sterne ist er nicht wert. Muß demnächst bei der Filmauswahl besser hinschauen,2
61317,"schöne Farbe, geräumig, aber nicht so stabil, da gibt es bessere Alternativen für diesen Preis (der natürlich günstig ist)",2
54712,"Habe 4 Stück gekauft, leider funktionierten 2 davon bereits nach einem Tag nicht mehr.",2
43244,"Habe die Box für meinen Welpen bestellt. Optisch machte sie einen guten Eindruck. Der Gebrauch selber ist schwierig. Die oberen Stäbe die man in einander stecken muss gehen andauert auseinander, dass einfach keine Stabiliät vorhanden ist und der Hund wie in einem Zusammengeklappten Kartenhaus sitzt.",2
63480,Für den Preis ist es ok. Aber drauf spielen lässt sich nicht so gut.,2
77059,Finde es ok nur der Versand machte die Hälfte von Body aus das finde ich zu teuer leider hab ich das zu spät gesehen würde ich nicht mehr machen 😐,2
50373,"Was ist nur los mit diesem Lieferanten? Schon die zweite Lieferung ohne Lieferschein, ohne Rechnung und ohne extra im Lieferumfang ausgewiesene Schnellinstallationsanleitung! Das ist nun das zweite Mal! Nun längst!",2
46922,War nicht so wie erwünscht,2
70454,Es verspricht Geruch na ja wer es mag Farbe ist lila aber auch nach längeren einwirken ist auf blond nichts sichtbar und der Gelbstich bleibt sich nach mehrfacher Anwendung,2
66584,Leider schon nach dem zweiten Tag Macken am Lack gehabt. Habe auch den Base- und Topcoat von Bluesky benutzt. Farbe ist auch mit zwei Schichten nicht wirklich deckend.,2
55363,"Es ist nicht möglich gewesen, mit den mitgelieferten Werkzeugen das TOMTOM zu öffnen. Die Glasscheibe ist dabei gebrochen. Ende.",2
66870,Da staunt man beim Auspacken nicht schlecht: Aus dem Strahler ragt ein Kabel mit drei blanken Enden. Stecker - Fehlanzeige! Also muss jetzt erst mal ein passender Stecker montiert werden.,2
76796,"Das ist bereits das zweite Gerät, das unter 2 Jahren defekt ist. Das erste Gerät nach etwas mehr als 1 Jahr. Dieses (angeblich technisch verbesserte) Gerät (Version 2) nach nunmehr 1 Jahr und 9 Monaten. Werde dieses Gerät nun nicht mehr kaufen.",2
63374,"Der Topf sieht sehr gut aus, alles ist super mit Kochen. Aber: ein Griff riecht schrecklich. Nach einem Monat riecht er immer noch. Und ich kann den Topf in der Spülmaschine nicht spülen, weil ganzes Geschirr gleichen Geruch danach hat.",2
71050,Sehr saubere Verbrennung und durch viele kleine Pakete sehr handlich und sauber.,2
40418,"Die Inhaltsstoffe sind für mich nicht identifizierbar. Es ist weder eine Gebrauchsanweisung noch eine Kennzeichnung über die Verträglichkeit (CE) vorhanden. Da China ja mit Chrome 6 (Krebserregend) recht unbedarft umgeht, werde ich mir sicher nicht so eine Pampe auf die Haut schmieren. Zwei Sterne nur für den schnellen Versand. Nebenbei sinkt es wirklich heftig.",2
74249,Spiegel war ab.. komische Konsistenz,2
72894,"Wenn man in solch eine Uhr nur ein paar Cent mehr in die Herstellung bzw. deren Komponenten investieren würde, wäre das eine echt schicke und stylische Uhr. Idee super, Optik super, aber dann hört es, mit den positiven Dingen, auch leider schon auf. Nach wenigen Tagen leuchteten einige Balken der Uhrzeitanzeige nicht mehr, das laute Gepiepse beim Einstellen der Uhr war schrecklich und erinnerte mich an eine Kaugummi-Automaten-Uhr aus den 80ern, die kurz vor'm Kaputtgehen ist und vier neue Markenbatterien waren binnen einer Woche leergesaugt. Idee eins, Umsetzung sechs. (Leider) zurück zum Hersteller...",2
77335,"Der Ständer/Halter ist gut. Der Aufschäumer selbt ist zwar stark, verbraucht aber im Vergleich zu anderen Aufschäumern sehr schnell die Batterien. Ärgerlich finde ich zudem, dass es keine Markierungen gibt, wie herum die Batterien einzulegen sind. Ich werde diesen Aufschäumer aufgrund des hohen Stromverbrauchs und aufgrund des m. E. schlechten Preis-Leistungsverhältnis bestimmt kein zweites Mal kaufen.",2
77161,Nicht so toll! Zu dick und lässt sich schlecht übrr Lockenwickler ziehen.,2
59896,"Leider ist der Sound im Vergleich zu meinem anderen Bone Conduction Kopfhörer sehr dünn und die Lautstärke lässt ebenfalls zu wünschen übrig. Für Gespräche gut, für Filme oder Musik ist er nicht geeignet.",2
76770,"Leider habe ich total stumpfes Haar als Erhebnis gehabt, die Locken halten nicht lange trotz festiger und Haarspray, als reiner Glätter nicht besser als günstigere Modelle.",2
44512,Produkt ist zu steif,2
68213,"Produkt sieht sehr schön aus, war leider defekt",2
76199,"Die Leinen lassen sich leider gar nicht fest spannen, sodass sie durchhängen. Da die Wäschespinne an sich schon sehr niedrig ist, kann man nur sehr leichte und kurze Textilien aufhängen, da die Leine ansonsten zu stark durchhängt und Handtücher so schnell den Boden berühren. Die Wäschespinne steht auch nicht wirklich stabil am Boden fest, so dass sie sehr leicht kippt. Ich kann vom Kauf nur abraten und hoffe den Artikel zurücksenden zu können.",2
72190,"Im Vergleich zu einem alten Gerät von Tefal auf dem Made in France steht ist die Qualität nicht so mein Fall, dieses Gerät ist Made in China. Der Filter ist fummelig, auch mit kleineren Händen. Die Tasten finde ich eher schwammig. Der Kocher steht wackelig auf dem Standfuß, und wackelt ordentlich hin und her sobald das Wasser sprudelt. Das Gerät wird sehr heiß, nicht doppelwandig oder sonstwie isoliert. Zumindest bei uns schaltet sich das Gerät nicht automatisch ab, das Display bleibt an. Also wir müssen von Hand abschalten oder Stecker ziehen. Das Piepen ist nicht sehr laut, es piept aber selbst, wenn man das Gerät nur runter und wieder drauf stellt.",2
53037,"Leider ging aus der Beschreibung nicht hervor, dass die DVD nicht deutschsprachig ist. Der Kontakt zum Verkäufer war unproblematisch serviceorientiert.",2
65360,"Das Kleid ist echt schön und passte auch gut. Leider hat es sich jedoch nach ca. 3 Stunden angefangen unten an der Naht vom Tüllstoff aufzulösen und lange Fäden zu ziehen. Das war echt schade, da ich mich dadurch echt unwohl gefühlt habe. Vom Verkäufer erhielt ich darauf leider bis heute keine Antwort. Für ein Fotoshooting ist das Kleid durchaus geeignet, jedoch nicht, um sich damit zu bewegen.",2
45831,Leider wie auf dem Bild schon defekt am Schaumstoff geliefert. Bei dem Preis dürfte das nicht sein. Meine Tochter störte es nicht die hat es geklebt,2
77840,Habe das Hemd schon vor einiger Zeit bestellt jedoch jetzt erst den Anlass gefunden es zu tragen. Es ist etwas groß also würde es eine Nummer kleiner bestellen als gewohnt. Fühlt sich aber angenehm auf der Haut an und sitzt auch ganz gut. Preis Leistung passt,2
71222,Nach dem Auspacken roch der Regenschutz ziemlich chemisch. Außerdem ist das Material sehr hart und steif. Ich würde dieses Produkt nicht noch einmal kaufen.,2
76217,"Schrauben schwer, bis gar nicht lösbar, schlechte Verarbeitung der Schrauben. Musste Gerät zurückschicken, weil ich das Gehäuse nicht öffnen konnte, da sich ein Schraubengewinde so abgescheuert hatte ( durch den Schraubenzieher ), dass ich die eine Schraube gar nicht lösen konnte. Die Lieferung war aber sehr schnell da und man reagierte schnell auf meine Beschwerde. Ich warte jetzt auf den erhofften Ersatz nach der Retoure...darum erstmal 2 Sterne- bei zufriedenstellendem Ersatz 3 Sterne und wenn das Gerät dann noch meinen Ansprüchen gerecht wird, könnt ich noch einen vierten vergeben.",2
58104,"Einfache Montage! Leider hat sich schon nach einmaligem Fensteröffnen das Klebeband vom Fenster gelöst, obwohl wir vorher gereinigt und die Wartezeit von mind. 2 Stunden locker eingehalten haben. Wir würden den Artikel nicht weiterempfehlen.",2
49730,"schönes cover , dabei bleibt es auch . der film ist von anfang bis ende auf billig produziert nichts für liebhaber von SYFY",2
45417,Mein Fernseher hat einen besseren Klang. Ick kann diese Soundbar nicht empfehlen,2
45056,"Sollte für Kinder ab 3 Jahren sein, die haben aber nicht so viel Puste, die das Saxophon braucht",2
47177,"Positiv war die schnelle Lieferung und der erste Eindruck! Doch leider kam dann das Übel. Die eine Kralle, die das Tablett halten soll ist beschädigt und abgeschürft, sodass das Tablett nicht sicher in der Hülle gehalten wird. (siehe Bild) Entweder handelt es sich bei dem Produkt um ein zurückgesendete und gebrauchte Hülle oder die Qualitätskontrolle beim Versand hat versagt!",2
70914,"Ständige Aussetzer, keine automatische Wiederverbindung, für mich nicht zu gebrauchen",2
61500,"Ich habe die leider die falschen papers bekommen. Hatte die ""unbleached"" bestellt aber die ""normalen"" bekommen. Ist jetzt kein Weltuntergang aber trotzdem ärgerlich.",2
72696,"Die Klingel sieht wunderschön aus, allerdings klingelt/hupt sie nicht.... Es ertönt kein Ton, egal wie feste man drückt...",2
73881,"Ansich ist die Folie nicht schlecht, 3 einzeln verpackte Panzerfolien und nochmal 3 separat verpackte Bildschirm-Reinigungssets für den Preis sind absolut angemessen. Das große Problem ist allerdings, dass die Folie zu schmal ist und so ein sehr unschöner Rand rechts und links entsteht (siehe Bilder), da die Folie als passend für das Huawei P20 beworben wird kann ich hier leider nicht mehr als 2 Sterne vergeben.",2
42794,Ich bin eher enttäuscht vom Sandwichtoaster. Ich finde es dauert ziemlich lange bis der Sandwich fertig ist und er hat auch kein Abschaltung System.,2
45292,Köder wird von Mäusen nicht angenommen,2
41848,"DIE DRITTE ZEITUMSTELLUNG UND DIE UHR MACHT GAR NICHTS.JEDES MAL BATTERIE RAUS UND REIN DANN KOMMT DIE KORREKTE ZEIT.WÜRDE SIE NICHT MEHR KAUFEN,GEHT AUF GARANTIE ZURÜCK",2
76915,"Die Uhr schaut auf den Fotos viel besser und hochwertiger aus als sie tatsächlich ist. Aber das schlimmste daran ist, das der Verschluss (der gar kein richtiger ist !!!) immer wieder von selbst aufgeht. Das ist mehr als nervig. Finger weg von dem Teil...",2
50402,"Beacon H11 - Erster negativer Punkt: die Lampe ist nicht wie abgebildet geliefert worden, der Glaskolben ist komplett hellblau eingefärbt. Optisch ist ihr Licht damit etwas weißer, aber ein einen erkennbaren Vorteil konnte ich heute Abend im Regen nicht erkennen. Ich sehe damit keinen Vorteil zur serienmäßig verbauten H11 Birne. Allerdings ist der Preis okay, ist aber nicht was ich mir erhofft habe.",2
57004,"Diese Bohrer entsprichen keiner Profiqualität! Wenn man Stahl bohrt kommt man mit diesen Bohrern auch sehr schnell an die Grenzen, da die Bohrer sehr stumpf sind. Lediglich der niedrige Preis überzeugt! Wer also nur gelegentlich in Alu, Platik und Holz bohrt kann mit diesem Satz gut leben! Wenn man allerdings Stahl damit bearbeiten heißt es: ""Finger weg!""",2
48253,"Der Schlüsselanhänger sieht toll aus und er kam schnell an. Dafür zweit Sterne, aber er ist sehr leicht, auch die Holzperle. Irgendwie dachte ich der Angänger ist stabiler, aber leider fühlt er sich billig an, auch wenn er schön aussieht. Für das Geld hätte ich mehr Qualität erhofft!",2
50089,"Wölbt sich an der Hüfte auf und ist allgemein echt schlecht geschnitten (Schultern, etc.). Die Qualität ist auch nicht großartig gut.",2
72389,.... total wackeliges Gerüst.... steine fallen bei kleiner Bewegung auseinander... in meinen Augen ist es das geld nicht wert!,2
52945,"Artikel geht direkt zurück. Habe im kompletten Haus identische Steckdosen... bei manchen passt es ganz gut (3 von 14 Benutzung wie vorgegeben möglich), bei anderen kommt die ""Sicherheit"" mit einem gefühlten Windstoss durch den Finger direkt wieder entgegen geschossen. Leider total unbrauchbar mit Kleinkindern im Haus. Zweck leider nicht erfüllt. Für den Preis gibt es besseres in doppelter Menge im Einzelhandel zu erwerben.",2
69703,"Nachdem wir die Schrauben angezogen haben, ist das Holz gerissen.",2
58686,"Die Folie ist keinesfalls vergleichbar mit einer Handyfolie. Qualität und Haptik sind sehr schlecht und wirkt einfach nur billig. Die Montage ist zwar relativ einfach (so lange man sich genau an das Video hält) und der Service ist auch ok. Trotzdem lieber ohne Folie, als solch eine Folie.",2
48117,Ich fande sie von ausehen sehr gut aber sie gehen sehr schnell kapput ich empfehle es nicht,2
47277,"Knapp 150€ zahlen und dann so eine Verarbeitung. Billiger Kunststoff, und beim rausdrehen der Schrauben ist ein Kopf durchgedreht und die Schraube kriegt man nicht mehr los... was notwendig ist wenn man die USB Ports verlegen will. Zur Funktion bin ich deswegen noch nicht gekommen.",2
71776,Habe leider Tischläufer statt Decke bekommen,2
50841,"Titel vielversprechend, nur in Darstellung, und Inhalt sehr dürftig. Immer das selbe. würde mir s nicht wieder kaufen",2
120533,"Guter Preis, schnelle Lieferung.",4
130342,"Top Sauger Ich benutze ihn zum Absaugen von Maschinen beim Heimwerken. Dabei stellt eine klare Optimierung der Werkstatt dar. Der Sauger verfügt über viel wertiger Zubehör und ist ein Muss für den kleinen Heimwerker. Negativ fällt auf, dass der Sauger sich statisch auflädt und größere Holzspäne dran haften-daher einen Stern Abzug.",4
157658,"Hält gut mit dem Klebeband und dunkelt sehr gut ab. Haben Sie gekauft um das Schlafzimmer wegen dem Baby zu verdunkeln. Einzig zu bemängeln ist, dass die Folie gefaltet ankommt und somit knicke aufweist. Diese sind jedoch im gespannten Zustand kaum mehr zu erkennen",4
130330,Schnelle Lieferung. Farben wie abgebildet . Schöne goldene Farbe. Gute Klebekraft. Alles wie erwartet. Bin mit der Qulität sehr zufrieden.,4
150000,Die bisherigen Bewertungen kann ich nicht verstehen. Läuft ohne Probleme,4
154485,"Armband passt gut auf die Fitbit Charge 2, der Verschluss ist raffiniert; leider sind die ersten Glieder (die an der Uhr) eher bläulich, was nicht ganz so gut aussieht.",4
124385,Wurde als Geschenk gekauft und die Kleine hat sich darauf sehr gefreut. Die Puppe ist süß.,4
140405,"Die Powerbank wurde schnell und zuverlässig geliefert. Es soll ein Geschenk zum Geburtstag meiner Freundin werden. Die Powerbank war bereits 75 % geladen. Dies ist der perfekte Ladestand zum Lagern und verschicken von Lithium-Ionen-Akkus. Die Powerbank ist etwas größer und schwerer als ich eigentlich gedacht hatte. Aber 10000 Milliampere wollen ja schließlich verpackt werden. Immerhin ist die Powerbank wirklich sehr flach und nicht so klobig wie manch andere. Die Powerbank hat zwei USB Ausgänge einmal ein Ampere und einmal 2,1 Ampere. Mitgeliefert wird ein passendes USB-Kabel um die Powerbank einmal am PC oder Laptop aufzuladen und natürlich um nachher das Handy an der Powerbank anzuschließen. Die Powerpack hat eine Ladestandsanzeige welche 25, 50, 75 und 100% anzeigt. Ich denke meine Freundin wird sich sehr über dieses Geschenk freuen.",4
137589,Sehr zufrieden mit meinem Geburtstagsgeschenk. Wir nutzen ihn für das schnelle sauer machen nach dem Essen und zwischen durch. Putzen kann man damit nicht wirklich. Aber für unsere Zwecke Tip Top.,4
131184,"Handlich, leicht und ergonomisch. Die Lackoptik des push knopfes zieht Fingerabdrücke an. Sehr Einfach zu befüllen und zu reinigen. Perfekt für Einsteiger geeignet.",4
153591,"Die Textmarker sind am Anfang ziemlich hart und fühlen sich an wie billige Filzstifte, mit der Zeit werden sie jedoch weicher und sie liegen sehr gut in der Hand. Sie markieren relativ gut und sind ihr Geld wert. Ich rate jedoch dazu, lieber erstmal die kleinere Packung zu kaufen um sie erstmal zu testen.",4
121657,"Sehr kuschelig, schön groß, daher auch für größere Kinder und Erwachsene geeignet. Einziges Manko, die Füllung kann nicht raus genommen werden, das fände ich hygienischer und auf Grund der Größe ist es so auch in einer kleinen Mikrowelle knapp, geht aber.",4
142611,"Sehr zufrieden mit dem Gerät. Ein Stern Abzug, da es etwas schneller aufwärmen könnte...was aber wohl bei dem guten Preis nicht zu erwarten ist.",4
136987,Sind etwas kleiner als gedacht aber trotzdem gut. Leider ist oft das gleiche in verschiedenen Farben drinn also Herzen und so das kann ich weniger gebrauchen aber der Rest ist super gut 😄.,4
148230,Ich habe es zur Geburt verschenkt. Kam sehr gut an.,4
133995,"habe Schallschutz-Set für Waschtisch gekauft, und Schallschutz-Set für WC wurde angeliefert. Aber Material hat ganz gute Qualität. Preiswert. Freundliche Kontakt.",4
152982,Preis/Leistung paßt sehr gut. Ich bin mit der Qualität zufrieden. Kann nur weiterempfohlen werden. ! ! ! ! ! !,4
154683,"Schöner Film, der einem doch etwas die Angst vor dem Alter nimmt. Man sollte fit bleiben und seinen Willen behalten dann kann man auch in hohem Alter seine Träume verwirklichen für die vorher kein Geld, keine Zeit oder der Freiraum fehlte. Die attraktive Sheila Hancock ist 1933 geboren und spielt diese Rolle hervorragend. Das nächste Reiseziel ist auch schon klar :-) nicht der Berg aber Schottland.",4
127551,"Mein Hund ist ziemlich heikel, ich hab einfach ein Anderes Futter ausprobiert. Es ist natürlich und getreidefrei, das ist mir wichtig. Mein Hund frißt immer portionsweise, nicht alles auf einmal, aber ich weiß nicht ob es am Futter liegt oder weil es einfach zu viel auf einmal ist. Sonst geht es ihm gut, er hat ein schönes Fell und die Verdauung ist auch in Ordnung.",4
142625,"Tolle Idee, die Eier rollen unkontrolliert durch die Gegend und die Hunde wild hinterher. Zu fassen bekommen sie es aufgrund der Größe nicht, was sie doppelt antreibt. Bauartbedingt sind sie im Haus sehr laut auf hartem Boden, entweder hat man besser Teppich drinnen oder nutzt den Treibball im Garten.",4
149857,"Hab ihn genommen weil er einen Digitalen Anschluss hat, für den TV. In Verbindung mit 2x kleinen gebrauchten Nubert Boxen ein echt toller klang, da hält keine Soundbar mit für den Preis. Einziger Kritikpunkt ist das Plastik Gehäuse das mir persönlich nicht so gefällt, etwas aus Metall wäre wertiger gewesen und auch die fehlenden Bananenstecker Anschlüsse, die Boxen Kabel lassen sich nur klemmen, daher 1 Stern Abzug.",4
141083,"Ich benutze das Gerät seit 4 Wochen. Das ist ein gutes solides Gerät, und das Preis- Leistungsverhältnis passt. Würde ich wieder kaufen.",4
134936,Klebeband hält leider gar nicht !!!,4
132626,"ser gut= Netz u. Batteriebetrieb, wobei die Batterien nicht so sehr lange halten, trotz sparsamer Beanspruchung.",4
154264,Hat mir beim Bau meiner Garderobe in einer Nische gute Dienste geleistet. bin sehr zufrieden.,4
136328,"Gleich vorweg, die Lichtleistung, Stärke, ist toll. Geschätzte Ausleuchtung bis ca. 6-7 Meter. Der stufenlose Helligkeitsregler ist brauchbar. Dass das Licht mit Sony Akkus geht freut mich sehr, aber die Halterung für die Akkus könnte etwas besser, stabiler, sein. Werde das Led-Licht wohl öfter verwenden.",4
157375,"Der Akku ist voll kompatibel zu meiner Alpha 700. er packt 150 Aufnahmen, was nicht übermäßig viel ist aber für den Preis absolut in Ordnung",4
157813,Habe die Männchen zu Weihnachten verschenkt. Wirklich nutzen tut man sie jedoch wirklich selten. Sehen aber gut aus und sind als Gag zu gebrauchen. Was man selber mit 6 Stück macht weiß ich leider nicht.,4
125792,Sehr praktisch. Gut stapelbar.,4
130689,"Etwas dünn, aber meinem Bruder gefällt sie. Passen tut sie auch. Bitte bedenken dass es nur eine dünne Windjacke ist.",4
130751,"Die Hülle ist dicht und man kann das Handy unter Wasser gut bedienen. Klebt gerne aber in der Hülle fest, wenn die Außentemperaturen über 30 Grad sind, also versuchen gleich nach dem Tauchgang Handy zu ""befreien"", später wird es schwieriger :-)",4
142057,"Habe mir das Band wegen des Reißverschlusses zugelegt. Als Schweißband nütze ich es nicht, da ich es am Fuß/Knöchel trage. Die Größe der Reißverschlusstasche ist zwar nicht enorm, aber ein Schlüssel sowie Münzen oder ein gefalteter Geldschein passen ohne weiteres hinein. Der Tragekomfort stimmt auch. Gutes Produkt.",4
138980,"Super Sound für dieses kleine Gerät. Leider musste ich etwas rumprobieren, bis ich raus hatte, wie ich das Gerät verbinde, da die Anleitung sehr einfach und kurz gehalten ist. Wenn man's raus hat, aber super easy in der Bedienung..",4
146677,"Gute Ausleuchtung; die Installation ist etwas schwierig. Es wäre besser, wenn anstatt der runden Bohrlöcher für die Schrauben Schlitze vorhanden wären.",4
145504,"Das Paket mit dem iPhone SE ist wie angekündigt und unbeschädigt eingetroffen. Mit dem Gerät alles gut. Ich hatte daheim darauf gewartet, allerdings hatte dpd wohl keine Lust, mit dem Fahrstuhl in den 8. Stock zu kommen und das Paket einfach beim Nachbarn abgegeben.",4
129533,Dieses Produkt ist zu weiter empfehlen,4
129023,Bin sehr zufrieden. Gibt nur mini Macken aber nicht wirklich tragisch.,4
151818,"Habe schon 2 Puppen gekauft. Leider wurde der Preis jetzt angehoben und ich muss mich leider nach einem anderen Händler umsehen. Schade, da ich sehr mit diesem Shop und der Puppe zufrieden war.",4
159370,"Gefallen hat mir, dass es sehr schnell geliefert wurde. Es war gur verpackt und die Verpackung heil. Es ließ sich schnell aufblasen. Der Netzstecker lässt sich gut und schnell verstauen. Nach drei Nächten brauchte ich es noch nicht wieder aufpumpen. In der ersten Nacht hatte ich nur eine dünne Unterlage und habe gefroren. Also empfehle ich, eine etwas dickere Unterlage. Ich bin mit der Matratze zufrieden.",4
146566,"Hält extrem warm, ist halt aber auch kein bisschen Atmungsaktiv. Billige, gefütterte Schneehose die sich wohl erst ab deutliche Minusgrade lohnt.",4
154080,"Super schnelle Lieferung. Buch ist wie beschrieben, und es sind wirklich sehr schöne Mandalas dabei auch der Traumfänger ist super schön. Für komplette Anfänger vielleicht nicht so gut geeignet, da Häkelanleitungen doch teilweise etwas kompliziert beschrieben sind.",4
143793,"Der schiefe Turm von Pisa gab es zu Weihnachten. Die Schwierigkeit wird sicher in der Größe der Teile liegen, diese ordentlich zusammenzusetzen. Geschenkt hat mein Papa ihn bekommen. Dieser puzzelt gerne und liebt Herausforderungen :) das Geschenk kam sehr gut an.",4
140624,Sieht sehr hochwertig aus nur ich habe sie noch nicht getestet.,4
128075,"Die Folien liegen sehr gut auf dem Display und fallen nicht auf. Außerdem sehr einfach zum anbringen. Das einzige Problem was ich haben ist, dass mit meiner Hülle die Folie etwas am Rand immer weggeht. Also passt ohne Hülle super, aber je nach Hülle muss man sie eventuell schmaler schneiden.",4
151270,Das Buch las sich sehr angenehm und war auch Informativ. Leider kann ich für mich persönlich dem ganzen nichts abgewinnen. Aber für Interessierte absolute Kaufempfehlng,4
120651,"Die Beschreibung des Lichtweckers sagt aus, dass es sich um eine Funkuhr handelt - dies ist nicht der Fall, es handelt sich nur um einen Lichtwecker. Eine wichtige Produkteigenschaft fehlt somit. Der Verkäufer reagierte prompt und zufriedenstellend - der Service war top! Wenn man jedoch auf die Funkfunktion wert legt, dann sollte man sich für ein anderes Gerät entscheiden.",4
126520,"Also mir passen die Strümpfe aber ich bin auch echt schlank. Meine Freundin hat sich die gleichen bestellt (sie ist auch schlank 1,63m 55kg) und ihr passen sie leider nicht wenn man nicht super dünne Beine hat dann hat man keine Chance die Strümpfe anzuziehen.",4
145788,Bei der Größe war ich mir sehr unsicher weil dir Meinungen da doch sehr unterschiedlich waren. Bei vielen war die normale Größe passend bei einigen war sie zu groß. Ich habe meine normale Größe 39 bestellt. Ein wenig sind sie mir zu groß. Doch mein Fuß fällt nicht raus und ich denke wenn man im Wasser ist das die Schuhe noch an den Fuß kleben werden. Deswegen lasse ich die Schuhe so. Wie sie sich Qualitäts mäßig schlagen kann ich noch nicht sagen da sie noch nicht in Einsatz waren.,4
124751,"Kam gut an, auch bei den El.",4
147843,"Funktioniert einwandfrei, hat gute Aufsätze und einen Austauschfilter. Allerdings braucht man ein Verlängerungskabel, da das Kabel des Staubsaugers ziemlich kurz ist und den normalen Staubsaugeraufsatz muss man hin und wieder mal mit dem runterklappen, weil er sich hochklappt und einrastet",4
125135,"Ein sehr schöner Winterstiefel. Warm und Wasserdicht. Läuft sich wie auf Federn, sehr angenehm. Ein Stern abzug... Da nach knappen 150km sich die Sohle langsam auflöst. Für den Preis ein Top Produkt",4
154216,"Die Ecktoilette bekamen wir dankenswerter Weise in beige. Benutzen sie für unsere 2 Draußen-Kaninchen. Diese hatten vorher schon ihre ""Ecke"" und da wurde die Toilette einfach drauf gestellt. Leider passt das Befestigen an unserem Stall mit den Gittern nicht. Beim ersten Mal flog die Toilette im hohen Bogen durch den Stall. Beim nächsten Mal füllte ich statt mit Streu mit Sand. Der war schwerer und die Toilette blieb an ihrem Platz. Inzwischen haben sie sich daran gewöhnt und das Saubermachen ist deutlich einfacher damit als ohne. Bin also zufrieden. Ein Stern Abzug gibt es für das weiche Material. Einer der Befestigungshaken brach direkt am Anfang ab. Angeknabbert ist die Toilette auch schon. Und beim Ausleeren muss man sehr aufpassen: beim Ausklopfen bricht schnell mal was am Rand ab. Ich vermute mal, nach einem Winter ist das Material hin, lasse mich aber überraschen :-)",4
123212,"Ich habe das Buch innerhalb von paar Tagen durchgelesen, weil ich meine eigene Mutter darin oft wiedererkannt habe. Das erklärt für mich Einiges",4
134679,Ich hatte noch ein älteres Modell von Samsung und mußte mich schon umgewöhnen. Dass so vieles über apps läuft stört mich schon. Und manche Funktionen finde ich umständlich. Aber so ist das wohl mit neuen Smartphones.,4
129021,"Für den 10. Geburtstag meiner Tochter habe ich eine Einhorn-Torte gebacken. Dafür haben wir diese Dekoration bestellt. Meine Tochter und ihre Gäste waren total begeistert. Das Set beinhaltet wirklich viel Deko. Wir haben nicht alles auf die Torte gepackt, somit bietet das Set wirklich viele Deko-Möglichkeiten. Leider waren zwei der Ballons eingedrückt. Deshalb gibt es ein Sternchen Abzug.",4
120532,"Ich bin ganz zufrieden mit dem Wecker. Ich hätte mir gewünscht, dass es verschiedene Wecktöne gibt. Hier ist es einfach nur ein Peep - peep - peep. Das Gehäuse wirkt nicht ganz so hochwertig, deswegen den Punktabzug. Das Licht bei Betrieb ist ziemlich hell, aber es zeigt die Zeit deutlich an und nach 20 Sekunden ist es auch wieder aus.",4
123183,Für den Preis okay. Mittlerweile (halbes Jahr ca.) hat sie mehrere Macken und hält nich mehr so gut.,4
120664,muss sein klasse ---,4
126205,"Für den normalen Haushalt zu empfehlen. Leider ist die Verpackung nicht optimal, war leider Bruch dabei.",4
130219,einfach zu einstellen,4
128477,Grundsätzlich bin ich mir dieser Tauchmaske sehr zufrieden! Doch es kommt hier wirklich darauf an wofür man sie verwendet! Schnorcheln: Gute Sicht/ Kein Beschlagen/ Angenehmes Atmen ohne Mundstück.... TOP! Tauchen: Leider ungeeignet! Sobald man abtaucht kommt leider Wasser in die Maske und der Druck wird sehr unangenehm. Die Kamerahalterung macht was Sie soll und die integrierten Ohrstöpsel erfüllen Ihren Zweck. Sehr qualitativ verarbeitet!,4
156083,Funktioniert alles bestens.,4
132869,"Ich hatte die Kette für einen fest installierten Pavillon bestellt, in der Hoffnung, dass die immer draußen bleiben kann. Nun steht in der Anleitung, dass das Batteriefach doch nicht bei Wind und Wetter draußen sein sollte. Habe jetzt einen Zipperbeutel drum gemacht und hoffe das reicht. Schön ist das allerdings nicht... Die Lämpchen sind auch kleiner als ich dachte, aber ok. Länge ist ausreichend.",4
151791,"Ist der aus meiner Sicht günstigste gewerbliche Trockner, macht was er soll, braucht richtig viel Strom(das brauchen all diese Geräte) bringt aber spürbare Ergebnisse. Würde ich sofort wieder kaufen. Sehr gutes Preis/Leistungsverhälnis. Der nächste Sturzregen kommt bestimmt.",4
102951,"Die Leuchtkraft ist sehr stark und die Optik ist ganz Okay, aber es ist halt reiner billig Plastik der nicht sehr stabil aussieht. Tut aber was es soll",3
84606,"Der Spray hat eine gute Qualität und kann ich ihn empfehlen. Die Versandkosten (EUR 7,50 pro Dose) sind jedoch unverschämt hoch. Und bestellt man zwei oder mehr Sprays, um die Versandkosten zu verringern, multiplizieren sich diese. Ein absolutes No Go Kriterium trotz der an sich guten Qualität des Produkts. Veranlasst mich, eine Alternative zu suchen...",3
97283,Könnte besser sein. Aber netter Zeitvertreib für meine Tochter am Tablet.,3
103912,"Ich empfand die Borsten als viel zu weich. Für empfindliche Haut mag das jedoch gut geeignet sein. Das Gerät liegt zwar gut in der Hand, ist jedoch deutlich kleiner als ich erwartet hatte. Da das Gerät insgesamt sehr nach Gummi roch und ich nach der Produktbeschreibung eher davon ausging, es handle sich um einen deutschen Hersteller und nicht „made in China“, habe ich das Gerät zurück gesandt.",3
86874,"Die Montage und die Zusammensetzung des Rollos sind gewöhnungsbedürftig. Der Rollo wird zwischen zwei Befestigungen montiert, die aber nicht einrasten oder ähnliches. Der Rolladen ist bereits zwei Mal runter gefallen, da auch der Kleber hinter diesen Befestigungen nicht gut am Fensterrahmen hält, sodass sich diese lösen und der Rolladen dann ""herunter kracht"". Ich persönlich würde mir eine ""Sicherungsfunktion"" wünschen. Ansonsten aber sehr gut, dunkelt gut ab, einfach in der täglichen Handhabung.",3
92209,Habe mir aufgrund der Rezensionen das Produkt gekauft. Überzeugt bin ich nicht. Ich empfinde das das Preis-Leistungsverhältnis nicht gegeben ist. Der WC-Reiniger aus der Drogerie ist meines Erachtens nach besser. Werde die zweite Flasche noch aufbrauchen und damit abschließen.,3
109411,"Riecht unangenehm, wurde mit Waschmittel ausgewaschen und anschliessend am Balkon ausgelüftet, ansonsten praktisch, nützlich, solide",3
104359,"Bis die Seife im Wasserbad geschmolzen war hat es einige Zeit gedauert. Die Verarbeitung war aber sehr leicht - Farbe und Öl ließen sich perfekt verbinden. Die acht Teile habe ich aus ca. 3/4 der Masse hergestellt. Ich habe eine der Seifen auch schon in Gebrauch. Sie ist recht fest geworden, schäumt ausreichend aber fühlt sich nicht sehr pflegend an - trotz Shea Butter. Was ich echt blöd finde ist, dass auf der Packung keine Inhaltsstoffe stehen und auch kein extra Zettel dabei liegt. Man wird also vollkommen im Dunkeln gelassen, was drin ist und zu welchen Anteilen. Ich werde das Produkt nicht wieder kaufen. Für einen Kindergeburtstag nett aber wer Seife für sich damit herstellen möchte, gibt es sicher bessere Produkte.",3
118793,"Die Koffer sind optisch schön, der Neugeruch verschwindet nach einem Tag lüften. Leider ist bereits nach dem ersten Flug eine Rolle an einem Koffer defekt. Auch wenn Koffer nicht immer gut behandelt werden sollte die Qualität doch dementsprechend sein, dass er nicht gleich auseinander fällt. Schade mal schauen wie lange der Rest hält.",3
82357,"Das Buch an sich ist nett zu lesen und beschreibt mehr oder weniger, wie die Autorin mit ihren Hunden beim Gassigehen den Tag verbringt. Für mich sind zu wenig konkrete Tipps bzw. Anleitungen enthalten, wie man letztendlich die beschriebene einvernehmliche und innige Kommunikation zwischen Hund und Mensch erreicht. Allein die Beschreibung, dass es so sein sollte und wie angenehm und schön das ist, bringt mich persönlich nicht weiter. Aber vielleicht hatte ich falsche Erwartungen an das Buch. Oder ich habe es nicht richtig verstanden. Ich würde es nicht wieder kaufen.",3
85212,Für diesen Preis ist es wirklich zu klein aber sieht gut aus mal was anders. Trotzdem danke.,3
82218,"Druck könnte sauberer sein, Leicht zu montieren. Hoffentlich haltbarer, als die Press Holz Deckel.",3
81532,"Treiberinstallation usw. gut, Gerät bzw. Trafo brummt etwas. Leider schaltet er nach Einschalten oder beim Umschalten zwischen Kopfhörer und Cinch immer auf maximal Pegel. Das macht eine Verwendung als Vorstufe für Aktiv- Lautsprecher fast unmöglich bzw. gefährlich (für die Lautsprecher und die Kopfhörer). Ich überlege noch eine Rücksendung.",3
111314,"Ich habe das Produkt schon mehrfach bestellt und bin insgesamt damit zufrieden. Die Verpackung, der Umkarton ist allerdings miserabel. Bereits zum 3. Mal war er nicht richtig verschlossen. In einem Fall war sogar eine Dose herausgefallen. Dies wurde allerdings von Amazon problemlos ersetzt.",3
104487,Optisch ist die Hülle einwandfrei. Sie ist jedoch sehr glatt und das Phone liegt damit sehr rutschig in der Hand. Habe die Hülle zurückgeschickt.,3
102619,Wurde so noch nicht getestet aber das Pult wurde einfach unverpackt im Originalkarton verschickt. Aufkleber drauf und raus....nicht sehr schön da es ein Geschenk sein sollte und der Junge die Post angenommen hat. Somit war die Überraschung dahin. Seitens des Internetanbieters gab es lediglich einen 10€ Amazongutschein. Sowas darf kurz vor Weihnachten nicht sein. Unverpackte Pakete verschicken. Das Mischpult macht auf den ersten Eindruck alles richtig.,3
82648,Hat kein Touch.....akkuleistung um die 8 Std ganz gut aber schlechte signalstärke bricht häufig ab...aber gute interne für mp3 player,3
114594,"Ich habe die Türklingen nun seit gut einem Jahr in Verwendung und sie funktioniert ausgezeichnet. Das Design ist allerdings fragwürdig, da man die Elemente einerseits mittels Klebestreifen an die Wand/Tür klebt, andererseits zum Austausch der Batterie an die verklebte Seite muss, sprich das Element von der Wand/Tür reißt. Außerdem sind aus der vielzahl der Klingeltöne nur eine handvoll nicht lächerlich.",3
105534,"Haptisch sehr schön und passt vom Design auch wunderbar zum MacBook Pro. Die Anschlüsse funktionieren alle. Ich habe nur ein kleines Problem. Beim Neustart des MacBook wird der externe Bildschirm nicht erkannt. Dazu muss entweder der Stecker aus dem Adapter oder der ganze Adapter abgezogen werden. Ich kann nicht sagen ob das bei mir so ist oder generell. Das ist natürlich auch nur ein Thema wenn man den Adapter permanent am MacBook hat. Es sollte ja grundsätzlich ein mobiler Adapter sein der beim Transport abgezogen wird. Trotzdem 2 Sterne Abzug, ich habe einen anderen Adapter bei dem das wunderbar funktioniert.",3
86323,"Weder auf der Verpackung noch auf dem Öffner selbst steht ""rostfrei"" geschrieben. Daher bin ich skeptisch. Ansonsten handelt es sich um einen guten Dosenöffner. Ich werde die Rezension nach längerem Gebrauch anpassen, in Bezug auf die Beschreibung ""rostfrei"".",3
80731,Gerät schaltet sehr spät ein. Nachts ist nichts zu sehen. Bildqualität ist OK. Ganz schlimm finde ich die Kosten von 10€ /Monat wennich weiterhin speichern will. Wusste ich vorher nicht. Für die Rückgabe leider zu spät!! Wahrscheinlich lief es deshalb die ersten 4Wochen gratis!!,3
81954,"top bluetooth kopfhörer, nur hin und wieder stockt die Wiedergabe... wenn ich mein Note 10+ in der Hosentasche habe muss ich es kurz heraus holen damit die Verbindung wieder funktioniert 🤷‍♂️",3
91025,Schönes Kleid. Die Verarbeitung lässt ein wenig zu wünschen übrig. Im Unterkleid sind die Nähte aussen. Sieht man aber nur wenn man die Spitze hochhebt. Aber viel kann man bei dem Preis nicht erwarten.,3
107481,"Unsere 10 Monate alte Tochter trinkt super aus dem kleinen Henkelbecher, leider schmeißt sie ihn aber auch gerne von Tisch. Der Becher das nicht oft vertragen und ist zerbrochen. Finde ich bei einem Produkt für kleine Kinder sehr schade und bin etwas enttäuscht.",3
83499,Nachdem mir das Geld erstattet wurde und ich die Leuchten behalten durfte fällt meine Bewertung positiver aus,3
118965,"Da das Teil von weit her kam, nämlich aus China, war die Verpackung äußerlich schon etwas mitgenommen. Aber alles war gut verpackt, sodaß nichts Schaden erleiden konnte. Die Messing-Befestigung wirkt nicht sehr vertrauenerweckend, ist sehr dünn, hält aber momentan. Die mitgelieferten Druckschläuche paßten nicht auf ein normales Eckventil, wie es verbaut war. Ich hatte mir neue besorgt. Es funktioniert nun alles, wie es soll.",3
107767,Ich bin leicht geschockt!!! Laut der Packung sollen 24 Tütchen enthalten sein. Habe es heute ausgepackt und wollte die Tüten füllen und plötzlich sind nur 22 Tütchen im Paket. Unglaublich!!! :-(,3
114035,"Die Müllbeutel sind zwar eine Alternative aber seitdem wir die benutzen ist der Mülleimer immer feucht, obwohl wir regelmäßig den Müll rausbringen. Auch ist die Robustheit nicht to gut. Ich würde sie nicht nochmal kaufen der Preis dafür zu hoch.",3
113245,Sehr gute Leuchtkraft. Passt super an den Schulranzen! Sind sehr zufrieden und haben gleich 2 Sets bestellt. Auch super zum joggen,3
118957,"Für den Preis habe ich eine Bessere Qualität erwartet ! Sehr dünner Kunststoff, ob die Schaniere (Kunststoff) lange halten glaube ich nicht ! Ich hatte schon einmal eine ähnliche Futterbox, nicht von Curver. Ein NoName Produkt fast 1/3 Günstiger ...",3
91300,Funktioniert gut nur gibt es keine Möglichkeit die Mikrofon am Sender zu befestigen... ab und zu fällt also der Stecker raus.,3
90413,"Versand super schnell, ausgepackt angeschlossen und erschrocken! Der Ton klingt als hätte man einen Lautsprecher in eine Dose gelegt. Man kann einstellen was man will, es wird nicht besser. Das Bild ist ok... Hab den Fernseher zurück geschickt, leider hat mich das 10 Euro gekostet, ich kaufe keinen Fernseher mehr bei Amazon, lieber vor Ort ansehen.",3
83090,nicht für mich gekauft,3
92674,Schutz ist 100% gegeben. Leichte Probleme mit dem Fingerabdrucksensor. Nach 6 Monaten löst sich bei mir die hintere Gummieinlage (äußerlich),3
104113,Kann nicht viel zur Verwendung sagen. Leider passt es nicht auf meinen Filter. Naja nicht schlimm. Vielleicht kaif ich mir den passenden noch.,3
90435,"Ich persönlich finde nicht das die Orsam Night Breaker wirklich viel Heller sind. Zu Normalen Halogen Lampen sind sie etwa 20% heller, aber mehr nicht.",3
104203,"drehscheibe als atrappe nicht in ordnung , müsste auch funktionsfähig sein falls die neue funktion aussetzt ! gruß jürgen herbst , düsseldorf",3
113646,Finde es hat nicht lange gehalten deshalb würde ich es nicht mehr kaufen,3
80956,"Die Schreibmine ist ganz ok, auch die Haptik des PEN ist ganz in Ordnung. Der schwarze Kopf ist sehr dünnes Gummi, welches sich sehr leicht eindrückt. Es entsteht bei der Verwendung ein komisches Gefühl, welches mir keine Sicherheit verleiht. Ich hätte mir zudem gewünscht, dass der PEN ca 1 bis 2 cm länger wäre. Nun hoffe ich, dass wenigstens die Lackierung nicht mit der Zeit abblättert.",3
113199,"Die Technik ist nicht neu, schade dass sie nicht verbessert wurde oder wird! Nach dem Reinigen diesen Adapter eingelegt und an mein Handy angeschlossen. Erst mal gab es laute, sehr laute, Brumm- und Pfeiftöne. Dies gab sich aber nach kurzer Zeit und der Klang war nicht schlecht, heute ist man es natürlich anders gewohnt. Nach ca. einer Stunde begannen aussetzer, nur kurze aber immer hin kann ich jetzt alle Lieder die kamen stotternd mitsingen! Diese Aussetzer gehen leider, egal was ich versuchte, nicht mehr weg. Leider kann ich den Kauf nicht empfehlen!",3
115411,Fällt mindestens eine Nummer kleiner aus. Schade,3
101755,"Sehr schöner Wasserhahn, der für das gekaufte Waschbecken empfohlen war aber eigentlich zu groß ist,",3
82029,Leider entsprach das Stethoskop nicht meinen Vorstellungen. Es ist wie beschrieben leicht aber dies lässt es auch billig wirken. Für den häufigen täglichen Gebrauch für mich weniger geeignet. Rücksendung ohne Probleme.,3
112607,Haben zwei von den Kopfhörern für die Kinder zu Nikolaus gekauft. Die Kopfhörer sind im vergleich zu teureren Modelen hart. Sie waren bei uns täglich im Einsatz und jetzt nach 4 Monaten ist das erste paar schon defekt. Es ist ein permanentes rauschen im Kopfhörer zu hören und der Ton klingt als wäre er weit weg.,3
104692,"3Sterne für die Stifte nicht für Lieferung und Service, habe 7 Stifte bestellt nur 5 erhalten , volle Summe kassiert und ich habe bis heute trotz Anfrage nichts gehört.",3
115828,Es ist laut und mit dem Schmetterling spielen meine Katzen leider nicht .,3
106526,"Fernbedienung nach ca. 4 Monate defekt. Und das nachdem ich zu Anfang wirklich sehr zufrieden mit diesem Artikel war. Dimmfunktion, usw. alles wirklich top! Die Frau stillt unseren Säugling in der Nacht. Da liegt die Fernbedienung ausschließlich auf der Fensterbank in Reichweite. Sie war von jetzt auf gleich einfach defekt! Nicht einmal hingefallen und auch nicht",3
94206,"Ich bin leidenschaftlicher Gamer, weswegen nur eine ""Gaming Maus"" für mich in Frage kommt. Nach nun knapp etwas über 3 Monaten quietscht das Mausrad unüberhörbar. Das ist einfach nur störend und nervig. Auch wenn die Maus nicht sehr teuer war, sollte man von einer ""Gaming Maus"" schon mehr erwarten können. Schade eigentlich, denn so gefällt sie mir sehr gut.",3
85341,Qualtität i. O. Die Hülle passt super . Wie gesagt die Farbe ist ein bisschen anders. Trotzdem erfüllt Sie den Zweck!,3
94333,Gefällt mir nicht so gut. Es ist ziemlich dick und unhandlich,3
92637,Board läuft super alle RGB Lüfter funktionieren auch. Einzige sache die ich komisch finde ist dass man bei dem Board den ryzen 3 1200 nicht übertakten kann mir fehlt jetzt die nötige Leistung und ich muss mir ein neuen Prozessor kaufen der ausreichend Leistung hat ohne zu übertakten hab gelesen das man bei dem Board nur ab ryzen 7 2600x übertakten kann Schade.,3
103250,"Na ja, hätte ich besser aufgepasst, hätte ich doppelt so viele für den gleichen Preis bekommen und die selbe Qualität",3
116490,"Schäler liegt gut in der Hand, aber die Klinge könnte besser sein.",3
106537,"Im Januar habe ich die Umhängetasche für meinen Mann gekauft. Er war sehr begeistert hat sie aber nicht gleich und nicht dauerhaft genutzt.. heute kam er nach der Arbeit an, und meinte der Knopf ist rausgebrochen. (Siehe Bild) Für die Dauer der Benutzung bin ich leider von der Tasche enttäuscht. Alles andere an der Tasche ist aber prima! Der Stoff und das Leder halten was sie versprechen",3
110203,"Habe die Schmetterlinge nun nach vier Monaten nochmal bestellt, leider sind sie diesmal rosa und nicht mehr pink...",3
82538,Gut verpackt. Funktioniert. App mittelmäßig. Temperaturverlauf wird nicht dargestellt. Aufsteller-Magnet zu schwach. Sonst gut zu gebrauchen.,3
119097,"Adapter wird zwar erkannt, funktioniert aber nicht mit allen Apps. Was wohl eher an den Apps liegt.",3
113782,"Ein Müll, den ich diesmal gekauft habe. Es ist eine schreckliche Qualität. Ich war sehr überrascht über die schlechte Qualität des Produkts.",3
87193,Funktioniert Rechte gut nur darf kein Druck auf bringen geht's schnell kaputte,3
91332,"Geschickt in der originalen Verpackung, angekommen mit beschädigte Verpackung! Hab die Verpackung aufgemacht und nur reingeschaut um zu sehen ob alles dran wäre! Leider nicht rausgenommen um es ganz zu sehen! 1 1/2 Monate später, besuch geplant, ausgepackt, schreck!, zwei Füße gebrochen und die Platte mit eine Delle ( mittig wo die Kiste beschädigt war )! Sonst ist die Platte Super, leider muss beim absenden noch was gemacht werden!",3
103697,"Nette Verkäufer, Guter Support, Produkt war wie beschrieben, Verarbeitung war auch Super, Preis ist bei dem Produkt auch in Ordnung,",3
80804,Macht genau das was es soll,3
86739,"Auto Aluminium Center Konsole Multimedia Schalter Knopfleiste Trim haltet nicht richtig nach zwei Tagen abgegangen, weil zu eng ausgestanzt ist. Passt nicht genau drauf. Aber sieht super aus da kann man nichts sage",3
110726,Die Leuchte kam sehr schnell und gut verpackt zu mir. Das Zubehör und der Einbau ist selbsterklärend. Leider passt die Farbe nicht ganz. Unter 4000k verstehe ich was anderes. Eher 3000k,3
