85784,"Ich bin ein absoluter Neuling was Handlettering angeht und wollte mich einfach mal damit befassen. Das Buch ist nett gemacht, aber für einen Neuling nicht so gut geeignet. Ich hab dann doch erst einmal einen Kurs bei der VHS besucht und danach konnte ich das Buch gut nutzen für meine Übungen. Viele unterschiedlichen Schriftarten sind leider auch nicht vorhanden. Aber es eignet sich gut für die ersten Übungen und als kleine Hilfe. Wer wirklich neu startet, sollte doch lieber einen Kurs besuchen. Das Buch kann man dann anschließend zum Üben nehmen.",3
98749,"Hallo, Für ein Geschenk eine sehr schlechte Verpackung. Einfach nur in Folie eingepackt nich wie auf dem Fotos zu sehen. Die Qualität des Produktes lässt auch viel zu wünschen. Für den Preis würde ich es nie wider kaufen. Aber ich hab’s meinen Brüdern versprochen das ich den Gürtel bestelle.",3
87578,"Leider bricht die BT Verbindung zu oft ab (auch auf sehr kurze Distanz), daher kann ich nicht mehr Punkte geben. Sound ist okay für den Preis, natürlich darf man keine Wunder erwarten. Akkuleistung hält bei mir nicht so lang, wie versprochen.",3
112066,In der Verpackung waren auch nicht bestellten Sachen.,3
96394,"Insgesamt sehr einfache Verarbeitung und trotz 1050 Watt ist der Kaffee leider nur mäßig warm. Hatte gedacht, dass Krups doch eine bessere Marke ist....",3
93624,"Leider hat dieses Headset kein gutes micro, ""ich klinge als säße ich in einer Blechbüchse"" so meine Freunde. Ich werde es für Notfälle und Konsolen behalten aber fürn pc kommt demnächst wieder ein anderes her. Der Klang der Kopfhörer ist nicht schlecht und es dichtet wirklich gut die Umgebungsgeräusche ab, was wiederum wieder sehr gut ist.",3
106525,"Schriftzug sieht genau wie auf dem Bild aus, auch die Farbe ist schön. Problematisch finde ich, dass der Topper aus dünner Pappe besteht. Dadurch ist eine Wiederverwendung unter Umständen nicht möglich. Es wirkt auch etwas instabil. Ich dachte, es wäre aus Plastik. So finde ich das Preis-Leistungs-Verhältnis nicht angemessen!",3
108218,"Zunächst einmal sind diese Flaschen sehr gut durchdacht, flexibel und recht widerstandsfähig. Ich benutze sie beim Sport, der Arbeit und auch für Urlaube. Allerdings hat sie einen Schwachpunkt und das ist der Deckel. Ich habe 6 Flaschen und bei zweien ist bereits der Deckel, genauer gesagt der Druckknopf zum öffnen der Trinköffnung abgebrochen. Ob dies ein Materialfehler war oder eine schlechte Kontruktion ist, will ich nicht beurteilen. Allerdings finde ich es sehr bedauerlich, dass die Deckel nicht als Ersatzteile direkt hier angeboten werden, vielleicht wäre das eine Überlegung wert. Durch die defekten Deckel leider nur 3 Sterne.",3
104626,Leider fehlt die Abdeckung am Fuß an einem der vier Beine,3
102434,Qualität mittelmäßig,3
92390,Es gibt sicherlich schönere Tattoos. Halten gut,3
100737,Für mehr als 15 Minuten muss man sehr lange drehen.,3
103352,Die Kugeln sind sehr schön. Nur leider waren 2 kaputt. Die Verpackung war sehr schlecht. Da ist vorprogrammiert das nicht alles geil bleibt.,3
114677,"Ja, und das ist es. Er sieht gut aus, und ist bei Windstille echt gut. Frischt der Wind allerdings auf, zerlegt es ihn sofort - schade. Also nur was für den Baggersee wenn Windstille ist - am Meer kann man ihn vergessen.",3
107969,"Auf der Suche nach Pflanzenlicht, das ich nicht ohne Rechnung in China kaufe, wie es mir per Amazon leider oft passiert, habe ich dieses im Angebot von Pearl entdeckt. Nachdem es geliefert wurde, stellte ich fest, dass es nur ein Erweiterungsset ist. Nachgeschaut! Stimmt. Irgendwo in Klammern steht das geschrieben. Ein extra Netzteil kostet extra. Als Set mit einem Netzteil kostet es ungefähr soviel wie mein gekauftes Angebot, also werde ich das Set bestellen und dann schauen, ob ich beide gebrauchen kann. Wenn nicht, sende ich das Erweiterungsset zurück. Zur Qualität kann ich also einstweilen nur sagen, dass es beim Auspacken stark nach Plastik müffelt, was aber schnell verfliegt. Die Verarbeitung macht einen guten Eindruck. Die Funktionsbeschreibung erfolgt nach Test mit Netzteil.",3
108464,Erfüllt seinen Zweck aber anhand des Bildes hat man eine Kraftpapier Farbe erwartet aber sie sind in grau weißem Karton verpackt,3
80936,Leider ist die Uhr defekt - sie zählt keine Schritte mehr und lässt sich nicht mehr synchronisieren. Bitte schicken Sie mir einen Retourenschein. LG Kurt Vogelgesang,3
97262,Dürfte gerne 2mm größer sein,3
102408,nicht für Locken geeignet auch nicht für sehr leichte Haare. Ich fand es schade dass ich de zurück senden muss da die sehr gut aussehen aber nicht für meine Haare geeignet waren.,3
83715,Möchte das Bild fertig stellen habe aber keine weissen Steine mehr bitte um Info wie bekomme ich noch welche bzw warum geht sich das nicht aus,3
81445,Leider etwas zu klein für mich aber verschenken geht ja auch,3
90467,Habe mir den Sauger für ein Geschäft gekauft. Saugleistung ist super und völlig ausreichend nur die Materialqualität ist echt Mist. Ich hatte eine von den beiden Öffnungsklappen nach 5x öffnen lose in der Hand und im Innenteil ist nur vom saugen ein Stück Plastik abgebrochen. Das ist nicht gut aber er funktioniert noch. Aber kaufen würde ich ihn nicht mehr.,3
80582,Nicht schlecht aber unnötig habe sie auf Grund eines Tipps gekauft aber wie ich finde hat sie nichts gebracht .,3
97946,"Die Winkel könnten etwas stabiler sein, bei 10 Bücher denkt man es biegt sich nach unten.",3
94554,Funktioniert mit dem Fire TV Stick. Allerdings lässt sich das Bild nicht ausreichend auf dem Fernseher zentrieren,3
117947,Die Latschen passen zu 100% und sie lassen sich sehr gut anpassen weil sie einen Klettverschluss haben. die Sohle ist etwas hart wobei ich hoffe dass sich das mit der Zeit legt. Negativ ist der grässliche Chemiegeruch dass diese Schuhe ausdünsten.,3
102381,"Verarbeitung und Qualität lassen zu wünschen übrig, außerdem wird recht grob zermahlen. Design ist zwar sehr ansehnlich allerdings gibt es zu diesem Preis durchaus Grinder mit welchen man bessere Ergebnisse erzielt.",3
99971,"Ich nehme sie jetzt seit paar Tagen,zu der Wirkung kann ich bis jetzt nix sagen.",3
94263,"Man kann bei so einem günstigen Produkt nicht wirklich erwarten das die Körperanalyse Daten alle so stimmen, aber zumindest das Gewicht sollte doch möglich sein das diese korrekt angezeigt wird. Bin 3 mal nacheinander auf die Waage, jedesmal ein anderes Gewicht, und mit Schwankungen von mehr als einem Kilo. Die App ist auch nur ein schlechter Scherz. Habe als Austausch ein neues Modell erhalten, dieses ist wesentlich besser uns es gibt auch eine etwas verbesserte App inzwischen. Von dem Kundenservice kann so manch einer sich noch eine Scheibe Abschneiden.",3
113079,"Man braucht eine etwas größere Ecke Platz hierfür. Die Näpfchen könnten größer sein, aber für meine Mietzen hat's gereicht. Super easy unter warmen Wasser sauber zu machen",3
99630,"Funktion und Handhabung perfekt - perfide jedoch, dass das Gerät nach 2 1/2 Jahren unreparierbar defekt ist - unglaublich!",3
89531,Action Aber wie bei jedem Actionfilm etwas unrealistisch,3
106273,Mein Mann ist 175 groß und trägt Größe M. Leider ist das Teil zu groß. Wir haben es dann einem Freund zum Spaß geschenkt. Er ist 185 und trägt XL. Ihm hat er gepasst.,3
113440,"Gute Verarbeitung. Leider sind die Klappen auf der Vorderseite so klein, dass nicht mal die Häuschen für meine Meerschweinchen durch passen. Deswegen leider zwei Sterne Abzug.",3
92173,"Das einzige was stört ist, dass die kostenpflichtige Software die ganze Zeit Werbung für Upgrades und neue Versionen macht. Zwar nur ganz beiläufig aber es nervt. Hätte ich Werbung gewollt, hätte ich auf Freeware gesetzt.",3
88652,Habe schon einiger dieser Beutel ausprobiert.Leider habe ich noch keine gefunden die exakt verschlossen bleiben.Nach einiger Zeit haben alle Luft gezogen.,3
87379,die Gläser wsren gut verpackt und sehen toll und stabil aus. die Korken passen gut drauf. allerdings war der Versandt seehr langsam. kamen fast eine Woche später an. auf nachfragen wusste man nicht wo der artikel ist und es wurde erneut versandt,3
106497,Ansich eine tolle Flasche hält dicht und lässt sich gut reinigen. Allerdings ist uns heute bei einer Flasche das Gelenk gebrochen bei dem man die Flasche öffnet.. sehr schade. Vielleicht meldet sich der Verkäufer ja über diese Rezension bei uns! :),3
88438,"Die Kopfhörer sind wunderschön, jedoch sind sie von der Klangqualität her nicht die Besten. Außerdem kann ich vorherigen Rezensionen zustimmen und bestätigen, dass die Kopfhörer leider immer wieder aus dem Ohr fallen, da sie ziemlich schwer sind. Ich habe dann von anderen Kopfhörern die Aufsätze genommen (hier waren keine zusätzlichen Aufsätze dabei) und die von diesen Kopfhörern ausgewechselt, um den Halt verbessern zu können, jedoch hat dies auch nichts gebracht. Des Weiteren ist auch bei mir nach 3 Tagen einer der Totenköpfe abgefallen, was ich aber mit Kleber wieder beheben werde. Grundsätzlich sind sie aufgrund ihres Aussehens echt einmalig, aber nochmals würde ich sie mir nicht kaufen.",3
90945,Dauert sehr lange bis es heiss ist,3
105755,Läuft unter Android 9 nicht am Samsung Gerät. Am Laptop ließ es sich mit VLC Player betreiben. Qualität ist nicht ausreichend für meinen Einsatzzweck.,3
119022,nutze diese Creme punktuell bei bedarf auf einen entstehenden Pickel zusätzlich zu meiner normalen Creme. Habe den Eindruck der Pickel geht schneller,3
82093,Schöne Uhr nur musste 2 Glieder raus machen lassen für ne Damen uhr echt groß zifferblatt Mega klein ansonsten gut,3
94120,Leider funktioniert nur das einen der beiden Kabel. Sehr schade aber die Lieferung kam schnell und verlief unproblematisch.,3
108988,"Ich habe die Vitamin D3 Tabletten bestellt, da ich sehr häufig sehr müde bin und die Müdigkeit auch nicht durch Koffeein bekämpft werden kann. Die Tabletten sind luftdicht verpackt und reichen für ein ganzes Jahr. Da sie sehr klein sind und auch neutral riechen, ist die Einnahme wunderbar einfach. Nach bislang 5maliger Einnahme konnte ich noch keine Veränderung spüren. Ich werde die Rezension nach einigen Wochen der Einnahme ergänzen, sofern sich daran etwas ändert.",3
114521,"wie schon andere kunden festgestellt haben,ist das manometer am rand immer abgebrochen. der grund dafür ist die schlechte verpackung des herstellers. das manometer liegt von innen an der ausenseite an und da die verpackte ware scheinbar sehr schlecht gelagert wird,kommt es zu stössen und dadurch zur beschädigung. sehr gut ist die beschädigung zu sehen wenn man die verpackung auf macht und dann sieht das die bruchstücke regelrecht in der pappe stecken. also mal weniger geiz geil finden und eine ordentliche verpackung für die ware nehmen.",3
103391,Das Zeugs ist ehrlich etwas dünn und hitzeempfindlich. Daher aufpassen bei einem Einsatz im Küchenbereich! Reinigung durch die Noppen ist erschwert. Der generelle Eindruck der Folie ist aber dennoch gut 👍🏻,3
114403,"Die Decke ist hübsch anzuschauen, die Verarbeitung ist in Ordnung. Was mir nicht gefällt ist, dass sie stark fusselt und nach dem Waschen aud nicht mehr so flauschig ist. Ich benütze sie weiter, würde sie aber nicht nochmal kaufen",3
97035,Unser Hund hat es ohne Probleme gegessen - aber im Vergleich zu Wolfsblut sind die Inhaltsstoffe nicht so gut...aber für den Preis in Ordnung,3
90901,"Die Farben sind komplett anders. Hätte ich das Teil in einem Geschäft gesehen, hätte ich es keines Blickes gewürdigt. Und zu klein ist er ebenfalls. Schade.",3
117080,"Die Sitzgruppe habe bereits im September 2017 bestellt und nun ist Sie seit einem Jahr im Einsatz auf meinem Balkon. Ich denke nun kann ich eine vernünftige Rezession schreiben. Zunächst muss ich sagen dass Sie optisch sehr schön ist und auch hochwertig aussieht. Die Kissen sind recht komfortabel. Alles in allem denke ich hier lohnt sich ein Kauf. Leider gibt es auch negative Dinge. Die Schrauben welche auch aus Plastik sind lösen sich gelegentlich an den Teilen die am meisten genutzt werden. Lassen sich allerdings Ruck zuck wieder befestigen. Das viel schlimmere ist, dass nun nach einem Jahr normaler Nutzung bereits ein Sessel einen Riss in der Sitzfläche aufweist. Das ist doch sehr ärgerlich. Daher vergebe ich 3 Sterne.",3
105813,"Sieht toll aus , schöne Farbkombination. Leider knittert sie sehr schnell + man muss viel bügeln.",3
88517,"Die Größe ist für einen kurzen Blick ausreichend, der Neigungswinkel in Ordnung. Leider brechen die Stege der Gurtbefestigung (ohne, dass diese nachgezogen oder der Spiegel mehrfach neu befestigt wurde), womit der Spiegel unbrauchbar/nicht mehr zu befestigen ist.",3
99447,Wenn man den Namen liest denkt man Wunder was man bekommt derweil schmeckt das ganze überwiegend nach Zimt mit etwas Curry,3
89681,"Zusammenbau, anbringen nichts für große Finger.",3
95918,Hätte ich nur die Wischbezüge bestellt gäbe es nur 1 Stern. Wäre aber nicht fair gegenüber die restlichen Teile. Die Bezüge sind total dünn und passen auch nicht 100%. Hat leider überhaupt nichts mit der originalen Qualität zutun.,3
81454,"... trotz der Möglichkeit, die Gurte zu verstellen rutscht das Teil ständig hoch und flattert um einen herum. Der Verschluss hakelt etwas und falls man falsch ""eingefädelt"" hat, ist es doch recht mühsam ihn wieder zu öffnen. Den Bauchgurt etwas breiter machen und den Verschluss verbessern dann gibt's volle Punktzahl. Kaufempfehlung eher nicht.",3
113113,"Die LEDs machen sehr schönes Licht. Der Sensor und der Dimmer funktionieren sehr gut. Zu Bemängeln habe ich, dass die Klammern, kann auch an mir liegen, sich ab und an lösen und die Lampe dann am Kabel hängt. Noch mehr allerdings ärgert mich, dass das Netzteil ohne Label ist und man sich keines nachkaufen kann. Ich habe eine Leuchte übrig und kann sie nicht nutzen.",3
104461,"Versand und Lieferung, etc alles top; Leider ist die Lampe mit 900 Lumen so hell, dass nach Installation erst einmal eine Grundreinigung nötig ist; Wer vorher bei dunklerem Licht putzte hat nun den Salat. Die Beleuchtung ist so hell, dass nicht erkannt werden kann, welche Farbe (bei mir Holzoptik) die Lampe hat. Man kann die Lampe also nur voll genießen, wenn das Licht aus ist oder ein anderes im Bad an, ansonsten erkennt man einfach nicht ob das Holzoptik oder schwarz ist. Kein Glas, kein Holz, nur Optik. Befestigung an der Wand ist aus Metall.",3
84860,Optisch nicht ganz so wie es auf den Bildern rüberkommt dennoch gut. Enkelkind hat sich gefreut,3
102444,"Mittelmäßig, für kleinere Kinder schwer zu spielen",3
116180,DAS MATERIAL IST SEHR SCHÖN LEIDER IST ES BEI ZUSAMMENSTECKEN NICHT RICHTIG RUND FÄLLT ES LEIDER ZU EINER SEITE SCHADE,3
85993,"Normalerweise trage ich eine M ,habe diese in M bestellt un war zu breit..aber schickes mini kleid..mit stiefel ist perfekt 👍",3
111278,"Das Produkt ist technisch in Ordnung, deshalb 3 Sterne. Mir erschliesst sich allerdings nicht, warum ich so ein technisch einfaches Produkt auf einem Server in China registrieren soll. Von einer Installation werde ich im Moment absehen.",3
178096,Bissl kürzer als Gedacht aber das war mein Fehler. Hochwertig und erfüllt seinen Job,5
182827,Génial Es hält länger als 2 h Klang ist sehr gut nur die Reichweite ist etwas geringer aber alles andere ist sehr gut,5
194470,"Ein sehr schöner Schmuckständer mit viel Platz für Ketten, Armbänder und auch Ringe. Sieht sehr schick aus.",5
163429,Immer wieder Klasse die Happy Socks Machen Spass u regen Gespräche mit Menschen an von denen ich nie erwartet hätte dass die Socken glotzen ;-),5
178462,"das Ding funktioniert ohne große Probleme, bzw. gar keine Probleme man kann auch gut hindurch sehen",5
178847,"Ich bin nicht so verrückt nach Neuheiten oder nach beauty Produkten. Diese Creme allerdings verleiht meinem Leben im Moment einen ganz besonderen Glanz und ich bin sehr froh sie ausprobiert zu haben. Sie riecht gut, zieht schnell ein, pflegt uns glänzt!",5
177911,Mein Sohn 6 Jahre alt hat viel Spaß damit. Er knetet immer wieder damit. Dieses Set ist sehr empfehlenswert. Fußabdrücke von Dinos in Knochen sind ein Highlight.,5
199561,"Ich habe das Produkt bestellt, da ich darüber nur gutes gehört und gelesen habe. Meine Bestellung kam dank Prime am nächsten Tag an. Ausgepackt und sofort getestet. Es gibt zwar eine große Sauerei, wenn man nicht richtig aufpasst aber es lohnt sich. Direkt nach der ersten Anwendung wurden meine Zähne sichtbar heller. Werde es auf jeden Fall nochmal bestellen",5
181601,Alles super und schnell gelaufen. Bin sehr zufrieden. Werde den Verkäufer weiter empfehlen. Sehr gute Verpackung. Machen Sie weiter so.,5
175970,Die Riegel wahren schnell geliefert und der Geschmack ist Super. Werde bei diesen Riegeln bleiben da in der Mix-Box genug Abwechslung drin steckt. Sehr empfehlenswert.,5
193744,"Hochwertiges gut verarbeitetes Halsband, was trotz seiner Schlichtheit auffällt! Sehr stabiel. Auch für große, starke Hunde.",5
199639,Perfekt zum Entspannen am Abend!,5
199744,"Sehr gute Verarbeitung, sehr zu empfehlen",5
160995,"Solide Socken, fühlen sich gut an, es sind keine bösen Überraschungen zu erwarten.",5
179229,"Qualität ist gut, aber das Kabel ist deutlich zu steif, was im täglichen Gebrauch unangenehm ist, z.B. stört es im Auto oder insgesamt bei der Handhabung. Man kann es biegen und es bleibt dann in der Form. Fairerweise muss man sagen, dass viele USB-C-Kabel dieses Manko besitzen.",5
163178,"Meine Frau wollte die Tasche erst wieder zurück schicken, da Sie ihr zu ""Dick"" war, hat sich jedoch nach 1-2 Wochen doch dagegen entschieden. Heute ist Sie froh, dass Sie die Tasche hat. Aufgrund der Dicke schützt Sie das Handy sehr gut gegen Beschädigungen bei einem Sturz. Dabei schaut die Tasche auch nicht klobig aus. Das Handy ist schon mehrfach gefallen und die Tasche hat den Sturz jedesmal sehr gut abgefangen, so dass am Handy keine Beschädigung auftraten. Schwächen : die eingelassenen Kreditkartenfächer sind zwar lieb gemeint, dienen aber wohl mehr der Optik. Steckt man hier Karten rein drückt die unteren Karte (welche auch immer als unterste Karte in welchem Schlitz steckt) auf das Display. Also lieber keine Karten mit der Tasche nutzen. Das hintere Fach dagegen lässt sich anstandslos benutzen. Auch ist der Gummirahmen, welcher das Handy umfasst m. E. zu eng und daher nicht 100% passgenau. Er wölbt sich oben und unten minimal, da er zu kurz ist. Auch gibt es weichere Materialien, da genau dieser Rahmen schon zu der härteren Kategorie gehört. Ein weicher z. B. Silikonrahmen in der Ledertasche würde die Wertigkeit deutlich erhöhen. Auch die Bedienung der Lautstärketasten ist durch den steifen Rahmen erschwert. Funktioniert zwar (meine Frau hat sich daran gewöhnt; wenn ich mal das Handy in der Hand habe, fällt es mir negativ auf), ginge aber besser.",5
197291,Preis/Leistung passt super. Artikel entsprach der Beschreibung,5
161701,Ich kann die Tasche Travel Nature Tasche für das Galaxy S9 nur empfehlen. Der Versand erfolgte reibungslos schnell und die Tasche sieht einfach stylisch an dem S9 aus. Bei der nächsten Smartphone Generation greife ich gerne wieder zu den WIIUKA Taschen.,5
167832,"Die Tabletten sind gepresst und überzogen. Kenne noch ein anderes vergleichbares Produkt, da ist das L-Tryptophan in Pulverform in einer pflanzlichen Kapsel. Die 60 Kapseln reichen für 2 Monate, da man nur täglich eine einnehmen braucht. Ich hatte mich für das Produkt entschieden, weil ich manchmal an Schlaflosigkeit und mieser Laune leide (aufgrund des Winters). Schon nach ein paar Tagen verbesserte sich mein Schlaf und meine Laune. Nebenwirkungen verspüre ich bis jetzt nicht.",5
165462,Ist ein Highlight und funktioniert bestens. Mit dem Salzstreuer integriert einfach top und bei Besuch immer ein Gag wenn man damit ankommt!,5
182421,"Sehr schön und Hochwertig, nicht zu groß. Das Leder fühlt sich gut an, der Schließmechanismus ist ideal, vom Gewicht nicht zu schwer. Schnelle Lieferung. Sehr zu empfehlen wenn jemand was hochwertiges haben oder schenken will.",5
173021,Super spannender Film mit ein grandiosen Noomi Rapace in 7 Hauptrollen. Sehr zu empfehlen,5
195474,Super Batterien total lang lediglich und super Saft drauf. Würde ich immer wider stellen. Kann ich wirklich nur weiter empfehlen.lg Sabrina,5
198022,"Erfüllt seine Funktion.. Preis Leistung gut, es gibt nicht mehr zu sagen. Perfekt für Cappuccino Kakao. Kann es nur Weiterempfehlen",5
172613,Tolles Produkt. Würde ich jederzeit wieder kaufen.,5
176999,"Habe die Schürze für meinem 14 Jährigem Sohn bestellt, weil er eine für den Hauswirtschaft-Unterricht in der Schule braucht. Da es in Doppelpack war benutze ich das eine für mich zuhause , bin zufrieden, das material ist etwas steif, aber es ist ja klar bei Wasserdichten Material, trage es trotzdem gerne.",5
178408,"Perfektes Helferlein in der Küche. Für mich unverzichtbar! Biegsam, um auch Rundungen auszukratzen, und trotzdem stabil genug.",5
199963,"Gewohnt schnelle und zweckmäßig verpackte Lieferung durch Amazon. Der Projektor macht einen soliden und ordentlich verarbeiteten Eindruck. Die Leuchtkraft ist ganz in Ordnung. Die Muster und Geschwindigkeit sind verstellbar. Bin gespannt, ob das Teil wirklich einen Winter draußen im Freien übersteht. Bis dahin alles bestens.",5
168772,"Praktisches und sehr helles Licht; Ich benutze es normalerweise am Fahrrad. Der Winkel ist einfach einzustellen. Da eine Gummischlaufe den Scheinwerfer am Lenker befestigte, wurde die Einrichtung kaum locker. Es ist auch leicht zu entfernen, um es wieder aufzuladen. Es läuft problemlos mehrere Stunden zwischen den Aufladen. Funktioniert bisher sehr gut und erledigt den Job. Habe es schon einige Tage benutzt und es hat mir niemals Probleme gebracht. Es warnt rechtzeitig mit rotem Licht, bevor die Batterie zu schwach wird, was von mir sehr hilfreich ist! Es finde ich das Hellste von drei Fahrradlampen, die ich habe. Ich bin definitiv sehr zufrieden mit dem Produkt. Die drei Helligkeitsmodi erlauben es mir die Batterielebensdauer zu steuern. Aber sogar bei der maximalen Helligkeitseinstellung scheint es auch kein Problem mit der Batterie. Aufladen nur in ein paar Stunden, so lasse ich es einfach über Nacht an Netzteil angeschlossen und am nächsten Tag funktioniert es wieder fantastisch. Abgesehen von den Helligkeitsmodi ist der Blinklichtmodus auch sehr hilfreich, insbesondere bei mäßigen Lichtverhältnissen, bei denen eine Taschenlampe meistens nicht auf der Straße auffällt, aber ein Blinklicht macht es sicherer. Alles in allem denke ich, es ist ein großartiges Produkt!",5
180317,Ein sehr gutes Buch mit viel Humor und man sieht sich in vieles ein tolles Buch von einer tollen Frau von mir 5 Sterne 👍,5
166274,Nach fast einem Jahr noch alles super und keine Schäden,5
183416,"Ich wollte immer einen Dampfer kaufen, den ich auf Reisen mitnehmen kann, und dies stellte sich als das beste Produkt dafür heraus. Ich benutze dies als primäre Quelle, um meine Hemden und nicht das Eisen jetzt zu bügeln. Kann die Jacken reinigen und den Grat von Pullovern und Jacken entfernen. Insgesamt ein sehr empfehlenswertes Produkt für Menschen, die es schwierig finden, Kleidung selbst zu pressen.",5
199064,diese LED Spiegel ist super geil! Extra gut für Reise!,5
180377,"Eine sehr süsse welche, musselin jacke",5
173888,...die Radkappen sehen super schick aus und ich würde sie immer wieder bestellen . Kann ich nur empfehlen für kleine Fahrzeuge.,5
164144,Genau wie ichs es erwartet habe. Ich habe es gekauft weil ich bis jetzt noch nicht so was in der art hatte.,5
198110,"Alles bestens, bin sehr zufrieden.",5
173595,"aus meinem keller kamen jeden herbst mäuse und mäuschen in meine speisekammer. wie, das ist mir bis heute ein rätsel, da ich mir sicher war, jedes schlupfloch zugemacht zu haben. nun war der windhager-mäusevertreiber die letzte hoffnung. ich brachte ihn wie in der anleitung angegeben im keller an und stellte ihn auf die stufe, in der menschen den für mäuse unangenehmen ton nicht wahrnehmen. das hat einige mäuse abgeschreckt, aber in einer woche waren doch wieder 2 mäuse in der lebendfalle. nun habe ich auf die wirksamere hörbare frequenz umgeschaltet und seither ist ruhe. ich bin rundum zufrieden. auch die kommunikation mit dem hersteller war top. ich musste nachfragen, da ich es nicht schaffte, die seitlichen buxen zu öffnen. fünf sterne *****",5
180034,Schneller Versand und gute Verpackung! Gute Druckqualität und langlebig. Ich hab schon mehrmals hier gekauft und werde weiter bei dem Anbieter bestellen!,5
173125,"Ich war auf der Suche nach einem Koffer, da ich wieder öfter auf Geschäftsreise muss. Bei der Suche bin ich auf dieses Set gestoßen. Ich habe das Set bestellt, da ich die 4 Koffer optimal finde, da ich immer unterschiedlich lange unterwegs bin. Somit kann ich die Größe des Koffers nach meiner Reisedauer auswählen. Das Kofferset wurde super schnell geliefert. Ich habe den ersten Koffer bereits für einen kurz Trip genutzt und muss sagen, ich bin wirklich sehr begeistert. Der Koffer ist super gut verarbeitet. Die Rollen laufen super leicht hinterher. Beim Gestänge klappert oder wackelt nichts. Daher 5 Sterne",5
187754,"platzsparend, Oberteile rutschen nicht, sehr handlich",5
160514,"Ich laufe täglich morgens früh wenn es kaum über 0 Grad ist. Die Laufhose sitzt gut, stützt und hält warm. Perfekt",5
180229,Schnelle Lieferung gerne wieder passt super,5
171026,Der Austausch des Lederarmbandes klappte schnell und ohne Probleme,5
199262,"Ich habe diese Eier gekauft, weil meine Ente Eier gelegt hat und angefangen hat, sie zu essen. Sie hatte 15 und wir hatten 4, als diese ankamen. Sie sind kleiner und weißer als ihre Eier, aber sie konnte keinen Unterschied sehen oder fühlen. Sie hat aufgehört, ihre Eier zu essen, deshalb haben wir sie gekauft. Gewicht ist perfekt, sehr ähnlich wie ein echtes Ei. Auch meine Tochter liebt es, mit ihnen in ihrer Küche zu spielen. Sie sehen auch ziemlich echt aus.",5
172725,Aufgrund der großen Spielfiguren und Würfel auch für alte Menschen mit Behinderungen gut zu spielen. Leider verblasst die Farbe der Würfelaugen schon nach einigen Spielrunden.,5
162306,Guter Geruch - einfache Anwendung,5
195613,"Hochwertiges Produkt, phantastische VR",5
194201,"Habe fast halbe Jahr gekauft... es gibt 3 Typen Lange, die passen für alle Ort benutzen. Und die erste Kabel funktioniert noch gut, gibt es gute Qualität! ( mag auch Pink Farbe sehr 😝)",5
185668,"Dieser Moment, wenn man etwas anprobiert und sich direkt wohlfühlt... Tolle Handschuhe mit einem hohen Wohlfühlfaktor. Sie lassen sich angenehm tragen und passen sich wunderbar den Händen an, das sind meine Erkenntnisse nach dem ersten Einsatz an den Geräten. Meine größte Sorge war die genaue Passform, da ich relativ große Hände habe. Ich habe Größe XL bestellt, was sich als richtige Entscheidung herausstellte. Die Handschuhe würde ich wieder holen, von mir gibt es eine klare Kaufempfehlung.",5
172276,"Wunderbare Kombination von Stimme, Orchester und Musikstücken. Diese CD läuft als Endlosschleife bei mir.",5
162904,"Schnelle Lieferung, Rückfragen wurden sofort erledigt, netter Kontakt, toller Selfie Stick. Platzsparend, funktionell und sehr praktikabel. Würde ich wieder kaufen.",5
179708,"Lieferung: promt innerhalb weniger Tage Verpackung: OK, keine Beschädigungen Qualität: sehr gute Qualität und sehr angenehme Oberfläche, fühlt sich gut an auch wenn direkt auf der Haut. Liegekomfort: war auf der Suche nach einer Campingmatratze die man auch mal in den Urlaub (ohne Auto) mitnehmen kann aber trotzdem einen Liegekomfort wie eine Martratze aufweist. Das ist grundsätzlich nicht möglich aber mit der Vaude dream kommt man schon sehr nahe heran. Die Matratze war auf Campingurlaub in Korsika (mit Flugzeug) d.h. 1 Zelt und 2 Matten war im normalen Gepäck möglich. Festigkeit der Matratze kann man gut dosieren und Quitschgeräusche macht sie auch keine. Größe eingerollt: nicht klein und leicht genug für einen Wanderurlaub aber für Fahrrad/Auto absolut OK. Empfehlung!",5
198032,"Das ist ein ganz fantastisches Produkt, nix klappert es ist sicher am Halsband befestigt und sieht auch noch gut aus. Die Lieferung kommt immer früher als angekündigt und der Service und die Kommunikation mit dem Verkäufer ist sehr sehr gut und sehr freundlich. Also Fellnasen: unbedingte Kaufempfehlung!! Es lohnt sich.",5
182378,"Vor ich bestellt habe, habe 2 Wochen gebraucht bis ich mich endlich, anhand von anderen Bewertungen, für diesen Baum entschieden habe. Kann nur sagen: Mega! Alle Gäste dachten der Baum sei echt, genauso wie ich! Schnelle Lieferung!",5
168426,"ist wunderbar weich und angenehm zu tragen. Lieferung war auch schnell, wenn man bedenkt das die Weste aus GB kommt. Habe eine Nummer größer bestellt und passt hervorragend. Klare Kaufempfehlung!",5
195622,"Der Fitnesstracker ist super,schmal,dezent,und kann auch im Alltag fernab von sportlicher Tätigkeit getragen werden. Mittlerweile ist die ganze Familie ausgestattet, sind alle super zufrieden. Klare Kaufempfehlung!!👍",5
194718,"Das Album ist Top!! Habe es heute bekommen und muss sagen,dass 10x15 passt.Die Bilder rutschen nur,wenn man die Seite hochkannt hält.Beim umschlagen nicht.Das Plastik,was zum einstecken benutzt wird ist recht dünn.Aber wenn man es ordentlich einsteckt,reißt es nicht.Ich würde dieses Produkt weiterempfehlen.",5
171039,"Der kleine Kalender ist gut übersichtlich und macht alles was er soll! Erst war ich davon überrascht wie klein er ist jedoch nach kurzer Zeit gewöhnt man sich daran. Die Ferien und Feiertage sind sowohl für Deutschland als auch für Österreich vorhanden was praktisch ist und man immer mal gebrauchen kann ebenso sind noch viele andere Sachen zu entdecken und es ist eine Freude ihn zu benutzen! Ich kann ihn nur empfehlen ich bin zufrieden genau was ich wollte, klein, handlich und gut aussehend.",5
181047,Durch die Reflektoren in der Dunkelheit gut sichtbar.,5
190518,"Sehr schneller Versand. Die Tasche ist genauso wie ich mir vorgestellt habe , habe sie zum trainieren bestellt dafür ist sie optimal.",5
163482,"Prompte Lieferung, sehr gute Ware",5
190143,"Top Qualität. Sehr gut verarbeitet, kein Rauschen, kein Knacksen. Würde ich jederzeit wieder kaufen. Hilfestellung nach dem Kauf sehr Lobenswert - wenn benötigt.",5
165454,Einfach ein super Produkt. Kein Anbrennen und super tolles Bratergebniss. Leicht zu reinigen.,5
25645,Leider ist nach ca 1Stunde in Benutzung (heißt Kind hatte sie am Arm) der Sekundenzeiger abgefallen. Da der dann im Ziffernblatt lag blockierte er die anderen Zeiger und die Uhr war unbrauchbar.,1
5388,"Eigentlich hat das Teil gar keinen Stern verdient! Eine ordentliche Installations- oder Bedienunsanleitung- FEHLANZEIGE! Es ist nur eine unzureichende Zeichnung vorhanden, die kein Mensch versteht! FINGER WEG VOM TEIL! Es gibt gute Luft-kühler die wesentlich einfacher zu installieren sind! Artikel ging zurück!",1
33491,Das Spiel im ganzen ist ok.. aber für vier Spieler haben viele Münzen gefehlt was ich schade finde..,1
527,"Ich kann leider das Thermometer nicht empfehlen. Der Eisbär sieht niedlich aus (dafür 1 Stern), aber das ist das einzige positive. Als wir das Thermometer ins Wasser gehängt haben, fiel das Thermometer vom Eisbären ab. Ich habe mich sofort an den Verkäufer gewandt, doch dieser meinte, dass man den Eisbären einfach raufstecken könnte. Dies ist zwar möglich, jedoch hält das Thermometer nicht mehr am Eisbären. Es fällt immer wieder ab. Klebereste sind noch erkennbar. Aufgrund dieser Rückmeldung vom Verkäufer habe ich mich an Amazon gewandt. Kurze Zeit später erfolgte die Zusage, dass das Geld zurück erstattet wird und ich den Artikel zurückschicken kann. Jedoch kamen noch einige Nachrichten vom Verkäufer, welcher darüber erbost war, dass ich mich an Amazon gewandt habe. Von Kundenfreundlichkeit weit entfernt. Ich kann das Thermometer nicht empfehlen und würde es mir nicht wieder kaufen. Die 10€ kann man besser investieren und auf den Ärger und Arbeit im Nachhinein kann man gut verzichten!",1
34229,Vorsicht beim Kauf !!!!!!! Hatte diese für mein Passat 3c gekauft laut Daten die ich für mein Auto mit dsg Automatik Getriebe brauchte. Es stellte sich heraus das diese Welle aber nicht für meinen war . Die Welle ist zu Gros obwohl sie augenscheinlich passt . Das hatte zur Ursache das der linke Reifen bei Kurven Fahrten blockierte hier bestand Lebensgefahr. Alte Welle überholt und neu montiert und fährt wieder sicher ! Also von skf bin ich der Meinung das es eine absolute Qualität Marke ist. Aber das mit der Welle geht garnicht .,1
23982,"Artikel ist überhaupt nicht gekommen, Verkäufer hat geschrieben,das die schicken noch ein Artikel... Gar nichts da. Applaus.",1
16712,"Besitze diesen Schlauch seit ca.einem halben Jahr. Wurde sehr fest aufgerollt geliefert.Dadurch hat der Schlauch eine flache form angenommen.Möchte ich den Schlauch weiterziehen ,schlägt er sehr leicht um und knickt ab. Wer diesen Schlauch kauft,kauft garantiert zweimal.Nicht zu empfehlen,",1
2012,"Das ist der Absolute Rekord, Installieren hat die SSD überstanden, nach 6 Stunden Dauerbetrieb ist die Platte tot. Wird nicht mehr erkannt. Daten Weg, danke dafür. Wollte nur die Alte Platte neu Aufsetzen, Daten 200 GB auf die SSD und wieder zurück. Leider ist die SSD bei 100 GB verstorbenen. 😡 setzten 6. Stunden Arbeit für die Installation und Daten am ... .",1
2431,"wie bei vielen anderen Käufern ist eine Box kaputt... die Einlegeböden sind gar nicht ert geliefert worden. Reklamation konnte ich mr leider sparen - hab die Kartons aufgrund ""gesundheitlicher Probleme"" zu spät auf gemacht. Eigentlich bräuchte ich noch 2 Boxen - aber die Chance das die dieses mal inOrdnung sein könnten ist mir zu gering.",1
34868,Ich habe meine Bestellung nie bekommen!!! Mehr als zwei Emails geschrieben und kein Antwort...ganz unverantwortliche Haltung!!,1
15438,Hat nicht lange gedauert und der Wasserkocher war kauptt. Tut der Umwelt einen Gefallen und kauft Qualität und nicht diesen Mist.,1
5563,Leider war das Gerät nach 2 maligen Gebrauch nicht in Ordnung. Akku lädt nicht mehr auf. An den Rändern löst sich bereits nach 1 Woche die lackierung. Display war von Anfang an etwas schief eingebaut. Ich würde es nicht noch einmal kaufen. Wird zurück gesendet.,1
35548,Das Netzteil unterstützt nicht die Schnelladefunktion des S8+. Zudem bemerkte ich nach einigen Tagen ein sehr lautes Spulenfiepen aus dem Netzteil. Direkt im Mülleimer gelandet. Danke für nichts,1
10646,"Das Terrarium kam zwei Mal nur im Karton verpackt und zerbrochen an... Falls man eins dringen bräuchte zB zwecks Umzug, kann man das hier vergessen. Habe es wo anderst bestellt, hat weniger gekostet und kommt auf einer Palette mit Spedition!",1
22560,0 Sterne ging leider nicht. Die Plane (Überdachung) hielt ganze 8 Wochen. Sie wurde erst porös und riss dann an mehreren Stellen. Für den Preis absoluter Schrott.,1
24569,Leider hat das Gerät meine Erwartungen in keiner weise erfüllt. Schon nach einmaligem Gebrauch ging nichts mehr. Sehr enttäuschend. Aber die Farbe ist sehr hübsch. Und das Gerät wurde sehr schnell geliefert.,1
16733,"Ich finde dieses Panzerglas unglaublich schlecht. Das Handy lässt sich durch das Glas schlecht bedienen, es nimmt die Befehle nicht an, nur unter voll Druck.... Das Geld zum Fenster rausgeschmissen.... 1 Stern für das leichte anbringen... Definitiv keine Kaufempfehlung!!",1
26485,Müll ging beim anschrauben schon kaputt,1
22085,"Produkt ist ok. Wie diese Teil, werden aber immer öfter bei Amazon Teile nicht an die Private Adresse ausgeliefert obwohl man Zuhause ist. Muss ich selber abholen ! Dann hätte ich auch bei Media Markt kaufen können.",1
6388,"Leider habe ich viel zu wenige Schraubdeckel erhalten, so dass ich 20 Gläser nicht nutzen kann. Hatte um Nachlieferung gebeten. Dieder Bitte wurde nicht entsprochen.",1
2962,"Anfangs machten die Halter einen soliden Eindruck. Jedoch sind diese nach 2 wöchiger Nutzung nicht mehr zu gebrauchen, da sie ausgeleiert sind und am Stift hin und herrutschen. Ein Fall für die Mülltonne!",1
19098,Die Stifte erwiesen sich über alle Farben als brüchig. Die Miene ist porös und scheint mit Blasen durchsetzt und extrem brüchig.So schlechte Stifte bin ich von Farber-Castell sonst nicht gewohnt!,1
1162,Frisch geladener Akku. Da blinkt nichts. Keine erkennbare Aufnahmefunktion. Nicht zu gebrauchen - noch nicht mal zum Spielen. Keine exakten Angaben über Ladedauer. Verlust der Schraube zur Ladefunktion vorprogrammiert. Beschreibung eher dürftig.,1
1020,"Für den Preis enttäuschend, zu Weihnachten gekauft und ein Teil ( Box for hinten im Boot )defekt von Anfang an.nicht zu nutzen....schade",1
6268,"Das Buch lockt mit 150 Rezepten, die sind sämtlich ohne Fotos, zum Teil wirklich belanglos und wer es gewohnt ist, zuhause schon selbst zu kochen, braucht diese Aneinanderreihung von Texten wirklich nicht. Habe es gleich zurückgeschickt und das klappte tadellos.",1
16308,"noch nie einen derart schlechten Kleber in den Händen gehalten!!! absolut keine Klebwirkung ob angetrocknet oder frisch aufgetragen - einfach nur schlecht, klebt noch schechter als ein post-it! insgesamt einfach nur Betrug, ist gar kein Kleber :-(",1
10721,Wurden erst an dem Tag verschickt an dem sie ankommen sollten und brechen sehr schnell kaputt,1
35707,sehr geehrte Damen und Herren ich bestellen gute Käse aber das Käse nicht gut ich möchte meine Geld zurück ich brauch nicht kaufen ich bin nicht ein Hund schicken bei Mi das Käse,1
17250,Leider empfand ich die Anbringung als auch die Qualität jetzt nicht berauschend. Mein Hund hat einmal den Kopf gegen das Netz gedrückt und da is das ganze Teil samt Schrauben raus..,1
2418,"Nach 60 Minuten war überhaupt nichts geliefert. Keine Bestell- oder Auftragsbestätigung, keine e-Mail, geschweige denn eine Lizenz. Bei einem Anbieter im Internet ging das dann für weniger Geld ruckzuck.",1
31510,"Habe mir die Socken gekauft. Beim ersten Paar war beim zweiten Tragen bereits ein Loch entstanden. Verkäufer nimmt die kaputten Socken mit dem Verweis, darauf, dass diese gewaschen und getragen wurden nicht zurück. Aus hygienischen Gründen.",1
15048,Das Produkt funktioniert überhaupt nicht. Einfach nur Schrott. Schade...,1
26024,"Trotz mehrfacher Anfrage, ist das Produkt nicht bei mir angekommen. Ich habe auch keine Anwort erhalten warum die Ware nicht bei mir angekommen ist!!!",1
19508,Kann leider nicht bewerten...hab die Vorhänge nie bekommen...hoffe ich bekomme das Geld wieder zurück...,1
39873,einfach schrott.diese Produkt ist sogar gar nicht mal einen Stern Wert unf sogar als Gratis exemplar nicht bedenkenlos zu behalten.viel billiger Plastik welche kann brechen jederzeit.auf jeden Fall nicht für Iphone 6s Plus geeignet auch nicht für ähnlicher Geräte.nie wieder,1
28830,Einfach schlecht (bis auf die Verarbeitung der Materialien) Hängt sich im Sekundentakt auf ... Ist schon der 2 Versuch und auch der erste war kein guter Kauf,1
8278,"Absoluter Fehlkauf, der Laminatboden sieht nun noch schlimmer aus als vorher. Das Produkt wurde streng nach Anweisung angewendet. Das Resultat ist ein verschmierter Boden mit Flecken! Sehr ärgerlich!",1
30266,Leider kam das Kostüm nie bei mir an. Eine Nachverfolgung der Sendung war auch nicht möglich. Immerhin mein Geld bekomme ich zurück erstattet.,1
34637,"Ich Persönlich trage weder Brille noch Kontaktlinsen. Ich habe die Linse nur für (1 Tag) Fasching gebraucht. Nach dem Tragen der Linsen, waren meine Augen komplett rot und taten nach dem abnehmen noch 2 Tage weh. Es kann natürlich auch sein, das es auch an Alkohol lag, da Alkohol Flüssigkeit entzieht und die Linsen benötigen Flüssigkeit. Auch wenn es schön ausgesehen hat, trage ich keine Linsen mehr!",1
22610,"Bekommen, aufgeladen, angezogen. Und nach 5 Sekunden ging das Display aus. Alles andere funktioniert, verbindet sich mit der App, zählt Schritte usw. Aber mit fehlerhaftem Display bringt mir das Ganze nichts. Habe alles probiert, erneut laden, Uhr per App ausschalten, wieder einschalten usw. Geht zurück.",1
3972,Leider ist mein Pfirsich trotzdem com Pils heimgesucht worden. Schade!,1
22499,Das Produkt ist zwar in Ordnung aber der Lieferant hat sich durch Betrug ein Sparabo bei mir erschlichen da sollte Amazon doch besser aufpassen ich hatte viel Ärger und einige Schwierigkeiten um das Sparabo wieder los zu werden,1
8049,"Ekelhaft ! Produkt kam verdreckt an. Dazu war es mit einer für mich nich undefinierbaren Flüssigkeit beschmiert. Der Duft ist so intensiv das er nach mehreren Händewaschen immer noch penetrant riecht. Dazu sah die Verpackung gebraucht aus, der Bürstenkopf war voller Fussel Staub und Haaren. Habe um Ersatz gebeten bin gespannt ob dies beachtet wird. Da bei einer neuen Bestellung erneut Versandkosten auf mich zukommen, welche ich nicht bereit bin zu zahlen.",1
23434,Machte eigentlich einen ersten guten Eindruck. Bei Inbetriebnahme blieb der Sprenger nach ein paar Minuten stehen und war somit durchgefallen...ging direkt zurück.,1
39587,Zu tun und schützt nicht.,1
19369,"Ich habe die Schnecken für meinen dreijährigen Enkel gekauft, vorallem weil sie gut bewertet wurden. Ich kann allerdings garnichts Positives zu diesem Artikel schreiben. Von den 4 Schnecken ging eine nach dem Auspacken garnicht vorwärts. Kurze Zeit später ( 5 Minuten nach Gebrauch) funktionierte die zweite auch nicht mehr. Die anderen eierten auch irgendwie auf dem Fußboden umher. Mein Enkel verlor schnell das Interesse, weil hier von Rennschnecken nicht die Rede sein kann. Das war einfach nur rausgeschmissenes Geld.",1
20634,"Ich habe den Artikel bestellt, leider kam dieser nicht wie abgebildet inkl. Adapter bei mir an! Ich habe dieses reklamiert, leider wurde mir bislang seit Wochen der fehlende Artikel nicht nachgeliefert und ich bekomme auf meine Nachrichten leider auch keine Antworten mehr. Ich bin sehr enttäuscht, aus diesem Grunde gibt es von mir ganz klar eine negative Rezension, da neben der fehlenden Ware, weder eine Entschuldigung, noch eine Nachlieferung noch eine Antwort erfolgt, sollte dieses nachgeholt werden, werde ich meine Rezension dementsprechend anpassen",1
10265,"Geht an, aus, an und aus. So lässt sich das Handy oder sonstiges überhaupt nicht laden.",1
10897,"es wird bei diesem gerät nicht angegeben das es kein ladegerät enthält,ein angepasstes ladegerät kostet in etwa noch mal das selbe. ich versteh den witz nicht.schade macht sonst einen guten eindruck.die bewertungen weisen ebenfalls nicht darauf hin. handelt sich hiebei wohl um fakes.",1
17061,"Schlechte Verarbeitung, der Reißverschluss wirft Wellen. Die Nähte sind unsauber verarbeitet, die Hosenbeine viel zu kurz. Das Polster ist hart wie ein Brett. Kann die positiven Rezensionen nicht nachvollziehen!",1
2705,"Habe das Mittel leicht überdosiert in unser Planschbecken getan (zusammen mit Aquades) und nach 2 Tagen war bereits leichter Film spürbar und Trübung erkennbar, am 3. Tag ist alles total glitschig und mit Taucherbrille kaum mehr die Hand vor dem Gesicht zu sehen, genauso war es letztes Jahr vor der Nutzung dieses ""Algenfrei"", somit reines Placebo und rausgeschmissenes Geld. Ich kann leider nur empfehlen die Hände von diesem Produkt zu lassen.",1
33902,"Magnettafel kam auch wie bei den anderen eingedellt an. Wäre es nur die eine Delle gewesen, hätte ich es behalten. Problem ist, durch die obere Delle, bekommt man die Tafel nicht gerade an die Wand. Rücksendung muss man selber tragen!! Ein bissl bekommt man erstattet, aber das ist lächerlich. . Also klares minus geschäfft. Ich bin nun auf die Ersatzlieferung gespannt.",1
6404,Nach nicht einmal einen Jahr ist der Brausekopf defekt. Lässt sich nicht mehr umschalten! Für den Preis hätte ich mir mehr erhofft!,1
18222,Diese schrott ist nach eine Woche kaputt .,1
8834,Leider absolut unzuverlässig. Test war negativ. Bei der Magenspiegelung wurde aber das Bakterium helicobacter pylori gefunden.,1
386,Ein Stern ist noch Zuviel! Armband ist nach ZWEIMAL tragen kaputt gegangen! Gehäuse blätterte ebenfalls ab! Billig ist noch zu teuer,1
5790,"Bedauerlicherweise sind beide Reißverschlüsse mittlerweile defekt. Nach 5 Monaten war bereits der erste Verschluss defekt, jedoch konnte man die Tasche mit dem zweiten Verschluss noch zuziehen. Mittlerweile beide Verschlüsse defekt. Die Tasche wurde 3x pro Woche zum Sport verwendet und ist jetzt bedauerlicherweise nicht mehr zu gebrauchen,da sich die Tasche nicht mehr schließen lässt. Schade, denn die Tasche wäre sonst auch von der Größe her ganz praktisch.",1
16894,"Nachdem die alte Unterbauleuchte, 3 mal 20 Watt Halogen, nach 18 Jahren (!!) das Zeitliche gesegnet hat, sollte dieses Teil die Nachfolge antreten. Nun liegt das Fazit vor: sagenhafte 2 Monate Lebensdauer. Wackelkontakt am Schiebeschalter, Licht geht nach eigenem Gusto aus und an. Das ist so dermassen schlecht, dass mir die Worte fehlen.",1
8977,"Die Lampe funktioniert an mehreren Leuchten nicht und ist demzufolge kaputt. Leider habe ich es versäumt, rechtzeitig eine Rücksendung vorzunehmen.",1
8894,Absoluter Schrott. Die Zigaretten bleiben stecken und werden zerdrückt. Das Feuerzeug war nach ca. 10 maliger Benutzung kaputt. Finger weg.,1
35849,Dieses Produkt ist nicht zu gebrauchen. Erstens ist die Stromversorgung hinten !!!! Zweitens hat man keine Möglichkeit die Größe zu ändern. Völliger Blödsinn.,1
29871,Tastatur unterbricht ständig die Verbindung zum Tablet!,1
5502,Steht da s-xl ..keine Möglichkeit den Verkäufer zu kontaktieren für die Größe..Schicken dann mal das kleinste.Frechheit.Bitte aufpassen vor dem Kauf.,1
36745,"Die Steckdosen sind sehr schlecht verarbeitet, beide pfeifen sehr hörbar, egal ob sie an oder aus sind. Eine absolute Frechheit dabei ist, dass ich für den Rückversand auch noch bezahlen muss, obwohl sie mit Prime verschickt wurden!",1
43423,"nette bilder, wenig inhalt, praktisch nur werbung in eigener sache, zu unübersichtlich",2
62557,"ging nach 5 monaten kaputt , und ide leistung ist nicht so überzeugend , ich würde das gerat nicht mehr kaufen",2
68767,Folie nicht passgenau! beigelegte Reinigungtücher sehr gut anbringen auch einfach,2
71771,"Das Spielzeug ist ja gut robust, aber mit der Zeit Farben die Tiere gut ab. Der grüne Frosch hat rote Punkte, die sind nur noch das reinste geschmiere... Schade.",2
79125,"Den Artikel mussten wir leider zurückgeben. Die Girlande wurde zwar in den drei Farben geliefert, allerdings wechselten sich die Farben nicht ab. Ich hatte mal 2 pinke Buchstaben nebeneinander, dann 2 rosane. Das war nicht in meinem Interesse und ging somit zurück. Ich bestellte die Girlande dann ein zweites mal aber sie würde identisch zur ersten geliefert. Schade, denn mir gefiel die Idee ganz gut. 2 Punkte gibt es für die schnelle Lieferung und die ansonsten gute Qualität der Karten.",2
66654,"Das Glas passt und lässt sich gut anbringen. Leider verschwinden die grauen Ränder am Rand nicht. Liegt wahrscheinlich an der Wölbung des Smartphones. Ist aber nicht schön anzusehen. Für mich ein No-Go. Ich habe mir nun ein anderes Panzerglas das die Wölbung am Rand mitmacht bestellt. Mal schauen, wie das aussieht.",2
71397,Keine Anti AGEing sichtbar...,2
49613,"Erst waren wir begeistert wie schnell und einfach die Schützer anzubringen sind und wie gut sie aussehen. Nur leider sind nach 3 Tagen bereits die ersten abgefallen wenn man nur dagegen kam. Nun fallen die anderen nach und nach auch noch ab. Von daher für uns völlig unbrauchbar. Ärgerlich, wir mussten uns jetzt andere bestellen, die nicht abfallen wenn man dagegen kommt. 2 Sterne nur für das Aussehen und den Türschutz der gratis dabei war und echt süß ist.",2
79518,"Man schläft gut drauf. Leider ist es nicht waschbar, hat keinen Bezug und passt in die wenigsten Bezüge. Liegekomfort jedoch gut. Preis Leistung okay",2
60372,"Egal wie fest man dreht, der Arm bewegt sich trotzdem.",2
43701,"Leider sind schon nach wenigen Wochen alle Vier Ecken der Hülle abgebrochen und das ohne ""größeren"" Sturz. Lediglich die Optik ist ganz schön aber Schutz bietet die Hülle kaum.",2
60923,Bin der norddeutsche Typ mit hellem/dünnen Haar. An die Hälfte der Haare kommt der Epilierer nicht dran. Wachsen ist effektiver,2
73050,Steht 14 Tage und schon gehen die nähte auf. So an sich ist es schön groß und geräumig naja und die Reißverschlüsse werden wohl auch nicht lange halten,2
68332,"Die Farbe (blau) sieht auf den Fotos viel leuchtender und kräftiger aus, in Wirklichkeit ist es mehr ein stumpfes Blau, das fast schon ins Graue tendiert, also mehr grau-blau, Taubenblau. Werde es nicht tragen da nicht gefällt.",2
58937,"Also wer diese Pfanne vor hat täglich zu nutzen, der wird mit der hier nicht glücklich werden. Der rote Spot erfüllt nicht seine Funktion (Farbe bleibt immer gleich). Und das was am noch wichtiger ist, knapp nach 10. Monaten absolut nicht mehr zu gebrauchen, der Spot ist komplett abgebröckelt und die Beschichtung hat sich bereits nach wenigen Monaten angefangen zu lösen und dabei bin ich sehr pfleglich mit der Pfanne umgegangen. Schade aber die Pfanne von Lidl hat länger durchgehalten.",2
61580,"Die Tüten sind meiner Vorstellung entsprechend. Was ich zu bemängeln habe, ist dass die Tüten einfach lose in einem Karton geschickt wurden. Die Tüten hätten zumindest in einer ordentlichen und sauberen Verpackung und dann im Karton versendet werden müssen. Ich wollte die Tüten so zurück schicken, brauchte sie allerdings dringend.",2
72319,"Ich als erfahrener Kontaktlinsen träger hatte wirklich Probleme diese Kontaktlinsen rein zu bekommen, als ich sie dann drin hatte, brannte es nach einigen Minuten höllisch. Jedoch war der Versand schnell, weswegen ich 2 Sterne gebe",2
69163,"Ich habe 2 Sets gekauft und bei beiden treten vereinzelt Farbunterschiede bei manchen LEDs auf. Ist auch für den Preis von 15 Euro nicht so wünschenswert. Wenn dies noch mehr wird, werde ich die Sets leider zurückschicken müssen. Update: Zudem gehen die LEDs sporadisch An und Aus, auch wenn die Fernseher nicht an sind.",2
63322,"Ist nicht wirklich für Menschen gemacht, die etwas mehr mit sich rum tragen. Daher kann ich mir kein Urteil erlauben. Für alle anderen: gut verarbeitet, funktional und macht generell einen soliden Eindruck.",2
75734,Nur 2 Sterne wegen der Größe. Das Bild täuscht da schon sehr. Einmal gekauft...aber kein zweites mal.... daher meine Meinung...finger weg!!!!!,2
41477,Unsere Maus trinkt aus dieser Flasche viel zu schnell inklusive verschlucken und spucken im Nachhinein. Wir nutzen weiterhin MAM - hier läuft die Milch um einiges langsamer und sie muss sich wirklich anstrengen beim trinken.,2
52097,Schnelle Lieferung Super zu sehen Leider sehr schnell kaputt...,2
45795,Also.. hinten ein Etikett mit 4.95 drauf ..man man überteuert...,2
61134,Mir wurde ein gebrauchtes Set geschickt . So professionell sieht es auch nicht aus . Darum nur 2 Sternen .,2
78286,"Beim Anziehen ist das material an beiden Fersen eingerissen außerdem knicken die Flossen wenn man feste mit den Beinen ""strampelt"". Für mich ungeeignet",2
63253,hatte irgendwie mehr erwartet und daher auch wieder zurückgesendet. Nächstes mal informiere ich mich wohl vorher etwas besser bevor ich bestelle.,2
47299,Kurz und knapp: das Bügelbrett wackelt bei jedem Handgriff. Für diesen Preis absolut inakzeptabel. Keine Kaufempfehlung.,2
58432,Leider kein so gutes Ergebniss auf der Frontscheibe. Werde sie wieder abmachen und anständige Wischer ans Auto machen. Heckwischer ist in Ordnung.,2
55441,Also mir persönlich gefällt die Hose nicht. Also die Qualität ist schön und sie ist an sich auch bequem jedoch ist sie mir am Bauch durch den dicken Bund zu eng .die Hose hat einen engen Gummizug der weh tut.,2
64993,"Sehen ganz schön aus, bei uns klebten sie jedoch nicht gut. Unser Kind zieht sie leicht ab, weswegen wir nun andere haben.",2
70257,Sehr gut verarbeitet und gut zu montieren,2
40450,Ja dür das geld ok ab nichts besonders gut,2
46186,"Alles sieht leider sehr billig aus. Die Handschuhe kann man nach einmal Tragen in die Tonne schmeißen. Wer sowieso vor hat, es nur einmal im Leben anzuziehen, für den wird das Set okay sein.",2
78025,Saugkraft nicht so wie angegeben. Beim ersten mal saugen ja aber dann eher schlecht als recht,2
41300,"Also ein bisschen enttäuscht bin ich schon. Das Ding macht niemals 1200 lumen, meine Fenix ist angegeben mit 300 lumen und die ist heller, als diese angebliche 1200 lumen-funsel! Außerdem leuchtet die LED im Vergleich zur Fenix vergleichsweise blau, die Farbtemperatur ist ziemlich unangenehm.",2
47647,"Licht ist gut und macht die Kinder sichtbar. Leider funktionieren die Druckknöpfe auf keinem der vier gelieferten Lichter problemlos. Oft hilft nur zahlreich wiederholtes drücken, bis das Licht aus geht. An ist kein komischerweise Problem.",2
78635,Artikel hält nicht was ich erwartet hatte,2
70224,"Knacken, Piepen und Rauschen. War ein Fehlgriff.",2
79382,"Die Lieferung war schnell aber von dem Kleber bin ich nicht überzeugt. Ich hatte das Gefühl das die Dosen nicht voll waren bis auf eine, drei waren wesendlich leichter wie die eine. Dann habe ich Kunstleder auf Holz geklebt, genau nach Anweisung, nach einer Woche hat sich das Kunstleder wieder gelöst. Die Klebeeigenschaft ist nicht besonders gut in dieser Kombination, ist vielleicht in anderen Kombinationen besser.",2
42810,Der Bewegungssensor funktioniert gut. Die Leuchtkraft lässt sehr zu wünschen übrig. Selbst bei voller Ladung ist das abgestrahlte Licht sehr dunkel.,2
61801,"Zunächst war ich etwas enttäuscht von der sehr laienhaft geschriebenen Form des Buches. Viele Informationen bleiben oberflächlich und entbehren einer fundierten Auseinandersetzung mit Quellen, Studien o.ä. Wer geh doch einfach einmal einen oberflächlichen Einblick in das persönliche Gedankengut des Verfassers bekommen möchte, kann hier sicherlich auch hilfreiche Tipps für sich herausziehen. Für mich war der Tipp zu der Qualität und Beschaffenheit eines CBD Öls sowie zu den Herstellern, die beste Qualitäten herstellen, sehr hilfreich.",2
52658,War nicht so erfreut muss zu oft geladen werden! Liegt nicht so gut in der Hand !🙁,2
75822,"Das Papier hat gute Qualität, allerdings sind die Blöcke wohl eher ein Werbegeschenk... Auf jeder verdammten Seite befindet sich das Firmenlogo mitten im Schriftfeld!!!! Absolut unverschämt!",2
49565,Irgendwie sehr klein. Wir haben es uns größer vorgestellt. Und unser Kater scheint auch keine Freude daran zu finden.,2
43956,Leider lässt sich das Display nur sehr schlecht ablesen. Ansonsten ist optisch und habtisch alles in Ordnung.,2
50308,"Von aussen sehr schön, aber....innen sind die Folien zum Kleben sehr dünn und klebt so fest dass sich das Papier drunter löst. Hatte mir doch was anders vorgestellt, nicht zu empfehlen um Fotos sauber ein zu kleben, Schade eigentlich denn von aussen macht das Produkt einen sehr guten Eindruck!",2
58514,Für mich ungeeignet. Sehr harte plastikartige Fächer. Fällt leider auch sofort aus das sie unecht sind. Das ende der Fächer ist sehr breit und hart. Hält leider nicht gut auf den eigenen Wimpern. Ist ziemlich schwer und kippt dadurch bzw drehen sich auf den Wimpern in die falsche Richtung. Rücksendung würde bedingungslos akzeptiert. Daher auch 2 Sterne,2
44765,Habe diese Unterhosen im April 2018 gekauft. Nun ist mai 2019. Soweit passen sie gut und sind angenehm zu tragen. Inzwischen haben 9 der 12 Unterhosen ein Loch. Und zwar alle an identischer stelle im Schritt. Die Stelle hat nur sehr dünnen Stoff. Hier wurde an der falschen Stelle gespart. So dienen die Unterhosen vielleicht noch der Damenwelt als ouvert Höschen ;). Sicherlich aber nicht den Herren. Fazit. Nicht kaufen. Ein Klassiker von „wer billig kauft kauft zweimal. „,2
58485,"Gleich als mein Packet heute angekommen ist, habe ich sofort das Mikro getestet. Und die erkenntniss das mein iPhon bessere Ton-Aufnahmen macht war erschütternd. Und ich habe ein Mikro für meine Video Produktion, für meine Sprecher Aufnahmen sehr gebraucht!",2
51995,"Optisch ist das Armband wirklich schön, leider hält es jedoch überhaupt nicht am Gehäuse der Fitbit. Der Verschluss hat sich jetzt am 3. Tag des Tragens bereits mehrfach gelöst, wodurch keine Aufzeichnungen stattfinden und das Gehäuse schon vom Arm gefallen ist. Sehr schade, da mir das Band eigentlich gut gefällt.",2
51676,"Habe das Kleid zum zweiten Mal bestellt, die 36 hat auch nicht gepasst, obwohl ich immer 36 trage. Das Kleid hat nach Chemikalien gestunken und es war unangenehm. Rundum ein schönes Kleid. Musste zum zweiten Mal zurück.",2
50644,Armband zu billige Verarbeitung. Daher wieder zurück geschickt.,2
69213,"Der Player sieht zwar ganz schick aus, aber die Bedienung und die Gestaltung der Oberfläche ist großer Mist. Meine Tochter hat nicht wirklich Spaß dran.",2
44805,"Ich habe mir diese Lampe als Nachttischlampe gekauft und die ersten 3-4 Tage war ich auch sehr zufrieden. Aber dann ging sie eines Nachts ohne Grund an und ließ sich nicht mehr ausschalten, ausser man zog den Stecker.. Sobald man ihn wieder einsteckte wieder das selbe.. Wird zurückgesendet..",2
77217,"das Stativ ist für diesen Preis in Punkto Stabilität und Funtionalität gut. Man kann vom Handy bis zur Videokamera fast alles auf diesem Stativ befestigen. Manko das Stativ ist sehr leicht und dadurch nicht sehr windfest . absolutes no go ist die Fernbedienung diese hat einmal funktioniert und schläft seit dem,oder ist tot wie auch immer sie ist nicht mehr zu gebrauchen. und irgendwie macht das stativ ohne fernbedienung kaum noch sinn,da ich ja zum auslösen hinter das Stativ muss :-(",2
45618,"Leider bereits beim ersten Gebrauch zwischen zwei Zehen so doll gerissen, dass auch nähen nichts mehr half. Schade, schade. Kann deshalb zur Haltbarkeit der ABS-Noppen nichts sagen.",2
74782,Eine der zwei Birnen war nach 3 Tagen defekt...,2
60642,"Das Handbuch ist verständlich verfasst es hat viele Speichermöglichkeiten gut zu bedienen Bei dem Gerät, das ich gekauft habe, rastet das Kabel im Hörer (Fehler liegt im Hörer) nicht ein und rutscht während des Telefonates heraus , muss mit Klebeband fixiert werden. Deshalb nur 2 Sterne",2
47923,Schöne Farben. Leider reißt der Faden bei vielen Farben ständig,2
53588,Nur 2 Sterne wegen der komplizierte Montage und schlechter Qualität.,2
41285,"Ich habe diese Wärmesohlen gekauft da ich einem Stadion Arbeite und wirklich immer Kälte Füße habe. Zumindest von Herbst bis in den Frühling. Die Rezessionen schienen toll aber ich bin leider nicht überzeugt. Eine Sohle besteht aus einem wärmenden Granulat. Man zieht die Sohle aus der Verpackung und löst die aufgeklebte Folie. Dann ab in die Schuhe damit. Von der Passform sind sie in Ordnung. Ich trage Schuhgröße 39. Ich habe mich auf tolle Wärme Füße gefreut. Auf der Verpackung steht das die Sohlen bis zu 50 grad heiß werden können. Bei mir war es leider nicht der Fall. Meine Sohlen sind warm geworden aber wirklich nur warm. Zudem ist es leider so, dass das Granulat irgendwann hart wird und mir die Füße nach drei Stunden tragen wirklich weh taten. Es ist so als läuft man nach einer Zeit auf Steinen. Ich habe die Sohlen dann raus genommen. Warm waren sie bereits nach drei Stunden auch nicht mehr. Ich würde sie also nicht weiter empfehlen. Sehr schade",2
42943,"Leider ist die Spieluhr total schief und"" läuft nicht rund """,2
46128,War ich enttäuscht!! Laut Größentabelle bestellt und es ist zu groß und die Bluse war viel mit Make up verschmutzt,2
42819,Leider rutscht die Folie leicht auf dem Display rum. Dann nach ca. einer Woche blieb sie an meiner Hosentasche hängen und nun somit unbrauchbar. leider nicht so ganz Empfehlungswert.,2
130316,"Das Produkt kam gut und sicher verpackt an und ist demnach unversehrt angekommen. Ich wollte sie mir schon seit längerer Zeit kaufen, deshalb freue ich mich schon sie ausprobieren zu können. Bis jetzt bin ich sehr zufrieden muss (als Schülerin) allerdings sagen, dass sie relativ teuer sind.",4
140316,"Akku sehr passgenau, Kapazität leicht geringer als Original: nach 2,5 Stunden Video verabschiedet er sich, im Neuzustand, sehr abrupt. Zu dem Preis allerdings akzeptabel. Wie lange er diese 2,5 Stunden hält, bleibt abzuwarten.",4
152823,"Lieferung war zügig (6 Tage, dazwischen war Wochenende). Melde mich später nach dem Einbau nochmal zwecks Aussehen und Helligkeit.",4
145059,"Das Gerät kam gut verpackt kurz nach meiner Bestellung zu Hause an. Es ist leicht zu bedienen, gut zu verstauen und lässt sich gut reinigen. Die Leistung ist gut. Für den normalen Gebrauch für 1 Glas Saft am Tag ideal. Ich bin damit voll zufrieden.",4
155550,"Macht was er machen soll, wobei ich die linke/rechte Seite etwas zu wackelig finde beim klappen. Nutze das Produkt lediglich zum T-Shirts falten, kann das Gerät guten Gewissens empfehlen.",4
140803,Schnelle Lieferung als wie angegeben. Material ist so eine Art elastischer Kunstsoff. Ansonsten für den Preis gut.,4
127016,"Ketten sind hübsch, kein richtig glänzendes Silber, aber dennoch sehr schön verarbeitet. Ösen schließen sehr gut. Lieferung war recht schnell.",4
132142,"Habe diesen Helm für meinen Shon zum Roller fahren gekauft. Laut seinen Angaben, sitzt er recht gut, hat einen guten Tragekomfort und ist vom Styl her, hat er ein ordentliches Aussehen. Würden wir wieder kaufen. Franz",4
141688,"Zeigt die wesentlichen Bestandteile der Skyline von Chicago, ansonsten läßt sich mit den Bauteilen nicht viel mehr anfangen.",4
139517,Siehe Rezession Band 1 der gleichen Saga,4
158657,Habe mir die Brille zum Radfahren gekauft. Gläser sind etwas empfindlich. Brille ist leicht und angenehm zu tragen. Ist zu empfehlen.,4
135255,hoffe wir brauchen ihn nicht,4
154480,"Sehr angenehm zu tragen, sieht schick aus, sieht nicht billig aus und die Grösse passt soweit, ich musste keine Nummer grösser bestellen. Ich würde den Artikel wieder kaufen.",4
146354,"Es funktioniert super, wie ich es mir gewünscht habe. Der einzige Makel, der auch schon oft erwähnt wurde: man kann das Kabel nicht festschrauben, aber bei mir hält es auch so tip top.",4
132425,"Schönes Produkt , hätte nur gerne kräftigerer Farbe haben können !",4
159794,"Was soll den das ? War die Frage meiner Lebensgefährtin. Später dann, WOW Geile Sache 😅 ist zwar etwas eng aber das schadet ja nicht",4
133118,"Süßes Täschchen. Brauche sie zum Fasching zu meine Ananas-Kostüm. Ist ein HINGUCKER,! Kann man im Sommer auch so tragen: Handy, Geld und Lippenstift passen rein.",4
146603,"Farbe ist nicht ganz die gleiche, und die ist nach kurzer Zeit leicht kaputt. Aber sonst fühlt sie sich gut an, und sieht schön aus",4
139054,Für den Preis mehr als in Ordnung,4
145290,"Meine Tochter liebt die Ente! Oben Wasser reingießen und die Ente lässt das Wasser durch den Schnabel raus und das Wasserrad dreht sich. Es funktioniert super! Mit einer Kanne Wasser läuft die Ente etwa 30 Sekunden, was ich eine gute Dauer finde. Der Saugnapf hält ganz gut, könnte aber besser halten. In der Beschreibung steht, dass die Ente durch 2 Saugnäpfe gehalten wird, tatsächlich ist es aber nur einer. Ein zweiter wäre nicht schlecht, weshalb ich einen Punkt abziehe.",4
121716,Gute Verarbeitung. Platz für min. 7 Karten. Leder und Nähste sehr gut verarbeitet. Scheinfach groß. Passt in jede Tasche. Leider ohne Clip obwohl das model Money Clip heißt.,4
133515,Für leichten Regen richtig gut. Schnell verstaubar kein großes an und ausziehen.,4
156390,Etwas knapp am Hals.,4
135992,"ansonsten ist die Weste gut , mit vielen Taschen, aber die Größen passen nicht.",4
124625,"Es hat ein p aar Ansätze gedauert, aber jetzt gehen sie richtig ab, d.h. Sie vermehren sich gut und das Ergebnis ist richtig lecker.",4
134031,"Die Tischdecke hat gut den Geburtstag durchgehalten. Roch bloß sehr stark nach Chemie. Kommt wahrscheinlich von dem Druck. Da wir diese mehrere Tage vor Geburtstag ausgepackt hatten, war der Geruch weg nach paar Tagen.",4
121755,Ich verarbeite diese Perlen mit anderen Elemente zum Armband.,4
124713,Der Grabber ist schnell und einfach in der Bedienung und liefert passable Ergebnisse. Ich habe ihn zur Rettung von Videos benutzt,4
141585,Alles ok - Artikel war auf 2 Packungen aufgeteilt - aber in Summe passt's.,4
143691,"Man merkt das es nicht das Original ist, aber es ist ja auch deutlich günstiger.",4
158685,"Ab vier Jahren sollte man M bestellen. Das Material läßt zu wünschen übrig. Die Maske sollte man nachjustieren und wir fanden sie am Anfang unangenehm zu tragen, doch jetzt wird sie immer wieder herausgeholt und getragen. Als Fasching-Kostüm ziemlich gut.",4
135351,"Nachdem es drei Anläufe brauchte, bis ich ihn bekommen habe und der Spiegel nicht kaputt war, dauerte es etwas. Als der Spiegelschrank da war, sah er gut aus und alles schien top. Nun muss ich dazu sagen, dass mich andere Rezensionen dazu veranlasst haben, den Spiegel erstmal zu entfernen und ordentlich drauf zu kleben, damit er nicht ab fällt. Hierbei hatte ich enorme Schwierigkeiten, da der Spiegel wohl schon so gut befestigt war, dass nichts passiert wäre. Aber sicher ist sicher. Zudem habe ich unter dem Schrank einen Winkel angebracht, damit das Gewicht nicht nur an der mit gelieferten Aufhängung hängt. Nach dem ganzen Aufwand kann ich nun sagen, der Schrank hängt endlich und sieht gut aus, so wie er ist :-) Wegen der Lieferprobleme nur 4 Sterne.",4
120552,Schnelle Lieferung und bin sehr zufrieden mit dem TV Stick auch ohne Alexa Sprachsteuerung .,4
123721,"irgend ein Depp die Verpackung übernommen hätte. Die LED sind an einem dünnen Draht verbunden. Dieser ist aufgewickelt im Glas. Leider hat jemand diese scheinbar erst aufgewickelt und dann an die Solareinheit gelötet. Dadurch war es kaum möglich diese wieder zu entwirren. Das hat mich einiges an Zeit gekostet. Glücklicherweise war das nur bei zwei Gläsern der Fall. Die anderen waren ""normal"" gewickelt. Das Ergebnis ist dennoch gut und alle Gläser funktionieren.",4
129333,"Es liefert überraschend schnell,ist nach kurzer Zeit schon bei mir Zuhause angekommen. Mein Handy iphone 7 passt in sie perfekt rein. Die Handyhülle gibt es ein sehr elegantes Obermaterial und die schwarz Farbe sieht sehr edel,exquisit und hochwertig aus.Ich kann dieses Case wirklich jedem empfehlen. Das Leder fühlt sich toll an.vielen Dank !",4
126792,"Der Pulli sieht gut aus und passt einwandfrei. Er ist sehr warm und kuschelig wie ich mir das gewünscht habe. Ein kleines Minus erhält er wegen der Lieferzeit. Diese hat doch ein paar Tage mehr in Anspruch genommen als angekündigt wurde. Aber egal, jetzt ist er da und kann zum Einsatz kommen.",4
158413,"Die Saugnäpfe halten zu meine Überraschung auch gut auf Fliesen (Ein bisschen Ultraschall-Kontakt-Gel war dabei behilflich.) Die Schönheit des Designs liegt ja immer im Auge des Betrachters, mir gefällt es, und die Materialien wirken keineswegs billig. Die Haltbarkeit kann ich so kurz nach dem Kauf nicht beurteilen.",4
130313,"Habe meinem Freund diese Uhr zum Geburtstag geschenkt. Er ist auch ein eher schlichter Typ und daher fand er die Uhr auch schön. Was allerdings einen Stern Abzug gibt, Ist, dass keine Beschreibung dabei Ist, wie man die Armbandglieder heraus nehmen kann, um die Uhr zu kürzen und auch kein kleines passendes Werkzeug. Mussten uns von jemanden Werkzeug ausleihen (das ist noch das kleinere übel) Ansonsten kann ich die Uhr empfehlen.",4
155950,"Also von meinem Phillips TV ist die Fernbedienung nach 4 Jahren kaputt gegangen, was auch passieren kann. Doch diese Fernbedienung funzt perfekt, sogar hat sie mehrere Funktionen als die Original. Man kann 3D schalten und vieles mehr... Und für den Preis muss ich 4 Sterne geben, denn mich stört einfach, die neuen Fernbedienungen klicken immer beim Umschalten. So wie Fire Stick Fernbedienung etc...Ich denke das dies Neu ist, aber es stört mich!",4
130054,Ist alles top. Die Menge im Set ist mehr als ausreichend für Anfänger.,4
132046,Geht leider wieder zurück da sie nicht gepasst hat aber die Lieferung erfolgte schnell und auch die Gläser sahen nicht schlecht aus. Erstaunt erfolgt problemlos,4
132883,Einfach zu bedienen mit Schieber. Viele Ersatz Klinge dabei und auch eine Tasche sodass alles sauber verstaut werden kann. Bin sehr zufrieden damit,4
157558,Sind von der qualität her gut aber sind ein bischen zu kurz und zu schmal könnten größer und breiter sein,4
151586,einfach aufzubauen sehr leise,4
132242,"Ich habe die Hülle vor wenigen Tagen erhalten und der erste Eindruck war sehr gut. Die Hülle passt perfekt, ist dünn und liegt gut in der Hand. Einziger Kritikpunkt ist, dass man leider Fingerabdrücke deutlicher sieht als bei anderen transparenten Hüllen.",4
149734,Es war einfach zusammen zu stellen - preis passend,4
133749,"Sehr elegante Uhr. Blieb zwar einmal stehen (warum auch immer), aber seit dem habe ich keine Probleme mehr mit. Man sollte aber immer im Hinterkopf behalten, dass es ein Billigprodukt ist. Von daher 4 von 5 Sternen.",4
158622,Habe den Pool vor 2 Tagen aufgestellt. Alleine knapp 1 Stunde mit auspacken gebraucht.. er macht einen soliden eindruck und ost für das Geld echt O.K. die Kunststoff verbindungszapfen werde ich nächstes jahr aber mot schrauben ersetzten,4
157049,"Akku Schnelle >Lieferung, >Lebensdauer wird sich noch zeigen.",4
152311,"Nach vielen Versuchen habe ich endlich das richtige USB-Kabel für's Auto gefunden. Das Kabel ist sehr biegsam, gut verarbeitet und funktioniert zuverlässig. Ab und zu wird die Verbindung zum Handy abgebrochen (1x im Monat). Im Vergleich mit den restlichen Kabeln, die ich getestet habe, ist das super!",4
131359,Meine Tochter spielt gerne!,4
145926,Super SoftAir hat auch Zug und tut weh. Super verarbeitet und das Magazin ist schwer sodas man ein gutes Gefühl in der Hand hat. Aber manchmal steckt eine Kugel einfach fest und man muss erneut laden sodass dann im Endeffekt zwei Kugeln kommen habe Angst das die Waffe deswegen kaputt geht.,4
152580,"Sehr schöne Schablone. Hatte gehofft, dass sie nicht so flach ist, aber leider ist das so. Deshalb ‚nur‘ 4 Sterne. Ansonsten war die Lieferung reibungslos und die Verpackung war auch okay.",4
139825,"Sehr gut verarbeitet, angenehmes Gewicht. Leider ohne eigenen Deckel, der wäre der 5.Stern gewesen, da ich so die Umverpackung mitnehmen muss, wenn ich das Spiel auf Reisen mitnehme.",4
134883,"Ich finde die Produktidee super! Eine schnelle Lösung, um nicht ständig den Handy-Timer o-ä- einstellen zu müssen - z.B. beim Tee- oder Eierkochen Positiv: + Design + einfach zu bedienen + funktionalität Negativ: - Display unbeleuchtet, daher teilweise schwer lesbar - Preis: rund 15€ erscheinen mir teuer, 10€ fände ich fairer",4
153362,Hab ich nun schon zwei Jahre im Einsatz und funktioniert immer noch perfekt. Gerade im Urlaub eine ware Hilfe um Akkus schnell an der Powerbank zu laden. Nach dem Ladevorgang lasse ich die Akkus in der Ladeschale. Auch über Monate entladen sie sich nicht und sind unterwegs geschützt.,4
151032,Beim einschalten hängt die Steuerung leicht.Hier muss man öfter den Schalter betätigen damit er anspringt. Hab noch einen zweiten gekauft ist das selbe Problem.Soweit aber Ok,4
122794,"Ich wollte ein Schutzblech für mein Cube Fully. Es erfüllt seinen Zweck sehr gut. Allerdings ist die Befestigung mit Kabelbindern nicht optimal, aber das wusste ich ja davor.",4
135780,Die Folien haben eine sehr gute Passform. Sonst habe ich auch nichts zu meckern. Würde sie jederzeit wieder bestellen! :),4
142258,Für wenig Geld ist nichts zu meckern immer wieder gern! Mfg.Jörg,4
122066,"Sehr gutes glätteisen für kleines Geld, kann es nur weiterempfehlen.",4
154175,Sehr schöne Schatzkiste.. viel ein bisschen größer aus als erwartet. Habe überlesen dass kein Kompressor dabei ist habe dann den dazu empfohlenen gekauft.,4
125386,"Das sind gute Patronen habe sie lang genuzt , der Preis stimmt auch vielen dank",4
124001,Hier stimmt das Preis - Leistungsverhätnis ! Würde die Schuhe noch einmal kaufen! Sehen toll aus und sind laut Aussage meines Sohnes bequem!,4
