119737,Ist ok ...blondierung quillt schnell auf,3
84660,"Die Ware an sich ist Okay, hält nur leider nicht länger als einen Urlaub weil der Stoff am Hacken reißt. Ansonsten für die Zwecke ausreichend.",3
117167,"Auf der Suche nach einer Panzerfolie, habe ich mich für diese entschieden, da ich auch eine Hülle der Marke Sleo verwende. Das Problem der Panzerfolien für das V30 liegt wohl an der Bauform des Handys. Die Maße nach links und rechts passen nicht ganz, da die Folie zu kurz scheint. Aber wie gesagt, ich habe gelesen dass auch andere Marken das Problem mit dem Handy haben, weil das Glas ähnlich wie bei Samsung nach außen hin gebogen / gecurved sind. Man beachte die Bilder. Wen das nicht stört macht bei der Folie nichts verkehrt, mir hat es nicht ganz gefallen, scheint aber keine Lösung zu geben für das Problem Panzerfolie und V30",3
110852,"Der zweite Teil von ""Die Unglaublichen"" ist zwar nicht schlecht aber überhaupt kein Vergleich zum ersten Teil.",3
105000,Die Grösse ist spitze aber die Bügelunterlage ist alles andere als gut.,3
113503,Sieht rubust aus is es Sicherlich auch nur das Kamera problem ist für mich ein Problem weil ich ich arbeitsmäßig die Kamera viel einsetzen muss.,3
90858,"Die Hülle ist super, dafür hätte es 5 Sterne gegeben. Die Schutzfolie passt allerdings nicht auf das Samsung J3 2017 Duos, sie ist zu klein. Daher insgesamt 3 Sterne.",3
112316,"Heizt sehr schnell. Nur das Kabel ist wirklich problematisch und zum Autofahren bzw. beim Einparken schlecht, da es sich um das Lenkrad wickelt",3
89986,die Verarbeitung ist jetzt nicht der Hammer aber ich habe den unter einer grossen Blume stehen dafür ist der gut.,3
101072,Schönes praktisches Microfasertuch. Leider hat es beim ersten Waschen etwas abgefärbt und beim Abtrocknen fusselt es leider etwas - daher nur 3 Sterne.,3
106473,Bei mir fehlt die große Tüte hätte ja klappen können zu sparen,3
112234,"Lieferung war sehr schnell. Farben sind alle heil angekommen, keines ist beschädigt. 5 sind komisch fleckig.... Die Farben passen nicht zu 100% mit dem Foto zusammen. Produkt war toll verpackt, kann man nix sagen.",3
98625,Mit etwas Geschick schnell passend genäht!,3
112812,"Das Schutzglas lässt sich einfach und blasenfrei aufbringen. Lediglich der Rand schließt nicht ganz ab. Von daher bin ich mit dem Produkt zufrieden. Ärgerlich finde ich, dass in einem Doppelpack (also 2 Schutzgläser) nur ein Set zur Reingung des Displays enthalten ist. Das kannte ich von anderen Sets anders... besser!",3
92596,Das Produkt ist allgemein etwas klein für Zitronen.,3
100163,Gut aber nicht perfekt,3
112903,Leider Frist mein Kater das Nassfutter nicht. 😟,3
88986,Passt gut. Kind hat Freude damit. Aber leider passt die Maske so gar nicht. Verarbeitung der Maske mangelhaft und Passform grauenhaft. Wir haben eine eigene Maske dazu gebastelt jetzt ist Outfit perfekt.,3
96761,"Es hies in einem Kommentar es sei bei manchen ein Maschineller Fehler auf der Klinge , das stimmt auch allerdings hatte ich das Produkt gebraucht entstanden . Ansonsten ist das Messer nicht zu toppen natürlich könnte der Preis etwas nach unten korrigiert werden dann würde der Verkauf wieder in Schwung kommen...",3
80569,Preis Leistung gut - Qualität Ok,3
107074,Ich habe gerade eben die Lieferung erhalten. Die Tasche entspricht weitestgehend meinen Erwartungen. Leider kann ich keine Regenhülle finden. Laut Artikelbeschreibung gehört diese aber dazu. Hat diese Tasche keine Regenhülle? Ich bin etwas irritiert. Gehört zu dieser Tasche nun ein Regenüberzug oder nicht?,3
85450,"Der Anhänger, ist in meinen Augen etwas zu schwer und das Armband riecht sehr stark.",3
107681,Es tut was es soll nach dem 2. Tag war das erste Klebeband schon def. Leider kein Ersatz dabei bei der Qualität ist noch Luft nach oben,3
113760,Die Schlinge ist nichts für einen längeren Unterarm größerer Leute. Es baumelt dann die Hand. Sonst gut...,3
100677,"Das Holzrahmen ist viel dünkler als abgebildet und hat ein paar unschöne sehr dunkle, sichtbare Flecken. Ist mir dann doch zu teuer für die Qualität. Versand wie immer flott und einwandfrei.",3
107244,"der Rasenmäher wäre gut, wenn alles funktionieren würde. Leider funktioniert bei diesem Gerät die Akkuanzeige nicht. Habe ihn jetzt nur nicht zurück geschickt, weil ich keine Lust habe, das Gerät wieder auseinander zu bauen und zur Post zu schleppen. Ärgerlich aber er mäht ja wenigstens",3
115626,"Wenn der Tisch steht, hat man echt Spaß damit. Für den Preis echt ok. Der Aufbau selbst ist jedoch eine echte Herausforderung! Die Aufbauanleitung mangelhaft.",3
113697,Zu Beginn war ich sehr zufrieden mit diesen Kopfhörern. Die Passform lässt sich gut anpassen durch die unterschiedlichen Aufsätze und die Tonqualität ist auch ok. Mittlerweile bin ich enttäuscht weil nach einigen Wochen nur noch einer der beiden Kopfhörer funktioniert. Deshalb finde ich Preis-/Leistung nicht ok.,3
101935,"Einfach zu Montieren, Bild und haptik sind wunderbar ABER meine Akkulaufzeit hat sich seitdem ich das Display habe drastisch reduziert ..",3
101238,Kompliziert und nicht eindeutig,3
117568,"Das Kabel ist leider defekt bei mir angekommen, deshalb kann ich zum Produkt an sich nicht so viel sagen. Die Lieferung erfolgte innerhalb des angegebenen Zeitfensters und die Reklamationen des Produkts verlief wirklich reibungslos. Innerhalb eines Tages hatte ich erhielt ich eine Antwort vom Verkäufer und nach genauerer Schilderung des Problems wurde mir anstandslos eine Rückerstattung des Kaufbetrags angeboten. Die Erstattung erfolgte innerhalb eines Tages.",3
108864,"So ganz passt die Erzählweise nicht zu meiner Erwartungshaltung. Man kann Angst bekommen bei dem Gedanken, dass die Charaktere in der wahren Welt tatsächlich existieren.",3
103758,"Leider funktioniert das Touchpad nicht so gut, die Folie ist bereits (auf zwei Handys) kaputt gegangen und das was sie können soll (Blickschutz), kann sie nur mäßig gut. Man erkennt von der Seite noch viel zu viel",3
93810,"Wischt nicht streifen-und tropfenfrei. Gute Größe für große Duschwände. Zusammenbau könnte besser sein, keine gute Qualität. Zum Teil scharfe Kanten am Griff.",3
84370,"Gefällt mir nicht so gut, hätte mir mehr davon versprochen.",3
97861,"ein tolles Cover, leider hab ich übersehen, dass man damit nicht im Hochformat arbeiten kann, ... aber es sieht toll aus, gut verarbeitet",3
93378,"Hat alles wie erwartet funktioniert. Der Schraubenschlüssel ist aber nur für den einmaligen Gebrauch, ist jetzt komplett verbogen und die Rohrzange musste den Rest erledigen.",3
99577,Ich hab noch nicht wirklich reingeschaut ! Für mich nicht interessant genug !,3
104044,Leider funktioniert bei meinem iPhone 6Plus die Bluetooth-Anbindung nicht zuverlässig. Die App ist in dieser Hinsicht zu verbessern. Darum 2 Sterne Abzug. Ansonsten ist die Waage ok.,3
108228,"Hallo. Ich habe diesen Artikel zusammen mit meiner anderen Bestellung zurückgeschickt, leider habe ich für diesen Artikel keine Erstattung bekommen.",3
87441,War sehr groß und dick - und das schon ohne Inhalt. Ging für mich leider zurück,3
118764,"Produkt hochwertig, gute Idee, an meinem Fahrzeug mit H7 Reflektor Scheinwerfer (Citroen C4 Grand Picasso EZ 2015) leider trotz aller Einstellmöglichkeiten keine saubere Hell/Dunkel Trennung = kein sauberer Leuchtkegel.",3
93429,"Wie schon einige hier finde ich die Definition ""2 teilig"" sehr irreführend. Habe auch 2 mappen erwartet. Den eigentlichen ist es nur 1 Teil, sprich 1 Mappe.",3
96288,"Hatte den Hoodie in M bestellt und so kam er auch an, aber der Hoodie fällt ungefähr 2 Nummern größer aus. Sonst sind Qualität und Verarbeitung gut.",3
107695,"Passt soweit riecht nur bisschen komisch aber angenehm auf der Haut. Würde es jetzt allerdings nicht nochmal kaufen, wenn dann mit anderem Geruch.",3
83227,"Die meisten Eissorten sind jetzt nicht so mein Fall, da mir doch etwas zu abgehoben. Im Netz findet man auf jeden Fall genug Rezepte, ich würde kein Buch mehr kaufen......",3
96796,Ich dachte die Batterien haben die gängige Größe und passen in mein Festnetz-Telefon. Leider sind diese Batterien nicht passend und viel kleiner. Wüsste nicht in welches Gerät diese Batterien passen sollen. Nun liegen sie da. Mein Fehler.,3
96423,"Sehr schlechte Bild und Tonqualität. Inhaltlich mag es gut sein, aber viele Sequenzen versteht man sehr schlecht.",3
109057,Touchscreen reagiert schlecht. Teilweise muss ich oft tippen bis eine Reaktion erfolgt. Ist echt nervig. Hätte für das Geld mehr erwartet.,3
106638,...mit Schwächen. Leider ist die Deckschicht an den Ecken nach etwa einen Jahr abgepellt. das sah dann nicht wirklich mehr schön aus weshalb was neues her musste.,3
106524,"Ist eine sehr schöne Uhr, trage sie jeden Tag, jedoch löst sie sich nach nicht mal einem Monat schon am Band etwas.. Klar, für den Preis sollte man nicht zu viel erwarten, jedoch ein wenig länger sollte sie schon halten..",3
104094,"Auf den ersten Eindruck wirkt die Maschine Qualitativ gut. Auch das ganze Konzept mach einen soliden Eindruck. Die einzelnen Steck-Elemente und austauschbaren Teile sind leicht zu händeln. Jedoch erreicht der Schneebesen nicht den kompletten Bereich der Schüssel, so das teilweise Mehl, oder ähnliches im unteren Bereich der Schüssel nicht mitgenommen wird. Leider sind einige Teile nicht aus Edelstahl, sondern aus Guss. Habe den Fehler gemacht und den Knethaken in die Spülmaschine gepackt. Ist schwarz angelaufen und ich musste ihn quasi abpolieren. Auf niedriger Stufe ist die Maschine ok. Auf schnellster Stufe ist sie sehr laut, der Teig schlägt in der Schüssel umher und die Maschine rappelt extrem, so das man sie festhalten muss. Für Leute wie mich, ist die Maschine gut genug. Für Leute die die Maschine viel benutzen , nicht zu empfehlen.",3
101160,"Wir haben unserer 2 Jahre alten Tochter dieses Spielzeug zu Weihnachten geschenkt.Sie spielt sehr gerne damit,sie liebt es Benjamin zu suchen und freut sich riesig wenn sie ihn gefunden hat. Positiv ist zu bewerten das die Figur ohne scharfe Kanten oder abstehendes Grat gefertigt ist,auch konnte ich keine verschluckbaren Kleinteile finden. Ebenfalls ist es gut das die Originalstimme von Benjamin verwendet wurde,eine andere Stimme hätte schon ein ganzes Stück an Spaß genommen. Die Figur selbst sieht auch aus wie der Benjamin den jeder von uns kennt. Mit der Größe der Figur und der Lautstärke bin ich etwas unzufrieden,die Figur ist meiner Ansicht nach zu klein. Natürlich darf sie nicht riesig sein,man muss sie ja noch verstecken können,aber ein paar Zentimeter mehr hätten nicht geschadet. Die Lautstärke der Figur hätte auch etwas lauter sein können,wenn man die Figur z.B in ein paar Metern Entfernung versteckt hat,oder hinter einem Gegenstand,dann muss man sich selbst als Erwachsener schon konzentrieren um die Richtung zu bestimmen. Für Kinder die von Natur aus einfach nie komplett still sind ist es schon schwierig. Die mitgelieferten Karten benutzen wir nicht,wir verstecken die Figur und lassen unsere Tochter dann suchen. Ich persönlich finde die Karten auch unnötig. Was mich dann doch noch etwas geärgert hat war das keine Batterien enthalten sind. Ich kenne fast kein Spielzeug bei dem die Batterien nicht inbegriffen sind. Wenn man es,wie wir es taten, zu Weihnachten verschenkt und dann nicht zufällig noch 2 passende Batterien übrig hat wird aus der Freude des Kindes schnell Enttäuschung,denn natürlich möchte das Kind sofort damit spielen und ohne Batterien ist es mehr oder weniger nur eine simple Figur.",3
115988,"Die Fläschchen waren ab Werk leider nicht dicht, sodas sie ausliefen und der Sprühmechanismus nicht funktionierte. Ich habe sie jetzt mit einfachen Gummibändern nachträglich abgedichtet. Seitdem tun sie wie erwartet. Dennoch: Wer Qualität sucht, wird hier sicher nicht fündig.",3
90906,Habe es für einen Opel Meriva gekauft bei dem es leider nicht funktioniert. Wollte alle Leitungen am Lichtschalter anklemmen. Vielleicht war es auch ein Fehler von meiner Seite.seitdem liegt es hier in der Ecke. Leider,3
88858,entfernen nur mit Nitro-Verdünnung,3
81918,"Qualität für den reduzierten Preis in Ordnung; den regulären Preis fände ich überteuert. Nette klassische Damenuhr...ordentlich verarbeitet...aber im Vergleich zu ähnlichen ""Mode-Label-Uhren"" nichts Außergewöhnliches.",3
104231,"Artikel super und wie beschrieben, leider ein großes Batteriefach für 3 Batterien, somit schwierig, das Produkt als Kostüm zu benutzen - als Deko ok.",3
96369,"Bekam leider nach wenigen Wochen (2-3) bereits Risse ins Leder nahe des Verschlusses.... Also nix für länger, preis Leistung ist okay...",3
95720,"Die Geschichte ist wunderschön witzig und romantisch. Leider ist das Thema Liebe extrem oberflächlich und auch ist sie für eine Anwältin extrem dümmlich. Aber vielleicht liegt es ja daran, dass sie von der Westküste ist - dort sollen Äußerlichkeiten über dem Verstand stehen...",3
99804,"Schade, schnelle Lieferung allerdings schon beim Auspacken gesehen dass die Umrandung an manchen stellen ab ist und nur ganz locker dran ist. Ansonsten die Decke selbst ist super kuschelig.",3
103686,"Soweit ist das Fahrradschloss ganz ok. Jedoch nicht geeignet, an einem kleinen Kinderrad angebracht zu werden, da es sich maximal zweimal um die Sattelstütze winden lässt und damit ziemlich absteht und beim Treten behindert.",3
89107,"Für meinen Geschmack sind die Bettlaken einen bisschen zu weiß, sodass sie schon leicht bläulich schimmern, ansonsten ist die Qualität sehr zufriedenstellend!",3
82308,"Ich habe mir diesen Lüfter bestellt, da der Lüfter meines Beamers einen Lagerschaden hatte. Die Größenangaben des Produkts sind relativ genau beschrieben, wodurch ich den neuen Lüfter ohne Probleme gegen den alten tauschen konnte. Zu Beginn war ich zufrieden, da er bei gleichem Luftstrom deutlich leiser als der alte ist. Doch jetzt nach ca. 30 Betriebsstunden hat der Lüfter nun auch einen Lagerschaden. (Zum Vergleich: Der alte Lüfter lief über 3 Jahre bei täglichem Betrieb ohne Probleme)",3
72272,Kein typischer Geruch oder Geschmack von einem Ghee! Ich würde es nicht wieder kaufen oder weiter empfehlen. Konkurrenz Produkt fand ich besser.,2
65426,"super Schale, wunderschön, gutes Produkt ABER Der Saugnapf geht von der Schale runter, da die Maße des Saugnapf Ringes nicht passen. Man muss aufpassen dass man den nicht dauernd neu aufsetzen muss.",2
74456,War ein Versuch. Für diesen Preis kann man nicht mehr erwarten. Die Nähte waren von Anfang an lose und hielten nicht. Also musste ich jeden Streifen nachnähen. Ist mal einen Spaß wert. Für längere Nutzung ungeeignet.,2
48710,"Die Filter passen und funktionieren , die Leistung ist zum Orginal aber nicht vergleichbar. Gerüche werden nicht so absorbiert wie vom Original und somit ist es in dieser Hinsicht mangelhaft.",2
60151,"Anfangs war ich begeistert von der Bürste, aber ich habe gemerkt, durch mein etwas dickeres Haar, kommt die Bürste nicht richtig durch. Nach einem halben Jahr, hat sich zudem die Gummihalterung in welchen die Bürsten verankert sind von der Bürste selbst gelöst. Auch wenn man den Gummi wieder versucht reinzustecken, löst er sich ständig wieder. Hier muss richtiger Kleber ans Werk - ich hoffe es hilft...",2
64047,Die Kette wurde so verknotet geliefert dass ich sie erstmal 30 min lösen musste... sonst ist die ganz schick,2
54783,"Ich habe einen portablen Lautsprecher gesucht, der sich automatisch ausschaltet, wenn das Handy ausgeht. Wollte mich in den Schlaf lesen lassen. Da ich also nur Hörbücher hören wollte, hatte ich keine allzu großen Ansprüche an die Wiedergabequalität. Aber das? Nicht nur ein richtig lautes Grundrauschen (so laut wie die Sprache). Zu dem Rauschen gesellt sich auch noch ein hohes Quietschen! Das ist ja schlimmer als Tinitus. Vielleicht ist mein Gerät ja defekt. Aber da man hier nicht austauschen kann, geht es sofort zurück.",2
77726,"Habe den Film nur bis zur Hälfte geschaut, weil er einfach viel zu langweilig war. Die Story war totaler Quatsch und auch die Rollen, insbesondere die von The Rock, völlig übertrieben. Die Witze sind, wenn überhaupt, auch eher mittelmäßig gewesen. Vielleicht waren auch einfach die Erwartungen an den Film zu hoch, welche bei der Besetzung ja durchaus hoch sind. Alles in allem enttäuschend und leider nicht zu empfehlen.",2
66400,"Ich hatte mir wirklich mehr von dem Produkt erwartet. Da klassische Schuhspanner nicht in meine High-Heels passen, wollte ich es mit diesen Barren versuchen. Die Barren wirken recht billig in der Verarbeitung und es hat leider überhaupt nicht funktioniert. Es hat ewig gedauert, bis ich sie richtig einspannen konnte. Das Endergebnis war auch nicht besonders... Nach 2 weiteren erfolglosen Versuchen sind sie in der Tonne gelandet.",2
65429,"Sehr enttäuscht 😞 wie man auf dem Bild sieht ist der komplette Rand nicht angezogen.... also haftet nicht , verstehe nicht warum. Ist wie gewölbt",2
68411,"leider wurde die Lunchbox ohne Namen geliefert, sehr schlecht.",2
72464,Oft geht die Verbindung verloren,2
66176,Form ist nicht dicht und schlecht verarbeitet,2
54402,Windows fährt nicht hoch bringt Fehlermeldung! Erst nach Anruf in der Hotline könnte geholfen werden. Na ja jetzt gehts aber das mildert die Freude...,2
41259,Leider ist es wie schon genannt leicht angebrannt. An der kette sowie am namen.,2
78446,"""Geh jedem Aerger aus dem Weg"" man wird permanent dazu aufgefordert, tolerant zu sein. Zuviel Toleranz bedeutet irgendwann Feigheit. Und so ist es auch hier - und dann eskaliert das Ganze und keiner ist sich seiner Schuld bewußt.",2
69028,"Habe das Gerät als Warehouse-Deal erworben, anscheinend mit einem rein kosmetischen Mangel. Dennoch kann ich mein Wählscheibentelefon damit nicht verwenden. Zwar höre ich die Puls-Töne in der Ohrmuschel, doch die 0 wird nicht übersetzt. Möglicherweise stimmt da die Frequenz nicht ganz, de facto für mich so unbrauchbar. Eine ISDN Anlage kostet keine 10€ mehr auf dem Gebrauchtmarkt und kann a) weit mehr als dieser Konverter, b) das was der Konverter tut sehr viel genauer und ohne den Ton zurückzugeben. Habe also eine ISDN Anlage zwischengeschaltet, die teilweise nichtmal doppelt so groß wie dieser Adapter sind, und bin damit viel zufriedener. Auch was Preis/Leistung anbelangt.",2
70579,"... die Produktion und Verpackung inkl. Versand scheint sehr mangelhaft - oder liegt es an Amazon? Bei sämtlichen Leuchtmittel (ich hatte zwei Packungen) waren die Glaskolben mit fettigen Fingerabdrücken versehen. Entweder passiert sowas in der Produktion (was ich fast nicht glaube) oder hatte die Leuchtmittel schon mal jemand in Benutzung und hat sie dann an AMAZON zurück geschickt und dort wurden sie wieder eingelagert, bis ich diese dann erhalten habe. OK, diese Verschmutzungen waren nichts, was man mit einem Lappen hätte nicht beheben können - doch für ein Neuprodukt ein NoGo. Schlimmer was es mit dem Totaldefekt eines Leuchtmittels. Hier war im Glaskolben die Aufhängung der Filamente abgebrochen. Sowas passiert entweder in der Produktion (dann hat hier die QS geschlampt) oder beim Transport hat die Leuchtmittel mal irgendjemand dumpf aufschlagen lassen (siehe Bild). Ein weiteres NoGo. Zwar hat mir Amazon das defekte gut geschrieben - aber alles in allem keine gute Referenz. Ich werde beim nächsten Mal (ich hoffe die halten jetzt auch die versprochenen 15 Jahre) die Phillips LEDs kaufen...",2
52780,"Funktioniert zwar ohne Probleme und wenn sie mal richtig sitzen ist der Klang auch gut. Leider passen sie nicht, obwohl ich eigentlich keine ungewöhnlichen Ohren habe.",2
43736,"Wirklich ein tolles Grillerlebnis aber es gibt Abzüge wegen der Lieferung. Geliefert wurde nicht , wie mit Angegebener Versandfirma. Die Sendungsverfolgung ging somit nicht. Nach Kontakt mit dem Versender wurde mir mitgeteilt, dass Spedition sich vorher meldet, wegen einer Termin-Zustellung. Dies passierte nicht! Nach mehrmaligen Kontakt mit dem Versender wurde mir dann mitgeteilt, dass die Platte angeblich geliefert wurde. Stimmte aber nicht, jedoch hatte ich ein Zettel im Briefkasten, das ich nicht angetroffen worden bin und mich melden soll wegen ein Neuen Liefertermin. Nach Kontakt jetzt mit der Spedition, wurde gesagt es ist doch abgeliefert worden bei einem Nachbar. Nach 20min suchen fand ich endlich meine Feuerplatte. Echt schlechte Leistung! Daher diese Bewertung.",2
56899,"Die Lampe wäre wirklich schön, doch leider wurden meine nicht im Karton versendet, sondern nur in einer Verpackungstüte. Der mit Stoff überzogene Lampenschirm ist aus einer Art Plastik bzw. Kunsststoff (keine weitere Beschreibung vorhanden). Ich denke aufgrund der Verpackung und dem weiten Transportweg kamen beide Lampen verknittert an. Die verknitterten Eindrücke lassen sich nicht ausdrücken. Sehr schade, finde keine ähnliche Lampe die mir so gut gefällt",2
44127,"Der Schnitt wäre ja ganz ok gewesen, aber der Stoff war extrem schwer und synthetisch - das Kleid ging zurück.",2
62579,"Geschenkbox war als Geschenk und wurde rechtzeitig bestellt. Leider kam das Paket nicht innerhalb des angegebenen Zeitraums. Nach weiterer Wartezeit wurde dies reklamiert und durch Anbieter ein neues Paket rausgeschickt. Auch hier gab es Verzögerungen. Insgesamt wurden aus den drei-vier Tagen Lieferzeit knapp zweieinhalb Wochen. Beim Eintreffen musste dann festgestellt, dass Teile des Inhalts kaputt waren, was uns erneut verärgerte. Zwei Sterne gibts trotzdem, einen für rasche Reaktionen auf Mails und den zweiten für das einfache eigenständige Erstellen des Rücksendescheins....",2
67774,"Zunächst waren wir zufrieden mit dem Radio. CDs wurden bei uns alle abgespielt. Bedienung ist nicht ganz so glücklich gewählt, aber war ok. Jedoch funktioniert mittlerweile die Stromzufuhr nicht mehr. Wir werden es versuchen zu reklamieren.",2
70504,"Gute Passform, Größenangaben waren auch genau , schlecht verarbeitet und an einigen Stellen kam die Füllung der Jacke zum Vorschein Sehr chemischer Geruch deswegen ging die Jacke zurück",2
78057,"Leider ging die Naht schnell kaputt, aber auch weil der BH für mich sehr eng am Brustkorb lag. Das Material fühlt etwas merkwürdig an, man kann sich aber schnell dran gewöhnen, kein kratzen oder unnötiges schwitzen. Man sollte unbedingt ein paar Größen größer bestellen.",2
41268,Leider schon nach 2h tragen gerissen Wirklich schade da ich sie echt schön finde Leider ist das herz mit loch und ich habe das problem dass mir der verschluss immer nach vorne rutscht Hier leider auch Trotzdem 2 sterne für das aussehen und die schnelle lieferung,2
51623,Für meine Zwecke deutlich zu weich. Ich weiß nich was man damit scheuern soll. Aber selbst leichten Dreck an Schuhen bekomme ich mit dieser Bürste nicht weg.,2
46601,"Mann muss 1000x die Wimpern brushing bis endlich ein bischen Unterscheid sehen. Die 2. Sterne ist nur fuer die warme Massage am Augen die mann mit diese Kleine Dinge machen kann,",2
69085,Das peeling riecht schlecht !,2
56610,"Muss bedauerlicherweise für eine Rücksendung selber drucken, zettel beilegen und Etikett aufkleben. Dafür gibt es einen strichcode, mit dem alles problemlos funktioniert...",2
79093,"Ich finde die halterung fast gelungen, ich hatte gehofft das es wie üblich zwei Teile gibt eins am Handy und eins am Lenker (fest verschraubt), bei diese Haltung ist es sinnvoll sie nach jeden Gebrauch mit zu nehmen sonst tun das andere",2
45723,"Nicht zufrieden, um den stoff zu zuschneiden muss ich mehrmals hin und her fahren, da bleib ich lieber bei meiner stoffschere",2
42854,Leider bin ich mit dem Artikel nicht zufrieden. Innen löst sich scheinbar schon das material. Man bekommt die Kaffeereste nicht ausgespült. Der Kaffee brennt sich scheinbar ins Material... desweiteren riecht der Silikon Deckel sehr unangenehm. Der Becher wird nicht mehr benutzt. Sehr schade.,2
49011,"Ich kenne den Tondeo Haarschneider. Aber in meinem alten Salon schnurrte er wie nochmal was. Hier war es leider nicht der Fall. Ich hätte ihn gerne für meine Prüfung gehabt! Leider hat der Schalter einen wackler. Hab ihn wieder zurück geschickt,",2
75583,An sich schönes wenn auch überteuertes produkt aber die integrierte soundkarte lässt jedes headset schlecht klingen und teils rauschen,2
73843,"Leider musste ich beim auspacken feststellen, dass bereits mehrere Nähte gerissen und ausgefranst sind, zum laufen also nicht brauchbar.",2
47926,"Habe das Gerät im Mai 2018 gekauft. Nach knapp einem Jahr ging es trotz laden nicht mehr an, habe dann vom Verkäufer ein neues Gerät zugesendet bekommen. Nun ist es so, dass das Gerät teilweise von alleine angeht oder sich nicht mir ausschalten lässt und man warten muss bis es keine Energie hat. Ansonsten tut es was es soll und funktioniert gut. Aber leider nicht sehr langlebig!",2
51451,Preis-Leistung ok. Ob es wirklich Leder ist?!? Ich weiß es nicht.... Nach zweimaligem Gebrach zeigen sich schon deutliche Abdrücke und erste Spuren am Rand. Viele Jahre werde ich bestimmt keine Freude mit haben.,2
53620,"Die Uhr selbst ist ok, aber ich verstehe nicht warum der Schrittzähler in 3Stunden wo ich nur Auto Gefahren bin 1300 Schritte gezählt hat! Wie gesagt nur Gefahren sonst nichts, dieses ist keine optimale Funktion ! Bitte beheben",2
67901,Ware schlecht verpackt (in eine einfache Versandtasche). Sonst schnelle Lieferung.,2
59477,Achtung : Dieses Netzteil ist nicht stabilisiert. Mein Netzteil fällt bei 12 Volt und 35 mA runter auf 11.2 Volt. Also nur bedingt empfehlenswert. Ich möchte nicht wissen wie weit die Spannung runtergeht bei 500 mA.,2
43806,"Guten Tag, beim Auspacken ist mir schon klar geworden das 1 Kabel fehlt (das Optische) und 2 Schrauben fehlen. Zudem sind am Gerät 3 Steckbuchsen defekt. Sound kommt nur über R Front , L Front und SW (welcher nicht wirklich gut ist). Lautstärke TV: 15 Lautstärke ""Heimkino"": 20 und die Boxen fangen an zu Kratzen.... Qualität lässt zu wünschen übrig. Geht auf jeden Fall zurück.",2
78425,"also selbst der hellste der beiden stifte ist viel zu dunkel für unser eichenparkett und dabei ist das eher eiche rustikal also zumindest etwas dunkler. für teak oder ganz dunkle hölzer bestimmt gut aber für alles helle und mittlere absolut unbrauchbar! die zwei sterne dafür das es bestimmt auf dunklem holz gut funktioniert und einfach ist. das angebot hier ist sehr irreführend. eher dunkel, sehr dunkel und schwarz.",2
71363,Die Lampen sind viel kleiner als auf dem Bild. Es gibt keine grössen Anzeige . Und sind sehr schnell kaput gegangen. Schade,2
69038,Nachdem das Gerät ohne Bedienungsanleitung und Original Karton geliefert wurde und dann noch defekt war würde es zurück geschickt,2
65507,"schon nach weniger als einem Jahr defekt, obwohl ich das Kabel nicht täglich verwendet habe. Begonnen hat es mit einem Wackelkontakt nach etwa 10 Monaten, nach 11 war es nicht mehr brauchbar. Sehr schade, weil Optik, Haptik und Verarbeitung sonst sehr gut sind...",2
49851,Die Farbe ist super aber die Haltbarkeit lässt zu wünschen übrig brechen viel zu schnell ab.,2
46884,"Ich habe ein neues Kniegelenk bekommen und sollte lt. Reha auch auf die Sitzhöhe achten! Super habe in der Reha Probesitzen gemacht und zu Hause bestellt! Für meine Zwecke ist der Sitz zu hart und kneift praktisch beim Sitzen die Sehnen im Oberschenkel ein! Der Sitz ist sicherlich für viele sehr gut, aber … einmal Probesitzen reicht NICHT!",2
60000,"Schnelle Lieferung, leichtes blasenfreies Anbringen. Beim ersten Sturz aus hüfthöhe ist die Scheibe gebrochen, Handy unbeschädigt...gleichwohl hätte ich mir mehr erhofft...Hülle bot allerdings auch nicht den gewohnten Schutz.",2
67589,"Hallo, erstmal das Positive: Sehr gute Verarbeitung, schönes Menü, die Fernbedienung liegt gut in der Hand und ist ebenfalls sehr wertig. Sound ist ok, aber hier benutze ich eh eine 5.1. Anlage, was man auch tun sollte, da keiner der flachen TV's einen vergleichbaren Klang liefen kann. Wo sollten auch die entsprechenden Boxen dafür Platz haben ? Was aber sehr stört ist, daß es bei helleren, bewegten Flächen dunkle, vertikale Balken gibt. Ich habe leider noch keine Bildeinstellung gefunden um diese zu verbergen. Das kostet 2,5 Sterne. Das ist eigentlich Unzumutbar und habe schon den Philips Support kontaktiert ! Die Umschaltzeiten sind auch etwas lang, was nochmal einen halben Stern Abzug gibt, da man das doch sehr oft braucht. Mittlerweile gehe ich über die TV Liste, um nicht viel Zeit mit warten beim Durchzappen zu verbringen.",2
60685,Der Geldbeutel an sich ist echt gut aber nach 3 Tage ist schon der der Reißverschluss kaputt gegangen und das ist echt schade aber sonst ist der Geldbeutel gut,2
55960,Die Schutzfolie macht an sich einen schönen und stabilen Eindruck. Aber nach dem anbringen war unten gleich ein kleiner Riss. Und nach 14 Tagen hat sie einen riesen Riss in der Mitte und die Ecken bröckeln auch alle. Leider hat diese nicht lange gehalten. Obwohl das Handy nicht runter gefallen ist oder ähnliches. Und dafür war sie zu teuer.,2
78307,Leider nicht zufrieden.. ! Hab sie so gewaschen und getrocknet laut Anleitung und trotzdem is der geruch nicht raus gegangen und es hat sich schimmel gebildet!! Am anfang waren sie aber Top!!,2
62418,Bin nach einer Woche mit verschiedenen Aufgaben für den Sauger echt enttäuscht. Saugleistung viel zu gering!!! Krümel und Staub wird an der rechten Seite weggepustet und aufgewirbelt durch die Luftschlitze.,2
78562,Die Transcend Speicherkarte hat etwas mehr als ein Jahr gehalten. Die San Disk Alternativen (kostet 3€ mehr bei 32 GB) halten immer noch...,2
40551,"gebe 2 sterne weil er optisch gut aussieht aber das war es auch schon.... alle 3-4 tage schaltet das licht ein und aus und weg ist er... mit den system nicht mehr verbunden und eine neue verbindung dauert dann ewig. nach 3 wochen ärgern hab ich einen bestellt den ich schon im anderen zimmer verbaut habe... ein gutes hat der schalter dann doch noch gehabt, die schwarze blende passt auf den neuen... und so bleibt wenigstens die optik erhalten",2
76091,Der Stuhl wurde von meinem ältesten Sohn benutzt. Nach einem Jahr sind die Verstellhebel schwergängig und Teile des Kunstleders sind aufgeplatzt. Unter dem Stoff der Sitzfläche haben sich Knoten gebildet die sich unangenehm beim Sitzen bemerkbar machen.,2
62761,"der Ton ist grausam und das Bild auch nicht besser... der TV scheint wohl kein HD zu kennen, oder können",2
43208,Das Material und die Verarbeitung lassen sehr zu wünschen übrig. Die Farbe entspricht in Wirklichkeit nicht der wie auf dem Bild. Schade eigentlich denn der Preis ist okay.,2
68458,"Leider wurde ich heute bei meinen Dreharbeiten enttäuscht, wo die gesamte Konstruktion nachgegeben hatte. Ich empfehle mehr zu investieren und was vernünftiges zu holen",2
53689,Hat leider nur 2 Tage gehalten. Unser kleiner Labrador Welpe hat die Matte innerhalb kürzester Zeit geschrottet. Wäre auch zu schön gewesen...,2
78665,"Habe mittlerweile damit 5000 km zurückgelegt, und nun nach genau einem Jahr fassen sie sich unangenehm ""klebrig"" an. Diverse Reinigungsversuche brachten keine Verbesserung, daher kann ich sie nur bedingt empfehlen.",2
51821,"Ich habe mir diesen Spiralschneider bestellt, um Gemüsespaghetti schnell zubereiten zu können, allerdings sind die Gemüsespaghetti bereits nach 2 Umdrehungen gebrochen, weshalb ich dann nur kurze Spaghetti hatte, es war auch sehr Zeitaufwendig, so dass ich mir die Mühe kein 2. mal mehr machen würde. Schade, ich dachte das ich so auf die schnelle ein gesundes Gericht zubereiten kann aber leider Fehlanzeige.",2
158154,Dieses Buch hat mir sehr geholfen mit dem ersten Schlupf und der weiteren Aufzucht. Kann ich nur weiter empfehlen.,4
134858,"War mein erster Versuch mit einem Seifenstück als Shampoo und ist etwas gewöhnungsbefürftig. Hatte am Anfang das Gefühl, dass die Haare nicht richtig sauber werden aber eine Freundin hat mir dann eine andere Methode zum Auftragen gezeigt mit der es ganz gut klappt. Besser für die Umwelt ist es aber allemals!",4
132467,"Die Werkzeuge sind von guter Qualität, sie machen absolut das, was sie sollen. Allerdings war ein Schraubendreher durch den Versand leicht verbogen, daher nur 4 von 5 Sternen.",4
142133,Preis Leistung stimmt. Würde gewaschen und passt auf unser Bett. Macht keine Geräusche. Mal gucken wie es beim 2 mal waschen aussieht,4
156518,Als Einsteiger für diese Art Holzbearbeitung eine hilfreiche Lektüre. Preis / Leistung jedoch nicht ganz gerechtfertigt.,4
130690,Ich finde den Prime and Fine von catrice gar nicht so schlecht. Meine Haut glänzt tatsächlich fast gar nicht mehr wenn ich den unter meinem Make up auftrag. Der Preis ist auch nicht zu teuer für das Produkt und die Qualität. Die Lieferung war schneller als gedacht. Also mein Fazit: Immer wieder gern bestellen!!,4
132176,"Lieferung schneller als erwartet, Bett aufbauen ziemlich einfach und schnell. Sieht super aus, jetzt müssen wir nur noch 72 Std warten, wegen der Matratze und Visco topper. Sind schon mega gespannt wie es sich drauf schlafen lässt.",4
129625,Ein tolles Produkt...Ich hab es schon einige Jahre und hält immer noch....Kann ich nur weiterempfehlen...,4
129464,"An sich ist das Produkt super schön, aber an einigen Stellen war die Verarbeitung nicht ganz optimal. Am ""Rock"" waren die Kanten doch arg scharf. Insgesamt aber gut verarbeitet. Das Geschenk kam super beim Brautpaar an. Kann ich weiterempfehlen.",4
142387,"Benutze es ausschließlich als Maske und da hilft es wirklich. Die Haut fühlt sich gut an und der Geruch ist auch sehr angenehm. Als peeling, oder nur zum waschen halte ich es eher für ungeeignet.",4
142234,WLAN Empfang nit so doll Fernbedienung eine Frechheit . Aber ne Menge Anschlüsse die auch funktionieren.,4
139136,"Ich bin mit dem Blackroll Set sehr zufrieden. Die verschiedenen Größen sind praktisch für diverse Übungen. Ich habe oft mit Rückenschmerzen zu tun und bin froh etwas gefunden zu haben, was dagegen hilft. Zusätzlich sind die Rollen super leicht (auch gut für Unterwegs), da man die Übungen von überall machen kann. Einer Meinungsumfrage in Form dieser Bewertung, mit anschließender Rückvergütung verdanke ich den Erhalt eines kostenreduzierten Produktes.",4
150191,"Leichter Sportschuh, leider ohne Fußbett, daher ein Stern Abzug. Schuhe lassen sich trotzdem angenehm tragen, sind leicht und atmungsaktiv. Super Preis-/Leistungsverhältnis.",4
128744,Kamera liefert super Video Ergebnisse. Für den Preis unschlagbar. Die Kamera kann den Ton aufnehmen der Ton sollte jedoch über einen Fernseher wiedergegeben werden jede Menge Zubehör dabei,4
129878,"Die Brille sitzt bei mir super. Hält dicht. Einen Stern Abzug für die Anti-Beschlag Beschichtung. Sie ist anfangs super, hält aber nicht. Mit Anti-Beschlag-Tropfen für die Taucherbrille geht's dann.",4
145012,sehr robust und macht was es soll / immer wieder gerne,4
134552,"Ich habe schon das Kinderleicht Buch und bin mit diesem auch sehr zufrieden. Die Anleitungen an sich finde ich - auch für Anfänger- nicht zu kompliziert, wer lesen kann ist klar im Vorteil und im Vorwort bzw. Anhang wird alles erklärt. Auch lohnt es sich eine Anleitung erstmal bis zum Ende zu lesen bevor man loslegt, dann spart man sich Grüßt. Aber das gilt ja nicht nur für dieses Buch sondern für alle Anleitungen. Vieles was ich hier als Kritik gelesen habe ist eigentlich gut erklärt, wenn man sich die Mühe macht genau zu lesen. Die Schnitte sind auch toll, den einzigen Abzug gibt es für die Bilder, die leider echt nicht gut gelungen sind und weder die Ergebnisse noch den Weg dahin gut darstellen. Für blutige Anfänger finde ich es immer schön eine bebilderte Schritt für Schritt Anleitung zu haben, aber damit wirbt das Buch ja auch nicht. Wer schon mal vor einer Nähmaschine gesessen hat sollte damit klar kommen.",4
146321,"Manchette auch für größere Oberarme geeignet, Blutdruckmessung easy, Klettverschluss sehr stark!",4
137859,"Ein sehr umfangreiches Zubehörset. Die Befestigungsschrauben sind aber leider nicht rostfrei. Ich habe das Unterwassergehäuse kaum wieder vom Halter bekommen, da die Schraube festgerostet war. Desweiteren ist der Schaumstoff im Koffer nicht sehr Formstabil. Da muss man etwas vorsichtig mit umgehen. Aufgrund des niedrigen Preises ziehe ich nur einen Stern ab. Bei dem Preis muss man mit kleineren Mängeln halt rechnen.",4
143390,"Absolut schnelle Lieferung zum Top Preis, einfaches Anbringen am P30, leider füllt es aber nicht die ganze Fläche aus - das Panzerglas könnte etwas größer sein.",4
145114,Habe ich bestellt für unseren 6 jährigen Sohn haben nichts auszusetzen er findet ihn toll .,4
153367,"Das Buch ist sehr lebendig und praxisnah geschrieben. Auch für diejenigen, die kein Problem haben, „Nein“ zu sagen, ist es eine wertvolle Bestätigung dessen, was man eigentlich immer schon gewusst hat. Insbesondere jüngeren Lesern kann ich dieses Buch empfehlen.",4
146279,Super stabiles Glas & sehr einfach anzubringen! Kann ich nur weiterempfehlen!!,4
138794,"Einer der zwei Bewegungsmelder ging leider bereits nach kurzer Zeit gar nicht mehr. Der andere geht ständig an, ohne, dass Bewegung da ist, aber er funktioniert wenigstens (auch, wenn dann Bewegung da ist). Die Helligkeit ist für ein Nachtlicht völlig ok, nur die Zuverlässigkeit und Funktionalität ist verbesserungswürdig.",4
123495,"Meine Tochter brauchte es als Schullektüre, ich kann über den Inhalt nicht viel sagen.Versand dauerte etwas weil es als Büchersendung verschickt wird.",4
126838,"Habe das Teil natürlich noch nicht getestet, aber die Dose fällt in der Küche kaum auf. Wenn sie dann mal zum Einsatz kommt was ich nicht hoffe, gibt es ein Update.",4
121244,"Hallo wir sind sehr zufrieden und meine kleine hat sich sehr gefreut, nur der Aufbau war mir zu kompliziert im Endeffekt Hilfe vom Internet habe ich geschafft selber aufzubauen, hat Stunden gedauert aber es hat sich gelohnt danke",4
141312,"Gutes Mittel. Obwohl ich alles ausgeräumt und kontrolliert habe konnte ich kein Nest entdecken, habe es aber in der Küchenrückwand vermutet und drei Tage nacheinander in die Ritzen gesprüht, siehe da bis auf ein, zwei vereinzelte habe ich Ruhe! Einen Punkt Abzug für den Geruch, aber es ist halt Chemie und kein Lavendel 😉...",4
122529,Witziger Schlüssel Anhänger. Für den Preis ganz okay,4
147696,Soweit super Perlen. Leider sind die kleinen nicht vollständig zum Teil durchgebohrt.,4
129028,"Etwas globig, aber die Maße sind ja im Vorfeld bekannt. Es macht genau das was es soll bisher. Der etwas zähe eingerollte Schlauch hätte eine bessere Lösung verdient. Deshalb ein Stern weniger.",4
159377,Passt ganz gut aber leider die Körbchen sind etwas gross.,4
142051,Lieferung kam pünktlich an. Ware in einwandfreiem Zustand. Nichts zu beanstanden. . . . . . . . . .,4
152038,Entgegen anderer Meinungen habe ich mit dem Teil keine Probleme. Sehr stabil und genau und absolut einfach zu Bedienen.,4
120595,"Bestellter Artikel kam sehr zügig.Ist leider etwas sperrig aber wenn's funktioniert nehme ich das gerne in Kauf. 2. Fach wäre gut.Abschirmung, auch wenn man direkt am Auto steht-.",4
141969,"Super Kickertisch, wenn er erst einmal aufgebaut ist. Die Lieferung kam leider in 2 Paketen über 2 Tage verteilt. Die Bauanleitung war leider nicht immer eindeutig, aber ich würde den Kickertisch immer wieder kaufen und kann das Produkt weiterempfehlen.",4
155349,"Damenrasierer Elektrisch Lady Shaver Akku Nass und Trocken Elektrorasierer Frauen - soweit ich das nach so kurzer Zeit beurteilen kann, tut der Rasierer seine Pflicht.",4
140993,"+ Die LEDs geben ein klares Licht + Das Kabel sowie die Ausparungen für Kabel im Aquarium sind ausreichend lang/weit + Gutes Preis-Leistungs-Verhältnis - Das Plastik scheint ausreichend stabil, wirkt aber ein wenig wabblig und dünn",4
140570,"Qualität ist ganz ok, aber z.T.haben die Bänder wirklich schrille Farben. Grundsätzlich eher gut und zu empfehlen.",4
121773,Nicht räumig genug. Kleiner dan A4 Dokumente.,4
152848,"Die Vibrationsplatte ist eine tolle Ergänzung (!) zum Sport. Eine regelmäßige Nutzung ist deutlich spürbar allerdings nur in Kombination mit z.B. Lauf- oder Schwimmeinheiten etc. Die Fernbedienung nutze ich nie, da das Bedienfeld auf der Vibrationsplatte ja immer in Reichweite ist. Bei der Verarbeitung kann ich mich nicht beschweren, da selbst bei der höchsten Stufe die Platte ruhig auf dem Boden steht und keine nervigen Geräusche macht.",4
134683,"Lustiger Geck, auch als Geschenk gut zu verwenden. Zu leichten Problemen führte die Terminierung der Lieferung. Es ist zwar angenehm, die Ware so schnell wie möglich zu erhalten, wenn sie aber früher ankommt wie zunächst angegeben, kann es ärgerlich sein.",4
149023,super schneller Versand. Inhaltlich gut und unterhaltsam geschrieben. Vor dem Druck hätte jedoch nochmal jemand Korrektur lesen sollen. :),4
141647,"Der Kapselhalter gefällt mir optisch sehr gut, auch der Preis ist in Ordnung. Die Befüllung funktioniert Problemlos, einiges Manko: die Kapseln fallen unten relativ leicht bei Berührung aus der Halterung, auch beim Entnehmen einer Kapsel rutscht oft eine zweite halb mit raus. Ich entnehme die Kapseln deshalb von Oben, funktioniert prima!",4
126670,"Wurde als Geschenk erworben. Ich weiß nicht, ob es funktioniert, die Kundenrezesionen schwanken hier. Aber alleine die Idee einen molekularen Cocktail selbst zu machen, war ausschlaggebend für den Einkauf.",4
147138,"Bei Lieferung wurden von mir kleine Schäden an der Farbe entdeckt! Für den Preis wollte ich den Koffer behalten. Nachdem ich den Lieferanten dazu angesprochen habe, wurden mir die Lieferkosten erstattet. Alles ok!!",4
138412,Bequem und günstig. Leider lest sie den Wind fast komplett durch,4
129241,"Habe mich mit diesem Buch auf meine Abschlussprüfungen vorbereitet. Dort sind alle prüfungsrelevanten Themen zusammengefasst mit Hinweisen, in welchen Prüfungen die Themen dran kamen. Dieses Buch ist sehr zu empfehlen.",4
155995,"Sehr gut um die kleinen Katzen mal mit sich zu beschäftigen. Super verarbeitet und auch nicht zu laut. Der einzig kleine Nachteil ist das geringe Eigengewicht, si gehen die katzen gerne mal damit spazieren.",4
146735,"Das Shirt fällt klein aus, trage sonst S , habe M bestellt, aber sehr angenehm zu tragen.",4
155058,"Ich bin von den Strahlern begeistert. Die Dimmung funktioniert hervorragend! Nur: die Strahler müssten sich die letzte Einstellung merken! Dann wären sie, mit einen Diffusor ausgestattet, perfekt. Bei dem Preis aber dennoch eine ganz klare Kaufempfehlung. Hoffentlich halten sie lange!",4
155395,"Gute Verarbeitung und Passform, Produkt kann empfohlen werden.",4
149807,"Eigentlich gut, habe jedoch den 2. Teil gelesen und war enttäuscht. Würde es deswegen nicht empfehlen",4
157289,Nach anfänglichen Schwierigkeiten des 1. Gerätes sind wir zufrieden. Beim 1. Gerät war der Bildschirm rosa beim einschalten. guide list und andere funktionen liesen sich nicht aufrufen. Amazon bzw. der Verkäufer hat den Umtausch gut abgewickelt. Der jetzige Fernseher tut was er soll.,4
128657,"Für den Preis ein gutes Produkt, das zuschneiden ist kinderleicht. Ich empfehle die größte Größe zu bestellen, abschneiden geht immer :)",4
134853,"Die Artikelbeschreibung wich etwas ab, d.h. die Größenangabe sollte bei der Armschlinge überarbeitet werden. Die Länge des Unterarms als Ausgangswert für die Größe ist hier supoptimal, da die Armschlinge insgesamt einfach für mich zu kurz war (der Arm hing zu hoch). Die Länge der Armschlinge kann man regulieren. Die Verarbeitung war jedoch gut. Wenn die Armschlinge passt, bekommt man meiner Meinung nach ein gutes Produkt, in dem der Arm gut aufgehoben ist.",4
142262,"Meinen Sohn gefallt der Bagger sehr gut, aber nach ca. 2 Wochen ist die Befestigung am Baggerarm gebrochen und somit kann man den Baggerarm nicht mehr ganz hoch lassen. Ansonsten ist der Bagger sehr zu empfehlen...",4
130936,"Ringe wie beschrieben, Gravur innen top, leider ein Stern abzug da der erste Termin bis es da sein sollte nicht eingehalten worden ist (erst an dem Tag wurde dann das Datum aktualisiert), man muss allerdings bei den Herrenring genau auf die Grösse achten und ob die Finger angeschwollen sind oder nicht, denn eine verkleinerung des rings ist aufgrund der Gravur nicht möglich",4
140064,"Sind bequem, halten was sie versprechen!",4
157959,"Mein erster Eindruck, ich benutze es noch nicht lange. Riecht angenehm und lässt sich gut in nassem Haar und auch in trockenem Haar verarbeiten. Haar fühlt sich weich an.",4
141982,Erfüllt seine Pflicht bin erstmal soweit zu Frieden. Was ich etwas nachteilig finde ist am Frontlicht die Gummilippe da könnte bei starkem Regen Wasser eindringen. Wenn man die gedreht hätte wäre es besser. Bei der Halterung der Frontlampe am Fahrrad bin ich mal gespannt wie lange das Clip verfahren hält.,4
137110,"Mit dieser handlichen Aufbewahrungstasche für die Nintendo Switch hat man immer alles parat. Sieht zuhause aufgeräumt aus und für Unterwegs sehr praktisch. Es passt alles hinein. Es riecht nach Lieferung etwas chemisch, aber habe die Tasche einfach bissel an die frische Luft gelegt. Jetzt ist alles in Ordnung.",4
143244,Ich bin sehr zufrieden mit der Ware! Wurde schnell geliefert und sehr leichte Bedienung und Installation. Da sie einwandfrei funktioniert sich gut koppeln lässt und einen hochwertigen Eindruck macht gebe ich gerne fünf Sterne,4
142791,Gute Verarbeitung und Preis-Leistungs-Verhältnis. Leider keine Ösen für Haken od. Karabiner,4
30074,"Artikel ist niemals angekommen, habe ihn aber bezahlt! Und dann steht noch dort ich hätte unterschrieben, als er angeblich angekommen sei! null Sterne! Unglaublich 😒",1
23677,habe das headset seit 2 jahren es ist einfach ein rauschen gekommen wenn ich rede einfach so man kann mich garnicht mehr verstehen,1
4082,"Sehr enttäuschend! Neu? Verdreckt, kaputt und stinkend kam die Kühlbox! Mehr als schade! Geht sofort zurück, dafür müsste ich es noch nicht mal aus dem Karton nehmen! Der Stern würde nur gegeben, weil diese Bewertung ohne nicht geht!",1
9447,"Auf den erste Blick erscheint der Schutz perfekt, da die Unter- und Oberseite, sowie die Rückseite gut geschützt sind. Leider ist das Stecksystem aus billigen Plastik, nach wenigen Malen Auseinanderziehen halten die Steckverbindungen nicht mehr. Nach zwei Wochen ist die Hülle Schrott!",1
30068,Qualität genügt leider nicht,1
28455,Das Produkt kam nicht an,1
7816,Sehr wackelig auch wenn alle Schrauben fest gezogen sind. Dann ein Mords-Trara beim zurückschicken. Nur dank Amazon habe ich mein Geld wieder bekommen!,1
5254,"Ehrlich gesagt kann man sich nicht großartig beschweren, wenn man bewusst die günstige Variante der In-Ear Kopfhörer wählt, jedoch habe ich nicht mit einem Versagen bereits nach einer halben Woche gerechnet! Den Ausschlag für die günstige Variante gaben die überwiegend positiven Bewertungen hinsichtlich der Kopfhörer. Leider gab einer der beiden Kopfhörer bereits nach einer halben Woche Nutzung den Dienst auf. Werde demnächst wohl ein bisschen mehr Geld in die Hand nehmen müssen, um längeren Spaß mit Kopfhörern zu haben. Die GGMM In Ear Kopfhörer kann ich leider nur empfehlen, wenn man mit dem Hören auf einem Ohr zurecht kommt (bzw. auf einem Ohr taub ist). EDIT: Mir wurden unmittelbar neue Kopfhörer als Ersatz angeboten. Diese funktionieren auch noch nach Monaten ohne Probleme. Super Service!",1
9848,"Produkt war benutzt, mit Hare noch da bei",1
6603,Schuh fällt leider extrem klein aus. Gut 1 1/2 bis 2 Größen weichen bei Damengrößen ab.,1
22725,"schnelle Lieferung, aber Samen ist nicht aufgegangen, habe Geld zurück bekommen",1
809,"Anfangs echt gut, aber leider nach knapp 2 Wochen täglicher Nutzung defekt. Kein Signal mehr am Ausgang. Schrott.",1
37747,Duschkopf war nach 3 Wochen kaputt,1
19644,Nicht ein einziges Saatkorn ist trotz wässern aufgegangen. 50 € umsonst bezahlt. Nicht empfehlenswert!,1
9197,"Das Band an sich ist schön und gibt tolles Licht, aber es hält keine halbe Stunde an der TV Rückwand und fällt immer wieder ab!",1
21614,"Falsche Luftschlangen geliefert, 50 wurde bestellt, 70 kam an Ich wusste leider vorher nicht, wie ich hier eine Rückforderung des Geldes bzw. eine Rückgabe einstellen kann",1
10075,Katastrophe! Das bereits nach dem ersten anziehen :( Den einen Stern gibt es für schnelle Lieferung der schwarzen Hose. Die Hautfarbene habe ich jetzt direkt ohne anzusehen zur retoure angemeldet.,1
2815,"Ich habe scheinbar gebrauchte, auf jeden Fall aber abgeschnittene Wimpern bekommen :-(",1
28290,Hatte Dunkelbraun bestellt es kam Mittelblond. Umtausch hat nicht funktioniert,1
31929,Der Artikel ist nicht bei mir angekommen...ich kann also nicht bewerten wie er ist und ob er seinen zweck erfüllt...,1
6682,".... erste Lieferung keinerlei Löcher zum Halten der Räucherstäbchen, zweite Lieferung zwar Löcher, leider aber nicht tief genug, um einen sicheren Halt zu garantieren",1
9570,Das Portemonnaie macht einen okayen Eindruck.. Leider wurde das Portemonnaie 2x falsch geliefert. Ich würde zu einem anderen Händler greifen.,1
33644,"Nix für Anfänger. Ich hab sie nun schon eine Weile da, aber richtig dran bekomme ich sie immer noch nicht. Da bin ich mit Tuschen, dann doch viel schneller und behalte wertvolle Nerven :D",1
2675,"Die Lieferung hat sehr lange gedauert ca. 4 Wochen. Nach langem warten konnte ich nur feststellen, da die nichts taugen.",1
3745,"nach 2 Monaten würde ich diese Matratze nicht weiterempfehlen , dass ein absolut Fehlkauf war. Am erste Monat waren wir über diese Matratze uns gefreut aber Die Matratze hat sich starke Liegekuhlen gebildet obwohl wir sie mehrere Mal gedreht haben . Bei 50 kg und 80 kg muss für H3 Starke nicht sein. Die Matratze wird mehr und mehr unkomfortabel.",1
33838,"Das erste Armband war nach 2x hinmachen schon kaputt. Meine Empfehlung, kauft euch lieber eins von z.B. Fossil, die sind zwar Teurer, aber mein Fossil Armband hält schon 6 jahre, Preisleistungsmäßig also klar überlegen.",1
24356,"Unter Windows 10 gibt es mehrmals täglich Ausfälle, wenn der WLAN Adapter einfach den Dienst verweigert. Da hilft dann nur Verbindung trennen und neu verbinden, was auf Dauer äußerst nervig ist. Finger weg!",1
11673,Hab mir über Lk Fashion Store Badehosen bestellt die ich noch am Selben Tag nach Lieferung per Post auf meine eigene Rechnung zurück geschickt habe. Bis HEUTE warte ich auf mein Geld und das seit 1 Monat,1
14542,"Leider habe ich meine Ware noch nicht erhalten, obwohl sie seit 4 Tagen zugestellt worden wäre. Bitte um Stellungnahme. Freundliche Grüße",1
33362,"Reales Produkt sieht nicht wie aus auf den Bildern. Deutlich schlechteres Plastik (sehr hart, andere Farbe), die Einfassung der Kugeln ist anders, so dass diese nur lose in den Fassungen hängen, auf der Oberseite fehlen die Noppen. Nicht zu empfehlen.",1
12408,Nach 2 Monaten defekt. Na ja für den Preis sollte man keine Wunder erwaten. Ich würde es nicht nochmal kaufen.,1
2002,Süsses ding aber es kam kein Pieps!!!! Als Stofftier vielleicht? Aber da gibt es dann auch was besseres. Da müssen dann die Spieluhren von meinem Sohn hervorgeholt werden. Schade!,1
39479,An sich eine tolle powerbank die jedoch nach nur 4 Wochen den Geist aufgegeben hat! Ich hin sehr enttäuscht und meine Frist zum zurücksenden ist nun 4 Tage her.. Das ist natürlich nicht sehr schön nach so einer kurzen Zeit und ich als Endverbraucher darf auf dem Schaden sitzen....... Keine Kaufempfehlung!,1
37469,Das Spiel startet nicht mal richtig. Dementsprechend kann es nur schlecht bewertet werden.,1
31069,"Das Einloggen funktioniert einwandfrei. Dafür gebe ich den einen Stern. Der Klang ist eine Katastrophe. Die Ohrstöpsel müsste man wohl in der Ohrmuschel antackern, damit sie halten. Geräuschunterdrückung gibt es nicht und ist eine falsche Anzeige. Ich habe die Kopfhörer gekauft, weil über 90 Prozent der Rezensionen das Produkt mit 5 Sternen bewertet hat. Ich gehe davon aus, dass das gesteuert ist. Es kann nicht sein, dass diese Käufer mit den positiven Rezensionen nicht Mitarbeiter des Herstellers sind. Ich werde dieses Ding (Kopfhörer kann man es nicht nennen) wieder zurückschicken.",1
1853,Stellt keine stabile Verbindung her. Billig made aus China. Finger weg. Wie kommen so viele positiven Bewertungen zustande? Das gleiche Produkt gibt es noch unter 4 weiteren Namen...,1
33042,"Diese Handschuhe waren für meine ""Pranken"" etwas zu klein, obwohl in größter Größe (ich meine XL) bestellt. Entscheidend für die Rücksendung war allerdings der unerträgliche Geruch, den der eine oder andere von Fernost-Ware kennen dürfte. Und bei den Produktbildern fühlte ich mich sehr an McDonalds erinnert... ;-)",1
24499,Produkt ist leider gar nicht angekommen. Vor fast 2 Wochen hätte das Paket spätestens ankommen sollen.,1
37183,"Auf den ersten Blick macht der Rucksack einen guten Eindruck, aber bei näheren Hinsehen sieht man das die Nähte schlecht verarbeitet sind. Was ich mir aber gar nicht erklären kann ist, das in keinen von den vorherigen Rezensionen der sehr starke chemische Geruch erwähnt wird. Für uns ist der Rucksack unbrauchbar. Qualität hat halt eben meistens seinen Preis.",1
6029,"Musste leider zurück geschickt werden, da es nur in 50% der Fälle öffnete. Schade, da es ein Geschenk sein sollte. Außerdem sehr teuer hier bei Amazon.",1
26146,An der Ferse sehr unbequem. Schuh hat schon beim Auspacken sehr chemisch gerochen. Sehr unangenehm,1
28418,Das Gel war micht mal halb so voll 😡,1
10859,"Eine von vier Lampen geht gar nicht, 6 von 8 mitgelieferten Knopfzellen sind leer, denn die anderen Lampen gehen an, wenn man die Batterien tauscht. Ansonsten billig gemacht, aber schön hell und gut an normalen Stangen von Fahrrad oder Kinderwagen zu befestigen.",1
29244,"Leider passen die Kabel nicht richtig, sodass schon bei kleinster Bewegung sich das jeweilige Kabel löst. Schade! Ansonsten wären sie top.",1
17310,"Musste diese Creme leider wieder absetzen. Meine Haut wurde unangenehm warm und die Rötungen stärker. Habe es einige Tage probiert und ertragen, in der Hoffnung es wird besser. War leider nicht der Fall. Vielleicht mag es bei einigen helfen, bei mir leider gar nicht. Haustypen sind ja unterschiedlich, deshalb sollte jeder selbst probieren, ob es für eine geeignet ist. Habe eigentlich keine empfindliche Haut, aber für mich ist diese Creme leider nichts und auch für meine Partnerin die ein ganz anderer Hauttyp ist auch nicht.",1
25353,Schalten sich nicht von alleine ein wenn es dunkel wird. Nur wenn man sie selber anschaltet. Sonst wären sie Top! Aber für mich so ein Flop.,1
38952,Nicht Kaufen. Ist das Geld nicht wert. Auch wenn Möbel normalerweise teuer sind. Das hier sieht aus als wäre es gebraucht und die Qualität ist grauenhaft.,1
38171,Leider ist mein gelieferter Stanzer ist von sehr schlechter Verarbeitung. Der Kreis ist nicht gleichmäßig-so ist es nicht möglich einen sauberen Kreis raus zu bekommen bzw es läuft sehr schwer.,1
19100,"Ich dachte die paar schlechten Rezensionen wären die Ausnahme, aber auch ich wurde leider von diesen Akkus total enttäuscht. Nach einem halben Jahr „leben“ noch zwei von 8 Akkus. Die anderen sind entweder in einem LED-Nachtlicht für meine Kinder ausgelaufen oder ließen sich nicht mehr laden. Von daher - Finger weg!",1
4189,"Nur ganz kurz . Besser nicht kaufen . Wer den Tieren und sich selbst einen gefallen tun möchte kauft woanders , kauft Qualität . Jedes Kindergartenkind könnte so ein Haus besser zusammenbauen und würde sich mehr Mühe geben . Billigste Materialien , fällt schon beim Auspacken auseinander . Danke für nichts",1
13066,"Das Produkt habe ich nie ausprobieren dürfen, es es nicht wie versprochen geliefert wurde. Meine Renovierung wurde ohne diese Folie durchgeführt. Bin von den Lieferkonditionen enttäuscht. Amazon hat ein anderes Lieferdatum genannt. Bin nicht zufrieden.",1
20468,Die Vorhänge sind dünn und dadurch hängen diese auch dementsprechend lasch . Für den Preis habe ich was anderes erwartet.,1
39436,"Ich habe den Artikel nicht erhalten, er wurde an Amazon zurückgegeben und angeblich wollten Sie mir das Geld erstatten und Sie haben mir nichts zurückerstattet",1
29849,mitgenommen in den Urlaub zum Camping war umsonst kein Empfang Kabel hebt nicht das einzige was daran gut ist ist der Ständer,1
26481,"Leider viel zu klein, obwohl ich bereits L genommen habe und normal M trage. Die Qualität überzeugt mich ebenfalls nicht wirklich. Schade",1
31555,Das Kabel ist der größte Mist!! Bitte nicht kaufen wenn sie beide Funktionen - wie versprochen - benutzen wollen! Es eignet sich nur als aux Kabel und lädt währenddessen nicht auf!!!,1
11250,"Nach knapp 1/1/2 Wochen Lieferzeit, einer Menge Ärger mit UPS kam endlich der ersehnte Grill. Das Päckchen war offensichtlich bereits geöffnet worden. Diverse Kratzer und Schäden am Grill, ausserdem fehlen Teile..mehr wie enttäuschend..",1
6540,Sehr schlechte Lieferung,1
27355,Das Wachs ist viel zu weich. Sobald man es abzieht bleiben leider sehr viele Reste auf der Haut die schwer abzubekommen sind,1
26645,"Gestern erhalten, sogleich ausprobiert. Doch schon der ersten Zucchini war er nicht gewachsen... Er liegt gut in der Hand, Klingen lassen sich leicht tauschen, auch die kleine Bürste zur Reinigung ist gute Idee. Klingen sind auch wirklich scharf. Nach zwei oder drei Schnitten über eine Zucchini ist er aber einfach auseinandergefallen, weil die Lötstelle (oder ist das gar nur verklebt?) mittig einfach aufgesprungen ist. Ich dachte mir gut, passiert, und hab ihn erstmal mit Klebeband umwickelt und weiter gemacht. Vielleicht ließe sich das ja noch mit einer Schraube ganz gut reparieren. Dann ging die Klinge dauernd raus, weil der kleine Haken der sie festhält, einfach nicht sauber einrastet. Nervig, aber auch damit konnte ich mich gerade noch so arrangieren. Aber dann, als ich die Zucchini damit fertig geschnitten hatte (was mühsam war, da die Klinge immer rotierte, da die Aufnahme dafür etwas zu locker ist) habe ich festgestellt, dass sich ein Teil der Klinge ebenfalls ablöst, weil auch das offenbar einfach nur minimal verklebt war und (ich mutmaße) durch die Feuchtigkeit der Zucchini angelöst wurde? D.h. die eine Klinge war nach einmaligem, nichtmal zehnminütigen Einsatz hinüber. Was soll man damit nun noch anstellen? Darum geht er morgen umgehend und ersatzlos zurück.",1
14973,"Am Anfang hatte dieser Akku in meinen MAC BOOK Pro bei halber Leuchtleistung ca. 2h Stunden durchgehalten, jetzt sind wir nach 3 Monaten bei 30 Minuten angekommen. Und nun nach 4 Monaten ist der Akku komplett hinüber. War wohl nix. KEINE KAUFEMPFEHLUNG",1
1457,"Die Hülle ist gut verarbeitet. das Ipad lässt sich gut anbringen und hält bombenfest. So das wars mit dem Positiven. Das ""Leder"" stinkt und verursacht Augentränen und Hustenreiz mit was immer diese Hülle behandelt wurde kann unmöglich gesund sein! Selbst nach Tagen keine Veränderung. Keine Kaufempfehlung, höchstens jemand ist so schmerzfrei, daß es ihm nicht interessiert ob er so ein Giftiges Teil in der Wohnung hat oder nicht. Der Preis ist nicht gerechtfertigt!",1
19487,"Habe das Schloss montiert. Beim Schließen kann es überdreht werden von außen, dann bleibt der Riegel hängen und das war es! Bin froh, dass es während des Ausprobierens passiert ist, hätte ich mich sonst komplett ausgesperrt. Offensichtlich defekt, wird zurückgeschickt.",1
29454,"Habe es für meine Mutter gekauft, sie war nur enttäuscht. Die Form schließt von alleine nicht richtig, man muss also stets selbst nachhelfen. Für den Preis wurde etwas mehr erwartet. Natürlich haben wir eine Rücksendung beantragt, die Antwort kam schnell, aber die Rücksendung müssen aus eigener Tasche bezahlt werden. Man bekommt also nicht zufriedenstellende Ware und man hat am Ende noch minus gemacht. Auf keinen Fall empfehlenswert!",1
176418,"Immer wieder gern zu spielen, viel Spaß und auch sehr spannend. Vorsicht: macht süchtig",5
186433,"Für mich sind die Kulturtäschchen perfekt. Ich habe mir bewusst diese Farbe ausgesucht weil ich sie so schön finde. Und dann hat man gleich 4 Stück für jede Kleinigkeit die man verstauen möchte. Für mich absolut ausreichend, ich habe einige Sachen und als erstes nehme ich die Taschen mit in den Urlaub damit bin ich bestens ausgestattet und die paar Dinge von meinem Freund passen auch noch mit rein. Die Taschen sind Wasserdicht und stabil was mir auch wichtig ist. Die Reißverschlüsse gehen leicht und sehen schön aus.",5
181463,"Super bequem sitzende Unterwäsche die ihr (teures) Geld leider einfach wert ist. Lieber eine Nummer größer kaufen für gemütlichen Sitz, ansonsten TOP. Kaufe mir immer wieder neue nach.",5
178531,Das Kleid entspricht voll meiner Vorstellung und ist ein absoluter Blickfang. Der Stoff ist sehr angenehm. Das Kleid ist bequem und preislich unschlagbar.,5
168258,Lange Brenndauer der Grabkerze mit Batterie.,5
191766,Alles super. Schnelle Lieferung. Vielen Dank,5
160888,Wie schon erwähnt...Original BMW halt. Super verarbeitet und sieht sehr schick aus. Das perfekte Gefährt für die kleinen.,5
198810,Super Teil? Leichte Montage und unser Kater liebt ihn. Der Kratzbaum hat eine gute Qualität und der Preis ist super dafür. Kann ich nur empfehlen,5
166158,Der kleine Knirps ist ein toller Regenschirm der auch mal stärkerem Wind stand hält. Der Schirm wurde schnell geliefert. Er ist klein und hat immer seinen Platz in meiner Handtasche.,5
188687,Ein sehr sachliches und informatives Buch über Erneuerbare Energien in Deutschland. Gibt einen guten Überblick über das Potenzial der verschiedenen Technologien und woran es Stand heute noch hakt mit der Energiewende. Absolut zu empfehlen.,5
163809,"Habe ich schon zum zweiten Mal in dieser Größe gekauft. Ich nutze diese Handtücher für die Sauna, Therme & Schwimmbad.",5
181498,Perfekte Vorbereitung bzw ein super Nachschlagewerk,5
160067,"Die Walking Stöcke sind genau so wie beschrieben. Robust, leicht und man kann sie einfach anziehen. Jederzeit wieder",5
189057,"Stabil und mit ausreichend Volumen. Etwas größer als ich dachte, dennoch passt es. Das Netz obendrauf versteckt die Wäsche. Sehr praktisch.",5
188901,Ein echter Hingucker! Sehr bequem und scheuert auch nicht zwischen den Zehen,5
167029,Sehr gut geschrieben.,5
178489,"Nach langem warten auf Post, ist meine Lieferung mir zugestellt wurden. Für den Preis wartet man gerne, unschlagbar. Es ist alles in Ordnung gewesen.",5
190726,"Dies ist ein sehr schönes Etui aus hochwertigem Leder. TI denkt, es ist ziemlich dick und beim Hinzufügen von Karten noch mehr. Insgesamt schützt es das iPhone gut und fühlt sich in der Hand gut an. Es kommt in einer netten Kiste und würde auch ein gutes Geschenk machen. Ich werde aktualisieren, wenn ich mein iPhoneX erhalte",5
180472,"Diese Jacke ist sehr sehr schoen. Schaut wie der Marken Original. Der Pelz ist sogar schoener, ale der Original.",5
170636,Das beste Spülmittel das es für mich gibt. Ich spüle immer noch gerne von Hand und ist gut zum spülen und sehr hautfreundlich.,5
171678,"Was für ein Wunder für solche heiße Tage. Egal ob in der Hand, oder auf dem Arbeitstisch- der Ventilator ist leise und für seine Größe leistungsstark. Die Kaufabwicklung und Lieferung erfolgte problemlos. Meine Tochter möchte auch eins...",5
164774,"Super leicht zu verbinden mit dem Adapter! Gute Qualität des Kabels, keine Gefahr das Kabel abzuknicken.",5
171402,"Ich hab mir im sportladen mal taschen fürs Paddeln angesehen und fand dieses Preis hier gut , Sachen kamen schnell und dann waren es noch 3 Teile. Haben nun die taschen beim letzten Ausflug gut genutzt und finde sie Top .",5
182091,Kam gut an und funktioniert wunderbar.,5
174672,"Mir ist wahrscheinlich aufgrund der Sommerhitze einfach mein alter Spiegel aus der Halterung raus gefallen. Daher musste ich einen neuen kaufen. Bei Amazon geschaut und schnell gefunden, war innerhalb 1 Tag bereits da. Sogar für unerfahrene super leicht einzubauen. Seid Wochen hält er mal stand, als ist es sein Geld wert!",5
179455,Wie der titel schon sagt !! Eines der coolsten Metroidvania games die es gibt. Gameplay ist on point !! Wer hier meckert weil das spiel keine deutsche Sprachausgabe hat der sollte generell die finger von sowas lassen. Jeder weis das die story bei so games nicht die stärke ist. Castlevania Metroid Ori oder Hollow Knight fan ?? kaufen !!!,5
185301,An einem tag bestellt und nach gefühlt 24 Stunden schon im Wohnzimmer. Die zahlreichen Übungen an denen man sich bei diesem Produkt versuchen kann sorgen für einen perfekten Start. Ideal für ein entspanntes Training zuhause oder zum warm machen vor dem Fitnessstudio.,5
161293,Sehr zufrieden. mein kleiner füllt sich sehr voll in den Sitz. Kann es nur empfehlen! sehr leich zum einbauen durch das Isofix,5
172702,"Die Wetterstation und der Außensensor sehen optisch sehr hochwertig aus und die Bedienung bzw. die Inbetriebnahme ist kinderleicht. Einfach Batterien einsetzten, Außensensor anbringen und der Rest funktioniert von alleine! Alles stellt sich automatisch via Funk ein. Den Außensensor habe ich an einem Nagel neben dem Fenster befestigt (außen natürlich).",5
182953,Wie auf dem bild . Sehr schnell geliefert,5
192055,Das LED Nachtlicht ist super schön.Es steht auf einem kleinen Holzsockel und man kann nach Belieben mit der mitgelieferten Fernbedienung die Farben ändern. Wir haben es im Wohnzimmer stehen wo das Licht eine schöne Raumatmosphäre macht.,5
169961,"Die beste Folie die ich je bestellt habe. Pass genau, läst sich super aufkleben. Würde Sie jederzeit wieder kaufen. Danke",5
173667,Der Stift hat dem Freund richtig gefallen. Er ist absolut eine gute Wahl als Geschenk.,5
178620,die verarbeitung ist gut das holz fühlt sich weich und gut verarbeitet an das licht in den seiten beim aufschlagen macht ein weiches licht sehr angenehm würde ich wieder kaufen,5
181148,Lieferung pünktlich. Alles dabei gewesen. Und das gelieferte Laptop war in einem fast neuwertigem Zustand. Und auch 6 Wochen nach der Anlieferung gibt es keine Problem. Wirklich top!,5
183787,"Dieses Set kann ich uneingeschränkt empfehlen. In Verbindung mit der auf Youtube verfügbaren Reparaturanleitung für den Displayaustausch können selbst unerfahrene ""Schrauber"" das Diplay in ca. 15 Minuten austauschen.",5
193733,"Preis-Leistung in Ordnung, werde wieder bestellen",5
165499,Der Drucker ist nun schon seit 3 Monaten in Betrieb. Installation sehr einfach. Alles ab dem ersten Tag sehr gut. Druck über WLAN und von den Handys aus funktioniert einwandfrei. Alles gut.,5
168489,Der Rock ist perfekt geschnitten und ist nur zum Empfehlen. Trage ihn immer wenn ich unterwegs bin und hat einen angenehmen Tragekomfort.,5
169150,"Ich weiß nicht woher Mella die Ideen immer hat, ich genieße jedes neue Buch. Die Geschichten sind so phantasievoll und liebenswert geschrieben. Leider gibt es nur einen Teil. Jetzt heißt es geduldig auf das nächste Buch warten",5
167514,Nach ca 4 Wochen Nutzung top,5
188875,"Ist bereits mein zweiter.Da wir ständig zu zweit unterwegs sind, hat meine Frau ebenfalls einen bekommen, sie war gleich begeistert über die einfache Handhabung und Nutzung. Meinen Bag hab ich schon seit 2016 und war damit drei Monate auf dem Jakobsweg.",5
162815,"Mein Kind hat sehr empfindliche Haut, Sonnencreme finde ich nicht ausreichend. Aber es weint, wenn ich ein Tuch auf dem Wagen lasse. Deswegen kaufe ich diesen Sonnenschirm, damit das Kind mich immer sehen kann. Mit dem Schutz vor Sonnen und Hitze bin ich zufrieden. Unter dem Schirm fühlt man sich deutlich kühler. Die Schutzfunktion bringt aber einen Nachteil: der Sonnenschirm ist sehr groß... Wenn man auf einer engen Straße ist, stört der Schirm und muss man ihn zumachen.",5
194820,Die Lieferung ging super schnell und landete passend im Briefkasten. Die Mütze und der Schal fühlen sich hochwertig an und nicht nach Plastik oder ähnlichem. Das Innenleben ist Kuschelweich und schützt die kleinen gut vor Wind und Wetter. Die Passform bei unserem kleinen (24 Monate alt) war perferkt und verrutscht nicht. Ich kann dieses kleine Paket wirklich weiterempfehlen.,5
184499,"Bin zu frieden, die Köder erfüllen meine Vorstellungen. Ich benutze die Köder um die lästigen Trauerfliegen zu beseitigen, die ich mir beim umtopfen der Pflanzen, mit der Blumenerde rein geholt habe.",5
161759,"Sehr schönes Produkt, sitzt perfekt auf dem Handy",5
181857,Die TAsche hat sich unsere Nichte zur Kommunion gewünscht. Mir gefällt die sich sehr gut. Ist praktisch.,5
181490,"Diese Bürste ist aus 100% Wildschweinborsten und helfen wunderbar bei verknoteten Haare. Der Bart wird so schön massiert und sieht dann super gepflegt aus. Der Kamm ist aus Sandelholz und das Unterteil der Bürste auch. Sehr gute Qualität und super Verarbeitung. Beides ist handgefertigt und das merkt man auch. Zusätzlich kann man noch Bartöl oder Bartbalsam benutzen, die perfekte Mischung für gepflegtes Aussehen. Außerdem ist ein Aufbewahrungbeutel dabei. Sie können die beiden Bürsten und Kamm auch bei nassem Haar benutzen.",5
181884,"Top Produkt für den Preis habe es bei meinem Auto getestet, Kolben ließ sich problemlos zurückstellen. Gutes muss nicht teuer sein.",5
162385,Gutes Gerät funktioniert wunderbar. Sehr zu empfehlen.,5
189987,"Das Preis-Leistungsverhältnis ist super. Sie passen perfekt ins Auto, wie angegeben. Sehr schnelle Lieferung und auf jeden Fall zu empfehlen.",5
189051,Ich hab diese Uhr zum Geburtstag verschenkt . Die Lieferung war sehr schnell und die qualität war auch super . Sie lässt sich toll tragen. Kann ich nur empfehlen,5
174160,"alles super,perfekte Qualitä -ist halt von Miele, hatte ich so erwartet - schneller Versand , netter Kontakt! immer gerne wieder.",5
199797,"Habe das Ding kürzlich für meine Frau erworben, sie ist durchaus zufrieden damit. Die Hülle ist gut verarbeitet und beeinträchtigt die Verwendung des Handys keineswegs.",5
177338,Top schauckel sehr guter kundenservice unserem kind gefällt die schauckel sehr gut erfüllt die erwartung gut verarbeitet schöne farbe würde sie immer wieder kaufen,5
198520,Die beste Kamera die wir je besessen haben aber auch die einzigste. Deshalb keine vergleichsmöglichkeit.,5
161638,"Obwohl einige sich über das Objektiv negativ geäussert haben , kann ich nichts negatives feststellen . es passt auf anhieb auf meine EOS 2000D ohne haken und verkannten , der Autofokus ist recht fix und der Preis ist absulut top .",5
188208,"Die siebte Staffel ist bereits an Tage de Auslieferung bei mir angekommen. Die Verpackung war, wie immer, einwandfrei. Danke, gerne wieder",5
192728,Sehr gute Qualität des gekauften Produktes.Bin voll zufrieden. Würde BERGKVIST weiter empfehlen.,5
170547,"Ich habe es als helix benutzt, es sieht sehr schön / hochwertig aus und war schneller da als angegeben :) sehr einfach zum rein tun durch den klapp verschluss. Bin sehr zufrieden damit 👍👍👍",5
194207,"Diese Handgrasschere hält was sie verspricht. Ideal für kleine Hände. Super im Schnitt. Der Griff lässt sich leicht drehen. Dadurch kommt man an jede gewünschte Stelle, die geschnitten werden muss. Sehr empfehlenswert.",5
185556,"Funktioniert einwandfrei unter Windows10. Bild und Sprachqualität gut. Wer eine günstige Webcam sucht, die ""einfach funktioniert"" ist hiermit gut bedient.",5
192575,"Bin in Dänemark bei -13 Grad losgefahren, an 12v angeschlossen, voll gefrorenem Fleisch, nach 5 Stunden angekommen und immer noch -13 Grad. Das Gerät ist Super. Einzig die Griffe sin etwas klein, aber ich laufe ja nicht den ganzen Tag damit rum.",5
175412,"Sehr angenehm zu tragen, verzieht sich nicht beim waschen.",5
