55460,"Ob man bei einer mit Panzertape geklebten Matte von guten Zustand sprechen kann, warte ich zu bezweifeln. Auch das große A für ausgemustert spricht nicht für guten Zustand sondern eher für ausreichend.",2
46956,"War nicht das was wir uns vorgestellt haben,hatten uns eigentlich nach den Bildern viel mehr darunter vorgestellt. Werden wir nicht wieder kaufen",2
65690,Nicht mein Geschmack,2
71874,"die Cap entspricht in soweit der Beschreibung, das sie echt gut verarbeitet ist. Logo und Ziernähte sind super allerdings ist die Passform mal gar nix. Der vordere teil ist so hoch da es schon echt lächerlich wirkt. Würde sie nicht weiterempfehlen.",2
50365,"Zu kurz und an den Nähten Falten, leider erst nach dem Waschen",2
66019,"Der Artikel entspricht definitiv nicht der gezeigten Abbildung. Haftfähigkeit für kleinere Saugnäpfe schier unmöglich, nicht sonderlich empfehlenswert, also keine Kaufempfehlung.",2
71981,"Ich habe den Thermosbecher zum Autofahren gekauft, dafür ist er durch den Klappverschluss nicht geeignet da man diesen genau im Blickfeld hat. Für mich also suboptimal.",2
70528,Halten nur bedingt auf den Sticks. Qualität ist ok und die Noppen funktionieren tadellos. Leider sitzen die Kappen auf beiden Controllern nicht perfekt und rutschen hin und wieder ab.,2
43311,"Leider funktioniert die Maschine nach 2.5 Jahren nicht mehr richtig. Sie macht zu große Abstände zwischen den Nähen, man muss alles doppelt und dreifach nähen. Das lässt sich leider nicht einstellen",2
53966,Der material hat Keine qualität. 100% Chinese.,2
43942,"Leider nicht für Frauenhände geeignet, zu schwergängig und damit auch preislich zu teuer",2
44691,"Erst was alles easy aber noch jetzt 6 Monaten machen die Dinger enormen krach, sie rattern was echt im stillem Raum sehr nervig ist. Für uns nicht noch mal.",2
44934,"arbeitet auf meinem Laptop nicht. Damit nicht zu gebrauchen, leider.",2
71227,Anfangs gut gedruckt. Nach ca. 1 Monat ist Patrone mindestens halbvoll und druckt miserabel.,2
58521,Im Mai habe ich die Motorhacke erworben. Diese kam nun erstmalig zum Einsatz. In der ersten halben Stunde hat die Maschine einen guten Dienst geleistet. Jedoch ging sie nach einiger Zeit einfach aus und auch nicht wieder an. Erst dachte ich an Überhitzung. Aber auch nach einer längeren Ruhepause ging die Maschine nicht wieder an. Sehr ärgerlich.,2
65253,"Sehr schlechte Qualitaet! Beim Aufbau schon Probleme mit Montage des Standfußes, der sich nicht zusammen stecken lässt, und die richtige Unterbringung des Stromkabels nicht möglich ist. Außerdem beginn der Lüfter bereits nach ca.10 Std. Betrieb zu quitschen. Die Fernbedienung funktioniert auch nur, wenn man direkt davor steht. Fazit: Nicht zu empfehlen!",2
56864,"Das Gerät wurde mit einem UK-Netzstecker geliefert. Ich kann es aktuell nur mit einem Steckdosenadapter, wie man ihn üblicherweise im Urlaub verwendet, nutzen.",2
69311,Bis jetzt ohne angepriesene Wirkung sie Entspannen aber zum Schlafen ? Nein,2
40478,Habe die Kette für die Adventsbeleuchtung gekauft um der Kabelage aus dem Weg zu gehen doch leider reicht im Dezember das Tageslicht nicht aus um die Lichter länger als Max. zwei Stunden leuchten zu lassen 😩! Hat leider grade mal 4 Wochen gehalten!,2
49027,"Reagiert zu schnell für eine Unterschrift nicht geeignet, aber sonst ok.",2
58060,"Nicht gut gemacht, Aktion ist solala, Handlung geht aber schlecht umgesetzt. Der Film hätte potenzial aber zu viele schwächen in der Regie",2
58738,Die Rutentasche hatte mich leider gar nicht überzeugen können. Von der Optik gefiel sie mir eigentlicht gut. Leider findet man bei der Qualität im Bereich Verarbeitung und Haltbarkeit gewisse Defizite. Es gibt in diesem Bereicht eindeutig bessere Taschen. Von mir gibt es leider keine Kaufempfehlung.,2
59327,"Schnelle Lieferung, Stoff ist angenehm allerdings sehr dünn. Der Ausschnitt ist bei weitem nicht so wie auf dem Bild -> schließt beim Hals fast ab",2
69015,"Die Handschuhe sind zwar in Ordnung, es handelt sich aber keineswegs um Nappaleder, sondern um ein PU-Kunstleder. Solches Material wärmt in jedem Fall weniger, von daher ist die Anpreisung übertrieben.",2
77873,Entspricht nicht den Vorstellungen. Es ist immer nur eine Seite bedruckt. Drucke teilweise nicht stark genug zu sehen. Motive teilweise eher was für Kinder. Finde den Preis dafür zu hoch.,2
63669,es ist keine wlan karte sondern nur eine Bluetooth karte soll heissen falsche Produkt infomation,2
55812,"In der Beschreibung stand ""mind. 4 verschiedene Farben"". Ich habe ebenfalls 2x Gold, 2x Silber und 1x Rot bekommen. Schade, hatte die Folie für meinen Sohn und wegen Grün oder Blau gekauft. Qualität ansonsten super.",2
52666,Nach zwei Wäschen lösen sich die Säume der Handtücher. Der Verkäufer reagiert unkulant.,2
78610,"Hätte ich mir ehrlich gesagt erspart. Der Fräser selbst, füllte sich nach Sekunden mit dem minimalst geraspelten Holz auf und dann ging nichts mehr weiter. 4 verschiedene Stk. Davon ausprobiert und bei alle gleich. Also für meinen Zweck nutzlos, leider",2
54784,"Falsches Design geliefert. Schade.(Leuchtturm bestellt, irgendwas mit Strand kam stattdessen). Ging direkt zurück. Auf Rückzahlung warte ich noch.",2
79303,"Sieht schick aus und passt gut in eine Zigarettenschachtel,war begeisstert,leider nach 14 Tagen eins defekt...,mal sehen,wie lang das zweite noch hält...🤔",2
54206,"Ein günstiger Wecker...der für mich eine super Größe hat (ich kann die Uhrzeit auch ohne Brille ablesen)! Allerdings ist er ""nicht"" geräuschlos...wer also empfindlich ist, wird mit diesem Wecker nicht glücklich!",2
69634,Anfangs werden sehr schlechte Werte vermittelt. Im weiteren Verlauf des Filmes werden diese nur sehr einseitig entkräftet. (P.s.Bitte füttert keine Enten mit Brot. Auch nicht in Filmen!),2
59043,Leider hat diese Panzerglasfolie zu viel Spiel außen es sind am Rand jeweils 3mm Luft somit ist für mich der Schutz nicht gegeben zudem löst sie sich nach 3 Wochen bereits.,2
41895,"Ware ok, aber Versand...... in der Briefkasten Schlitz gedrückt.......",2
48354,"Hätte es gerne in Gebrauch genommen, aber ich weiss noch nicht wie, kann leider kein Chinesisch",2
54557,"Das Positive: ""echte"" Lenovo Tastatur, wie sie auf den Notebooks vorzufinden ist. Leicht. Kompakt. Das Negative: 2x getauscht, alle Modelle waren irgendwie verbogen. Die erste ist in der Mitte verbogen, klappert gegen Tisch (kann man zwar mit einem dünnen Gummi-Streifen ausgleichen, aber finde nicht OK bei so einem hochwertigen Produkt). Die zweite war ganz arg auf der rechten unteren Seite verbogen, also so weit, das wenn man auf die Pfeiltasten gedrückt hätte, konnte man die ganze restliche Tastatur anheben. Keine Leuchte für CapsLock und Funktionstasten - ich weiß dass Akku wohl Prio hat, aber wirklich, ob ich 1 Monat oder 3 Wochen mit dem Akku auskomme, ist eh schon egal. Wenn das Notebook aber zu ist, und man auf externen Bildschirmen arbeitet, ist das Käse...",2
76164,"Die beiden verschiedenen Ketten verdrehen sich ständig ineinander, das ist nicht schön. Ansonsten ist die Kette hübsch und gut verarbeitet.",2
64299,Schlechtes Material Plastik zu hart und unbeweglich. Ich denke ich muss es zurück schicken. Lieferung über Amazon Prime ohne Probleme und gewohnt schnell.,2
64965,"An sich schöne Uhren. Aber leider sind bei zwei Uhren, nach kurzer Zeit, die Stifte die das Armband halten, raus gefallen. Reparatur hat nichts gebracht. Waren gleich wieder raus. Bei der dritten Uhr war die Batterie leer.",2
48779,"Der Koffer wirkt zwar sehr hochwertig, hatte aber einen Kratzer auf der Rückseite. Leider bis jetzt noch keine Antwort auf meine E-Mail erhalten, daher nur 2 Sterne...",2
53188,"Finde es sehr schade, dass man bei fünf Flaschen 2x die gleiche Geschmacksrichtung erhält. Bei uns Schokolade und Aprikose. Wo ist das dann eine Probierpackung mit fünf verschiedenen (!) Geschmacksrichtungen?? Echt schade!!",2
79258,"Eigentlich an sich ne tolle Sache. Sieht gut aus, aber es hat nur ein Streifen bei mir gehalten.Der zweite hat nicht wirklich geklebt. Schade.",2
41961,Die rose Farbe ging nach nur Tagen schon ab. Schade!,2
58135,"so wie erwartet, dauert doch wirklich sehr lange und dann auch viel zu heiß trotz niedriger Einstellung, hätte mir einfach auch bessere Glättung erwartet...",2
59993,Nach ein paar Monaten konnte ich das Gerät nicht mehr laden... sonst hat es seinen Zweck erfüllt... die Farbe ist auch wie abgebildet,2
49987,"An sich ist das Buch sehr schön, da es für eine Freundin ist ist es sehr schade dass es bereits kaputt ankam. Von dem Steuerrad ist ein 'Zinken' abgebrochen. Leider reicht die Zeit nicht mehr aus um es zurückzusenden und ein neues zu kaufen. Für diesen Preis ist es echt ärgerlich! Ansonsten ist es aber ein sehr schönes Fotobuch.",2
47250,"Zieht nicht ein, bin von lavera besseres gewohnt",2
65719,"Stuhl kam defekt an, Transportschaden wg schlechter Verpackung und schwacher Konstruktion des Stuhls; Verkäufer bot Austausch Rückenlehne an, aber wegen der sichtbar billigen Qualität des Stuhls wollte ich ihn nicht mehr; Verkäufer hat ihn anstandslos zurückgenommen und Kaufpreis erstattet; daher 1 Stern für Qualität plus 1 Stern für Service",2
67535,Der bestellte Artikel (xl) ist bei 185cm und 85kg zu klein der Artikel ist für eine Person mit der eigentlichen Größe m,2
74227,Sie sehen toll aus nur halten leider nicht lange zwei Griffe sind beim öffnen von der Schublade abgehängt die Gewinde halten leider nicht ☹️,2
78130,"Der Jumpsuit an sich ist ganz schön und die Größe war auch passend, aber beim gehen erkennt man schon die nackten Pobacken und das ist mir zu kurz",2
59905,daher kann ich das Produkt NICHT empfehlen. Die Box sitzt nicht fest darin und dann lassen sich bei Bewegung oder verrutschen die Bedienelemente nicht mehr nutzen.,2
48950,"Bis auf die Trackpoint-Geschwindigkeit kann man in der Software nur ""ThinkPad preferred Scrolling"" einstellen, was relativ nutzlos ist. Ctrl und Fn können nicht getauscht werden. Mit ""Preferred Scrolling"" kann man die mittlere Maustaste nicht mehr als solches verwenden, außerdem kann man in VMWare (zumindest in einem Linux-Container) überhaupt nicht mehr scrollen. Wenn man die Option deaktiviert, löst jeder Klick die mittlere Maustaste aus, auch wenn man eigentlich nur scrollen will. Bei meinem ThinkPad hat das soweit ich mich erinnern kann nur ausgelöst, sobald man losgelassen hat. Das ist vor allem in Linux-VMs extrem nervig, wenn man mit jedem Scrollen das Clipboard überall verteilt :)",2
49175,"Zunächst das Positive: die Leuchtkraft der LED's ist überragend. Das wars dann aber auch schon. Das Halsband lässt sich ohne weiteres kürzen und dem Halsumfang des Hundes anpassen. Allerdings sind die beiden Enden des Leuchtbandes mit einem Kunststoffstecker verbunden, der keinerlei Halt bietet und das Band leicht abfallen lässt. Der Hund muss nur mal kurz irgendwo an einem Busch schnüffeln und schon ist das Band ab. Keinerlei Kaufempfehlung, sondern raus geschmissenes Geld.",2
54813,"An sich ein in meinen Augen super teil. Klein, unauffällig, funktional. Es lässt sich wirklich gut im Zigarettenanzünder platzieren und nimmt keinen Platz weg. Allerdings ging mir das Gerät nach ca. 8 Wochen kaputt. Mitten im Abspielen der Musik ging aufeinmal die Bluetooth Verbindung verloren und das Gerät scheint nun überhaupt keinen Strom mehr zu bekommen. Mein älteres Gerät tut seit mittlerweile 1,5 Jahren seinen Dienst klaglos, das sollte nur aufgrund der Größe weichen. Es bleibt nun wohl doch... Nach so kurzer Zeit für mich nicht akzeptabel.",2
62768,"die Leuchte an sich ist ok, angenehm hell und Lichtfarbe natürlich, leider ist die versprochene Langlebigkeit nicht da, klassische Leuchten halten genau so lange kosten ein Bruchteil inkl Strom",2
75589,Die Farbe und das Muster stimmen mit der restlichen Armatur nicht überein. Man sieht Klebereste am Schaltknauf oben... Ich schätze nach 1 Jahr ist das Ding durch...,2
45467,Habe dieses Schloss eben in 1 Minute mit einem Bolzenschneider durchgeschnitten weil der Schlüssel im Schloss abgebrochen ist. Bisher war ich zufrieden habe jetzt aber berechtigte Zweifel. Ich hoffe das die Abus Kette für 120€ sicherer ist...,2
53168,Leider wurden nicht die Socken wie abgebildet geschickt und 2x das gleiche 6er Pack. Sehr schade. Habe sie trotzdem behalten weil ich dringend Socken brauchte. Die Qualität ist ok aber nicht besonders gut. Nach dem ersten Waschgang hängen schon einzelne Fäden am Bund weg.,2
52673,Optik und Haptik toll. Geruch kaum zu ertragen. Überzug kann NICHT! zum waschen abgenommen werden. Sehr schade!!!,2
62465,"Super schnelle Lieferung, Preis fand ich auch okay. Hatte den Anschein das die Folie top ist und dann beim ersten Sturz löst sie sich vom Display (den Aufprall noch geschützt und dann einfach abgefallen) war enttäuscht.",2
64245,Hatte große Hoffnung bei den Socken und es trägt sich sehr angenehm. Leider sind schon Maschen nach dem ersten Tragetag zu sehen. das ist viel zu früh für meinen Geschmack von Produktqualität.,2
45640,"Schöne Hülle, allerdings nicht magnetisch beim zuklappen. Die Klappe vorne hält leider nicht, weil der Magnet zu schlecht ist. Schade",2
191859,"Sehr gemütliche Freizeitschuhe, ziehe ich immer wieder gerne an. Farbe und Größe wie erwartet.",5
173793,Hab ihn nachgekauft auf Empfehlung und bin komplett zufrieden da man ihn auf Händler Seiten nicht mehr kaufen konnte.,5
193528,Ein sehr schöner Spiegel in einem Modernen Design. Die Beleuchtung ist dimmbar und perfekt zu jeder Tageszeit. Der kleiner Vergrößerungsspiegel reicht komplett aus. Vor allem das modere Design hat mich überzeugt.,5
176656,Die Passform ist perfekt. eine tolle Hülle aus PU. das edel anmutenden Design. Klar sauber. eine Tolle Qualität. eine Empfehlung für Herren Handtasche.,5
165435,"Das ist wirklich eine Überraschung. Wie das Bild gezeigt, der leuchtet sehr schön. Und das Gefühl ist sehr angenehm. Ich lege es auf meine Schreibtisch. Es passt perfekt. Ich finde es sehr toll.",5
178649,Für diesen Preis fantastisch. hochwertige und wertige Optik. Wir sind begeistert von dem Design und der handlichen Griffe. Gut und fest anzubringen an den Zimmertüren.,5
166660,Geschmacklich eines der Besten. Ob die Wertigkeit der Inhaltsstoffe passt kann ich nicht sagen ...Würde ich aber sofort wieder bestellen.,5
185575,"Die Perücke sieht super aus und ist für den Preis echt super verarbeitet, meine Haare sind nur leider zu lang um sie komplett unter die Perücke zu bekommen xD Sie verliert relativ viele Haare also sollte man sie nicht zu oft im Alltag tragen, sonst aber sehr schön!",5
192924,"Sehr praktisch, wenn man sich nicht alle seine Passwörter und Zugangsdaten merken kann. Das Design ist auch hübsch.",5
166022,"Echt top.....schlicht, funktional und hält, was es verspricht....würde es immer wieder kaufen.",5
160214,"TOP angenehmer Duft, wunderschöner Flakon. Habe absolut Nichts zu beanstanden. +++++",5
189585,"Ich kann dieses Buch nur empfehlen. Vor allem finde ich es toll, dass auch für Vegetarier und Veganer Rezepte enthalten sind.",5
187013,Sehr schöner Engelsrufer!,5
160297,"Ich möchte heute über die hier angebotene Kaffeemühle berichten. Wir haben diese Kaffeemühle für meine Mutter bestellt, die schon immer Filterkaffee trinkt. Frisch aufgebrühter Kaffee mit Kaffeepulver und Filtertüte schmeckt ihr einfach am besten. Nun wollte sie Ihre Kaffeebohnen selber mahlen, da sie der Meinung ist, der Kaffee würde so noch besser und frischer schmecken. Die Verarbeitung des Gerätes ist sehr gut und alles wirkt qualitativ hochwertig. Das Design ist sehr schön und gefällt meiner Mutter in schwarz mit dem roten Ring. Diese Kaffeemühle hat ein robustes Mahlwerk und zerkleinert die oben ein gefüllten Kaffeebohnen sehr fein, so wie es sein muss. Die Lautstärke ist völlig in Ordnung und empfinde ich noch als übermäßig laut. Der Behälter für das Kaffeepulver lässt sich relativ einfach herausnehmen und reinigen. Alles in allem ist das eine tolle Kaffeemühle, die gemessen am Preis eine gute Wahl ist.",5
175765,das gerät macht seine funktionen gut bis sehr gut und kann es damit empfehlen.,5
186932,"Dieser Kamerarucksack hat eine sehr gute Aufteilung. Kamer, Objektive etc sind gut zu verstauen und sind durch die ausreichende Polsterung gut geschützt. Ein Stativ kann gut außen befestigt werden und beschädigt os im inneren nicht die Ausrüstung. Ein extra Reißverschluss an der Seite lässt einen schnellen zugriff auf die Kamera zu, wenn es mal schnell gehen soll. Der Rucksack liegt gut am Rücken und ist bequem zu tragen. Über die Gurte lässt sich die gewünschte Tragehöhe schnell einstellen. Der Rucksack erfüllt seinen Zweck und sieht dabei auch noch gut aus.",5
193237,"Habe den Teppich in grau bestellt und bei dem günstigen Preis keine großen Erwartungen gehabt. Finde der Teppich sieht nicht billig aus. Natürlich waren kurz nach der Lieferung noch Falten drin (der Teppich wurde eingerollt geliefert), nach 2-3 Tagen sind die aber weg. Das Einzige wo zu bemängeln ist, dass der Teppich auf Fliesenboden leicht rutscht. Zusammengefasst bin ich positiv überrascht und würde ihn wieder kaufen.",5
183554,"Als blutiger Anfänger bin ich sehr begeistert und freue mich, dass ich mich (nach langem hin und her) entschlossen habe, diese Nähmaschine zu kaufen! Große Empfehlung meinerseits!",5
196710,Gutes Preis-Leistungsverhältnis und hält was es verspricht,5
189688,Schnelle Lieferung Die Kinder waren begeistert,5
165648,"Die Matte riecht nicht. Passt perfekt ins Auto (Golf 6 Variant). Ähnliche Qualität, wie die originale Matte von VW. Vollkommen zufrieden.",5
181328,Sehr empfehlenswert absolute Kaufempfehlung,5
190600,"Sehr netter Film. Gefällt meinem 6 jährigen Sohn, meiner 4 jährigen Tochter und auch Mama und Papa ;-) Fsk 0 gerechtfertigt",5
178446,"sieht knapp aus, passt aber gut.",5
164672,Das Buch ist sehr zu empfehlen. Ich habe mir direkt die nächsten zwei gekauft. Sehr lüstig und entspricht die Realität. Jede Mama kann sich in Buch wiederfinden.,5
167470,"Um ehrlich zu sein.... Ich habe nicht erwartet, dass es so gut funktionieren kann, wie einige Kritiken sagten. Aber ehrlich gesagt ist das wahrscheinlich der beste Kopfhörer, den ich je hatte. Super einfach auf Ihrem Gerät einzurichten. Gute Klangqualität. Also es ist fantastisch für vollen Sound und gute Vibes.",5
173477,"Ich kann nur sagen, supergünstig. Preis, Lieferzeit und Qualität ok",5
162720,"Lustig, persönlich und hat eine gute Qualität. Ich bin glücklich mit meinem neuen Schlüsselanhänger. :)",5
169971,"Super Musik, noch besser wenn man die Story zu Rodriguez kennt..... Der Film dazu ist ein absolutes Muss!! Zeitlos schön.",5
193052,"Das Multitool wurde schnell und gut verpackt versendet. Das Multitool selbst ist robust und ohne Mängel gefertigt. Alle Funktionen wie beschrieben in der Beschreibung funktionieren für die göße das Tools sehr gut. Klein Handlich, nützlich klare Kauf Empfehlung",5
196565,"die halterung ist okay. Und dies funktioniert auch erstaunlich gut. Die Halterung ist für fast jedes Smartphone einsetzbar, da das Smartphone lediglich eingeklemmt wird.",5
172660,Alles wie in der Beschreibung,5
180955,"Schnell geliefert, guter Preis, passen perfekt.",5
163256,Schnell und preiswert.,5
179419,"Die Dichtung ist wie beschrieben und hält dicht, wie die Originaldichtung im Neuzustand.",5
187368,Schnelle Lieferung. Qualitätsmaterial. Klare Kaufempfehlung,5
160500,schnelle lieferung gute verarbeitung topf verkäufer bereits mehrfach artikel bestellt auf alle fälle weiterzuempfehlen super dart produkte alles super und jederzeit wieder,5
183653,"Ich habe schon mehrere Stifte probiert aber keiner hat bei meinem iPhone und bei meinen Android-Geräten so gut funktioniert wie dieser. Leider habe ich den Stoppel zum Aufladen verlegt, der Verkäufer hat mir angeboten ihn mir zu ersetzen. War aber dann hinfällig da ich meinem wiedergefunden habe.",5
182333,Was soll ich schreiben? Das ist Buch ist spitze. Hat meiner Tochter als sie klein war (jetzt 17) gefallen und meiner kleinen Nichte nun auch. Einfach allerliebst. Der Text ist schnell im Gedächtnis und geht nie wieder raus 🤗,5
172665,Sehr gutes festes Material. Liegt super in der Hand. Produkt wie abgebildet. Sehr schön,5
171905,"Die blauen Bodys sind doch für Jungs! Ach Quatsch, ich habe sie für meine Tochter bestellt, weil ich es satt habe immer ROSA oder weiße Bodys für sie zu holen. Wie auch die mehrfarbigen Bodys haben mich diese blauen Bodys sehr positiv überrascht. Sie haben eine sehr angenehme Qualität und nach mehrmaligem Waschen hat sich an der Farbe und an der Form nichts verändert. Ich würde mich über weitere schöne Farbkombis freuen. Definitiv eine Kaufempfehlung",5
188898,"Wir finden die Lampe klasse , haben noch 3 Stk nachgekauft und überall für Nachts im Haus verteilt . Das Licht ist soft , der Sensor reagiert sehr gut. Einfach prima !",5
186366,"Schnelle Bearbeitung, schnelle Lieferung und Produkt wie Bestellt. Alles Gut.",5
198991,"Ich habe mir das Messer vor kurzem zugelegt und muss sagen es ist auch nach kurzer Zeit mein Lieblingsmesser geworden. Liegt perfekt in der Hand, Super verarbeitet und das wichtigste super Scharf. Kann es 100% empfehlen!",5
191601,"Alle Bücher der Reihe gelesen, und was soll ich sagen- ich bin restlos begeistert. Spannung, Erotik - nichts kommt zu kurz, und wie es sich für einen Krimi gehört dafür ordentlich mitgefiebert werden. Alle Bücher sind unabhängig voneinander zu lesen aber da die erschiedenen Personen uns in allen Büchern begleiten empfehle ich mit dem 1. Teil zu beginnen. Absolut seinen Preis wert. Top- und volle Sterne",5
183974,"Die Lieferung erfolgte schnell. Anstatt Bedienungsanleitung wurde auf die Internetseite verwiesen. Das dort hinterlegte Video zeigt die Anbringung der Folie sehr gut. Die Aufbringung der Folie habe ich im Badezimmer vorgenommen, nachdem ich 2 Minuten die Dusche laufen ließ. Danach ist die Luft fast staubfrei. 2 kleine Blasen noch mit dem Rakel herausgeschoben und die Folie ist nicht mehr zu sehen. Top!",5
199493,Ich bin mit der Handhabung des Handy Selfi-Stick rundweg zufrieden. Diesen Artikel kann ich guten Gewissens weiter empfehlen. Mit freundlichem Gruß,5
195769,"Als Notfall-Zelt würde ich das Teil nicht bezeichnen ... eher als Notfall-Biwak-Sack ... sozusagen besser als gar nix. Habe das Teil im Sommer in den Bergen ein paar mal getestet ... Temperaturbereich Nachts um 10 - 15 °C. Kein Schlafsack, einfach mit der Hose und Pulli rein. Klar, dass dann keine große Isolation da ist ... aber der Biwaksack hält die Körperwärme einigermaßen. Allerdings bildet sich dann irgendwann auch Kondenswasser, was die Nacht nicht unbedingt angenehmer macht. Ansonsten lässt sich der Sack auch wieder gut auf die ursprüngliche Größe zusammenlegen (vorher unbedingt ganz trocknen lassen!) und hält auch mehr als eine Verwendung durch. Für den Preis und die Verarbeitung 5 Sterne ... ist aber mit einem richtigen Biwaksack nicht vergleichbar.",5
162083,"Auto-Handy-Clip ist sehr gut zu bedienen, saugen Stecker ist sehr bequem Ebene. Der Preis ist auch sehr günstig.",5
174023,"Keine Beanstandung. Preis und Qualität stimmen, Versand war sehr schnell.",5
180062,Stabile Druckknöpfe die meinen Anforderungen entsprechen.,5
186600,"Ich habe vor einiger Tage eine Gitarre gekauft, deshalb bestelle ich diesen Kapodaster. Er sieht ein bisschen klein aus, aber funktioniert er super gut.",5
177564,Wir sind bekennende Schlech-Fans und das Kinderzimmer gleicht einem Reiterhof. Halfter und Decke dürfen da nicht fehlen und sind mehrfach vorhanden. :),5
176754,"Schnelle Lieferung, sieht sehr gut aus hat aber auch seinen Preis",5
174927,Hab immer mehr Kosmetik. Meine PVC Kulturtasche war nicht ausreichend für mich geeignet. Nach dem Umzug dachte ich ich musste neue bestellen. Diese Kosmetiktasche ist ein bisschen groß als gedacht hab. Aber nach gefüllt war ich mit sich zufrieden. Die Reißverschlüsse lassen sich gut schließen und praktisch zum Reisen mitnehmen.,5
183326,"Habe mir diese Coils nun schon drei Mal bestellt und es war immer alles top! Danke an den Verkäufer, ich werde auch in Zukunft bei euch bestellen.",5
161844,"Das headset ist für Mich eine große überraschung Stimme, sehr klar, Bluetooth, IST sehr sensibel, und es ist wasserdicht, MIT diesem Preis zu kaufen, in die es so sehr verdient.",5
176947,Schnelle Fertigung. War genauso wie ich es in Auftrag gegeben habe.,5
187828,Sehr günstig aber funktioniert. Der Abwasch ist sauber und glänzt ja richtig.,5
172494,Der Mixer ist günstig und funktioniert einwandfrei. Auch der Versand ging sehr schnell.,5
169034,"Der Held meiner Kindheit. Früher habe ich Sonic auf meiner alten Sega-Konsole gezockt und nun eben auf dem Tablet. Spielspaß wie früher, zudem leicht zu steuern, auch für Kinder.",5
174712,"Schnelle Lieferung, Messer in der bekannten ""Victorinox"" Qualität und sau scharf. Kann ich nur empfehlen.",5
193208,Total begeistert nur 1/2 Punkt Abzug da die Sorte Sweet Chili doch etwas schärfer ist! Das hätte die Firma mit Kennzeichen sollen. Aber ansonsten lecker werde noch ein paar Sorten probieren gerade jetzt wo die Grillsaison gestartet ist,5
180481,"Perfekt für die Arbeit mit Kleinkindern, da Teelichter benötigt werden, die einen sichereren Umgang ermöglichen. (Anstelle von länglichen Kerzen). Sehr schönes Design und sehr flexible.",5
18672,"Akkulaufzeit super ! Jedoch ist der Verdampferkopf nicht allzu gut. Meiner hatte direkt nach einer Woche beim ziehen das ganze liquid in meinen Mund befördert welches natürlich extrem heiß war. Habe dem Kundenservice kontaktiert und dann auch Recht schnell einen Ersatz bekommen. Dieser hatte leider nach zwei Monaten das gleiche Problem ... Das Ding ist wirklich nicht zu gebrauchen. Auch mit neuen Coils und neuem Verdampfer wird sie nicht besser. Die Coils schmecken schon nach zwei Tagen und niedriger Wattstufe verbrannt und das liquid spritzt auch noch oben raus in den Mund rein, was nicht besonders angenehm ist ... Habe sie lange nicht benutzt gehabt, weil ich noch eine andere hatte, wollte sie aber Mal wieder Ausprobieren. Würde am liebsten mein Geld zurück verlangen ist jedoch zu lange her, dass ich sie bestellt habe ...",1
9669,"Hab den Vakuumier meiner Mutter geschenkt. Gefreut hat sie sich, nur leider hat das Gerät nicht so ""stark"" die Luft ausgesaugt, d.h. das Vakuum war eher naja. Danach hab ich ihr ein anderes Gerät geschenkt, war auch teurer und hat dann gut funktioniert. Dank Amazons toller Abwicklung, konnte ich dieses Gerät hier zurück geben.",1
7129,"Leider hat die Sendung überhaupt nicht geklappt. Bei mir ist die Sendung nicht angekommen, trotz anders lautender Information des Verkäufers. Ich bin froh, das Amazon mir den Kaufpreis erstattet hat.",1
17480,"Kann viele der Rezensionen hier bestätigen, bei mir war das Thermostat nach 1 Jahr defekt, die Temperatur lässt sich nach oben hin nicht mehr regelen, es geht nur noch Kälter aber nicht mehr Wärmer. Keine Kaufempfung.",1
19476,Also wenn ich null Sterne geben könnte würde ich null Sterne geben wenn ich - Sterne geben könnte würde ich sogar -5 Sterne geben die Handyhalterung ist für ein Arsch habe heute durch die Handyhalterung mein Handy komplett geschrottet nicht zu empfehlen Halterung hat sich komplett gelöst und hat mein Handy einfach aus der Verankerung raus fallen lassen Samsung Galaxy S8 komplett Schrott,1
4599,Passt ganz schlecht.,1
11396,"Wenn man sich ein wenig weiter weg von der Bluetooth-quelle (Smartphone) weg bewegt, wird die Musik sofort unterbrochen, danach läuft sie verlangsamt weiter, nur um dann enorm an Tempo zuzulegen, bis sich die Verbindung wieder stabilisiert hat. Eine absolute Katastrophe also",1
2167,Dat is jetzt ein Scherz oder was???? Ich würde die Uhr sehr gerne bewerten nur leider ist sie immer noch nicht in meinem Besitz!!! Obwohl bezahlt!!!!!!!!,1
1508,Das Produkt hat leider nicht zu meiner Zahnbürste gepasst.,1
23224,Nach gut einem Jahr funktioniert einer der Spots nicht mehr. Er reagiert nicht mehr beim Drücken auf den on/off Knopf.,1
29913,Die Schuhe sind sehr bequem und angenehm zu tragen. Allerdings hat das Plastik der Sohlen einen nicht sonderlich hochwertigen Eindruck gemacht. Leider hat sich der Eindruck bewahrheitet und nach nur 5 Wochen ist die rechten Sohle durchgelaufen und auf der Höhe der Ballen ist nun ein Loch in der Sohle. Leider auch für den Preis nicht akzeptabel. Geht zurück,1
28000,Kann weit nicht mit einem Original mithalten,1
13439,"Habe mir den Korkenzieher ein zweites Mal gekauft, nachdem der erste kaputtgegangen war. Und siehe da, der neue Korkenzieher ist innerhalb eines Jahres an der gleichen Stelle defekt (Bruch des Plastikrings). Produkte von WMF sind offensichtlich nicht mehr das, was sie einmal waren. Besser nicht kaufen.",1
34750,"Totalschaden nach weniger Benutzung! Würde dieses Produkt Niemanden empfehlen, wer an seinen Daten hängt! Ich würde niemals mehr Western Digital kaufen!",1
29406,Viel zu Groß Viel zu Laut Das wird keine Katze interessant finden Absolut keine Kauf Empfehlung ! Lohnt sich nicht,1
24841,"Verkäufer liefert nicht, warte seit Wochen. Antwortet nicht auf Anfragen. Habe es 3 mal versucht und werde ignoriert. Auf keinen Fall aus China bestellen!",1
534,Lieferung nicht wie ausgemacht und angekündigt was soll das und zum Schluss heißt es kann nicht zugestellt werden echtes Armutszeugnis ein Kunde der wartet und dann diese Antwort da geh ich lieber ins Geschäft und kaufe dort ein,1
27202,"Ich war srhr entäuscht, habe einen ähnlichen Rucksack schon über 10 Jahre. Er ist ein wenig verschließen an den Gurten deswegen wollte ich einen neuen... Aber ich denke das mein jetziger Rucksack diesen überlebt hätte! Ganz schlechte Qualität made in Germany, schämt euch!",1
33058,"Schade ! Sehr schlecht...Glas klebt nur aussen und geht leicht ab, weil es am Rand von beiden Seiten ansteht",1
11507,"Dünnes Material, hielt nicht mal eine Saison.",1
26361,Die Messer sind scharf. Allerdings lässt die Qualität zu wünschen übrig. Nach nur 3 Monaten fingen die Messer an zu rosten.,1
22945,Totaler schrott. Viel zu leise und nicht gut zu bedienen. Ich bin sehr unzufrieden und habe ihn zurück geschickt. Schrott .,1
25932,NIE gekommen...NIE zurück mein Geld bekommt,1
21176,Eigentlich ist dieses Produkt nur ein großer Luftballon und ist absolut nicht für das Beschriebene geeignet.,1
24223,"Das Paket erreichte meinen Briefkasten noch, jedoch geöffnet und leer. Überall geschaut, aber auf dem Boden vor dem Haus lag die Tube nicht, dementsprechend hat der Zusteller einfach eine leere Tüte zugestellt 👍🏻 Liegt hoffentlich nur an dem stressigen Weihnachtsgeschäft, schade, bei den positiven Kritiken hier ist man natürlich umso mehr enttäuscht. Daher nur ein Stern.",1
18125,Leider ist einer der Haken zur Befestigung am Gepäckträger nach weniger als 10 Benutzungen abgebrochen. Sehr enttäuschend.,1
4113,"Von dieser Brat-Pinzette kann ich nur abraten. Obwohl sie pfleglich behandelt und nur selten benutzt wurde, ist sie nun in 2 Teile zerbrochen.",1
6531,"Anfangs war ich von dieser Video-Türklingel begeistert. Leider löst sich das Gehäuse in seine Bestandteile auf. Die Gummierung ist nach 6 Monaten rundum ekelhaft klebrig. Ich hatte diese Türklingel für eine ältere Person gekauft, damit sie sehen kann wer vor der Tür steht. Leider funktioniert die Software nicht mehr korrekt und es ist auch nicht möglich das Gerät auf Werkseinstellungen zurück zu setzen. Schade!",1
2115,Trotz E-Mail wurde falsche Krone geschickt. Zweimalige Anfrage beim Händler blieb unbeantwortet. Schlechter Kundenservice.,1
10679,Kostüm war unvollständig .Würde zurück geschickt .:-(,1
19864,Dieses Set ist das Porto nicht wert. Spitzen brechen sofort ab und die Hefte halten nicht. Eine Frechheit so etwas anzubieten. Selbst für den Preis sollte etwas mehr gehen.,1
6829,Der Hut kam schon kaputt an die Kleidung ist zu klein,1
19566,"Der Artikel wurde bereits das zweite Mal bestellt. Beide Male löste sich an der gleichen Stelle ein Halteband an einem der Handschoner, obwohl ein Sturz nicht die Ursache war. Diese Verarbeitung ist absolut inakzeptabel und stellt für die Kinder ein erhebliches Sicherheitsrisiko dar.",1
10681,Da ich seit über 2 Wochen darauf warte das es bei mir ankommt und ich nur blöde Antworten vom Verkäufer bekomme würde ich am liebsten -5 Sterne geben !!!,1
26569,"Unsere Lichterkette wurde 2014 gekauft und immer sehr sorgfältig behandelt und verstaut. Heute wollten wir den Baum schmücken und sie geht nicht mehr an, obwohl alle Kerzen intakt sind. Keine gute Qualität mehr, würde ich sagen. Schade!",1
25476,"Das Angebot klang gut, auf Empfehlung von außen wurde genau dieses Gerät ausgewählt. Eindruck höchst wertig, schwer im Gewicht, so dass erfolgreiches Entsaften zu erwarten war. Leider lief das Gerät dann nur genau 2 Sekunden, um dann grundsätzlich zu streiken. Schade, dass nirgends ein Hinweis auf Service zu finden war (vielleicht war ich auch zu dumm diesen zu finden). Der Ausbau des Siebes (zum Zwecke der Reinigung, man möchte ja kein schmutziges, gebrauchtes Teil zurück schicken) ließ sich dann nur unter der Gefahr von Schnittverletzung bewerkstelligen. So wurde das Gerät zurückgesandt - Dank an Amazon, dass das so reibungslos läuft - und ein Gerät einer anderen Marke gekauft. Für mich leider keine Kaufempfehlung.",1
26436,Ich sitze gerade in einer Lodge im Krüger NP in Südafrika und kann meine Kamera nicht laden weil der Adapter nicht für die Steckdose passt.,1
1293,stimmt nichts von ist ein scheiß artikel,1
1085,"Also ich war echt enttäuscht..die Hose war nach einer Stunde total geweitet und formlos, somit also nutzlos und ist zurück gegangen. Mein Geld hab ich nach über 2 Wochen noch immer nicht zurück was mich ziemlich sauer macht!!!!",1
15650,"Ich wusste das diese Geldbörse etwas größer ausfällt, was man ja an den Maßen in der Beschreibung auch entnehmen kann. Amazon hat auch wie gewohnt blitzschnell innerhalb von 24 Std. geliefert, umso größer war die Freude beim auspacken. Dann kam der Schock, die Kartenfächer sind alle durchweg schief eingenäht, beim nachmessen hat sich bestätigt das die Kartenfächer eine Differenz von 1cm auf die Länge von links nach rechts aufweisen. Wenn dann die Karten ihren Platz in den Fächern finden, sieht das ganze noch schrecklicher und auffälliger aus. Das bin ich von diesem Hersteller leider nicht gewohnt. Diese Geldbörse ging heute leider zurück und ich bin weiter auf der Suche nach einer mit Reißverschluss.",1
21906,"Das Glas lässt sich einfach anbringen und sieht gut aus. Aber leider funktioniert der Fingerabdruck sensor nicht mehr, somit also unbrauchbar und geht zurück",1
33815,"Die seitlichen Arretierungen des Filters sind zu kurz. Damit wird der Filter nur durch den Deckel des Staubsaugers gehalten. Die Frage ist, was da ggf. an Staub vorbeigeht... Schüttelt man den Filter, hört man den Inhalt (Aktivkohle?) rascheln. Das ist beim Originalfilter nicht der Fall...",1
26260,"Drücken lässt sich das Filament gut, doch was bringt es wenn auf der Rolle Knoten sind und der Druck abbricht. Hatte einen 14 Stunden Druckauftrag, lief alles, bin ins Bett gegangen und als ich morgens schaue, ist auf der Rolle ein dicker Knoten und das Filament am Extruder durchgescheuert. So kann ich dieses Filament nicht empfehlen.",1
1155,Der Artikel war defekt! Und unglaublich schlecht verarbeitet.,1
27001,"ich bin als ""Frau"" schon sehr praktisch veranlagt, aber dieses Uhrmacherwerkzeug für das Auswechseln des Uhrenarmbandes braucht man nicht nur Geschick, sondern auch eine Portion Geduld. Vielleicht können andere mit diesem Werkzeug besser umgehen, Ich nicht. Kann ich nicht weiter empfehlen",1
27435,Leider verfärbt der Piercing sich nach der 2. Dusche . Er ist nicht mehr Silber sondern komplett Kupfer rostig ... Würde ich nicht empfehlen,1
7787,Alle bestellten Lampen waren Defekt. Habe aber alles Rückerstattet bekommen.,1
11000,Leider nur OEM Parts und leider keine Original Samsung Platine - dafür ist mir der Preis viel zu hoch !,1
2554,"tolles Produkt, jedoch nicht die bestellte Nr. 21 Nude Beige erhalten. Gesendet wurde einfach Nr. 48. Wer sich den Ärger ersparen möchte, sollte dieses Produkt nicht bei der Firma bestellen.",1
7043,"Ich habe diese Socken NEU und UNGEWASCHEN mit in den Urlaub genommen, während des 1. Tragens hatten 80% der Socken bereits ein Loch",1
2163,Gekauft am 19.02.18 aber nicht erhalten! Könnte der Verkäufer nicht finden. Will mein Geld und oder das Produkt haben. Wo kann ich der Verkäufer finden?,1
33078,Nicht zu empfehlen. Die lösen nicht aus bei einer normalen Maus. Sie sind ständig nur leer gefressen. Damit kann man Mäuse nur füttern und nicht fangen.,1
19882,"Keine 4 Wochen hat der Türkantenschutz gehalten. Die Ecken standen schon nach knapp einer Woche ab, mittlerweile sind zwei sogar komplett abgefallen.",1
8958,Ich habe den Artikel noch gar nicht erhalten.,1
15272,Das Produkt passt gar nicht für das Handy da kommen knack Geräusche wenn man die Folie drauf macht ich empfehle es nicht,1
27777,"Ich hatte das Produkt bestellt und bezahlt. Geliefert wurde es nie. Angeblich wurde es zurückgesendet. Man hat mir dann Nachlieferung versprochen, auch diese ist niemals angekommen. Man kann auch niemanden erreichen. Weder per Telefon noch per E-Mail. Antwort? Fehlanzeige. Das war es mit Amazon! Marcel Schwab",1
11132,Artikel am 02.12.2018 immer noch nicht erhalten. Es handelt sich um Adventskalender. Die Lieferung sollte zwischen 28.11 u 01.12. stattfinden. Adventskalender nach dem 01.12. machen keinen Sinn. Brauche die Artikel nicht mehr.,1
6281,Der Body hat leider einen Produktfehler.,1
27390,Der M4 Gewindebohrer ist nach der dritten Anwendung auf vorgebohrte Löcher abgebrochen. Absolut keine Weiterempfehlung für diesen Gewindebohrer.,1
5257,Fällt viel zu klein aus.,1
32304,Ansich eine tolle Kamara. Gute Aufnahmen auch bei wenig Licht. Leider nach 2 Jahren und 5 Monaten defekt und die Reparatur ist nicht viel günstiger als ein Neukauf...,1
35755,"Bei der Bestellung der Gartenmöbel haben wir schon gewusst, auf was wir uns einlassen bzgl. des Aufbaus. Dieser soll laut Bewertungen anderer Käufer ja nicht so einfach sein. Aber dass der Aufbau so an den Nerven zehrt hätten wir nicht gedacht. Es ist katastrophal! Wirklich alles krumm und schief. Sogar die Tischbeine mussten wir zum Schluss noch mit Gewalt gerade biegen. Außerdem wurde ein Stuhl defekt geliefert, am Bein ist unten das Plastik abgebrochen. Es ist uns schon klar, dass man für diesen Preis nichts Hochwertiges erwarten kann. Aber diese Sitzgruppe ist eigentlich nur produzierter Müll. Zum Anschauen vielleicht noch gut geeignet. Aber allzu viel kann man auf die Tischplatte nicht stellen, denn dann biegt sie sich durch. Der Neigungswinkel der Rückenlehnen ist absolut zu steil. Es ist total ungemütlich, lange kann man nicht sitzen. Die Sitzgruppe ist nun aber mit viel Mühe aufgebaut und wir werden sie wohl diese Saison nutzen. Aber wir würden jedem davon abraten sie zu kaufen. Auch wenn der Preis noch so verlockend erscheint.",1
15679,"Funktioniert schlichtweg nicht. Verbindung bricht ab, so ist es natürlich vollkommen uninteressant.",1
10284,Die sind nach 15 Tagen kaputt gegangen.,1
151975,Sehr gute Verarbeitung.,4
144997,"Haben die Türstopper seit Mai 2017. Material hält super. Da sie bei uns verwendet werden um nicht mit der Tür an die Wand zu schlagen, erfüllen sie super ihren Zweck. Bin sehr zufrieden.",4
129442,alles wie beschrieben also gut schnelle Lieferung gute Qualität nur lästig wenn man vorgeschrieben bekommt wie viele Wörter man schreiben muß,4
157208,von der Funktion gut tut was er soll benutze ihn zur Herstellung von den shakes von layenberger fit +feelgood klappt perfekt aber 1 Stern Abzug weil nach dem 6ten Shake wo ich gemixt habe das Plastik vom Mixer schon verkratzt ist obwohl ich zum säubern nur klares wasser und ein baumwolltuch verwende,4
122724,"Dekoratives Thermometer. Schöne große Zahlen. Gut lesbar. Leider keine Funkuhr, Uhrzeit muss manuell gestellt werden.",4
120957,"Praktisch und süße Farbe, kam mit Kabel und Tasche an lädt super geht aber schnell kapput (ist zwei mal hingefallen)also 4 Sterne 😉😊",4
156140,"Die Presse hat eine gute Qualität und wird lange halten. Mir ist sie für Kartoffelbrei ( nur dafür habe ich sie bestellt ) allerdings viel zu klein. Ich behalte sie, weil ich zu lange gewartet habe, und eine Rücksendung nicht mehr möglich ist.",4
142884,"Isoliert die Kälte vom Boden bei ca 16°C gut ab. Es fühlt sich zwar nicht an als würde man sehr weich liegen, aber ich hatte keine Rückenschmerzen, Zerrungen oder dergleichen nach ein paar Nächte auf dieser Matte. Ein Stern abzug aufgrund des hohen Preises.",4
153555,"Ich habe die Extensions für Karneval gekauft und war total begeistert, als sie ankamen. Zum einen passt die Haarfarbe wirklich komplett zu meinen Haaren, zum anderen fühlen sie sich hochwertig und echt an. Einen Punkt Abzug, weil es auf jeder Seite nur ein kleines Klämmerchen gibt (eher wie ein kleiner Steck-Kamm), daher muss man die Haare auf Grund des Gewichts auf jeden Fall noch zusätzlich befestigen.",4
121493,Allo OK. Die Keramik Versiegelung ist angekommen.,4
129694,Wirklich schön aufgemacht. Leider fehlen hier und da Tage. UPS....,4
155657,"Verstärkt Stimme zuverlässig, Klang leicht blechern. Für Führungen gut geeignet. Man sollte jedoch kein Handy bei sich tragen (zu hörendes Störsignal) und nicht allzu viel am Kabel spielen während der Nutzung (zT Übersteuern). Dann funktioniert es super.",4
130384,"Sehr Freundliches Personal. Probleme konnten gelöst werden!!! Schade, dass er kaputt geliefert wurde. Die Beschreibung zum Aufbau war nicht ganz einfach. Trotzdem ein sehr schöner Stall. Verkäufer hat mich kontaktiert und es wurde eine Lösung gefunden.",4
137590,"Schnelle Lieferung, wie gewohnt. Schnelle und einfache Montage der Pedale. Kein Wackeln, bisher ruhiger Lauf. Bisher sehr zufrieden mit den Pedalen.",4
155178,"Die Gefäße sind dicht und lassen sich einfach schließen. Jedoch soll man nach gebrauch die gummidichtungsringe wechseln, diese kann man aber gefühlt nirgens kaufen. Es wäre schön,wenn die Firma auch die gummidichtungsringe einzelnd verkauft. Trotzdem würde ich diese Gefäße wieder kaufen ubd sie auch weitet empfehlen.",4
159751,Sehr stabil und flexibel anpassbar. Montage aber eher etwas fummelig.,4
139852,"Hab diese Maus für meine Mutter bestellt, die damit nur Solitaire mit dem Laptop spielt . Sie sagt das die Maus super leicht zu händeln ist ,sich leicht bewegen lässt und ja! die Installation/Inbetriebnahme war kinderleicht USB Teil eingesteckt und los gehts!!!!",4
121449,Ich habe mir mehr Schutz vorm Wassereindringen vorgestellt,4
144257,"Ich finde sie sehr gut, Weichheit ist nicht zu 100% erwünscht, da sie ja gut reinigen sollen. Ich bin sehr zufrieden",4
131530,"enthält reichlich Zucker, allerdings muß das so sein. Gutes Preis/Leistungsverhältnis, Produkt wie versprochen",4
143929,cooler Beutel - meine Mädels lieben ihn! :),4
138328,"Preis und Leistung, gut",4
136007,"Nach ziemlich langer Lieferzeit haben wir den Pavillion erhalten. Leider wurde dieser mit DPD Versandt daher musste man erstmal in der gesamten Stadt nachfragen ob sein Paket da ist (Sendungsnummer erst auf Anfrage spät erhalten). Aber dennoch hat der Pavillion auf dem Festival einen super Dienst erwiesen. Nach einem Festival ist er auch hin, durch starken Regen und Wind sind die Stäbe gebogen. Aber für ein Festival- Wochenende würde ich ihn definitiv nochmal holen",4
147242,Leider nicht ansatzweise die Höhe die angegeben wurde. Und das obwohl das Solarfeld einwandfrei der Sonne angepasst ist. Ansonsten aber schick anzusehen :),4
133417,"Super Kissen, nach der Nacht kommt es sofort wieder in Form, man liegt wirklich bequem drauf!!! Waschen, man nimmt die Füllung raus und gut",4
139979,Im großen und ganzen bin ich zufrieden. Nur riecht die Mappe etwas streng was sich mit der zeit bestimmt gibt(deshalb nur vier Sterne ). Hatte auch keine großen Erwartungen an den stiften umso überraschter war ich das sie echt gut sind.,4
122771,"Für diesen Preis ein guter Schrank. Keine Probleme mit dem Einstellen der Türen. Lediglich die Flucht Schublade/rechte Tür unter Schublade ist nicht exakt (ca. 1-2 mm). Daher optisch nicht einwandfrei. Auch war hinten rechts eine kleine Beschädigung, die man aber nur sieht, wenn man es weiß. Schnell aufgebaut, auch ohne Hilfe.",4
126122,"...und mild wie eigentlich alle diese Whiskys, die mit charcoal chill filtering produziert werden.",4
158089,Sehr schönes Produkt. Zeigt alles Fahrzeugdaten auf das Smartphone an. Funktioniert einwandfrei. Die Bluetooth Verbindung ist super. Im Großen und Ganzen kam man nix falsches machen bei dem Preis.,4
137359,Ich habe mir die Auflage für einen Holzmann Rangierwagenheber als größeren Teller geholt. Sie passt perfekt jedoch hat die Gummiauflage eine eingearbeitete Stahlplatte die sich nach dem Wechsel von 4 Reifen ein wenig verformt hat. Da es aber 3 Einkerbungen gibt drehte ich bei den nächsten Einsätzen die Auflage sodas die Verformung nicht stärker wird und rundum wandert. 1-2 Jahre wird das Ding schon halten schätze ich und das ist es mir wert.,4
120219,"Die Löffel sind bis auf einen leichten Grat sehr gut. Der Grat ist zwar nicht gefährlich, aber dennoch leicht vorhanden. Dieses Problem ist allerdings sehr häufig bei Besteck zu finden und wird unterschiedlich stark wahrgenommen.",4
136912,"Toller Artikel für wenig Geld. Einfache Umprogrammierung der Schaltfunktion möglich. Leider nur ein internes 10A Relais verbaut, allerdings mit Überlastschutz.",4
158848,Gibt's auch billiger.,4
158151,"Bereits das erste Kapitel / der erste Gedanke hat mich zum Nachdenken angeregt und mich zum weiterlesen motiviert. Es geht um die Zeit, die wir mit Dingen verbringen,die uns keinen Spass machen, wir unseren alltag Leben, ohne nachzudenken, was wirklich wichtig ist. Durch die einzelnen kurzen Kapitel ist das Buch leicht und schnell zu lesen. Die meisten Guten Ratschläge und Sprüche/ Lebensweisheiten sind nicht neu- werden hier aber genauer beleuchtet und regen zum überdenken der eigenen Lebens und Denkweise an. Auf jeden Fall lesenswert, wenn man sich und seine Gedanken positiv verändern möchte",4
139445,"ich bin mit dem Öl sehr zufrieden. Es läßt sich einfach auftragen und das Holz wirkt toll danach. Ein Punkt weniger, weil sich der Verschluss nicht öffnen ließ. Ich bin schon mit der Rohrzange daran gegangen, musste aber abbrechen weil sonst das weiche Plastik wohl gerissen wäre. So helfen nun zwei gebohrte Löcher zum Ausschenken.",4
133103,Ein sehr gutes Produkt. Hält was es verspricht. Beim auspolieren muss man sich etwas Mühe geben aber die Versiegelung hält auch gut zwischen 6 - 12 Monate.,4
155404,"Nun als er ankam war ich begeistert, leider hat sich das ganz schnell gelegt. Beim zusammensetzen gab es Probleme, nichts passte so richtig ineinander. Ich hatte eigentlich was besseres für den Preis erwartet. Ich hätte ihn nicht behalten, aber ich brauchte von heute auf morgen sofort eine Box und deshalb blieb mir nichts übrig als sie zu behalten. Ich habe sie einmal benutzt und dabei wird es auch bleiben, sie fühlt sich nicht sicher an. Leider",4
142642,Sehr gut-in kurzer Zeit sind die Fugen wieder in Top-Zustand!!!,4
154649,"Es ist schon einige Monate her, dass ich das Kissen bestellt habe.Bis jetzt bin ich sehr zufrieden damit, da es gemütlich ist und ich sehr gut damit schlafe... jedoch musste ich es schon 4x nähen, da es an den Seiten aufgerissen ist... von daher möchte ich einen Punkt abziehen für die Qualität. Trotzdem würde ich es immer wieder kaufen... schön ist auch, dass man den Bezug waschen kann.",4
124551,"Die Kopfhörer waren so wie ich es erwartet hatte. Die Lieferung war schnell und fristgerecht, das einzige negativ es sind zwei verschiedene Lieferanten gewesen.",4
156042,Habe dieses Produkt als Geburtstagsgeschenk für meinen Partner gekauft. Kam super an und sieht sehr edel aus. Preis/Leistung ist top!,4
126523,Lupine ist basisch und für die Eiweißversorgung optimal. Gibt jedoch auch günstigere Hersteller.,4
139156,Wirklich angenehm und stabil. Er hat tatsächlich bis fast 120 Kg mehrfach getragen und alles ging super. Ich werde ihn weiter empfehlen,4
136566,Klare Kaufempfehlung,4
156160,"Ist meine erste Munddusche, man muss sich erst dran gewöhnen, aber dann ist es wirklich super.",4
124133,Der Versand ging wie immer schnell und die Anhänger sind sehr schön. Die Kette an sich ist eine Geschmackssache. ich habe sie behalten und meinen Partner zu Weihnachten geschenkt... er hat sich drüber gefreut.,4
122539,"Leichtes anbringen. Sehr gut verpackt. Es entstanden überhaupt keine Blasen. Stern Abzug weil seitlich (rechts und links) ca. 0,3cm nicht das Display abdecken.",4
150888,"Für den Preis kann man nicht meckern. Viel Stauraum und superschick. Einziges Manko: Die Reißverschlüsse öffnen sich in der Mitte einfach so. Man muss sie wieder aufmachen und zuziehen, dann geht es wieder für eine Weile. Trotzdem, ich würde sie wieder kaufen.",4
153535,Sehr zufrieden mit Lieferung und Artikel.,4
122050,Empfang ist bei mir nicht optimal. Sonst alles okay!,4
159778,"Der Gürtel passed und wirkt wertig. Über die Haltbarkeit und Gewichtsreduzierung kann ich momentan noch nichts sagen. Trage Ihn jetzt immer beim Sport und ja, er erhöht das Schwitzen. Mir ist aber bewußt, dass man ohne Anstregung keine Pfunde verliert. Schauen wir mal...",4
134755,Sieht sehr schlicht aus und funktioniert. Bisschen klein aber für den Preis absolut in Ordnung.,4
143996,"Hallo Habe den Controller gebraucht gekauft , sah aber aus wie neu. Dieser liegt gut in der Hand und lässt sich alles gut spielen.",4
157791,Läst sich schnell verarbeiten,4
157808,"Habe ich als Sicherheit zu meinem Fahrrad Dachträger gekauft, erfüllen ihren Zweck sehr gut!",4
159794,"Was soll den das ? War die Frage meiner Lebensgefährtin. Später dann, WOW Geile Sache 😅 ist zwar etwas eng aber das schadet ja nicht",4
122365,Gute Funktion wie beschrieben. Die Optik ist auch OK.Sehr schnelle Lieferung.,4
148204,"Wie schon erwähnt sehr guter Strahler! Leider zu teuer bezahlt, der Preis schwankt zwischen 169€ und 99€, deshalb Stern abzug!",4
152058,Die Lieferung war schnell. Leider fehlen Teile in meinem Werkzeugkoffer. Das ist sehr schade. Vielleicht werden diese mir noch Nachgeliefert . Es fehlen die Bitz und die Schachtel mit den Dübeln und Schrauben ist kaputt.,4
134886,die Träger halten (noch?) meine schweren Jeans. Erst einmal in 2 Monaten hat sich eine Klemme gelöst. Da hatte ich schon viel schlechtere Hosenträger.,4
127278,"Der Artikel benötigte etwas länger zum Einbau als angenommen, man musste sich etwas Zeit lassen. Nachher im Helm mal eingebaut und gewusst wie zu nutzen > funktioniert tiptop! Jederzeit zu empfehlen.",4
148507,Meine Tochter benutzt den Rucksack für die Schule. Sie ist sehr zufrieden.,4
139702,"Top, besser als erwartet. Natürlich darf man bei diesem Preis nicht die beste Qualität erwarten.",4
128766,"Optisch sehr schöne Zahndose für Mädchen. Leider ist der Deckel sehr lose, quasi nur aufgelegt. Aber zum Hinstellen und nicht durch die Gegend tragen ist es ok",4
115248,".. wie der Titel schon sagt - der Inhalt war total in Ordnung, aber die Packung total kaputt und unansehnlich! Deshalb 2 Sterne Abzug! (Ja, ich bin pingelig bei sowas!)",3
104630,"Klang ist spitze!!! Aber leider stört das Rauschen des noise cancelling. Mein größtes Problem war die elektromagnetische Spannung. Und dieser Druck. Das wurde bei längerem Tragen leider nicht besser. Schade, denn der Klang und die technischen Spielereien mit der app sind außergewöhnlich gut!!",3
110316,"Das Produkt ist gut aber ich kann nicht so gut mit die Kontrolle spielen, deshalb ich das zurück geschickt habe",3
97860,"Erfüllt seinen Zweck (Reinigung von kleineren Elektrogeräten bzw. deren mit dem Tuch unzugänglichen Stellen), allerdings löst sich die vordere Röhre bei zu hohem Druck. Auch lässt sie sich mit Klebestreifen nur umständlich fixieren",3
109746,"Viel zu eintönig. Fast alles war mit Nougat und wenn man vom Originalpreis ausgeht natürlich viel zu teuer, aber das sind fast alle Adventskalender.",3
107813,Billige Verarbeitung. War nach 2 Tagen kaputt,3
91757,"Leider stinkt das Täschchen heftig beißend.. Die nieten sind aus Plastik, das Emblem in der Mitte scheint aus Blech zu sein, es ist glänzend und wirkt dadurch zusätzlich günstig.",3
117219,"Sitzt sehr stramm, dadurch eher unangenehm. Hält die Haare aber perfekt trocken.",3
85356,"es ist schwer, sich notizen auf dem Block zu machen, da dieser schnell einklappt, und man bei einmaliger Nutzung den Block nicht mehr nutzen kann, deshalb nur drei Sterne, an sich aber ganz lustige Idee.",3
95722,"Die Ohropax sind wirklich sehr weich, aber sie passen einfach nicht. Trotz Befolgen der Anleitung rutschen sie immer wieder raus und tun daher auch nicht das was sie sollen: Stille erzeugen. Schade. Ich werde nun die für Kinder testen.",3
88455,"Habe inzwischen 40 AAA- Batterien gekauft, nur die Kerzen sind nicht die, welche ich ursprünglich wollte. es wurde extra- mini -geschrieben und als ich die Batterien einsetzen wollte, waren sie leider zu klein. Da ich weiß, das es zwei Größen gibt bin ich schon endtäuscht, da ich immer einen kleinen Tannenbaum habe.",3
82238,"Das Armband psst optisch sehr gut zum Fitbit Charge 2 und ist sehr angenehm im Tragekomfort. Im Gegensatz zum serienmäßigen Armand schwitzt man deutlich weniger, was bei sportlicher Aktivität nicht unwichtig ist. Leider ist das Magnetarmband nicht in der Lage, den Tracker ausreichend stramm am Handgelenk zu fixieren, so dass die Messwerte (Pulsschlag) deutlich beeinflusst werden.",3
101885,"Sehr gutes vernebeln der Flüssigkeit. Leider wird in der Produkbeschreibung nicht darauf hingewiesen, dass es sich bei der Maske um eine Kindermaske handelt. Schlauch und Vernebeler sind aber universell und passt auf die vorhandenen gängigen Geräte.",3
97292,"Ein sehr gutes Sommerkleid, leider gehen bei mir die Nähte an der Seite vom oberen Teil auf, (reißen etwas ein und ergibt Löcher) ich bestelle es mir nochmal und hoffe das es da besser ist.",3
83966,Funktioniert leider nicht so wie gehofft. Es muss viel Kraft angewendet werden und das Ergebnis ist gerade mal befriedigend. Sehr schade,3
90234,genau das richtige für den Winter,3
112986,"der Stoff ist zu dünn. Die nähte halten nicht, gehen auf. Die Finger sind zu kurz, bei Finger Arthrose. Werde sie nicht mehr kaufen",3
83687,"Grundsätzlich gute Strümpfe. Für die Person jedoch zu klein, da geschwollene Füße. Ich würde sagen ansonsten normale Passform.",3
80358,"Mit diesen Patronen hatte ich leider Pech, sie funktionierten nicht alle bei meinem Drucker, auch nach mehreren Wechsel nicht, leider.",3
102300,Richt und wirkt anders als aus der Drogerie.,3
102523,Hilft nicht wirklich bei rotem klee,3
86662,Ist ok denke mal wenn jemand damit richtig umgehen kann klappt das besser bei mir nicht. Wobei man damit nur kleine kuchenböden schneiden kann,3
104263,Schon nach kurzer Zeit am Ablösen,3
113634,"Da unser alter Britafilter brach, bestellte ich sofort einen neuen. Im Grunde ist er wie das voherige Modell, welches wir hatten. Was mir jedoch schon mehrmals passierte und mich stets ärgert, ist dass die weiße Abdeckung/der Deckel z.B. beim Befüllen einer Flasche wegrutscht (obwohl es richtig verschlossen war) und die Küche unter Wasser setzt. Außerdem funktionierte die Anzeige nicht gerade lange.",3
113361,"Nach 5-monatiger Nutzung- Die positiven Eigenschaften hebt ja schon der Hersteller hervor. Ich zähle mal die Mankos auf: Die Reibetrommel ist nicht durchgängig als Reibe abgelegt. Das ergibt eine sehr hakelige Kurbel- bzw. Drehbewegung. Das fühlt sich einfach unbeholfen an. Der Verschluss zum Entnehmen der Reibetrommel ist so glatt und mitunter sehr rutschig, dass man viel Kraft benötigt um ihn zu öffnen. Für eine gute Reinigung ist das aber zwingend erforderlich. Wer mit diesen Minuspunkten leben kann, sollte die Reibe mal ausprobieren.",3
107010,An sich eine tolle Hülle. Leider passt die Aussparung für das Ladekabel nicht ganz. Man muss leider die Hülle zum laden abnehmen.,3
92534,"Mir hat es leider überhaupt nicht geschmeckt und es kam eigentlich gleich wieder hoch. Es scheint aber anderen zu schmecken, Geschmäcker sind bekanntlich verschieden.",3
109393,"Schade, dass die Ösen der Warntafel schon nach einer Regenfahrt zu rosten beginnen. Ansonsten hätte das Produkt 4-5 Sterne verdient. Vor allem, weil es deutlich günstiger ist als im Fachhandel.",3
104505,Ich kann es noch nicht beurteilen. Der erste Eindruck ist in Ordnung. Werde sehen ob es schnell Verkalkung. Ist erst ein paar Wochen montiert,3
89520,"Das Produkt erfüllt zwar seinen Zweck und sieht dabei noch recht gut aus, allerdings sind die Hüllen zum Einen recht dick, zum Anderen durch den nach innen gefaltenen Kartong so eng, das man beim Einschieben der Karte regelmäßig hängen bleibt/anstößt. Man muss dann mit sanfter Gewalt nachhelfen, was vermutlich auf Dauer dazu führt, dass die Hülle beschädigt wird wenn man die Karte öfter benutz.",3
111425,Riecht gut fällt aber sehr leicht ab und war deswegen nicht sehr hilfreich.,3
109514,"Gut, allerdings zu kurz.",3
107965,Ja nur für schmerzfrei Menschen. Anwendung ziemlich aufwendig. Ergebnis nicht sehr befriedigend.,3
86307,"Die Armatur ist schnell geliefert worden. Sie macht einen wertigen Eindruck und funktioniert einwandfrei. Wie schon in einer der Bewertungen geschrieben ist es wirklich schwierig die Armatur mit dem Gewindeteil unterhalb des Waschbeckens so zu befestigen, dass sie nicht mehr wackelt. Mit den üblichen Werkzeugen ist das nicht möglich. Ich habe das Gewindestück mit der Hand (Handschuhe) so fest gezogen wie es ging. Mit der Festigkeit kann man leben, ist aber nichg perfekt. Also für die Armatur 4 Sterne, für die Art der Befestigung max. 2 Sterne. An der Armatur und auch in der Montageanleitung ist kein Hinweis darauf, wo jeweils der Flexschlauch für warm und kalt befestigt wird.",3
80472,"Mein grosser (5) ist begeistert, für meine kleine (2) ist die Sitzposition nicht angenehm.",3
119376,Für den Preis ganz ok. Allerdings keine lange Lebensdauer,3
116281,"Für den Preis ganz ok. Hält Staub, Schmutz und Sonne ab, ist jedoch nicht zu 100% Wasserdicht (nach dem Regen ist die Plane innen nass).",3
90305,"Die länge der Kabel reicht fast für zwei Motor längen. Wer hat da wohl Maß genommen . Wenn schon alle Daten verlangt werden, sollte Man sich auch mal den Motorraum ansehen. Mit besten Grüßen Karl",3
93048,"Das Produkt selber ist einwandfrei, jedoch wurde für eine Schachtel von ca. 10 cm ein viel zu großer Karton verwendet, welcher dann mit Luftpolsterfolie ausgestopft war. die Schachtel hätte auch problemlos in einen Umschlag oder ein viel kleineres Päckchen gepasst.",3
105756,"Die 3 Sterne beziehen sich natürlich auf das Verhältniss zu dem Preis, sonst wars nicht ganz so gut ausgefallen ;) Aber mit samt dem ganzen Zubehär wirklich günstig. hab mir zwar danach noch ein besseres Mic gekauft, aber den Ständer benutze ich weiterhin :)",3
106176,Einmal genutzt und anschließend kaputt gegangen. Das Metal an der Armlehne ist nicht sehr robust.,3
100698,"Qualität und Lieferung gut. Schwarz ist das Armband allerdings nicht, siehe Foto.",3
80447,"Ich habe diese Lichter im Badezimmer angebracht, damit man in der Badewanne bei gedämpften Licht entspannen kann. An und für sich sind die Lampen dafür auch sehr gut geeignet, aber der Batterieverbrauch ist doch recht hoch. Da sie aber nicht so häufig angeschaltet werden, ist das in Ordnung.Der Batteriewechsel ist schnell gemacht - kein großes Gefummel. Mir gefällt besonders die Magnethalterung, aber man muß die Oberfläche mit Bedacht wählen, das magnetische Klebepad hält auf manchen Oberflächen nicht so gut. Die Lampen sind schön flexibel und dezent, aber sie leuchten nicht besonders hell.",3
86713,"Mir schmeckt er nicht besser als andere Kaffee's aus dem Discounter, aber wie immer ist dies Geschmackssache. Der Rest läuft Amazon-Typisch perfekt.",3
109051,"sieht chic aus, leider kühlt der Weinkühler nicht, bzw. hält er den Wein nicht kühl. Mit dieser Funktion bin ich nicht zufrieden.",3
81257,"Die Kombidüse wäre perfekt, wenn sich das Gelenk vom Anschluß an das Saugrohr um 90° bewegen würde und nicht nur um ca. 45°. Wenn man nahe vor seinen Füßen saugen muss - weil der Platz fehlt - fehlt der Düse hinten der direkte Bodenkontakt. Was man dann auch an der Saugleistung merkt, was verständlich ist. Schade - deshalb leider nur 3 Sterne Zur Robustheit kann ich noch keine Angabe machen - das Teil ist erst seit kurzem in Betrieb.",3
81949,"5 Stück im November letzten Jahres bestellt ! Jetzt ist eine davon zerbrochen. Hoffentlich nur ne Ausnahme , Materialfehler kann ja immer mal sein. Vielleicht 3 x benutzt in dem Zeitraum. Ist mir noch nie mit irgend einer anderen Zwinge passiert und ich hatte schon einige in den Händen gehabt. UND bei Bergland-Handels-GmbH gekauft und Service / Kundenfreundlichkeit wird da klein geschrieben ! Erste Antwort von denen : Umtausch Zeitraum ist abgelaufen ! Ist wohl ein Witz ! Wollte einfach nur die kaputte getauscht bekommen, aber nein , jetzt haben sie das Geld gut geschrieben und ich muss wieder neu bestellen und wieder Versandgebühren bezahlen. NICHT zu empfehlen !",3
118619,Es ist zwar sehr günstig aber dafür kommen mit der Zeit viele Fehler und macken zum vorschein. Manche apps fangen an zu hängen Die Akku Laufzeit ist normal wie bei jedem anderen Handy auch ( also nichts besonderes) und beim schreiben hängen die Buchstaben sodass man sich öfter mal verschreibt Deshalb nur lieb gemeinte 3 Sterne,3
115504,Die kleine bzw arm Sachen waren nach 3 Wochen kaputt :-(,3
113705,Also wie soll ich anfange sie ist in Ordnung aber bekommt schnell Risse und die Farbe geht halt weg aber sonst ist sie ok,3
110297,Schönes Design aber rauscht immer ein bisschen. Sound ok aber nicht überwältigend.,3
87882,Habe unseren Arzt gefragt wie gut das Stetoskop ist....leider viele Nebengeräusche zu hören.,3
102434,Qualität mittelmäßig,3
94299,"Von der Aufteilung her übersichtlich, aber die einzelnen Spalten könnten einen Tick breiter sein.",3
91202,Anhänger war nach 6 Tagen kaputt,3
80731,Gerät schaltet sehr spät ein. Nachts ist nichts zu sehen. Bildqualität ist OK. Ganz schlimm finde ich die Kosten von 10€ /Monat wennich weiterhin speichern will. Wusste ich vorher nicht. Für die Rückgabe leider zu spät!! Wahrscheinlich lief es deshalb die ersten 4Wochen gratis!!,3
101594,Nach mehrfachem Benutzen riecht er immer noch komisch neu.,3
101442,"Leider hat die Farbe nicht das ergeben, was auf dem Foto und der Beschreibung zu sehen war. Das Rose ist so voller Schimmer, dass der Lippenstift golden wirkt. Da passt nicht zu mir.",3
116271,"Leider nur ein Stromkabel dabei, sonst 5 sterne. Fax und Usb anschlußkabel für Pc muss man auch selber kaufen. Für so ein Gerät müsste es dabei sein!",3
104623,Sind zwar schön lassen sich aber nicht gut färben dafür das es echthaar sein soll ..,3
107018,"Und die sich immer weiter aufklärende Geschichte. Alles in allem solide gespielt und extrem heftig, die wenigen Kilos des darstellers. Ob das etwas gebracht hat, für mich unschlüssig. Am Ende des Films, kann oder versteht man gewisse Dinge besser und es erklären sich letzte Lücken. Jedoch kein Streifen der Begeisterung weckt und den man lange mit nimmt. Gesehen und fertig.. Für mich 3 solide Sterne.",3
97591,"Die Jacke sieht toll aus und passt sehr gut. Das Material fühlt sich sehr gut an und die Jacke ist bequem und auch warm. Wind hält sie super ab. Soweit alles gut. Im ersten Regen dann die Ernüchterung. Das Material saugt sich voll wie ein Schwamm und man ist in kürzester Zeit völlig durchnässt. Leider nicht wie ich erwartet hatte. Ich kann die Jacke nur anziehen, wenn ich davon ausgehen kann, dass es trocken bleibt. Schade.",3
106834,"Macht was es soll aber, die angegebene Quadratmeterzahl schafft dieses Gerät bestimmt nicht. Auch bei der Lautstärke könnte man noch was verbessern.",3
97371,Der Klang ist nicht so toll und die Sender sind nicht stabil.,3
