180481,Adds a lot of depth of flavor to poultry and fish,5
160748,Loved how. Many different patterns the lights have,5
169394,"Im sure there are great bags and storage cases online, but I found my way to this one and it suits my needs. Holds all the go pro equipment I use and seems to be made of very high quality.",5
199658,"I purchased this tracker due to my daughter being a new driver and concerns about her safety. It took seconds to install and I am not a tech wiz. I dowloaded the app to my phone and can also track using my laptop. Within minutes from installation, the tracker synced with the app and I was able to track her car. It allows me to see her speed, received notifications if there is sharp turning or braking, and also provides a history of where she has been. I can get exact coordinates of her location and times which has already come in handy in a big way. We received a call from the police department that there was an accident and the person who was driving hit another vehicle and drove away. The vehicle was similar to my daughter's and she was in the same town when the accident occurred! I was able to pull up the tracking history and see she was not in the same location where the accident occurred at that time through the tracker. Also, her vehicle did not show any damage thankfully. The tracker saved us a lot of hassle and concern. PS She is unaware the tracker is on her vehicle. If for some reason it is removed, we would be notified as well as the unit will send a message that it has been tampered with. Overall, very pleased with this product.",5
191343,"Debated on ordering these shoes for a while, but I am so glad I did. I wear a 7 1/2 ordered an 8 as advised and they fit perfect very comfortable right out of the box. Good purchase..",5
162265,Very satisfied with the paint pens. Came in a nice box and lots of colors to choose from. Ready to do some kindness rock painting.,5
167293,Solved my issue with continuous flats,5
171172,I never wanna take it off my girls. They looks super cute in it.,5
170538,Got these for my kid's phones for Christmas. They have held up great. They are not flimsy. They seem like they have great shock absorption and I like how well they grip in your hand. Great product for the price.,5
171346,I have had 3 kids and hysterectomy. I have been having issues lately. I have just started using. I hope they work. They are comfortable and easy to use. They clean easily. I worth the money . Remote is fun.,5
196593,Very nice design. You were also pretty easy to use,5
163933,I got the band for my wife she has a smaller wrist so I got the smaller size. It’s fits great and she loves it,5
161786,"This is an awesome uke stand! I teach public school and have to keep mine separate from the rest of the class, this holds it perfectly and it’s very sturdy. Don’t hesitate to purchase!",5
178838,These were great for mounting handguns and tools or anything else you want to hang up or conceal. Durable rubber coating prevents your items from being scratched. Works as advertised,5
180221,I bought this as a gift for my girlfriend and she loves it. It was a big update for her gaming rig and really improved her graphics! She said she noticed a big difference. It's been very reliable so far for many weeks of Skyrim (and other gaming).,5
195331,More in the head and less in the shower floor and drainage. I like that this product comes through for me. I have tried a couple other products before but I have never been this content with just a single one. I would absolutely recommend this.,5
8971,Never received these rugs. Emailed seller NEVER got a reponse.,1
21656,Glue is very weak. 1 day and the handles came off. Used my own double sided tape to keep them on,1
4496,Very thick and cumbersome. Not useful for clarinet players.,1
7184,For some reason my lights are two different colors and they won’t become a solid color ?? It’s aggravating me and I don’t know why it’s like this and I have no idea how to fix it. Not happy.,1
26186,"I wouldn't recommend it, bad quality.",1
31964,Did not fit in my pickup !!,1
12155,Product is good but company has bad customer service. Product didn’t fit my crib and they wouldn’t let me return the item because I waited too long to write them. I haven’t opened it and would like to return it but can’t.,1
6310,Popsocket doesn’t stick at all don’t have that much grip on the case if you put a popsocket or a screen protective on the back it won’t be on there fully,1
36816,hard to take my printer to the repair shop after using this replacement brand,1
22705,"I have ordered this product three times. The first time I got my product as ordered. The second and third time the shipper only sent one box even though they were supposed to send two. I can understand making the mistake once, but to do the same mistake twice is a pity and a shame. I would leave 5 stars for the actual boxes, and 0 stars for the person in shipping who needs reading glasses.",1
30399,The hair brush came with strands of hair in it already!!! Why would I pay for it brand new but get a used set.,1
9733,In December I purchased two LxTek five pack 952XL in anticipation of a planned distribution for a small nonprofit mission group that i work with. After some delay the printed project got underway. When printing began I discovered that only one out of the four 952XL black cartridge was functional. A 75% failure rate is much too high for any product. Unfortunately due to the delays in the project my time for recourse through Amazon Prime also passed. I love the idea of reused/re-manufactured cartridges but there should be some checks on re-usability before marketing.,1
16382,"Bought in October...Burned up in January. The blender worked great....until it didn't. It was used once a day from October to January. Each morning, I made a Rocket-Fuel Latte. No ice, no nuts, nothing dense. One morning, it began to make funny noises, the blender slowed down, and as I turned it off, it began to smoke and produce a very odd smell. Braun customer service seems to be set up to deny claims. I still don't have a new blender-- they only want to give me the bottom part, but the things that turn the blades are locked up, too. Still in limbo using a cheap blender from WalMart.",1
27295,Do not purchase does not stick to iwatch,1
37717,Never received the item not sure who is to blame USPS or Amazon 🤷🏻‍♀️ Short $60 and USPS doesn’t care where they dropped it off... waiting on amazon at this point.,1
7844,"The proportions are all wrong. I was hoping for a quality product, very disappointed. I will never waste my money to purchase this product again.",1
77027,"After researching all vanity tables, I decided to go with this one for its price and dimensions. It’s cute, and I would definitely give it 4-5 stars, but the smell is horrible! We assembled it 4 days ago, and the room still smells like toxic paint or something. The minute my boyfriend opened the box, my yes started tearing up. I really wish we hadn’t assembled it already.",2
58303,"Worked fine for a month and a half but no longer records activity even after a new battery. Apparently I can't return after 1.5 months either,",2
49399,"It stopped working, I always stored it in the winter and cleaned it regularly. Thought it would last longer than it did (only 2 years) buy something else.",2
58169,"This is usually my favorite brand! These are very cute and comfortable, but the first pair broke in a few hours of wearing them at work. (I have a desk job) I was sent a replacement pair, but I've been afraid to wear them, as I don't want the same thing to happen. 🤞 Update - I've changed my rating to 2 stars, as the replacement pair have broken as well. They lasted 2 days. Very disappointed.",2
60188,Order at least one size up. Material is cheap. Stiff and you can't take photos or type emails as advertised.,2
65554,I hate to review anything especially when I have received it a few hours back. Two stars because the packaging is either very poor or I have received an open package. That too one day later than what was promised.,2
48149,"These are HUGE! My 2 1/2 year old wears an 8, but they are fitting snug. I ordered a size 9 (double checked their size chart), and they are HUGE. See pics for comparison (you can see the 8 and 9 imprinted on each shoe).",2
67741,The mirror covera did not fit.,2
61317,Not sweet enough in my opinion. Definitely can be better,2
54712,Used 2 times and broke,2
43244,"Easy to assemble and beautiful on the eye. But not very comfy to seat on. My bottom sweats wet since the material is synthetic. Very disappointed:( can’t return unfortunately, since threw away the package already and this is not an amazon prime...:(",2
63480,"The blue pencil leaks and goes everywhere. The white pencil doesn’t show easily. It is not worth, sorry.",2
77059,It did not live up to my expectations very small and very difficult to put on,2
50373,They don't work really well,2
46922,"I was so excited to find a dairy free bunny for my daughter. I read other reviews and made sure I was getting it as soon as it was delivered, so it wouldn't melt. But he came broken into three parts. Bummer.",2
70454,"I'd love to say that this is a great faucet, and for about 6 months it was. Unfortunately, the faucet head has now failed twice and the replacement took over a month to arrive, leaving me with a barely functional faucet. For a $80 faucet, I might put up with it but this is expensive and frankly pretty poorly engineered.",2
120533,"This is a good product for the price tag. However not a great quality material. However why to complain, it's great for the price tag",4
130342,"Just needed a larger size. The length was great because I'm tall. The cut is great, and the fabric is NOT forgiving. Just be alert.",4
157658,Nice pin. Wish it was a little bigger.,4
130330,"It will protect your phone from water and is great for boating/kayaking. It will not last too long as you do feel like your going to tear the plastic pouch each time you open it, but it has NOT torn as of yet.",4
150000,These made great baby shower gifts. She is happy she do have something to use if she makes her mind up on breastfeeding. And something to cover the baby in crowded germy places.,4
154485,Great product to replace grill cleaning brushes with metal that fall off and cause medical issues. A little hard to keep clean.,4
124385,They are beautiful. The only problem is that I pay 3 times more than their price to blow them.,4
140405,Works great. It came with metal shavings so I cleaned it out be wary when you first use it. Otherwise I'm very satisfied with the product it's what I expected which is great.,4
137589,"well done, worth watching",4
131184,We have been looking for shower sandals like these for awhile. In stores they are more expensive but I found these on Amazon and he is very happy with them.,4
153591,"So far so good. I bought this to attach to my pack and play for my twins. Definitely does the job. It has 3 modes: on, off, on no music. I gave 4 stars because it must be attached to a hard part of the pack and play. If I try to tighten it on the fabric side, it cannot grip with the weight of the mobile causing it to hang down wayyy to close to baby. Not really a big deal, works fine if you attach to hard area.",4
121657,"These are nice sheets, They washed well and didn't really look wrinkled after drying but they do wrinkle once used on the bed like most other sheets. Still a nice set they are soft and have a nice feel to them. They fit my foam mattress good without slipping off. Would recommend.",4
142611,I LOVED how easy it was to put this together. Usually my husband and I cannot be in the same room after we put furniture together this was a breeze. The only problem was that the king size frame was just a tad to small for the mattress so we just put the little part that doesn't fit at the head so it's not as noticable.,4
136987,"Functional, great price. However, it would be helpful to visualize the files in thumbnails or small photos. I hope you may improve this feature in the future.",4
148230,"It is a great toy and definitely gets the job done. The material is top notch and allows you to control the level of suction. The only reason I gave it 4 starts is because the massage pattern inside could be better. Wish it had more patterns available, like they do for their other products. However, it is great for the price. (Easy clean up, my girlfriend loves that).",4
133995,Our dog loves this! Easy to refill too.,4
102951,Disappointed with the size of the balls. Only use as party favors not for teacher treasure boxes.,3
84606,"3/5 this book lacks structure, world building and a real plot. It's starts real slow and nothing really happens until you are 70% in. Definitely over hyped and doesn't live up to it. Much room for improvement on book 2.",3
97283,"The case is easy enough to install. The screen protector is not. It has a blacked out border for some reason. If you don't line it up perfectly it may obscure your front camera. The touch screen is also less responsive to your touch, especially around the edges. I would recommend purchasing a screen protector from someone else.",3
103912,"I love frankincense. It's my favorite incense. This is not the frankincense you have smelled in churches or other rituals. It smells generically sweet and flowery. Not at all like the musty, smokey scent I am used to. The scent isn't bad, and it's dirt cheap, but you will be disappointed if you are looking for the scent of actual frankincense resin.",3
86874,product not bright enough,3
92209,"Bought for my daughter-in-law. Too big. She lives 250 miles away, but it was easy for her to return. Thank You. Carol Payne",3
109411,I really like this purse because it has plenty of pockets and the pattern is adorable. The strap broke not even a week after I bought it and I had to sew it back together.,3
104359,Bought two for my girl.. she said it smells like grapes with a charm inside,3
118793,"After the first day, the chair is SQUEAKY. Also, the screws on the back dont line up with the chair, the screw ended up crimping the plastic.",3
82357,"I've enjoyed buying the Sierra Club wall calendar for decades. This year was no different - stunning pictures, great size for jotting in appointments and reminders, and a good way to show support for the Club's work keeping the most beautiful parts of our country intact and available for public awe and recreation. And what a good thing I was ordering it for myself, rather than as a Christmas gift, since it arrived with crushed corners and there would not likely be time to return it and take a risk on another one.",3
85212,"Where to start ?:... it took about a month to ship, which really sucked. Once it arrived the package was very flimsy and not very protective also not discreet at all!!! It said TOY in all caps right on the package . The instructions were in Chinese but it did have separate ones In English but very small print ! So small I had to use a magnifying glass just to read them. Works how advertised but I couldn’t get the remote (which was bigger than I expected) to work until I charged everything fully for a few hours, i does have an indicator light and flashes while charging , I had to sorta plug the dc cable in just right and move it around so that I could make full contact in order for it the charge ( took me about a day to get this thing fully charged ) . Very soft and smooth texture , The head swivels in a circular motion which I didn’t even know it did, but not to be too graphic it just isn’t strong enough to do that while it’s in use , not a very powerful vibration either but it is quiet . It was an ok buy .",3
82218,"Love merrells but so disappointed in color, they look nothing like picture. Also, 2 day shipping took 6 days",3
81532,"These turtles were good, but no better than the ones that you can get in the store for a lot less. They do NOT have real Tortuga Rum in them. It is artificial rum flavor... and it TASTES artificial too.",3
111314,"If you are using a console, and if you have a microphone headset, you need the cable. however those cables are so cheaply made that after a week it would no longer show mic or game volume is being put onto the pc. The software is a bit weird as well but it isn't really clunky.",3
104487,"I was hoping for a heavier made blanket, but they will be fine for Summer time! Nice colors!",3
102619,Have not used it because it is a birthday present for someone.,3
