119737,"Not strong enough to run a small 120v vacuum cleaner, to clean car.",3
84660,"I’m giving three stars overall because there is a design flaw. The legs do not firmly attach to the lower panel. I didn’t realize this and lifted the utility cart up, making the front two legs come up off the bottom panel, and one of the wheels fells off (more about that below), causing the cart to fall over. At the time I was trying to clean my large window AC, which was on top of the cart. The AC fell with the cart, hitting its side on concrete. It broke because of this flaw. About the wheels - I thought I had pounded them in well enough but I hadn’t. I immediately flipped the cart and smacked them in with a mallet. While that was my fault, the leg supports coming off so easily are a major flaw and something to be aware of while using it. Possibly you could drill holes through the base pedestals and the part of the legs that fit over them and stick a metal rod through both. Maybe super glue would work as well. I don’t know but I had to buy a new AC because of this fail.",3
117167,"Looks beautiful in the case, but VERY light for darker complexions.. it's a subtle look for sure",3
110852,Item was not sealed and was missing parts,3
105000,"There are things I like about these and things I don't. Pros: They take up very little space and make a lot of ice cubes. The ice cubes are easy to get out of the trays. Cons: The ice cubes take forever to freeze. Since they are silicone and very flexible, it is hard to get the trays from the sink to the freezer without spilling (even with the lids on). I like them and will keep using them, but my husband really doesn't care for them.",3
113503,It's a fast charger but it doesn't charge the phone as fast as my plug in. It's nice but a fast cord charger is better.,3
90858,Perfect Christmas gift for my sister! She loved them. The bands are very difficult to change!,3
112316,"I have long, fine hair. These are hard to put in & pull my hair when I take them out.",3
89986,Too big for my face. Look good & packages good!! Quick delivery!,3
101072,Not the size I hoped for but that could be partly my fault. It did come in a very nice gift bag with the brand name on it but I just wish that it was a bead or two larger. Otherwise this is a great gift for someone with a petite wrist.,3
106473,"I bought this bubble machine to entertain my grandson since he loves bubbles and has a lot of energy. I was a little taken aback by the flimsy packing box and when I opened it, I was a little disappointed in the quality of the toy itself. I don't know how long it will last, but for now it is working ok. My grandson actually had a different one that also didn't last and seemed like it was made a little better than this one, so, I don't hold out too much hope for it lasting. I will update my review as time passes. So now the frog bub ble machine has been used for a while, and the one thing that has been an issue is that it tends to not blow through all the holes for the bubbles. it is stll working though and that is a plus. I still give it 3 stars",3
112234,I suggest buying a size bigger than what you are. It is tight on the calves and arms.,3
98625,It was a nice product over all but trimmer Broke after a month.,3
112812,"Product as discribed, cracks very easily though. Seems cheap",3
92596,Pretty decent and sharp but the middle section gets stuck sometimes...kinda annoying,3
100163,My son really wanted this hoodie so when it arrived he was pleased. It is very thin however and there were several loose threads. The style is neat and different. For the price I was expecting something a little bit better quality however.,3
112903,Its o.k. but not as thick as another brand I previously used. I think the other brand lasted longer in my hair for the day.,3
88986,"I wish I could give 5 stars. As far as the glasses go, I absolutely love them. But three glasses arrived completely shattered",3
96761,Spring is not easy to use. The other items are great,3
80569,"I have never ordered this brand but heard great things, not sure if those brown areas are normal or not",3
107074,"For some reason, I bought these to ride my bike with in the cold. They suck for that. Not bad for just walking around, though. I didn't know they were touchscreen compatible til I saw the description again, so I can't comment on how well they work on a cellphone.",3
85450,"This chair is fine. It's a little too rolly, also it doesn't recline unless you pull the lever, which is a little weird but I guess I get it. Okay chair--you get what you pay for.",3
107681,"I bought two chairs and was super excited to put them together. These are definitely cute and are nice quality. The directions are easy enough to follow and you can quickly put one of these together. Main pain points: two chairs- one had an extra screw, the other had two defective screws. One chair had a washer for the “neck” piece, the other didn’t. Biggest issue, whether you use a drill or screw driver, you will see the tips of the screws poke through the face of the animal (see picture). If you try to avoid this and don’t screw them in as far, you’re left with a wobbly chair. A disappointing finish to what could be a great piece.",3
113760,"I bought this a little over three months ago, and while I thought it was a good bag up until now, the bag's strap snapped as I picked it up while leaving the gym. I'd recommend this bag if you need something on the cheaper side but I'm not sure if just my bag is like this or if this is routine.",3
100677,Update: Its ok diaper cream. It separates very easily and it does have a very ROSE LIKE smell. I am still going to use it but not sure I will keep using this brand. I prefer the Target and Walmart brand better so far.,3
107244,"Overall product is well constructed, Holds a charge well 2 or 3 uses before recharging. The fit is well for me and my wife however,the range is only about 4 tractor trailer lengths away before losing contact and the sound quality is not what I expected for what I paid...its not a packed crisp sound...but more or less a crackly weak sound, not a bad product , I just want the reader to know what yo expect before you spend over 300.00 like I did expecting a little more.",3
115626,"It's a decent hat for the price. For me, the stitching was odd so the hat looked cheaply made. But that's just me, I'm quite picky. Overall it's a decent hat for the price.",3
113697,"I learned a lot about George, about Eric, about the hippie London of earlier 60s. Also now I think Pattie is an extraordinary woman and I am glad that I can see at that juicy part of history in a different and more healthy light.",3
101935,I have lots of problems with this rice cooker because the liquid often steams out and the rice doesn't get enough liquid. There is no hole in the lid to allow some steam out.,3
101238,i think that says it all .,3
117568,"I read anothers review of this item and agree, the doors are tough to hang straight. Also be careful of the backing screws as in the middle front lower shelf you can see how the screws broke away the bottom shelf. Otherwise its great!",3
108864,This doesn’t play well. Pauses in places and will not load the rest of the movie. Could only watch to first 50 mins.,3
103758,Great flavor but not sure if it actually works,3
93810,This does seem to extend the length of my manicure but I don't find it the miracle product others do. I get maybe 5-7 days instead of 2-3 out of my polish with this.,3
84370,"Since I installed the head, I have noticed a slight vibration. Although it still does the job will",3
97861,"Hard to get excited about Snap Ring fasteners/washers. I needed two for grocery cart wheel replacement, anyone need the rest ???",3
93378,Smaller than I expected !! It will do 👍,3
99577,Not as durable or water resistant. Case pops open every drop,3
104044,can't say too much about it.. arrived with glass lens broken and had to return,3
108228,"I really like the design of the backpack, but it is not practical for a college student. This is a good backpack to hold maybe 2 books. There’s days where I walk almost 2 miles because of my classes and my back is hurting and aching. It’s a very bulky backpack and doesn’t fit much in it. I have to shove things back in if I take something out. I also cannot have my 15” laptop in it without taking something else out. It also smelled strong of plastic when I first got it. I’m going to be upgrading from this backpack.",3
87441,"I bought two units and overall love the mobile music. Both units were processed the exact same. While listening to them, my second unit's battery only lasted about 20 hours. The first unit still showed full charge! I just downloaded the Monster phone app so going to see how that works later today. Great sound, variable battery life.",3
118764,You will need to pump ut up a lot to get more than a single spray from this. Disappointing but looks nice if you don't mind the extra work.,3
93429,This book was chosen for book club. I was initially interested and then quickly lost interest. I found it hard to follow at times and lost interest quickly. It was hard to finish and I only had about 15 pages left to read before book club and just never had the interest to finish the last pages.....,3
96288,"Only giving it three stars because the charger works fine, but I put a screen protector on 3 days ago and it’s already cracked. I don’t do anything ridiculously rough to my watch but it shouldn’t crack after three days.",3
107695,"Be careful, the small allen screw that holds the light stripped after adjustment. The company should at least use stronger material screws.",3
83227,Beautiful item but the glass cross was broken in 4 pieces when I opened the box due to no packing material. Needed ASAP for a gift.,3
96796,The waist is too high and the bottom too long. I could get away with it but I like my leggings to be be fitted. I might have them altered or I send them back. Not sure yet. Fabric is on the thin size but not see through. Expected for the price. I am 5.2 so I would recommend for taller people! It adjusts well to my size which I am small/medium legging size. Perhaps they could create a petite size!,3
96423,Order these 3 times.. the first 2 times the lighters were good but the 3rd time I got a different set of lighters that were hard to spark & seem to be of cheaper quality,3
109057,Needed to flash it to get it working with my NVR system (shinobi). Seems to be working now.,3
106638,"This is a great product; however, the powder doesn't blend completely.",3
106524,"Worked great on the first bottles of shampoo & conditioner, when I switched them to the new bottles 1 of them quit working.",3
104094,I have wavy hair and I thought this would enhance my waves. It did nothing actually and didn't tame the frizz at all. I'm highly disappointed.,3
101160,"Meh. They cut out some noise, but don't make a great seal. Comfortable, though - made of soft silicone - and at least they don't fall out. They fit pretty tight in the carrying case, so that I usually have to pry them out with my pen knife.",3
115988,"It looks good, but the problem with this, IMHO, is that the optional extenders are of equal width. They need to vary. It's just a smidge too wide for where I need it with both extenders, but a bit too small if I use only one of them. The screws, then, are extended to their maximum amount not allowing for tightening. The gate is purposely agape to adjust to the tightening of the tension screws. You tighten up until the door meets the latch. Right now, I have it fit sort of kitty-corner between the two walls which is not ideal as I can't keep it at the proper tension. I'm only using this for a front patio to keep the dog from running out which is working fine, otherwise, it's a bit disappointing and annoying.",3
90906,"The second day (in a row) we used it, didn't hold the air anymore.",3
88858,they are nice but not as good of a material as i would have liked.,3
81918,I returned to this product,3
104231,Great pump but the gauge is waaaaaay off,3
96369,I’ve only been using it for a week and the silicone is already ripped on the side of some keys. The durability is not good.,3
95720,These had good flavor. I wish they'd leave the nuts out. Very dry,3
99804,Great quality but too big,3
103686,"I love this product but one of the bottles we received does not spray correctly and we had to throw it out. Otherwise, the smell is awesome and great for making smells disappear quickly.",3
89107,"It's listed as a three pack, but it's only 2.",3
82308,"Shoe is okay loose fit, somewhat comfortable.",3
72272,"The leg openings are a little small, but other than that the suit fits nicely, and is high quality material. Edit: I have been wearing this for less than two months and it is 100% worn out. It has worn so thin in multiple spots that it’s no longer appropriate for wearing in public, I have to throw it away. This is unacceptable.",2
65426,Well it’s looks and feels okay but it most certainly does not have 4 pockets that’s a lie it has 3 so that’s pretty messed up to say it has 4 when it’s only 3 the fabric is super stiff hopefully after washing it will be better,2
74456,"Side buttons are now much harder to click, and camera cutout on the back is not a precise cut, there is about a mm of space left between the case and the camera module",2
48710,"I expected more for what I paid for this. The long part of the frame doesn’t sit even at the middle, so it appears to bow. The photo I included shows the top of the frame against the box, for straight edge reference. It does the job, and I needed to get this photo framed for a project I needed finished tomorrow. Next time I’ll get an assembled, wood or metal frame.",2
60151,Not very powerful. Noisy.,2
64047,Beautiful shoes but rhinestone fall off. Found two and replaced them with glue but have lost some permanently. Still like the shoes.,2
54783,It’s very hard to get the handle to lock in you need somebody strong to help you. I can’t get the handle down at all to put it in the car so The handle has to stay up. I’m almost 4 weeks in and it’s not as comfortable as it was in the beginning so the comfort level goes down really fast. Now I am 5 foot 3 1/2. For somebody taller this might be fine for comfort level but for anybody under my height you need to get a kid size. But the cushion also wears down fast under weight I am close to 200 pounds. Losing weight though I’m off my feet because I don’t wanna get any bigger! I am now five weeks into using this scooter and the handle has popped off three times. None of these scooters with this type of wheel or any good on anything but flooring In a house. I tried to use it on a brick paved sidewalk and almost fell face first. Also twigs and small rocks can stop you in your path and turn you over if you’re not careful. Luckily my balances OK so none of that happened but I came close to it more than a dozen times. Again this is for in-home use only but the handle falls off after a few weeks so I would maybe buy something else,2
77726,Did not charge my psp well at all,2
66400,Have not used this because we cannot figure this out,2
65429,the hinge broke after one year - not even a year of heavy use.,2
68411,"Easy to install*. Packaging was taped shut (like it was used), the paint on the shifter is marred (as if it was dropped). Other than the unfortunate scratches on the paint, they look very cool. Went ahead and installed it knowing that it’s a Jeep and we’re going to scratch them up anyway. If the paint wasn’t chipped, I’d give it 5 stars. *Install note: It is possible to remove the stock knob without destroying it. Just pop the lower chrome collar loose with a trim removal tool. Once that is free, the knob slides right off. (Same thing for the 4 Wheel transfer knob).",2
72464,"We have been big fans of PackIt products, as they last with our baby needs and children needs. We also love that we can throw them right into the freezer and they collapse, not taking up much space. I don’t know if there was a change in the product design, but in under three weeks our is already breaking on the inside liner.",2
66176,Product only lasted probably 10hrs before shorting out. Used it in bass amp for concerts. Would definitely purchase professional quality next time.,2
54402,never really worked. unable to get it to work..,2
41259,I can't say that this product is worth the price. They do not last long and this was my second set. The first ones I purchase broke almost immediately ..at least in time to be able to replace them. Now shortly after receiving the second set they too have broken. But when I checked to get them replaced the return date has passed. I am not happy with this item at all. On the up side my Grandsons LOVED them while they were working. Too bad they broke so quickly,2
78446,"I thought i was receiving two dog jackets. As shown in the picture. I only received the red coat. Picture is misleading and i am disappointed. I am a frequent buyer from amazon. Very disappointed, misleading with the picture above.",2
69028,"Ink smudges every 2 inches on right edge of paper, all copies , not quality I need to be sending to clients, learned my lesson , 14 $ for two cartridges , will go back to others I ordered that worked fine, pay a little more , get it done right the first time",2
70579,"This fascinator looked cute when I did not move, but it was too heavy to stay in place. I used the clip on the headband, but the whole thing kept falling forward on my forehead. At the Derby party, I tried taking it off the headband and just clipping it to my hair, but it still was too heavy to stay in place and kept sliding down. It was uncomfortable, and I finally just had to take it off so it did not fall down into my mint julep. :)",2
52780,Do yourself a favor and check it out from the library before buying this book. Wish I had. Trust your gut instinct. That's it. Nothing more.,2
43736,"Much smaller than anticipated, the picture looks like it’s a man’s bracelet when in reality it’s more for a woman. The clasp is impossible to use one handed making it impossible to put on alone, must have help. I will be returning and not recommending this to anyone.",2
56899,"The top was a bit tight and I'm a 36 B. I got a medium. I prob would still wear top but underboob is inevitable since the straps are not adjustable. Otherwise the top was cute. Bottoms fit weird and where the strappy parts are on each side the inner lining (tan/white material) showed no matter what and looked super odd. Not cute at all. Maybe I am just too wide for them. I have a 26"" waist. Def for SHORT PETITE people.",2
44127,"I gave this mascara 2 stars, because I would love to use it; although I cannot. The wand is in very poor condition, the brush fibers are falling off and are crushed. For $28 I am very, very disappointed. It did not appear in great, new condition when it arrived.",2
62579,"Lasted a whopping two weeks before it ripped with minimal usage of my AirPods. Not worth the money but too late to return. On the plus size, it was easy to install and looked really nice before it ripped. Maybe I got a bad batch?",2
67774,Nunchuck plug doesn't fit well.. and falls apart upon removal. Also loses sync with wii frequently.,2
70504,"The leash was good before it ripped. My dog is 45 pounds, order the medium, she is strong and pulls sometimes, but is not a persistent puller. The leash ripped and is no longer usable after 4 months...",2
78057,wire broke off on inside,2
41268,"I wasn't so excited to get this float but I will be returning it. Immediately upon inflating it I discovered a large tear in the stitching. The tear doesn't let air out, but since its along the stitching I can tell it will only get worse. Other than the tear the float is very nice and I'm sure I would have spent many happy pool days in it.",2
51623,nice gag gift but rather small,2
46601,"I’m disappointed. Toilet is fully functional and reasonably priced,.... but... the casting is out of level, both the base and tank. The problem was obvious once the tank was installed, since the tile behind the toilet was level and called attention to the issue. The fix was to install galvanized shims under the bowl and between the tank and bowl. Not a perfect answer, but the problem was less noticeable. I would have been better off paying $20 more for a different toilet, manufactured with better quality control.",2
69085,"I have found it really hard to put on magnetic lashes that have 2 magnetic bars per lash. They are difficult to line up both at the same time, and they aren't as long as a realistic lash line. I ended up cutting each lash pairing in half so they are smaller chunks with one magnetic bar per lash set. This is much easier and looks better.",2
56610,"Was amazing for the first 2 weeks, and then my armpits became so irritated that I had to quit using!",2
79093,I ordered this because I love Cuban coffee that I drink while I’m on Florida. It did not live up to its name. Will not order again.,2
45723,Not the best quality. Some arrived broken.,2
42854,"Very very wide shoes. Only good for babies with extreme foot chub in comparison to foot length. The velcro also doesn't hold well at all. Super cute, though.",2
49011,*** update The handles have worn out and one of them broke off. I still use it but it's no longer as useful. At least it still holds stuff. Original comment: Works great. Durable. I ended up buying 2 of these after having my first. Do wish there was some sort of expandable strap for carrying on shoulder or in one hand. Great product.,2
75583,Stopped working after 3rd light yard work. Chain just scrolls. Too late for Amazon return. I liked how lightweight it was.,2
73843,i never received this item,2
47926,Seems like a good idea but I found I didn’t really need it.,2
51451,"While they may be effective if your cat will eat it, mine turned up her nose to these hairball treats.",2
53620,This cookie cutter is so small!,2
67901,"Bought for car, but the base is smaller than the top, so it toppled over very easily. Perfect size, not great execution",2
59477,Bought these one pulled apart the 1st night used. Another quit 3rd. Time used. Giving 2 to see how the last 2 hold up.,2
43806,Not an unlocked phone ... a VERIZON phone belonging to someone ... missing accessories.,2
78425,"This is a prob with seller.. I ordered this product Sept. 16, 2019 and ordered two which gave me four balls for the toy which used. 1. I received a pack of two today which I did not order. I never put it on auto order either. I don't want anyone choosing what and when I order my stuff. Now I am chg for this and I may have enough already for the year. The batters will be dead by the time I use the one sent today. What is going other. Never hd any problems with other seller. I am not happy! The balls are wonderful otherwise.",2
71363,my granddaughter wears them but the shoe itself is large,2
69038,I only used this swim cap twice a week for two months and it tore. Pretty disappointing since I have the same cap in another color that I have used for a year and a half with no problems. Just wanted a different color.,2
65507,Lightning plug sunk down in just over a month and the adapter was unable to be repaired.,2
49851,"One fits, the other falls off. Poor quality control in the sizing and construction. Soles are hard rubber and sound like dress shoes on hardwood floors, so not very optimal for indoor use.",2
46884,It take forever for the polish to come off with these pads,2
60000,the loop on the handle broke after a couple of uses.,2
67589,One of the four bulbs was defective and would not work,2
60685,Well worked great for like 3 days but then started falling apart,2
55960,Not what it looks like,2
78307,"The pens themselves are nice, espcially for the price. However, the ink is terrible. I’ve had these pens for a month and both are struggling to write.",2
62418,Purchased 8 months ago and both broken now.,2
78562,It looks easier than it is. I ran around trying to fill this thing with air and it took several tries. I looked ridiculous. Finally got enough air in it to make it work. I sat on it then fell right off. I really think I am missing something. My 12-year old had trouble staying on it as well. We left it next to the tent that night and must have gotten rain because in the morning the thing had water in it...actually inside the liner. Not able to get the water out...and worried about mold...it ended up in the trash. Pretty bummed. The idea is great if it had worked for us.,2
40551,I have been using these types of braces for years for Ms foot drop.. I was excited for a black color. The strap was over a foot long and had to be wrapped around twice and just slid off the back of my leg. Poorly designed.,2
76091,"Not sure what the point of the book was. Learned almost nothing that I didn't know about the Donner party. The characters were truly ridiculous. The storytelling which started out ok, just became boring almost to the point of being tedious. The ending was just as dull and anti-climactic. I bought this based on Stephen King's review. His books are better than his reviews are.",2
62761,I could not get the lights to stay in position. I tried tightening them but got no better results. I wanted to aim them where the light would be best for my seedlings and was not satisfied with the results.,2
43208,"Sadly, it was too small.",2
68458,My son used this for approx. 5 months and it's got holes on the bottom fabric and sides (in various places). I would not spend $100 on a product that doesn't even last. Disappointed.,2
53689,"So so pipe, low quality and it hits funny. Wouldn't recommend it.",2
78665,"It was advertised as cotton but was not, sure it was rayon. Also ran small and very see through",2
51821,"The shirt is OK quality, but the sleeves are so tight I don't know how it could be comfortable for anyone.",2
158154,Really cute mug. I would have given 5 stars if it were a bit bigger.,4
134858,"Fairly thick material, so the poncho should be good for multiple uses. It's VERY large, so if you're small in size don't expect it to be fashionable. I'm 5'3"" and it covers me from head to calf. Definitely gets the job done in keeping you covered.",4
132467,Super cute and very sturdy set. Looks great on my desk.,4
142133,Nice looks like picture,4
156518,Seems to be working for my older dog. The vet recommended this brand.,4
130690,"Love these. Bought a total of 4 now. Over time they seem not to stand up like they did brand new, but still like them. Easy to carry up and down stairs, durable, and fit more than a full load of laundry.",4
132176,"Its perfect for my purpose, its lite weight is perfect, and so soft and warm. I stopped using an electric blanket because this one is so much more comfortable.",4
129625,Some of the designs are hard to recognize.,4
129464,"Very nice quality and incredibly soft. However, they are very thin so you need to fold them in order to wipe more easily, or you need to completely soak them in makeup removing product. It's fine, unless your product is a bit expensive and you only want to use a little, like me.",4
142387,"Since I have just received this product, I haven't had time to know for sure how it will benefit me. So far, so good.",4
142234,"Love them, but the volume is low. I can't hear them without speaker phone.",4
139136,"Ordered 18 of these lights to replace aging halogen outdoor landscape lights. All arrived in proper working order. The color options are terrific, which is great for changing colors for various holidays. My only dissapointment is that the white option is not really white. Several other colors show up with the white setting. If you want true white as one of the color options, dont buy these (my reason for taking one star away from the rating). They have held up very well over the four months I've had them installed, and the remote for changing color of the lights is fantastic. Blue, green, and red colors are the most vivid, and the various shades of these colors provide some interesting options. Pinks, purple, and aqua/teal colors are some of the more interesting shades. Yellow and orange shades are ok as well. I do like these very much and would purchase again, but I am exploring some other lighting to add with these that would give me a true white color.",4
150191,Easy to install and worked to pump fluid to my windshield.,4
128744,"A very solid watch band. A little heavy, and a little hard to adjust the sizing, but a good band.",4
129878,4/5 from a satisfied customer. I saw a similar product advertised on Facebook and searched for it on Amazon. This was the same product I saw and cheaper. It performs as its supposed to. Unfortunately the size of the glove is too big for my hand.,4
145012,"Great case overall, it's very hard and protects the phone very well. Only thing I dislike a little is the buttons are a bit hard to press, but you get used to over time.",4
134552,Warm and dry. Good fit around ankle for support.,4
146321,They are sticky but probably because of the heat -- they were in the mail box and we had high temps in AR,4
137859,Helpful on my trip to the UK. The computer chargeing ports are a nice extra,4
143390,Bought these to cycle through a newly bought shotgun. Did not jam.,4
145114,It was ok needs jewellery to make it look great.,4
153367,"This is my second one from Oh La La Cheri because it fits perfectly, is actually open crotch in the right spot, is comfortable and made well enough to last a while. My fiancé loves it.",4
146279,"They’re great, durable and fit well. I do recommend setting them outdoors to air out for a few days until you put them in your car.",4
138794,"These are plain pitted prunes, on the small side and a little dry, with excellent flavor. You may need more of them than usual to create a laxative effect. But they are easy to eat straight from the package and absolutely fine with oatmeal or yogurt in the morning. I ordered them when my local grocery was out of prunes for some reason and was glad to be able to get these from Amazon.",4
123495,"Writes smoothly and cleanly. Does not dry up and clog between uses. I use it for drawing. I have the extra fine and just ordered the medium. It arrived with the barrel snapped in three pieces. It was shipped in a flexible bubble envelope which probably got bent during shipping. This item is not returnable, but when I contacted Amazon, I did receive a refund. So I am going to order it again and hope it arrives undamaged.",4
126838,Good screen for the money - looks good. Just hate that it uses most of the GPIO pins which keep them from being used for other things. Otherwise pretty nice.,4
121244,"Tree is beautiful and lights are the perfect brightness. Sadly, the first windy day the tree broke off of the base. Specifically, the metal tore above all of the 4 spot welds holding the lower tree's part's metal tube to the base. I solved the problem by creating a new base using 18"" long 1/2"" black iron pipe to push inside the tree's metal tube, then attached that to a 1/2"" black iron pipe flange. This flange was then welded to 4 legs of 2"" angle iron, each 15"" long. The base is then held down with 2 sandbags.",4
141312,"Very nice keepsake box, Purchased for a gift.",4
122529,"I was stunned by this book held my interest throughout. The relationship between the two lead female characters was an unexpected, but welcome development. Although I received the book from instant freebies, I highly recommend it. I am looking forward to the rest of the series.",4
147696,best buy is at Costco or Smith&Final,4
129028,I found it easy to set up but it is a little tricky getting it to lock in place so you can use it. I haven't placed it in the dishwasher so I can't say that it's dishwasher safe. It easier to use a bottle brush and clean it with soap and water. I love having two bottles. Great for the price.,4
159377,The antelope color is not the same as I expected it to be. Looks different online.,4
142051,"looks better in person than online. somewhat hard to tighten the band by yourself, also can be uncomfortable if you tighten too much since it is not a flexible band.",4
152038,Great quality for a reasonable price. I used this at a baby shower I hosted and everyone was impressed! SO pretty!!,4
120595,"I got these because i saw them featured (not this particular brand) on a talk show. They are nice, and will keep out the sun from damaging your eyes and causing wrinkles....very cool!",4
141969,So soft. Just watch the stitching,4
155349,Is OK but runs small,4
140993,"I ordered a size up because my butt is larger than the rest of me, and like every other pair of jeans/shorts I buy, the waist is too big. You can see my underwear in these if I don’t have something underneath. They are good quality though.",4
140570,I just wish it would save the names.,4
121773,"Great knife for the money. As other reviews have noted, this is a bulky knife. Not something you’d want to carry in your pocket everyday. Blade is nice and solid/thick, and sharp, but the action is not as smooth or lightening fast as I was hoping it would be. Overall, solid everyday work knife for sure!",4
152848,They are comfortable except hard to get used to with the controls ..... buttons in odd places,4
134683,"Overall good product, except for handset screen could be brighter to read",4
149023,I like the colors and the staying power of these glosses. A good value for my money. They are a bit sticky so only 4 stars.,4
141647,This a great case for the price. It looks great while also providing the protection that I need for my iPhone.,4
126670,Excellent product - feels great and very therapeutic. My massage therapist recommended this for reflexology.,4
147138,"Let me first say that this mouse was the perfect shape, weight, and in my opinion the ideal mouse for any FPS. It just isn't compatible with the microsoft surfacebook 2. It freezes and jumps around every so often.",4
138412,It was the perfect gift for a family member who enjoys handheld poker electronic games. My reason for 4 stars is that it has a small screen.,4
129241,Only complaint is that it's battery operated only for the sound machine and vibration. Both were much needed for a newborn. Very disappointed that it didn't come with a plug option. Otherwise it looks great and great quality.,4
155995,Cute and a great piece to wear for any costume,4
146735,I like these bands! Colors are bright and vibrant. My only gripe is the two holders for the excess band slide too easy.,4
155058,"Pretty easy to assemble. The quality is decent I just wish it was taller to watch movie while sitting in chairs. The screen is pretty short. Originally I put it up for movie and it fell back cause of strong winds, good thing it came with stakes and rope to stake it down for stability.",4
155395,Great info from a history buff,4
149807,"This is a great purchase for the price. Works great, speed is great and i appreciate that it comes with the extra blade replacement pieces. My only complaint is that it does not come with a plug for the USB cord, thought that was odd. But considering the savings, compared to $15 for most electric sharpeners and the fact that most items we have use USB cords, we are fully stocked. That was the only reason for 4 out of 5 stars",4
157289,"I was skeptical about ordering this, but thought anything had to be better than what we had. We got it out of the box and into the camper. We have not slept on it yet. But we have laid on it for couple minutes and so far I am super impressed. I am debating on replacing our bunk beds as well. Well worth the money. Only reason I’m rating it 4 stars is because we have not slept a night on it yet.",4
128657,Cute his and her keychains. Very sturdy,4
134853,"They are pretty cool, but don’t drop them. Very easy to dent the metal ring.",4
142262,The Bottoms Did Not Fit My height,4
130936,We like that it’s insulated and we like that it’s unbreakable. It Is hard to press sometimes though. I don’t know if this is because the grind we are using is too fine? It is aesthetically pleasing. Overall we are very happy thank you.,4
140064,These were perfect size to go inside the ACE bandage I was wearing. The sleeve kept it from direct skin contact but allowed the cold through. These were somewhat difficult to activate but this prevented accidentally breaking the inner bubble.,4
157959,"I loved the variety of colors and craftsmanship of each bow. Beautifully made. The clips, however, will not clamp onto the hair causing the bows to fall off of the hair.",4
141982,"Be careful when tightening the fittings, especially the fittings in the Tankless heater, ensure you use a wrench to hold the fitting there not to twist off or damage the copper fitting piping inside the heater. And use the right size wrench and not pliers or channel locks, because you can damage or round off the the edges of fittings. Phasing the fittings is easy to get the alignment you need.",4
137110,"Nice headphones for the price. I love the rich rose gold color that matches my iPhone and accessories. The sound is really good and everyone can hear me clear as well. The music clarity is good and has a nice volume level. The only thing is the distance of the headset to the phone is a little short for good reception. It even announces the caller by name or number. Overall, I like this product.",4
143244,The story is gripping and it really draws you in. My only complaint is the author seemed to bounce around a bit and didn’t explain who was whom very well.,4
142791,"I was hesitant on these, my wife bought them. I installed them and am very pleased with the look and function.",4
30074,"Very, very thin, you can bend them with you fingers with no problem! Print is small.. More of a decoration. Would give 1/2 star!",1
23677,Super cute! Loved it until I noticed that the casing around the purple rock was coming apart straight out of the package. SAD!,1
4082,Broke down after a month's use!!,1
9447,"It's hard to be critical of something so inexpensive, but I was not happy with the product. I needed to buy a beach ball for some physical therapy exercises. Many of the Amazon offerings were sold in a package of 12. I didn't need/want 12 beach balls so I purchased this one. Two major complaints: the nozzle to blow up is so short that it is difficult to inflate, and it starts to lose air within less than 30 minutes of inflating. Update: The nozzle just fell apart and I had to throw away. Well, at least I got 2 weeks of rotten use from it. I would recommend that Amazon drop this vendor.",1
30068,This was never received...,1
28455,Stitching came undone immediately. Already took tags off so couldn't return. Disappointed.,1
7816,"The USB was configured incorrectly to fit into my 2016 Hyundai Sonata. When I turned it over so that the USB would connect, the audio connector was on the wrong side. Won't work at all!",1
5254,Have not received over a month ago I ordered this,1
9848,Only gave one because couldn’t leave no stars. This was the recommended case for the touch screen I got for the raspberry pi. With some drilling and creativity it can be made to work but it’s not an out of the box cover. No instructions either,1
6603,When I received this book the first 68 pages were missing. Absolutely unacceptable for even a used book. Makes no sense why it would be shipped like this,1
22725,The color cartridge does not work. I have tried everything that I can think of and my printer will not accept the color cartridge. I have to put the old color cartridge back in the printer just to be able to use the black cartridge.,1
809,"unbreathable item, I though it is because of the size; so I decided to replace the item but the issue as a customer you must pay for the refound shipping which cost around 4 dollars and the item itself 9 dollar .. doesn't make any sense !!!!",1
37747,The aspect ratio is so bad I could not watch it. I really wanted to. Why has this not been corrected? Something really out of whack.,1
19644,"Sadly, the pages were alllllll but 3 riped from the book. I wanted to return it but I was involved in a car accident and was unable to. But I’m disappointed that it was sent out in that condition.",1
9197,From 10 feet away people can see your eyes. Don't buy.,1
21614,"I wear a size 18/20 woman's t-shirt, blouse, etc. Sometimes they call this a 1X . So I ordered a XXL to be sure it would fit. I could barely get this t-shirt over my head and on. Once it was on I could barely breath. The quality & printing on the shirt are GREAT. If they let me return these I am going to order (4) XXXXL to replace them that's how impressed I was the quality.",1
10075,This is not for kids. Horrible. Bloody shark swimming around saying it will of into your room and you will meet your doom. Who approved this and rated it as G?!,1
2815,"The company sent me another one as the first bracelet broke in a few days, well this is bracelet number 2 delivered on Monday and broke in the same spot. The quality is just not up to par. I have reached out to the seller because I do in fact need a bracelet that is reliable",1
28290,I dislike the fit it’s very cheep wouldn’t recommend it to anyone,1
31929,Not easy to use at all,1
6682,worst smells like chemicals I hate it never bought powder worst than this afraid to use and get an acne,1
9570,These show with every pair of shoes I have tried then with. They have seams on the toes which make them uncomfortable.,1
33644,"The size was off, I usually wear a lrg. or x-lrg. But this was snug I wanted to order larger but was sold out.",1
2675,Horrible tool. Went to loosen a bolt and the head of the tool broke.,1
3745,"I purchased this item to use for my sons prom send off, the only balloons that were able to be used were the latex ones, no foil balloons could be used, also the discription shows a 2018, I was sent a 2019, which means the day of prom last minute I had to go and purchase the correct numbers which cost me an extra 40 dollars... I'm so disappointed..",1
33838,2 of my markers were dry. The f Green and purple markers were completely dry. Unsatisfactory,1
24356,The shot glasses are all scratched up. Poor quality. Will not but again.,1
11673,These are inedible. I am a health food freak and I have tried many products over the years that have been awful tasting but this tops the cake. I have never tasted a cough drop so disgusting in my life,1
14542,"The product just work a few days, and broken.",1
33362,"I am vision impaired and thought this tape would highlight places I need to see. I left it in the sun for a day, applied it, and hoped for the best. Result? Nothing. I can tell the tape is there only by feeling.",1
12408,Purchased this and one week later it failed. Cannot reach Polycom for replacement. Returning to Amazon as defective.,1
2002,"Bought as a new one, but it was used! Verry disappointed!",1
39479,Just got the case and it’s too small. What the heck??? Anyone else had this problem???,1
37469,I really want to give this suit a 5 star but I can’t. The appearance is beautiful and I love the color. But sadly the top is to big. I followed the sizing chart for around the bust size. It all fits there but the cup size in a xxl looks as if it is a triple d or a double d. I am a larger girl being 249 but my chest is smaller. Would love to exchange sizes but cant find anywhere to message sender.,1
31069,Watch came without extra sizing links. Cannot purchase the links without purchasing a new $180 band. Will be returning,1
1853,Very disappointed with these balloons. One of the big rings came with a hole in it and another two balloons popped as I was filling them with helium.,1
33042,"One star because I couldn’t not leave 0. This case does not work, when I did the stress test it worked but when I took it in the water, it was not water proof. This at best is water resistant",1
24499,"The dress had little holes in multiple places, unable to return it, didn’t notice until I wore it and others pointed out the holes! I guess when you buy cheap clothes you get cheap quality!",1
37183,We ordered a 24 pack and received only a 12 pack,1
6029,"I initially purchased this plan to cover a dash cam from defects, accidental damage, ect, but when it came time to file a claim, the company refused to cover my accidental damage claim, and I had to jump through hoops showing them proof of purchase of my insurance plan, because apparently, the insurance plan ID for some reason wasn't enough. I've dealt with asurion before and I've never had problems like this, so insure your purchased Amazon goods at your own risk.",1
26146,"Did not receive Entire Order. Called & cancel the part of the order I didn't receive. I was told I would Have a refund & someone would call me. NO calls or contact , or refund at this point & time ??????",1
28418,"Poor finish, Poor fit. Cut my finger on the jagged finish. Holes didn't line up. Shipped back the same day and I had to pay for shipping. BOOO.",1
10859,Open the box and discover a top side snap already cracked. I want to give this a chance but wonder about the durability of this product now.,1
29244,"Spring clip is too weak, jewelry is easily lost. disappointed",1
17310,Way too small. I got a large for my 9.5 feet and can't get it on.,1
25353,"Came in a box with other items I ordered all of which are fine, but the ceramic casserole was wrapped in a thin bubble wrap which is not sufficient to protecting it. So now, it’s smashed. Do I really have to send back this garbage?",1
38952,"Do not buy, it will crush your bullets.",1
38171,Product is not as described. Not a one+ cable at all. Not even a cheap knock off.,1
19100,Not one single cable worked! All of them say ‘the accessory may not be supported.,1
4189,Does not even work. wasted my money.,1
13066,There isnt enough glue to stick it on your eye and make it stay. Not worth the money and it isnt eligible for returns sadly.,1
20468,Fake!! These are fake pens. They do not work!! I ordered these to use as back up to my digital bill detector. I keep a fake $100 in the office of my restaurant to help train staff. It’s a known fake. The digital detector caught the bill so I know it’s fake. These pens show that it’s real!! I have other fake bills used for training staff and it says those are real as well. Come on amazon!! Stop letting people sell fake stuff on here!!,1
39436,"I used this wax on my entire body, I had to go over areas on my legs more than once. I used the entire can and ultimately had to shave afterwards because the wax was not working. For legs, arms, underarm, etc I had to use a razor after to clean it up. For Brazilian front and back, the front was ok I still had to go over with a razor and the back didn't really work I had to just shave. The hair grew back faster than usual Im guessing because I pretty much shaved (since the wax didn't remove the hairs). I have course curly hairs but Ive never had a wax not work. I've been waxing for a while and this has to be the worse wax. Ive paid less for waxes that work on all of my body parts leaving it smooth for weeks. I bought this wax and had to go back to razors and razors are terrible for me due to the amount of ingrowns after. Highly disappointed and upset I wasted money.",1
29849,I bought two sets of them and one set came with the middle diamonds being clear and smaller.,1
26481,Talk about a POS!! I ordered this to replace a broken cover on my iPad. I got this and while putting it on my iPad it BROKE! Super cheap material and I so disappointed with the quality that I put the new and old screen covers in the trash! Don't waste your money as this will just disappoint you.,1
31555,Ordered a tinted they shipped me a clear one,1
11250,I've had a Roomba. It died after several years of hard use. It worked on hard flooring and rugs. This eufy RoboVac is a piece of crap. I'll be returning it. It does not work on floors with rugs even thin low ones. It gets stuck constantly and can't get itself out of it. After this experience I'll buy another Roomba.,1
6540,"so, this thing is like a big fat crochet hook designed to grab the inside lip of the jacuzzi ball and pull. Which would be great, except that it's ONE QUARTER INCH TOO SHORT. Maybe Kohler changed their design to make it deeper, or something, but this tool is next to USELESS for removing jets from my tub. Instead of the ball lip, all you can ""grab"" is the sloped ledge inside the ball, which with a LOT of persistence and side pressure might eventually get the insert to let go. We finally ""modified"" the tool by melting portions of the stop-ball away, making it more functional and much less pretty. Caveat Emptor.",1
27355,As soon as i got this product and one half dont work,1
26645,The quality is very poor and is not 3000PSI Wast of money RIP OFF,1
14973,Never could get it to work,1
1457,This is what I received. After pulling forever to get it apart it's not what is pictured. It's plastic on plastic. What is pictured is what I need and now it's not eligible to return. Wtf,1
19487,These glasses are huge and they don't fit properly. They want to charge shipping to return them so I guess I'll try and give them away. Bad purchase.,1
29454,I never received my order. I reached out to the company twice with no response. Very poor customer service.,1
176418,"These bags have a lot of space in them, good thing about these bags is that I can easily see what's inside then. Very reasonable price.",5
186433,"Bought this for my girlfriend, and she loved it! Might need to be washed first because it does smell like plastic at first due to the packaging, but it's a great plush!",5
181463,Our finance team was needing more calculator rolls and could not find any locally. Thank you for having them.,5
178531,Buy this light. For the price you will not be disappointed. Truly amazing.,5
168258,Elena Ferrante is a genius. These books transport you to Naples. One can't help but to fall in love with Elena and Lila.,5
191766,Great prices and props for my photo booth company.,5
160888,Nice color. My cabinet looks like new.,5
198810,Fits great and has been very durable. I have dropped my phone numerous times and have had no damage to my phone.,5
166158,"Taste is better, works better and cheaper than 5 hour energy!",5
188687,"Perfect fit in my Kohler toilet. Identical to the original flapper it replaced. I checked the local Ace hardware store, thinking it would have to be cheaper, but the flapper on Amazon was actually three bucks cheaper.",5
163809,"Stick well, peel easy and stay on the wall. Exactly what I was hoping for my nursery. We had painted the walls and no damage done.",5
181498,That's make me cough be better,5
160067,"It is fantastic! I bought similar lights from other websites, and they have poor quality. Although this one is more expensive than others, I think it is worthy. It is really a good decoration for dorm! I will probably buy one more to give my mother as a gift!",5
189057,"Buy a few days, come back to review after use, really good, absorb dust very quickly, inside have 2 bag to change wash, put on the table to use very convenient",5
188901,My bird family that lives in our back yard loved this bird food. They are flying in from the neighborhood. Thank you for providing nourishment and joy to my family of birds.,5
167029,"Granddaughter loved it, she’s into anything strawberry!",5
178489,Great bag... just wish it had an extra pocket inside.,5
190726,Loved it..... a gift that I did not think I would use.... I was wrong. It is great!,5
180472,Ordered for my son who is deployed and he loved it!! He said it was the perfect pre workout!,5
170636,Just what the doctor ordered. Love the flexibility and range of temperatures.,5
171678,We received this today. It's beautiful. Love the shiny chrome. Easy to install. Took about 10 minutes. Just needed to open up the battery compartment to add six AA batteries and the liquid hand soap. Screwed in the three screws and placed it on our bathroom wall. Works like a charm!,5
164774,It made it so much easier to rotate my inside plants!,5
171402,Solid construction. Not as flimsy as the other inexpensive type C cords out there.,5
182091,"This is a well-made, very attractive alarm. I received an outdated instructions sheet so when I emailed the company with a question, I received immediate, helpful response. I’m very impressed with this company.",5
174672,Great product. Delivered timely.,5
179455,"Nice pair of leggings. Very comfortable. I haven’t wash them yet but they seem safe. If not, I’ll update.",5
185301,Very good toy. Very tuff to.,5
161293,I like them because sometimes you order thing that are not the size they say. these are large the size they say love them.,5
172702,"Very happy with my purchase. It was an excellent price, and the product was just as described, Looks great in my home theater!",5
182953,This was a gift for my grandson. He was so disappointed because there were no lights or sounds as it said on the box. The drill only turned one way. Not happy with it at all.,5
192055,"I loved this book!! Willa is a strong, fierce and loving girl, in the style of Robert Beatty's best-selling protagonist Serafina series, but with a world and storyline all her own. The fantasy world is beautifully detailed with magic and tension and tenderness throughout.",5
169961,Got this for my 7 year old. He loves police officers and this puppet was the perfect size for him. Gives him hours of enjoyment too. This was shipped out fast and very well made. I highly recommend.,5
173667,Works well. So do real cameras :) would buy again.,5
178620,I use this product in my bedroom which is facing south with too much sunlight. This curtain works well blocking the sunlight. And the price is good.,5
181148,"I used these strips for accent lighting behind my PC monitor and under the shelf that it sits on. Very easy to install and operate. The instructions are very clear for setup and couldn’t have been easier to follow. I wish I could find one or two more of the extension/connector cables by themselves that match what’s in the package so I can put these strips in different places for various lighting, but I guess I’ll have to stick with what I have.",5
183787,"Our son loves this costume, I don’t, necessarily because the picture online makes it appear to be a shiny and body fitting costume but it is not. The shiny part is actually white designs and not necessarily body fitting. It is padded which I do like.",5
193733,i loved it! it came in great condition as well,5
165499,Was a baby shower gift that was on the baby register list. Got a very nice thank you card.,5
168489,Feels quality for the price. As advertised.,5
169150,"This is a great book so far. I haven't finished it, but I cant wait to! Well worth the great price!",5
167514,"these eyelashes are actually pretty decent if you are looking for a more natural look. they are very lightweight and flexible for easy application, not thick at all.",5
188875,The things I liked most about this product are the attractiveness of it and it's light weight. There are no downsides that I can see.,5
162815,I like the color and design of this toaster. It fits perfectly in my kitchen counter top. Bread toasts uniformly and can remove bread crumbles from the bottom tray. I highly Recommend this.,5
194820,"Nice thick shirt, good quality. No issues with the prints being off. Usually wear XL and the XL size fit perfectly. The design and color are awesome. Would recommend!",5
184499,"My baby loves the baby gym. As soon as I lay her down on it her eyes light up with joy and there is a smile from ear to ear. She laughs and giggles and has the best time with it. Honestly, great gift for any mom or great for your own child too. The babies love it! This product is 5 stars",5
161759,Great quality glass screen protector. So much better deal than getting it at the cell phone store. The screen is a nice thickness and is super easy to apply. You don't have to mess with any bubbles or anything. Great price and great screen protector!,5
181857,"Wow, this protein powder can get so fluffy & light! If you are a fan of protein fluff, this is by far the best product! No xantham gum needed!!",5
181490,Made my first bars in this today. I ordered it because it was a favorite of Sally's Baking Addiction. This is a high quality pan.,5
181884,"Being African-American, my hair/scalp is naturally dry and I can't wash it more than once a week or it becomes brittle. Maui Moisture is the first shampoo in a long time to help hold the moisture until the next time I can wash my hair. Really happy I found it.",5
162385,This works fantastic on vinyl .,5
189987,I love the product. I feel more energetic after a few weeks of taking this.,5
189051,"Works great. I had this skin tag on my face, I used it multiple times to get rid of my skin tag. I finally got rid of it, it does irritate the surrounding area after using it, make sure you put a medical tape on the tag after applying the solution to minimize redness and irritation. Overall I'm very satisfied with the product, it did exactly what was advertised.",5
174160,"I love this! So many options for fruit teas and water. So easy, it almost makes itself. The lid will strain the fruit as it pours.",5
199797,This is on my wall of clocks,5
177338,Good quality. Comfy.,5
198520,"OMG...I bought this for my 4 year old grand daughter. It is perfect for the desk we just got her. First of all she can't break it. she can twist and turn it. There is no plug so it is portable...it charges with a USB cord which is provided by the way. The light dims and brighten...can be used as a nightlight also. Lastly,,,it has a pencil holder. It is the cutest light ever. I do recommend",5
161638,"My kids and grandkids love this item. It is a good transport for sports, picnics, camping, and more for this active family. Th quality of this product is very high; it folds and stores very nicely.",5
188208,These r very nice. Big and good quality.,5
192728,This item is exactly what we needed and ordered. It works and is compatible with our i phones.,5
170547,"Love this dress, I probably should order a smaller size since it is a bit loose in the top and very long on me.",5
194207,"I love the look and lightness of this wig! The only issue for me is that it does not come with combs or a front lace. However, I purchased a wig grip and it stays in place perfectly! Will buy again!",5
185556,Loved it soooo much I ordered another set!,5
192575,"Light weight, easy to place on your car for mounting your phone. Great for young adults",5
175412,"I've never used a knife sharpening stone so this was interesting. Sharpened my knives quite well. It has been hard to find something that works in sharpening my kitchen knives, this worked.",5
