127855,"Me ha gustado la estructura, se desliza bien y tiene gran capacidad. Quizás algo grande para mi bañera, como siempre no miré las dimensiones... en general muy bien.",4
152307,En línea con el autor,4
120267,"Muy entretenido, a mi hijo le gusto",4
130126,"Para ser un producto de este precio, hace correctamente su función. Es fácil de manejar y de llevar. La calidad bastante baja pero cumpliendo su función.",4
156282,La única pega que le puedo poner es que pedí la roja INTENSA y viene en un rojo apagado tirando a naranja. Suerte que a quien se la regale le pareció bien pero el rojo intenso no es como el de la foto sino más desgastado,4
133660,Libro de lectura para el cole,4
157316,"Me han gustado los materiales, la carcasa está terminada en metal y le da un aire de calidad. EL combinado de colores también lo encuentro bastante acercado al igual que la calidad de sonido. Realmente no le pongo la quinta estrella porque el cable se enreda algo más de lo deseable, tampoco es exagerado, pero si algo molesto.",4
141204,"Buen producto. La cinta es bastante gruesa con lo que su aguante está asegurado aunque pueda parecer recio al principio. La hebilla práctica, me gusta",4
153551,"Para pasar el rato esta bien aunque los plásticos son muy flojos, por lo que vale no se puede pedir más.",4
153131,"Es lo que es un adaptador universal a europeo sin más, el interruptor lo hace mas cómodo.de momento va bien",4
141379,"Viene con todo lo necesario, ahora bien, para rueda de 29 los flancos los deja justos y es un infierno talonar los neumáticos. Quitando eso se acabaron los pinchazos",4
147747,"Buena calidad sonido y fácil de instalar, lo único malo es que no puedes acceder a la guía telefónica de tu teléfono, es más reproductor de música que manos libres",4
144727,"Comprados de segunda mano por 38 euros. El sonido no es el más fidedigno o delicado que he oido, pero es más o menos agradable, es disfrutable si no se quiere algo muy refinado. La comodidad más o menos igual, sin ser lo más comodo del mundo se pueden llevar durante horas y no molestan. El diseño para mí gusto es sencillo pero bastante bonito. En cuanto a conectividad con el móvil sin problema. Por hasta 60 o 70 euros están bien. Por más a lo mejor puede haber alguna cosilla mejor.",4
136619,Entretenida y con final inesperado,4
140855,"Funciona correctamente, no me ha dado problemas, lo único es que se caliente un poco cuando llevas un rato trabajando.",4
128778,Muy buena calidad de imagen,4
128391,"Un libro práctico, quizás un poco escueto pero bien.",4
148765,"Es de fácil uso, lástima que el pitido no se oye mucho.",4
150547,"Lo que más me a gustado: la rapidez, el teclado, calidad precio.",4
124668,Que genial. Tuvimos un contratiempo en el montaje ya que en las instrucciones un paso era incorrecto pero con intuición terminamos de montarla. Qeda genial y es muy funcional.,4
137341,Pensaba que era un tamaño ahorro pero no. Sale igual que en la farmacia. El producto genial. Llevo más de 10 años usándolo.,4
137402,"No voy a decir que cumplen con lo solicitado, dado que son un regalo por otro pedido. El acabado es muy bueno. De necesitarlo lo RECOMENDARIA.",4
155376,"Es un poco grande pero si vas a meterle el cargador y demás accesorios queda perfecto, el color igual que la foto.",4
120130,Tacto muy suave. La piel queda suave y tersa durante todo el día. Se absorbe rápidamente. No mancha la ropa,4
131492,Está muy bien...aunque a veces resbalan lan manos,4
159639,Todo perfecto. Un poco incómoda de usar pero bien,4
138131,"Me gustaba por los tonos y porque se podía pegar ajustándose al trozo de pared, ha quedado muy bien y la peque de 17 meses siempre que pasa le llama mucho la atención. Por el precio la recomiendo mucho",4
131197,"La navaja esta muy bien, pero seria ideal si se vendiera con su funda, ya que las cerdas de jabalí si no se guarda bien se pueden torcer y estropear, asique mi opinión es, que si se quiere se pueda pedir con o sin estuche.",4
120335,El juguete es genial. Acabados muy buenos y de muy buena calidad. La caja estaba un poco arrugada pero lo demas todo bien.,4
129935,"Calidad precio estupendas. No parecen muy realistas en cuanto al material pero el centelleo imitando la llama, es resultón.",4
136014,La maleta es preciosa y con un tamaño perfecto. La mía llegó con una cremallera cosida al revés y de muy mala calidad. La devolví.,4
123297,"Llegaron en tiempo y bien embalados. Tienen buena presentación y de momento utilicé uno para afinar una pieza, va perfectamente.",4
155661,para limpiar discos de dvd,4
125507,"Muy bonito, las flores son muy naturales, recomiendo la compra, perfectas para decoración y manualidades. Colores como los de la imagen",4
138976,la largura del cable es idónea. lo he comparado y lo he comparado con otros cables del estilo y el wifi va mejor,4
140632,"Muy bien, colores bonitos y buen tamaño",4
147442,"Aunque el material parece un poco más endeble de lo que esperaba, si cumple su función perfectamente. Uno de los enganches para el recambio de cepillo no ajusta bien y a veces se sale pero no siempre. Por lo demás fácil de lavar y secar.",4
130874,Son muy basicos pero realmente lo que buscaba y muy buen precio. Estoy contenta con la compra que he realizado,4
139913,"Queda muy bien y no se despega, es un poquito entretenido pegarlo. Lo único que tardó en llegar.",4
126197,Relacion calidad precio buena. Producto con buena durabilidad y que cumple su función. Muy útil en la hora de cambio de pañal para no tener que usar toallitas desechables que en caso de la piel del bebé se agradece.,4
141460,"A pesar de ser un juego con unos cuantos años, la edición de switch es fantástica. Se nota antiguo en algunas cosas pero el aspecto de los escenarios es increíble. Y la historia.... para no acabar nunca",4
151287,Una boca de intacto más,4
144299,"Aparatoso a la hora de montarlo, pero muy bueno y práctico para espacios pequeños. Lo recomiendo.",4
152763,"material relación calidad muy buena, me equivoque al pedir el color gracias",4
148564,"Tras probar un par de altavoces y subwoofers, me decidí a probar este modelo, con las expectativas no muy altas debido a que la marca ya me había dado problemas antaño. Para mi sorpresa el sonido es muy bueno para el precio que tiene, los bajos son una delicia y que tenga dos entradas de satélites le da mucho juego. La verdad es que recomendaría la compra.",4
122279,El sabor es muy bueno y es muy cómoda de usar aunque siempre hay que tener en cuenta cómo conseguir agua caliente. Me gustaría que el depósito de agua fuera algo más grande da para un expreso. Con las cápsulas es verdad que a veces las rompe y hace que haya posos en el café en mi caso son pocas las veces que pasa como un 10%.,4
133981,Es de buena calidad pero demasiado rústica para las manualidades tiene muchas fibras que sobresalen.,4
140536,"No es de un material irrompible, si tienes que soltar un tornillo demasiado apretado se gasta la punta, pero para salir del paso está bien. La navaja corta muy bien eso si. Yo la llevo en el trabajo y la verdad la uso mucho.",4
120299,"SIN DUDA LO RECOMIENDO PORQUE SE PARECE AL ORIGINAL Y SIN SERLO ENCAJA PERFECTAMENTE,ENVIO RAPIDO Y PERFECTO. TAMBIEN RECOMIENDO COMO VENDEDOR",4
120440,"Pintura que brilla en la oscuridad perfectamente. Encantado con el producto, a pesar que considero que es un producto caro para el tamaño del bote.",4
136634,"No hace un año aún que lo compré y empieza a veces a fallar. Yo espero que me duré otro año más. La batería empieza a ir a menos con el tiempo pero nada grave, la verdad. Que tenga la carga rápida es genial para cualquier urgencia.",4
138637,"La guía está muy bien, pero el embalaje deja mucho que desear. Además, la tapa de atrás de la guía venia doblada, y la base del lomo estaba ligeramente aplastada. Creo que Amazon debería tener más cuidado en sus envíos para evitar deteriorar la mercancía.",4
155686,"Lo unico malo que tienen, es que no quedan sujetas, se suelen mover y es incomodo al andar. Por lo demás bien",4
130060,Me soluciono el problema de un cable del pc demasiado corto,4
154537,Cumple su función. lo tenemos en una sala de unos 40 metros cuadrados y hace perfectamente su trabajo. Tenemos ropa para secar y es suficiente,4
158117,"Funcionan correctamente y a bastante distancia, aunque no se ajustan demasiado bien a la oreja (al menos a la mía) y pueden caer con una cierta facilidad. De todos modos con un poco de cuidado se mantienen en su sitio.",4
130784,"Me gusta, es calentito sin pasarse, justo para estar por casa",4
143442,"La silla es lo que esperaba, la comodidad es muy buena y los materiales son buenos,es fácil de montar .El único inconveniente es que el material de color es tela y no es fácil de limpiar",4
124522,"nivel de calidad es bueno, peso y ergonomia correcto Le hace falta unas lentes mas pequeñas ya que los que tenemos la cara un poco estrecha se ven gafas muy grandes.",4
158467,Llegó bien y muy rápido. Le pongo solo cuatro estrellas porque no se si uno no funciona o es que al soplar fuerte no tiene que silbar como el otro que si lo hace. Espero no volver a pillar mas bichos gracias a los silbatos. Al menos me dan algo de confianza ya que cogí mucho miedo y me costaba conducir.,4
151715,Regalo para mi hijo de 16 años. Por ahora supercontento con su móvil,4
125100,"Buena calidad, válido para Megane II del 2005, no tiene conector para anti vaho pero encaja perfectamente y es compatible con ese modelo de vehículo. Llegó en 24 horas, perfecto el servicio de Amazon.",4
140771,"Muy buena mochila,con refuerzo atras",4
155054,"Buena bolsa, tamaño excelente de gran capacidad aunque su aspecto exterior es pequeña para la lluvia es muy impermeable y resistente",4
6468,"A la espera de que llegue, tres días desde la fecha de entrega. La primera vez que me pasa con Amazon",1
14064,"El producto está muy bien, fácil de montar, precio razonable. Compré dos. El único problema es la tardanza en llegar el envío, si es que llega. En mi caso del 23 de noviembre al 8 de diciembre en que me anunciaron la devolución del producto. Tuve que volver a comprarlo y nuevamente tardó más de lo que es habitual en Amazon.",1
20862,"Después de 2 meses, ni he recibido las diademas ni me han devuelto el dinero.",1
35994,Te mandan los artículos sin haberlos pagado.,1
27746,"El producto aún no ha llegado, tenía que llegar el 8 de mayo y sigo esperando. Espero que se pongan en contacto",1
37654,"De poco grosor. No es polar. El dibujo no tiene Los mismo colores que en la fotografía, parece difuminado y es pequeña",1
15250,Genial al principio adapta muy bien... pero se me está poniendo amarilla... así q pronto abra q comprar otra.. Y no está... una pena,1
18387,Es muy practica pero ya empiza a fallar pense q duraria mas,1
28565,"No funciona el láser, la pila si, la he podido probar en una linterna y funciona la pila. Espero una solución.",1
29449,Este producto no ha llegado aún Pueden decirme el motivo Fue comprado el mismo día q los demás Ha pasado más de un mes desde q se compró Espero su respuesta y la solución Gracias,1
32921,"No me gusto nada,la pistola no va muy bien y la silicona pésima la verdad, para mi nada recomendable",1
33703,"Aunque era mi talla me quedaba muy justo por arriba y el largo no me acababa de gustar, así que lo devolví",1
17740,después de estar meses esperando tuve que ponerme en contacto con el vendedor para haber que pasiva con el pedido me dijeron que se abría perdido que no saben nada y me rembolsan dos euros pierdo el tiempo de la espera me quedo sin producto y pierdo los gastos de envió decepcionante,1
32096,A las pocas semanas de comprarlas se me rompieron. Me quedé com una barilla soldada en la mano cuando sacaba un pantalon de la percha sin hacer ningún tipo de fuerza.,1
33990,Bonita en apariencia pero poca potencia de tiro,1
2880,"Con menos de un mes de uso, la sombrilla no ha aguantado una ráfaga de viento y se han roto varias varillas. En general es más endeble de lo que parece a primera vista. No la puedo recomendar.",1
34605,A LOS 2 MESES DEJO DE FUNCIONAR Y POR ESO TUVE QUE COMPRAR EL OTRO DE ORBEGOZO. NO PUDE DEVOLVERLO POR HABER TIRADO EL EMBALAJE. 70 € TIRADOS.,1
18357,El iphone no lo reconoce. Lo he devuelto.,1
36068,Peor printer que he tenido. Muy lento. Ademas constantemente da errores. Esta pre-programado a imprimir en las dos caras del papel y es complicado cambiar. La pantalla para controlar el printer no es nada amigable. La tinta es muy costosa y la calidad de impresión no es buen.,1
4829,"Falla todo el tiempo y a pesar de pagar la conexión, en muchos momentos se desconecta y no sirve",1
39208,No me ha llegado el envío. La única respuesta del vendedor cada vez si pudo esperar 2 dúas más. Y me envía por mensaje para localizar el paquete una página que está en chino.La última fecha de entrega ponía 4 de abril. Me dijo que esperara 2 días más y estamos a 10 y nada.,1
18947,"Esta rota no se ve, datos dañados.",1
36291,"el producto llego enseguida al dia siguiente, pero sin ningun tipo de espicificaciones o de manual de uso y no funcionaba con el modelo de camara que en el anuncio viene",1
19947,Muy malas inscripciones de instalacion.,1
543,El paquete me ha llegado vacío. Lo recogí del buzón y no contenía el DVD,1
4108,Se queda a medio centímetro casi de cada borde lateral de la pantalla y queda fatal puesto. La pantalla se ilumina y se vé por fuera del protector por lo que si tienes que pulsar fuera molesta. No la recomindo bajo ningún concepto. Una estafa en toda regla,1
2740,"La impresora en general está bien puedes imprimir y copiar en Din A3 o A4 y a doble cara. La compré porque tenía más funcionalidades que otras marcas a un precio similar. El problema lo encuentro, cuando necesito imprimir hojas con texto e imágenes. Si imprimo en calidad rápida o normal aparecen unas líneas verticales del mismo color en las imágenes. Consultado al servicio técnico me indican que a pesar de estar en garantía no se puede hacer nada. La única solución es imprimir en calidad fina o máxima. Esto supone más tiempo de impresión y más gasto en tinta, cuando en realidad con la impresión normal ya se vería bien, si no fuese por las líneas verticales que aparecen. Si el documento es un informe de 100, 200 o 500 hojas pues ya tenemos un problema. Cuando en calidad normal ya se veía bien, tengo que imprimir el calidad fina o máxima. El texto lo veras siempre bien en cualquier calidad, solo hay líneas verticales cuando hay una concentración grande de puntos. Todo una pena y encima solo existe la solución de aumentar los puntos para disimular este problema. Lamentable. Pruebo otras marcas esta misma imagen y sin problemas de este tipo por muy baja que sea la calidad de impresión. Juzga tú mismo con las imágenes que adjunto y sacas tus conclusiones.",1
16742,Lo devolví no era para nada el que se veía en la foto mal material no era auténtico me enviaron 2 iguales que devolví,1
31332,Pedí este producto y vino usado. La caja abierta y rota y los ruedines todo rayados. Lo devolví y a los dos días lo pedí de nuevo porque por las dimensiones me encajaba en el salón y me enviaron el mismo!! Habiendo avisado de que estaba usado. La caja rota por los mismos sitios (esta vez ni me moleste en abrirlo),1
35172,"No carga de ninguna manera, cambio la reseña cuando reciba el nuevo",1
36402,"No es negro, color café el sillón y la madera negra, muy baja, incómoda para dar de lactar y 2 tornillos no entraban del todo. Lo devolví y Amazon fue quien me devolvió el dinero, porque el vendedor no me mandaba al mensajero y cuando Amazon me pago ya vino el mensajero",1
26723,"El producto todavía no me ha llegado y ponía fecha de entrega el 30 de diciembre, de momento no puedo valorar el producto, saludos",1
26,"Lo siento, no puedo valorarlo, puesto que la agencia de transporte ASM no me lo ha entregado todavía. Lo podré valorar cuando lo reciba.",1
8401,Vienen 10 cajas. El anuncio no está claro. 50 piezas son 50 tiras no 50 cajas,1
30436,El repartidor me lo a dejado en casa de un vecino al que no localizo me parece increíble pagar un servicio para que lo dejen el paquete en una casa que no es la mia .,1
15168,"Cartuchos de muy mala calidad, incluso uno se rompió dentro de la impresora",1
25405,"Ha llegado con el embalaje machacado y el producto roto. Amazon tenéis que espabilar con el transporte, no me sirve que el servicio postventa sea bueno. Estas situaciones generan dudas a la hora de volver a pediros algo. Pq no se puede poner 0 estrellas?",1
31839,No me ha llegado!!!! Esto es de vergüenza... nadie me dice nada.... a la reclamación .... y esperando estoy a ver que pasa,1
37419,No sirve para mí Huawei p8.,1
13665,No cargan con ninguno de los cargadores que tengo Que cargador debo comprar para utilizar estas baterías? muchas gracias,1
38631,No aumenta apenas y el ojo de pez hace muy poco efecto. Y la pinza de sujeción es muy falsa y parece que se va a romper en nada. A la hora de tenerlo lo devolví.,1
12671,"Es de muy mala calidad. Se le va el color. No es fácil de montar . Descontenta no,lo siguiente",1
27630,No ha germinado NI UNA. Y no es la primera vez que germino suculentas. No pierdas el tiempo ni el dinero.,1
10922,Falta no corta ni una botella. Y según la intentas cortar lo unico que consigues es que salen cristalitos o que se parta la botella en mil pedazos,1
4135,Fitbit Charge HR no funciona. No se estabiliza la información y es totalmente aleatorio. No se el procedimiento adecuado para hacer la reclamación oportuna,1
1005,Todavia no llegó! Las e pedido hace un mes e todavía nada,1
28178,Esto no me a llegado todavía después de un mes.,1
6973,No me gusta xq son incómodos no se enganchan bien en el oído y se caen todo el rato,1
11121,No he recibido este artículo. No me ha llegado y e tenido que comprarlo en otro proveedor. No estoy muy satisfecho de esta comanda.,1
15716,No me ha gustado para nada allegado apoyada y con montón de manchas por dentro oscuras,1
3889,no es lo que me esperaba,1
12858,"Demasiado pequeño, se ve mejor en foto.",1
21575,"Una auténtica estafa!!! Replica china y de las malas, no hay derecho.",1
36406,"El paquete ha llegado con el embalaje correcto, pero el producto venia doblado. Al ser una pizarra de carton recubierta del material para escribir, la doblez afecta al uso. Venia precintada en film (y asi la sigo teniendo) por lo que el desperfecto se produjo antes de meterla en la caja y, o no se vio, o se obvio. Sea como sea, no responde al estandar de calidad que se le supone.",1
11846,Hoy he recibido el organo solicitado y tambien estaba esperando los mini coches que en teoria iban conjuntamente en el mismo paquete. No los he recibido pero me marca como entregado asi que me gustaria solucionar este problema. Gracias de antemano.,1
20919,Parece usado. Todos los cantos están gastados.,1
7807,"Por segunda vez me mandan el tomo en catalán, nefasta la gestión logística de Amazon. Se acabó comprar aquí, me quedo con la opción de adquirirlo en tienda física",1
1963,"Demasiado aparatoso, hace que un movil precioso y finisimo parezca el doble. Ademas plástico puro y duro que no quise comprobar su fiabilidad a los golpes",1
8068,"La forma de exponer la venta es engañosa. Esperas recibir dos paquetes de 4 Kg cada uno y solo ha llegado uno de 4 Kg. No puedo devolverlo porque ya lo he abierto, y no encuentro en la web ningún sitio para reclamar esta circunstancia, solo éste. Sin embargo, el pedido de lavavajillas ha llegado correctamente: 2 Kg por paquete, dos paquetes.",1
13805,Es demasiado rígida y cuesta pasarla por los desagües A mi me servio la primera vez pero cogió dobleces y ya no sirve,1
18976,"Primeramente decir que esta es la 4º o 5º vez que intento valorar, dado que amazon no lo publica. Con respecto al articulo.... Modulo de memoria en malas condiciones, dado que llego todo arqueado al tratar de meterlo en una caja que no es la suya. Lo compre nuevo, y me lo envian usado..... Le doy una estrella por que llego antes de la fecha.",1
27257,no hace nada hasta las moscas se ponen encima de el. Despues de 5 dias en la oficina donde esta puesto tengo mas moscas que antes,1
11104,"Lo compré expresamente para el Huawei P10 Lite, tal y como pone en sus especificaciones es adecuado para ese modelo... pues resulta que el cristal no cubre parte de la pantalla, y no me refiero solo a los bordes si no a una parte importante... le queda claramente pequeño. Obviamente no lo llegué a colocar y lo devolví. Ni en broma vuelvo a comprar algo de esta marca. El embalaje era muy correcto y llegó un poco tiempo, pero eso no me aporta nada si el producto no me sirve para lo que lo pedí",1
29635,"No se corresponde con el producto que anuncian! No tiene opción de cambiar la silicona, ni viene en la caja! Compré 2 pares y en ninguno los trae!",1
83787,Pensaba que iba ser mejor .,3
107394,"Se filtra mucho la luz y sobresale mucho por los lado por la forma que tiene. Pero bueno, para el precio que tiene no está mal. Yo lo devolví.",3
119023,"Ya he comprado algún libro de este tipo, el tamaño de libro es excelente para el uso que le doy y las hojas de cartón son perfectas para un menor de 3 años, ""pero"" creo que quedaría mejor si solo fuera de buscando a Nemo o de buscando a Dory.",3
115646,Los laterales del protector delantero se rompieron al poco tiempo.,3
115171,"Me ha durado mucho años y al principio se mantenía bien, pero con el tiempo se ha ido descorchando el ""cuero"" por lo tanto se veía lo de dentro y me llenaba todo el bolso de virutas. Pero protege muy bien el dispositivo.",3
104384,"La camara trasera durante el dia hace fotos de calidad media pero por la noche las fotos salen fatal. La camara delantera - muy mala calidad-falta el flash. El diseño me ha gustado mucho,pero el telefono me parece bastante lento. Por el precio que tiene no esta tan mal,pues depende de expectativas,pero a mi me importaba la camara, con la que no estaba contenta para nada..",3
95389,"La función era vigilar a mis mascotas, para eso muy bien, la app que lo controla tiene varios fallos pero bueno, me conformo con las 4 cosas k me permiten vigilarlos",3
105667,Me gustaba la forma y es bonito pero luego puesto en mi no me quedaba bien. Es de los que deberías probarte antes de conprar,3
108393,"Llegó en tiempo, pero faltan las uniones del tubo tobogan",3
107849,Esta bien calidad precio,3
101944,"Es un manual teórico más que práctico. La descripción del libro indica que se acompaña con una guía docente con las soluciones, no está incluido. Se envía solo el libro y sin soluciones. No tener soluciones me parece un error enorme, se entiende que es para personas adultas. En mi opinión es válido solo si te lo piden donde estudias, si quieres aprender por tu cuenta hay mejor material, más preciso, más extenso y con más práctica.",3
118027,Que es muy práctico.,3
91302,Bastante básico y útiles como tijeras y pinzas de muy baja calidad. Vale la pena gastar un poco mas.,3
117890,"Lo que más me gusta es que trabajas cómo si tuvieras un ordenador. Lo que no me gusta, es que tienes que andar con cuidado porque se raya con facilidad.",3
111706,"Esta bien. es entretenido y divertido. Un producto correcto. A mejorar la campana, que es un poco pequeña y cuesta golpearla y apenas saca ruido....................",3
81044,Dejó de funcionar al año,3
114311,"Calidad precio no puedes esperar mas, si le da el sol unas horas la daña hasta romperse",3
112078,"La máquina en sí es una maravilla me ha gustado mucho. El problema es que no me venían instrucciones en castellano, ni siquiera en inglés. Lo he solucionado bajándome el manual en la web",3
89969,La calidad es buena pero es demasiado largo para el modelo Maclaren y arrastra por el suelo y se desajusta con facilidad.,3
81532,"Me han llegado sin embalaje de ningún tipo, con la dirección pegada directamente en la caja de los auriculares. Por suerte no han sufrido ningún daño y funcionan perfectamente. Son ligeros y cómodos, aunque se quedan colocados ligeramente hacia atrás en la cabeza. El sonido es bueno aunque el volumen un poco bajo y el control accesible pero poco sensible. La verdad es que por su precio esperaba algo mejor, pero en general bien.",3
109392,"Aunque la botella es grande, queda MUY MAL enviar productos abiertos y donde se ve que falta cantidad de liquido. Tome nota AMAZON y revise por que manos pasan los productos",3
98485,"El micrófono tiene mucha ganancia, funciona muy bien en recintos cerrados, superando los 10 metros de distancia de conexión. El único problema, pero importante, es que cuando hay señales de radio en las inmediaciones se corta la señal. Hoy en día es complicado que a tu alrededor no haya dispositivos que funcionen por radio (teléfonos inalámbricos, wifis, ...). Buen aparato, pero sabiendo sus limitaciones. No es comparable con la seguridad que te da un micrófono de cable, pero la libertad de movimiento también hay que valorarla.",3
106294,Ha sido un encargo con que no puedo valorarlo objetivamente. A simple vista parece un buen producto. A ver que le parecerá al usuario cuando lo pruebe.,3
96606,Está bastante bien para el dinero que vale cumple su objetivo espero que me dure algo se ve bien de calidad,3
113144,"En general esta muy bien,lo único que si es cierto que suena más que una nevera de casa Un poco incomodo el ruido si lo tienes en un sitio donde lo tengas que estar escuchando",3
110686,Estan muy bien dan buena luz,3
105691,"Muy comodas, pero en suelos lisos si esta mojado resbalan como si hubiera hielo, por eso no le doy las 5 estrellas, los días de lluvia será complicado trabajar con ellas.",3
85307,No es lo que yo esperaba pero no está mal,3
107112,"Para uso esporádico o pequeños viajes está bien, no actúa igual que uno con electricidad porque no puede tener la misma potencia, pero como estoy acostumbrada a usarlo a diario no puedo pasar sin él cuando salgo de viaje.",3
95572,Precio competitivo. Única pega equivocación al enviarme un producto menos que no tardaron en subsanar rápidamente una vez hecha la reclamación.,3
101463,Mientras duró funcionó bien,3
82725,"Me vienen grandes, elegí una XL porque tengo las manos grandes, pero me iría mejor una talla menos, el problema es que mi madre tiró la caja de embalaje, pero me gustaría cambiarlos por una talla menor.",3
108222,Soporte muy sencillo pero cumple en principio su cometido.,3
87568,"Es perfecto para corregir la tendinitis, llevo un tiempo usándolo y me ha mejorado. la única pega es que es un poco grande para mi mano, el resto perfecto.",3
91090,"Al no ser originales, el precio es asumible, pese a que la calidad no es lógicamente la mejor, dando tirones en ocasiones. Aún con todo, es recomendable.",3
112733,No dura nada la batería,3
83285,"La verdad que esta muy bien para el precio que tiene, por poner alguna pega es poder haber incluido algún interruptor para poder apagarlo.",3
84544,"El producto está muy bien, pero llegó sin las piezas para sujetarlo a la pared que aparecen en la foto. Estoy tratando de averiguar la manera de reclamar que me envíen estas piezas, ya que sin ellas es inútil.",3
111060,"Mejorable, no tiene mucha potencia. No la. Volvería a comprar",3
103555,"Si es la primera vez que compras aceites, está muy bien, ya que tiene variedad y la cantidad justa para probarlo.",3
92791,"Aun no he podido utilizarlos,porque hasta que no vaya de viaje,no se si seran útils .espero que sean practicos ,y tenerlo todo en orden",3
84236,"Están bien, todavía no sé cuánto durarán pegadas",3
102689,"cumple con la imagen que se ve pero no es practica, lo bueno es que si protege la tablet para golpes y la pantalla eso lo cumple muy bien peo el punto de apoyo para ponerla en mesa no se aguanta bien.",3
116075,"Los colores ok, el cierre se suelta en ocasiones. Recomendable 80% por lo demás es correcto, el envío llego a tiempo",3
104583,Están bien aunque son algo caros para ser de plástico.,3
89643,yo lo utilizo para temas de certificación energética y arquitectura pero no lo recomiendo para uso sanitario,3
110599,"No huele mucho, regular",3
113917,"Escasa duración de las baterías, apenas te da tiempo a grabar algo en condiciones. Tengo familiares que le pasa lo mismo. Decepción en ese aspecto",3
119314,"El tipo de cristal, la pena es que no protege bien toda la pantalla queda un espacio por cubrir, la otra que tenia la cubría por completo",3
119776,La batería dura poquito pero por lo demás están bien. Para jugar un rato son suficiente.,3
110158,Están geniales y lo recomiendo pero de talla me dieron más . Peso casi 90 kg midiendo 18w metros y la L me queda muy grande.,3
98511,Me encanta la funda es una pena que la mia llego con una mancha pero aun asi es gebial queda perfecta y se siente genial al tacto si que la calidad es regular y es una funda que dura poco pk a nada que se ensucie con mucho roce o se moje se va a kedar marcas y se rompe de las esquinas y sale el plastico,3
100804,"Ha tardado muchísimo en llegar, mucho más que lo estimado",3
119356,"Muy chulos, diseño excelente y muy buenos acabados, aunque algo ásperos, para decoración muy bien, pero para uso no tanto.",3
116811,"Es bonito y útil, pero queda un poco suelto. El Velcro se desengancha enseguida y es tan pequeño que se despega al mínimo movimiento.",3
91164,"Me gustó mucho la primera parte, realmente me tuvo muy intrigado y metido en la historía. Pero la segunda parte me hizo perder ese puntito misterioso.",3
81862,"Lo compre para regalar a una niña de 7 años, y gustó muchísimo. Me pareció un poco caro para lo luego es realmente, pero bueno es lo que les gusta a las niñas de ahora. Envió recibido en fecha, sin problemas.",3
110821,"Fáciles de montar, pero algunos de los materiales dejan que desear. Relación calidad-precio correcta.",3
86426,A mi hija le encanta igual que El pollo pepe. Lástima que sólo tenga 5 páginas / ilustraciones.... Demasiado caro para tan poco.,3
87748,"Se ajusta perfectamente y queda un diseño muy muy bonito. Un poco caro pero la calidad es adecuada. Esta es mi opinión pero se ve que me quedo corto en palabras, así ya esta bien amazon? gracias.",3
98708,"Queda bien, pero le falta mas volante",3
89842,"Ha llegado justo a tiempo cuando se decía a la hora de pedirlo. Es bonita, pequeña y tiene buena calidad. Yo la he devuelto porque quería una muñeca llorona y no tiene ningún mecanismo.No se corresponde con la descripción.",3
86151,Es conforme a lo que quería aunque esperaba una calidad un poco superior por el precio que pague. Es muy débil.,3
106044,"No me ha gustado nada su sabor, y a parte me parece que traen muy poca cantidad por unidad. Pero para gustos...",3
193078,Leí criticas diciendo que hay que atornillar y no es cierto. Peso 75kg y está puesta entre dos muros a 90cm y aguanta bien sin atornillar. Yo diría que se podría alargar otros 10cm sin problemas.,5
166523,Muy buen precio y la entrega en su día. Ningún problema. Totalmente recomendable,5
184007,La verdad que es un buen producto yo lo tengo que Google home y es estupendo lo recomiendo,5
164688,"Excelente producto, muy simple de poner, trae todo lo que se necesita para su colocación. Me funciona perfecto, lo recomiendo",5
164368,"El casco está espectacular, lo malo que sólo es talla L",5
161787,"Pros: todos. Se ajusta perfectamente al huawei Mate 10. Nada de silicona blanducha. Contras: por poner alguno... Sería ideal un poco más de agarre en mano, aunque no se escurre.",5
173895,"No estaba segura de que se sujetaría bien, pero ha quedado perfecto. Primero pasé unos algodones con alcohol por el azulejo donde iba a ir el estante, lo presioné, y queda genial Es absurdo taladrar una pared cuando lo que vas a colgar pesa poco. Mi única pega, por decir algo, es que quedaría más bonito en blanco que en gris, me refiero a la plaquita, pero bueno ¡lo recomiendo totalmente, es un buen producto! :)",5
196665,"La compre para una flauta que venia sin limpiador ( la flauta venia con el palo, eso no hace nada) y cumple su funcion. La flauta que tengo es de dos piezas por lo que se limpia sin problema, dudo si pudiera limpiar una flauta de una sola pieza (que no se pueda desmontar) ya que el mango es corto.",5
163751,excelente 100% recomendado muy bien! muy buen embalaje y el envío muy rápido la verdad lo recomiendo amplia mente!. el color HERMOSO,5
192343,"Todo perfecto,su uso es muy cómodo y resistente.",5
191382,Esta muy bien en lo que respecta a calidad precio.,5
179846,"Fue un regalo para mi hija, le encantó",5
198580,"Es pequeño, se puede ocultar detrás del tv. No hace ruido. Para consultar internet, ver videos y cosas normales va perfecto.",5
170545,"Es el libro que tenia muchas ganas de recibir y ha venido perfecto, sin ningún rasguño ni sucio",5
198505,Lo usé para completar disfraz de Vaiana y es de bastante calidad y bonito,5
178148,"Muy buen acabado, es de buen tamaño e incluso flota. Al niño le encanta",5
195778,Es ideal para un niño y divertida,5
191946,"Comparado con otras papillas del mercado, esta es de las que mas les gusta a mis agapornis.",5
172095,"Es para un regalo y les ha encantado. Vienen muchos complementos de gran calidad, perfectos para hacer las delicias de los más pequeños e iniciarles en el mundo de la fotografía. Funda del mismo color que la cámara, cordón de seguridad, filtros de colores, diferentes modelos de marcos para las fotos, 1 rotulador y 1 álbum para guardar las fotos. Simplemente perfecto.",5
178701,Poniendo un cebo en su interior atractivo para ratones funciona muy bien,5
162881,"Compre estos porque se iban a perder los que venian con la pistola, Estos son mas ajustado spor lo que llegan más lejos",5
162760,Son muy buenas y grandes y ya es la tercera vez que las compro.,5
197902,"Recomiendo el producto 100%, el único problema la demora en el envío porque tarda bastante en llegar.",5
172805,Me equivoqué de talla pero el producto estaba bien,5
194311,"Ha sido un regalo, y mi pareja ha flipado cuando le he enseñado lo que tenia el cristal. Además la presentacion impecable y queda muy fino.",5
161074,perfectas las aceiteras,5
177119,En perfectas condiciones y en su debido tiempo,5
174228,"Pendientes bonitos y baratos, no se ponen negros ni me hacen daño en las orejas, tiene bastante colorido",5
198161,"Funda perfecta para mí iPhone 6 Plus. Protege, mantiene el aspecto original del móvil, muy delgada y se adapta muy bien a la mano. Me parece una buena funda en calidad/precio. Tengo Apple original en piel y no tiene nada que envidiarle. El servicio de entrega perfecto como es habitual en Amazon.",5
169585,La uso para los bibes con cereales y todo perfecto. Aconsejo usarla para a partir de 7 u 8 meses.,5
176354,Muy bonitas Como esperaba. Llegsron ràpida y Buenas condiciones . . . . . . . . . . .,5
161239,"Producto de muy buena calidad,Encantada con ellas .",5
161670,"Calidad fantástica, un bokeh muy bonito. Enfoca muy rápido siempre que le ajuste correctamente la distancia de enfoque. Ninguna pega.",5
164022,"Potente masajeador con un total de 12 tipos de vibraciones, controlado por el mando inalambrico que incluye. El material de fabricación es agradable, suave y de limpieza fácil. Gran ventaja de poseer batería y poder cargarlo, nada de pilas.",5
171199,"Fácil de montar, calidad-precio excelente, es para un pasillo y quedo perfecta, bonita, cumple totalmente las expectativas.",5
179050,Perfecto igual que en la foto es muy bonita,5
164200,"Muy gustoso, el color muy bonito!",5
186820,Avisar que no incluye KIT de anclaje al coche,5
183226,Justo lo que necesitaba para que a mi hija de 3 años se le sujeten bien laa gafas. La goma de atrás no es suficiente en niños pequeños,5
174747,"función perfecta y buena sincronización con Bluetooh y auriculares ,solo una pega dura poco tiempo la batería, pero lo recomiedo.",5
163987,Entrega muy rápida y precio muy barato,5
182642,"Hasta ahora llevo un par de semanas usandolo y ha funcionado muy bien en todas las mediciones, que yo esté pasado de kilos no es su culpa.",5
199296,Para todos los grifos de la casa y es lo que yo quería.,5
166894,"He comprado dos, para dos mesitas blancas quedan muy bien dan una luz calida y te permiten la lectura.",5
168417,"Me ha encantado. Sí es cierto que te quedas con ganas de saber un poco más de los personajes porque se conoce de ellos solo lo más superficial y con lo relacionado al balcón, es cierto que se queda muy en el aire y hubiera estado bien saber más sobre lo que ocurre en él. Sin embargo, tengo que decir que la historia me ha fascinado. A pesar que de que se ha quedado coja en algunos aspectos, no me ha importado en absoluto porque el autor ha conseguido crear tal expectación que me ha fascinado. Me parece brutal cómo está plasmado el tema del bullying y me ha gustado que se vea desde la perspectiva de la persona pasiva que ve y no puede hacer nada. Además, los giros inesperados, ese final desconcertante y sus imágenes tan explícitas me han dejado con la boca abierta. Muy recomendado sin duda.",5
163880,"mi mujer y mi hija están encantado con el, pues según ellas es un buen apartado que cumple como el más caro pero a un precio mucho más economico",5
183316,"La llevo súper cómoda. No pesa nada, no sé desabrocha por el tipo de cierre que tiene y es muy bonita.",5
174932,Calidad precio buena,5
161839,Acoplan perfectamente en los auriculares no echo de menos los originales,5
190268,"¡Como esperaba,genial!",5
185774,Números grandes y se ilumina en la oscuridad no gastando mucha pila.,5
161869,"Simple pero completo, a mi personalmente no me gusta que vengan los Santos, y no había ninguno que no los trajera, pero esta bien",5
195276,"El articulo es tal como se describe, robusto y facil de montar.",5
162289,"LA COMPRÉ PARA EL REGALO DE LOS REYES, AÚN QUE HA LLEGADO EL DIA 7 , LA NIÑA ESTA MUY CONTENTA CON LA CAMARA, ESTOS DIAS LO LLEVA POR TODOS LOS SITIOS. LA CASCARA ES DURO, ASI QUE NO HAY PREOCUPACION DE QUE SE ROMPE FACIL, LO HEMOS PROBADO ANTES DE ENTREGAR A LA NIÑA, ES MUY FACIL DE MANEJAR, Y LA CALIDAD DE IMAGEN ES SUFICIENTE AL SER UNA CAMARA PARA LOS NIÑOS. MUY CONTENTA CON LA COMPRA",5
164972,Rápido envío y buen precio.,5
181853,"He probado y buscado varias cremas desde hace tiempo, y os puedo decir que estoy encantada con este serum facial. Desde que me lo echo, noto mi piel mas firme e hidratada. Por fin he dado con el antiarrugas adecuado. Lo recomiendo",5
199265,"Muy práctico para ir a la playa en bici, no abulta casi nada",5
162141,"llega rapido y es justo lo que esperaba, buen producto",5
188120,Tal y como se describen. Papel A3 de 250gr. Es algo más rígido que una cartulina normal escolar. Tienen acabado mate y son muy blancas. Al tacto son muy suaves y lisas. Usadas con impresora de tinta y funcionan perfectamente,5
171672,"PERFECTO VOLVERE A COMPRAR MA HA GUSTADO LA ESXPERIENCIA Y LA RAPIDEZ DEL ENVIO,VOLVERE SIN NINGUNA DUDA.GRACIAS POR TODO .",5
193205,"Va perfecto para BQ X pro, proteje 100 veces mejor que la original que es de papel de fumar, es la segunda que compro",5
165109,"Muy bonita. La tengo hace unos 20 días y está preciosa. Este vivero es totalmente recomendable, las plantas sanas",5
165662,Muy funcional. Tiene muchas solapas. Es mucho más robusta de lo que me dabas la impresión viendo las fotos.,5
187877,"Buscaba unas luces de este tipo para regalarle a mi hermana y me decidí por estar debido a su precio y buena apariencia. Además de recibirlas antes de lo previsto mi sorpresa al abrir la caja fue que venían muy bien protegidas y con instrucciones. El mismo día de entrega las instalamos en el patio de su casa y está contentísima, gran luz que da un toque de decoración excelente. Los materiales parecen bastante resistentes, lo recomiendo.",5
71782,La he tenido que devolver... poca potencia y complicada de montar desmontar para limpiar...,2
75206,"Pues dos aceites no son lo que dicen. Yo sé exactamente como huele aceite de árbol del té porque ya lo tengo y no huele ni tiene el efecto de aceite de árbol del te. Ni la vanilla. Los dos son algo, un flor o algo pero no son lo que dicen. Eso es un engaño. Los otros están bien pero el aceite sale más rápido que otros que he comprado, y así usas más que es necesario. La caja está bien, unos aceites también pero no puedo crear que manden unos con una etiqueta falsa. Eso puede ser peligroso si tienes algún alergia.",2
65709,"El servicio de entrega fue perfecto, como siempre, en tiempo y forma. Pero la cafetera es muy sencilla, me esperaba algo más de calidad. No tiene una base sólida ni estable y tampoco aprovecha, al menos en vitrocerámica, todo el agua que pones a cocer. Medí las tazas que me daba una cocción sólo con agua y el resultado fue de 8 tazas cuando la capacidad teóricamente son 10. Por eso le doy un suspenso en mi valoración del producto.",2
62893,"Al poco tiempo de empezar a usarlo mi hijo de 11kg empezaron a aparecer marcas blancas en el asiento por desgaste del plástico. No se cuánto durará, pero la calidad deja bastante que desear.",2
79853,"El producto tiene buena pinta, lo voy a probar unos días a ver... lo que NO me parece bien es que lo vendan como nuevo y claramente fue usado (supongo que probado y devuelto), la caja no tiene plástico de precintado y se ve porquería alrededor de las almohadillas nada más abrir la caja (mira fotos)",2
47356,"Los controles tactiles han dejado de responder al cabo de una semana de comprarlos, lo peor es que buscando en internet es un problema comun y B&O no hace nada por solucionarlo. Los voy a tener que devolver.",2
47801,"Lo he usado durante un mes y no he notado absolutamente nada. Es como si fuera ""agua"" únicamente. Ahora uso otro de the ordinary con el que si noto mejoría",2
75100,"Los biberones son perfectos, ya que son cómodos y de gran calidad. Los devolví ya que en el anuncio ponía que venía con la tetina X y vinieron con la tetina 2. Hice reclamación a Amazon y me los volvieron a reenviar los biberones diciendome que me aseguraban que venía con la tetina X y no fue así. Opté por comprar este mismo producto en otro anuncio de Amazon y encantada con ellos.",2
66019,La funda protectora el protector llego roto e inutilizable,2
63580,Parece como el original pero las teclas no funcionan bien,2
77178,Mala calidad se me sale la bola del sitio,2
42840,"Compré este ordenador con muchas expectativas que finalmente no cumplió. Era muy lento y el teclado no era el español por lo que se hacía muy difícil el escribir. Lo tuve que devolver, era casi imposible de utilizar entre la lentitud, que se quedaba todo atascado y no se podía mover el ratón ni instalar nada.",2
74486,"El aparatado funciona perfectamente con el ipad, es muy sencillo de configurar ya que solo hay que darle a confiar y ya se conecta directamente la siguiente vez. Yo lo utilizo para proyectar en clase y ver algún vídeo y me funciona bien en las dos semanas que llevo. Probé con un teléfono Samsung y hay que descargarse el programa que mandan y también se ve y con una tablet también lo conseguimos. La puntuación de dos estrellas es porque como ví que funcionaba compré un segundo cable para dárselo a una amiga y resulta que me ha venido abierto, es decir, usado. Yo lo compré 6€ más caro y encima usado, no me parece bien.",2
64412,"El libro viene dañado claramente por una manipulación indebida de la mensajería, no cabía bien en mi buzón y en vez de llamar que estaba en casa lo han embutido y doblado provocando daños.",2
57524,Se mancha desde la primera utilización....aunque intentes limpiarlo rascando queda sucio....yo lo compré para no usar papel de horno...pero despues de la experiencia con este producto....prefiero el papel de horno....,2
45348,"son mas pequeños de lo esperado, he comprado otros de otra marca que son mucho mas buenos y grandes",2
67333,"Lo compre el 15 de Abril y asi esta....A los tres días el dibujo se había borrado (eso me dio igual), pero en 4 meses ya esta despegado y cogemos el coche 2 veces por semana. En fin por el precio que vale..... pero podría ser un poco mejor",2
43084,"Es fea con ganas, como de los chinos, y no sirve para beber, es demasiado grande. De esas cosas que te regalan y o bien las tirad o no sabes donde meterlas",2
43543,Muy grandes y no se pueden desmontar para lavar,2
58349,"Venía abierto, la caja estaba manipulada y dañada",2
67782,"Llevamos 6 meses por lo menos con ella. Es muy ligero y suena, bien. Pero tuvimos mucha esperanza hasta que pasó el sabor de ""nuevo"". Y la pintura se manchó muy fácil y ahora tiene parches descoloridos que no se quita nada. Por un color tan clara, se nota y ahora no se ve tan bonita como el primer día. Una pena",2
75651,"Movil supuestamente con altas prestaciones. Mi Sony con la mitad de memoria y capacidad va muchisimo mas fluido, no comprar estas marcas,",2
54732,"Una lámpara muy bonita calidad/precio Se enciende tocando la base de la lámpara es táctil, ya que por eso no tiene interruptor",2
45813,"Me ha llegado muy rápido, pero viene la pieza que termina como en triángulo repetida y me falta la de empujar la cutícula 😣. Aún no he probado los instrumentos, pero estoy un poco decepcionada por el error. Espero que al.enos lo que ha venido merezca la pena",2
54549,No me gustó nada no se qda amoldada al sofá una decepción pero me lo qde no sabía hacer la devolución,2
78954,"La armónica en sí es genial, suena muy bien. El problema es que me ha llegado con varias ralladuras",2
68249,Desaparición del servicio sin aviso previo. Al intentar acceder menciona que la página web no esta disponible. No hay infomación en ningún sitio.,2
70247,"El material es bastante malo, el plastico de baja calidad, al principio no encaja bien ni en la PS VITA ni en el USB, eso si, CUMPLE SU FUNCION, cargar, carga. No volvería a comprarlo, gastaría algo mas y compraría algo de mas calidad.",2
58152,Se equivocaron de colores y me da pereza devolverlo. Sería un detalle que mandarán lo que se les pide. Tampoco es tan dificil. Tengo tiempo.,2
61163,"Los alambres de sujección al techo son finísimos y se me partieron varios de lso tres al poner uno de ellos. Lo tengo enganchado malamente a presión, pero se terminará cayendo. El vendedor ni ha contestado cuando le he pedido que me lo cambiara.",2
65545,Llevo varias semana tomandolo y no he notado ninguna diferencia y es por ello que no lo recomiendo en absoluto.,2
67028,"Al final del contorno se queda ligeramente levantado, por lo que con el tiempo se llenará de suciedad y habrá q cambiarlo.",2
67944,No está mal pero para su precio el acabado no es muy fino,2
79696,"La funda llegó perfecta. La pedí con dudas tras leer los comentarios de que ajustaba mejor en sofás más grandes. El mío es más grande y llega bien, pero....en la parte delantera y la esquina interior de la chaise Long no queda nada ajustada. Importante que si hay canapé debajo olvida el abrirlo fácilmente. El producto no trae ningún tipo de instrucción y se tarda un buen rato en averiguar cómo va, porque por las fotos tampoco se deduce bien.",2
43699,"En la descripción indica que el Paquete llega con pilas , pero el compartimento de las pilas está vacío",2
65184,"no se si es por que estaba a mucha potencia y casi sin agua ,pero han empezado a salir llamaradas de fuego ...menudo susto",2
40478,"Demasiado robusto. Además, para una altura de 1,87 no era nada cómodo.",2
45567,La verdad que parece más bien pegamento para la cara quita poco y te deja todo rojo horrible cuando te lo vas a quitar.. pero la función de pegamento de lujo,2
61512,"No cambia de marchas... parece roto. Mala calidad, pero bueno, no deja de ser un llavero. Tardo mucho en llegar, la proxima vez lo compro en ali.",2
48050,si bien funciona queda con unpoco de algura el disco que se le coloca,2
66475,"No me gustó... Lo deje por la mitad, pero tal vez a ti te guste...",2
65690,Me vino con avería pero no hubo problema para descambiar,2
58578,Tiene los agujeros bastante grandes... según el uso que le quieras dar te puede servir o tenerlo para ocupar espacio como es mi caso. Pero seguramente el error fue mío al no darme cuenta.,2
79296,"Acabo de devolver el producto, se veía bastante bien hasta que lo prove, el transformador que trae estaba haciendo cortocircuito y todo pedir reembolso, el resto muy bien envalado, se ve un producto de buena calidad a excepción del transformador ..",2
62019,"Después de un tiempo de uso la tapa de las baterías se cae, es de muy mala calidad; de resto cumple con lo prometido",2
64790,"El producto llego defectuoso. Habia zonas de la pantalla donde el impulso tactil no funcionaba, y el boton central aparte de ser de muy mala calidad (al pulsar sobre la pantalla, se escucha el botón como si estuviese suelto), no siempre respondía. La tira adhesiva tampoco se adheria correctamente, y la pantalla se termina despegando.",2
72237,"Este somier se compone de 4 patas exteriores y 2 interiores como se muestra en la foto, pero a nosotros nos han enviado 3 patas de cada como si las hubiesen escogido al azar a la hora de enviarlas. No es un problema que afecte al rendimiento pero si que es algo que a mi gusto hay que tener en cuenta. Por otro lado, las patas son fáciles de montar (no requieren instrucciones, solo un tornillo y una tuerca) pero en vez de enviarnos 6 tornillos y 6 tuercas, de estas últimas solo nos han enviado 4 y no podemos añadir las 2 patas restantes sin comprar las tuercas correspondientes. Se que se trata de un Somier barato que puede cumplir con las necesidades básicas, pero no cabe en mi cabeza que se pueda ser tan descuidado cuando se envía un producto, se demuestra dejadez y por mi parte no recomiendo comprar este somier si es para uso personal por el servicio.",2
69099,Un poco cutre ya que el soporte donde pones la tablet es de plástico y no es muy resistente. A mi se me rompió manipulándolo a los dos minutos de tenerlo. Lo bueno es que lo pude devolver sin problemas.,2
53517,"El sistema de imán que tiene incorporado funciona perfectamente para cerrar y apagar-encender la tablet, pero cuando quieres colocarla en posición horizontal no la sujeta bien. El propio peso de la tablet hace que sea muy inestable y al menor movimiento se cae. Buscaba algo sencillo y barato, pero no a riesgo de romper la tablet. Amazon, como siempre, impecable en la devolución.",2
41781,necesito que me hagas bien la factura esos datos no son los de empresa no me sirve para justificar el gasto.,2
74198,"Compré estos rollos de cinta de teflón porque no podía acercarme a ninguna tienda y la verdad es que son bastante caros, aunque la calidad es buena",2
77200,"El precio que se paga no es por las especificaciones, visto que hay otras opciones más económicas. El precio se paga por los acabados, la estética, una construcción correcta, el peso, etc. Pues justamente en los acabados el portátil falla. Hay teclas que están sueltas, en concreto las flechas en mi caso. La separación del borde inferior de la pantalla no es regular, se nota claramente un desnivel. Aún no sea pesado, no es tan ligero. Pero lo peor de todo son los ruidos: hace ruidos de crujidos constantes, parece que lleva un disco mecánico viejo. Lo he devuelto.",2
73706,No tiene mucha consistencia,2
75817,Tengo iPhone 8plus y no aguanta. Se cae y es un peligro porque puede caer donde los pedales y/o rallar el coche al caer. No tiene buen succión. A lo mejor un teléfono menos pesado podría valer.... pero para mi no funciona. Así que está sin usar.,2
79163,No me a gustado no huele y no vale para el unificador y caro,2
46782,"Me gusta que tiene poco tamaño, pero tiene muy poco alcance, apenas 50-60 metros, en un dron.... no es suficiente.",2
70052,"Me esperaba algo mejor, parecía usado y es de baja calidad, si no lo ves de frente no se.aprecia bien las imágenes. A ver lo que dura.",2
63695,"Quita pelos... Si, pero no como te esperarías. Deja mucha electricidad estática",2
69687,"pedí una L y aunque en la etiqueta marcaba esa talla, al ponérmelo no me entraba. Era una S. lo tuve que devolver.",2
54851,"Es un buen bolígrafo multicolor, pero lo cogi por ser capacitativo y la goma que sirve para interactuar con pantallas táctiles se me ha agrietado enseguida, es un buen boli, me encantan las cuatro puntas, pero mala calidad de la goma, no repetiría la compra si buscase un capacitativo.",2
40412,La cortina está muy bien pero pensé que sería un par de cortinas como normalmente suelen venir ...porque en el anuncio no especifica que sea solo 1 pieza,2
53402,"El cable sí es flexible pero no se queda en la mismo posición cómo se ve en la imagen de la descripción.... En esa imagen el cable parece de alambre ( si no, no sería posible que se mantiene en esa posición....) no me gusta nada si las descripciones no encajan con lo que venden...",2
41267,"Segunda Impresora Ender que me toca devolver a los pocos meses de uso, al parecer estas impresora sufren un problema con la placa base, a los meses ha dejado de funcionar el motor del extrusor con la anterior fue el eje z. Pense que comprando la Pro Ender 3 solucionaria el problema que tuve con la primera impresora que era la version normal, pero no no hay manera de que funciona, tas tratar con el servicio tecnico me proponen remplazar las piezas, pero siendo mi segunda experiencia he descartado el modelo y pensare en otra opciones, en cuanto a la calidad de impresion es buena pero claro no duradera...",2
64003,"Para el aire Panasonic que tengo, no hacia funcionar bien los diferentes modos. Nuestro aparato de aire no lleva bomba de calor, no se si será por eso. Por otro lado enciende y apaga nada mas sacarlo de la caja sin tener que configurar nada. Lo he devuelto",2
