55460,"No me ha gustado y lo he devuelto. No me ha servido para meter el bajo del uniforme escolar de mi hijo, ya que no tiene potencia suficiente para un pantalón grueso y salta la puntada constantemente.",2
46956,"Compre otra y me iba genial , probé esta pensando que era igual y no me ha gustado nada, no sujeta el tlf de mueve y se me ha caído alguna vez el tlf es un iPhone 6s Plus, no recomiendo este producto. Gracias",2
65690,Me vino con avería pero no hubo problema para descambiar,2
71874,"No tengo forma de acoplarlo en ninguno de mis dos coches,dado el poco espacio aprovechable de los coches hoy en día, no he podido aprovecharlo en las baterías de mis dos coches, pues no hay espacio suficiente al ser un cacharro algo grande. Desconozco para que modelos de coches servirá.",2
50365,"En principio con buena presencia, al cabo de 3 días puesto empieza a pelar el recubrimiento que trae la rueda... Por lo demás buen funcionamiento",2
66019,La funda protectora el protector llego roto e inutilizable,2
71981,El producto de mala calidad. Correa muy fina y al cabo de pocos días va perdiendo el color; no tiene nada que ver con la original de apple. No lo volvería a comprar,2
70528,"No se mantiene fijo en el hueco del encendedor, por lo que es poco útil. En cuanto se mueve el cable, se desenchufa.",2
43311,Me ha venido roto el plástico por los lados y no me deja devolverlo.,2
53966,"Viene sin precintar y la punta como derretida, para productos así para los ojos tan delicados soy muy exigente, por lo demás está marca es la que más me dura y más uso",2
43942,"Económico ,calor instantáneo",2
44691,"Pensé que serían la talla niño, tal y como indicaba en sus características. La entrega ok, el articulo no me convenció.",2
44934,"Pedi y pagué por el modelo con la estanteria superior, ya que estava en oferta flash, y me ha llegado el simple... 2 estrellas, el producto esta bien.",2
71227,"Decepciona en cuanto lo recibes, demasiado debil en general, al segundo uso se descosieron las asas de transporte, no merece la pena..",2
58521,"Pedí 2 pares porque tengo dos sillas, medí las sillas y fenomenal entraban perfrctamente. Una viene perfecta, pero la otra... Ya podéis ver que queda pequeñísima, había leido los comentarios y todo perfecto y estaba muy contenta con todos los comentarios, pero al ponerla... Desilusión.",2
65253,Tengo que coser uno de los ojos porque no se keda bien y se cae x lo demas todo bien,2
56864,"Si es un producto original de HP y es el adecuado a la impresora, lo que pasa es que llegó con más de diez días de retraso sobre lo indicado, y Amazon no ofrecía muchas ofertas sobre este producto en concreto. La próxima vez cambiaré de vendedor.",2
69311,Es demasiado grande y pesada. La compré y la devolví porque no es nada manejable. Si se quiere para casa puede que esté bien pero para llevarla en el bolso pesa y ocupa demasiado.,2
40478,"Demasiado robusto. Además, para una altura de 1,87 no era nada cómodo.",2
49027,He comprobado que entre los accesorios debe haber una llave allen y no esta,2
58060,En menos de 1 año el frontal del cajón se ha partido y no encuentro manera de ponerme en contacto por aqui con el vendedor para solucionar puesto que está en garantia,2
58738,"Se lo compre a mi pareja para Navidad, lo usaba todos los dias para ir a trabajar y en menos de 4 meses se lo ha roto la cremallera, asi que no estoy nada contento con ella.",2
59327,"El producto llegó tarde y deteriorado,creo que algo ocurrió durante el transporte,el embalaje estaba roto y lleno de cinta de embalaje,no obstante Amazon un 10,se responsabilizó de todo y puso solución rápida y eficaz.",2
69015,Las telas bonitas el envio tardísimo,2
77873,"Solo funciona con muy pocos telefonos, el usb, no se adapta a la mayoria de los telefonos.",2
63669,"Se adapta mal al móvil y es excesivamente gruesa. Tengo problemas hasta para cargar el móvil de lo gorda que es. El acabado del transparente es tosco, con zonas grises.",2
55812,Las cajas están bien pero pone que son 6 cajas y solo han llegado 4,2
52666,Cumple lo descrito pero no me sirvió al cambiar un sistema y no incluir el latiguillo adecuado; hubiera sido necesario haber descrito más el producto en las características. De todas formas llegó en tiempo y forma.,2
78610,"Pues no vi bien las medidas y la verdad es muy pequeño y ademas debí equivocarme y me llegaron dos unidades, así que no las usare. Si pudiera las devolvería.",2
54784,"Los cepillos ok, pero el Envio por culpa de Seur muy mal, NO ENVIEN CON SEUR",2
79303,"Aunque reconozco que por el precio tampoco se puede pedir más, la verdad es que la publicidad no tiene que ver con el producto final.",2
54206,Se caen todo el rato de las orejas.,2
69634,No funciona con lámparas,2
59043,El envío llego en la fecha señalada pero al abrirlo y probarlo la botella perdía agua por el cierre. Lo he devuelto.,2
41895,No se pega por los laterales. Y por abajo tampoco. Y uno de ellos ha venido un poco defectuoso que seguro afecta al ponerlo,2
48354,"La compré para la sjcam sj7 star y la cámara no la reconoce , en cambio las otras tarjetas las reconoce sin problemas",2
54557,"El juguete al niño le gusta, claro. Pero cuesta mucho meter y sacar las figuras del vehículo. Además la figura se ha roto en dos semanas (no serán más de 3 o 4 horas de juego).",2
76164,Son buenos cargadores pero NO SON DE CARGA RÁPIDA. Mi teléfono samsung los detecta como carga normal.,2
64299,"Pensaba que las maquinas de ahora serian mas potentes pero esta me ha parecido flojisima, La he comparado con la mía que esta vieja y queria remplazarla y no va a la misma velocidad. Tiene 24 pinzas, las philips 32 y la Silk Epil 40. No me ha gustado.",2
64965,"Suena a suelto, no lo volvería a comprar, es de baja calidad",2
48779,Lo tuve que devolver porque no funcionaba,2
53188,"Al principio funciona bien. Pero los materiales baratos al final se acaban notando, y acaba por perder la estanqueidad. Primero un poco por los vasos y luego por el regulador del aceite ha comenzado a perder muchísimo aire habiendolo ajustado solo el primer día. Supongo q si andas poco con el y el circuito de aire suele estar sin presión puede llegar a durar.",2
79258,El polimetro es decente y cumple para lo económico que es pero NO es de rango manual como se especifica en el anuncio como una de sus características principales sino que es solo de rango automático.,2
41961,"El protector recibido no es como en la imagen, es abierto en la parte superior, no cerrado y con agujeros. Por eso lo devuelvo.",2
58135,"Se ve poco, cristal de mala calidad y uno me vino roto",2
59993,"Tiene unos puntos en la parte delantera de la duda q molestan mucho, xq no deja ver bien la pantalla del móvil.",2
49987,"QUE no es,en absoluto la de dentro",2
47250,"El cristal solo trae pegamento por las esquinas, por eso se levanta con facilidad. No es compatible con la funda Speck Prestige. Vienen 3 unidades, pero no he podido utilizar ninguna.",2
65719,No me llegó y me devolvieron el dinero. lo he comprado en otro sitio y no lo recomiendo para nada. Es un chanchullo de capcom No lo compréis,2
67535,"Una semana han durado, pense que la calidad seria mayor pero nada si no fuese por que ya se me han roto los recomendaria",2
74227,"Da problemas para jugar, no me convence, esperaba mejor resultado. Tanto en play como en ordenador la verdad. No recomiendo",2
78130,Muy flojo el producto de muy poca calidad,2
59905,Muchos cacho y rotos golpeados y mucho cachito pequeño ...yo opino que menos cachos y más gandes,2
48950,"Realmente no lo he probado aún. En cuanto a la entrega, fue puntual, pero llegaron 117 pastillas, no 120. Y obvio: un solo bote. No puedo hablar todavía de la eficacia del producto.",2
49175,"Todo perfectamente embalado. Pero a la hora de colocar...uno de los dos no sonaba....lo he tenido que abrir y colocarle un cable que venía suelto. Despues de un mes, se ha vuelto a dejar de oir uno de los altavoces. Me he tenido que comprar otros diferentes.",2
54813,"La mesa venia con marcas en el cristal, y alguna esquina cascada. Era urgente y no pude cambiarla, fue una pena",2
62768,Calidad muy justa y se nota que es un funko antiguo,2
75589,"Usar esta pasta es tirar el dinero. No hace absolutamente nada, buen sabor de boca te deja pero por lo que vale me compro 3 tubos de marca reconocida y no esta importada de china. No la volveria a comprar porque no blanquea nada en absoluto.",2
45467,"El mando, muy bonito y lo que tú quieras... pero lo más importante, los joystick son muy rígidos, nada que ver con la sensibilidad de un mando de PS3",2
53168,"La caja llegó golpeada, es muy sencillo.",2
52673,"Lo compré por lo de ""silencioso"" pero no lo es en modo normal y mucho menos en modo rápido.",2
62465,"Material de baja calidad,vean como estan ya",2
64245,No conecta muy bien y pierde señal,2
45640,"La entrega se demoró. La verdad que son claras ese ve bien con ellas, dos cosas la goma que se pone en la nariz se despega todo el tiempo, yo compre 2 y en las 2 les tuve que poner pegamento. También se salen rapido del estuche en el bolsillo.",2
191859,"Perfecta para rutas nocturnas.Calid, precio muy buena y facil de instalar.Alumbra casi como un coche.Yo lo utilizó para rutas con bici.",5
173793,"El color de la foto no coincide con el original; es más bien color marfil con los ositos burdeos. Además es un saco enorme! Aún no se lo he probado a mi hija pero lo veo muy muy grande. A parte de todo eso, me parece de muy buena calidad y muy calentito. Los sacos son ideales para que no se destapen y no pasen frío.",5
193528,"Una pasada de auriculares, por lo que me han costado, son una pasada. La batería dura un montón, sonido potente, se conecta rápido y con gran distancia",5
176656,"Es muy practica por su tamaño, nos ha gustado mucho",5
165435,"Todo genial , rapidez y tanto la figura como la caja en perfecto estado.",5
178649,Me ha gustado el cumplimiento de la entrega y del producto que había solicitado. El uso del cable es conectar el ordenador con el televisor como segunda pantalla.,5
166660,"Recomiendo su compra, sin ningun defecto, producto completamente nuevo y funciona perfecto. A un precio menor a lo normal en este tipo de productos",5
185575,"Muy buena bolsa para transportar lo necesario para jugar al padel (raqueta, ropa, pelotas,zapatillas ...). Cómoda de transportar y de tamaño no muy grande. Permite llevar las zapatillas en un departamento aparte y ventilado. La pala va en un recinto protegido térmicamente. Se puede llevar como mochila en los hombros o como bolsa de deporte. Muy contento con ella",5
192924,Preciosa aunque un poco fina,5
166022,"Este mosquetón lo he comprado para ponerlo en unas llaves que uso en el trabajo y poder tener un mosquetón con la función que poner y quitar facilmente, compacto y encima pequeño. Una gozada!! Recomendado 100% para cualquier uso ya que tiene pinta de aguantar muy bien.",5
160214,"Hay un antes y despues de leer este libro, un tesoro que personalmente me ha ayudado mucho a desprenderme de las cosas que no necesito.Lo recomiendo 100%.",5
189585,Muy buen olor para gatos y duradero.,5
187013,"Tiene una tela amorosa y suave. El cojín del centro se puede sacar. El color es muy bonito. A mi perra le ha encantado. Relación calidad - precio, no esta mal.",5
160297,"Me ha gustado mucho, deja el pelo muy bien. Lo tengo teñido y dañado, y he probado casi todas las marcas buenas. Repetiré. Es la segunda vez que la pido.",5
175765,Buenas relación calidad precio,5
186932,"Genial, el mejor libro de Warcraft",5
193237,"Ha cumplido con mis expectativas. Es resistente y buena, más que la anterior que compré (era de otro vendedor) la única pega q le puedo poner esq le va ""justa"" a mi xmax 400.",5
183554,"Joyero de gran calidad por un precio asequible, en muy buen estado",5
196710,"De León picante poco tocino, muy bueno.",5
189688,"Estaba deseando que llegara para llevarla de vacaciones y llegó y está muy bien,viene con dos baterías,puerta trasera de repuesto accesorio para cintura,manillar ,varios acoples de bisagra y cintas de amarre,trapito de limpieza y cable de carga,la verdad un montón de cosas. Además del manual en español. Ahora sólo falta ponerle una tarjeta que no viene incluida y a probarla.",5
165648,"De momento funciona bien llegó correctamente, y el monitor de pantalla es grande pues era para mi madre, fácil manejo.",5
181328,"No he vuelto a utilizar cepillo y recogedor, cualquier cosa que se cae y solamente utilizo el aspirador, lo limpio cada día porque hace el trabajo sin esfuerzo y parece que no hace nada pero cuando abres el filtro y ves todo lo que ha limpiado te das cuenta. No tienes que pasarlo varias veces.... estoy encantada!!!",5
190600,"Muy buena relación calidad - precio ,muy buena calidad de sonido, muy recomendable para usarlo haciendo deporte",5
178446,"100% compatible con Nintendo switch, cómodo y práctico, solo hecho de menos que no lo hagan en más colores ya que pienso comprar más unidades, otra cosa genial es que marca con un led el número de jugador del mando.",5
164672,"La funda cumple su función, se adapta perfectamente al libro electrónico, es cómodo y suave al tacto. Como pega, la goma elástica que abraza la funda, en su costura, impide presionar el botón de encendido/apagado",5
167470,"Lo compré con pilas dado que es ""carga simultanea"" si me quedo sin energía, pongo otras y listo, consume poca pila, como un mando a distancia, todavía llevo las pilas originales, usándolo dos veces a la semana por 1h en cada caso. Funciona en MAC también, va muy bien, a pesar que es sencillo.",5
173477,"Si he recibido el cinturón, y estoy muy contento, pues es un articulo muy bueno y de mucha calidad. Gracias un saludo",5
162720,Esta super divertida para mi hijo. Me encanta!!!,5
169971,Me a llegado hoy y llevo todo el día probándolo y la verdad es q lo veo bastante bien me gusta la estética y la pantalla de 5.5 pulgadas q trae y no le e visto q le falle nada sólo e visto q trae una cámara bajita de megapíxeles pero aún asín hecha unas muy buenas fotos .Y lo q trae también q es un buen punto a su favor es q trae una tarjeta de memoria de 8 gigas aparte de los 16 internos q tiene yo creo q para lo q lo quiere mi hijo asta muy bien incluso creo q me lo voy a quedar yo ya q me a gustado como va,5
193052,Gran juguete para que estén entretenidos buen rato,5
196565,"Protege , buen precio, no soy un experto en colocar este tipo de cristales pero mirando por Internet lo coloque a la primera y me quedan dos, creo por lo demás que es como todos los protectores, para mi cumple con creces , aconsejó su compra",5
172660,"Excelente encaja a la perfección, buen producto",5
180955,"Pedales para carretera con sistema de anclaje spd (MTB) de Shimano. Pesan 280 gramos, menos que unos xtr, la zapatilla apoya perfecta en el arco de aluminio del pedal, acabado impecable, anclaje por un solo lado, encantado con estos pedales que puedo usar con cualquiera de mis zapatillas MTB .",5
163256,Muy buena calidad y se ajusta perfectamente,5
179419,"Me gusta mucho la textura que tiene. Es una crema muy hidratante que no deja la piel con una sensación grasa. Además se puede utilizar para día y noche, por lo que resulta muy práctico para no tener tantos productos",5
187368,es como el la foto y llego la mañana del dia que se indico que iba a llegar. Los llevo puestos ahora mismo y quedan de miedo,5
160500,"Están muy bien, variedad de medidas",5
183653,"Una pasada, me. ha encantado.",5
182333,Es original eso lo dice todo,5
172665,El Artículo es 100% recomendable !,5
171905,Esta chulisimas rs pequeña para niñas de 12 meses asin,5
188898,"Excelente calidad y diseño muy bonito, para viajes es perfecta",5
186366,"Suena bastante bien, alto, dura bastante la batería, y lo puedes llevar a cualquier sitio con su batería llena",5
198991,Cierra bien. Viene con un montón de accesorios,5
191601,"Para sacar los hielos una vez hechos es una maravilla lo sencillo que resulta, los recomiendo mucho. Una excelente compra!",5
183974,"Bien. Filtros para la brita., Poco que más añadir. Bueno... Más ofertas por favor",5
199493,"Tattu nunca falla, para freestyle, las mejores baterías que he probado. Rendimiento excelente.",5
195769,"Super contenta con la compra, y mi hija encantada. Bonito,comodo,practico y resistente. Lo recomiendo,mi experiencia es muy positiva.",5
162083,"Es el primer vaper que compro y dentro de mi criterio funciona perfecto, lo compré para empezar a substituir el tabaco y dejar de fumar, y por ahora cumple mis espectativas.",5
174023,"La talla perfecta!! Muy cómodo, abriga y no pesa Es ideal",5
180062,Un juguete clásico y muy divertido.,5
186600,Muy Buenos gráficos un juego excelente llegada muy rapida,5
177564,"Es un regalo genial, le encanta a todo el mundo.",5
176754,"tiene mejor calidad y acabado que lo que espraba , lo hemos probado hemos pasado buen rato y pese a los usos no se deterioro nada, lo recomiendo para quien quiera pasar un buen rato con su pareja, Le doy un 5",5
174927,Solución inteligente y buen acabado en aluminio. El móvil carga con la funda puesta.,5
183326,Batería realmente portátil... el tamaño es algo más grande que un iPhone plus pero realmente delgada para la capacidad que tiene. Viene con dos pequeños adaptadores para teléfonos de última generación,5
161844,Es muy cómodo y ligero,5
176947,"Espectacular producto, por parte de amazon en logistica les doy un 0 si un 0 por que era una compra garantizada para el viernes 15 y me lo entregaron de martes 19, asi que pongan las pilas a quien sea pero el cliente no tiene la culpa",5
187828,"Son muy comodas,pero la unica pega es la talla,hay que comprar un numero mas del habitual sino quedan muy justa.",5
172494,"Son unos auriculares que se adapta muy bien al oido asunto muy importante para mí cuando hago deporte necesario que no se muevan, tiene un sonido limpio y lo de cargarse en el mismo estuche es muy comodo",5
169034,"Precioso y elegante, una cucada. Vale para gato adulto pero yo se lo puse a mi gatita de 2 meses y en el último agujero la valía. Merece la pena. Me encantó",5
174712,Cumple absolutamente con lo especificado. Un diez.,5
193208,Producto de excelente calidad. Buena relación precio calidad. Vendedor recomendable,5
180481,De momento funcionan perfectamente. No han dado ningún problema con el driver de la impresora. Los reconoce y no los rechaza. La duración de la tinta es la prometida y los cabezales no presentan problemas. Al ser mucho más baratos que el original parecen una magnífica alternativa. Además llegaron muy rápido...,5
18672,Producto de muy mala calidad el primer día se ha roto el pantalon por la parte de atrás a agacharme,1
9669,"todos son iguales de grandes, y son inutiles el del dedo gordo y corazon me queda pequeño y el del dedo meñique me queda grande solo tienen la medida del dedo anular y del indice. Por lo que no me sirven los he tirado a la basura (RECICLAJE) ademas no importa el tiempo que lo tengas puesto no se levanta el esmalte , AL FINAL LO MAS EFICAZ PAPEL ALUMINIO ,lo clasico ,lo que SI funciona.",1
7129,"Llego la caja toda rota y cuando lo abro esta mal cerrado y con el precinto de seguridad roto ademas de todo el polvo fuera de su bote.no lo recomiendo.mal entregado,bote casi vacio...muy mala compra",1
17480,"Muy mala atención, han pasado más de 2 meses y aún no recibo mi pedido, no contestan a los emails, muy malos, no los recomiendo.",1
19476,Un timo ... nunca más les comprare algo a esos.,1
4599,No vale para el Xiaomi redmi note 4 aunque estaba indicado en las opciones de modelos.,1
11396,"Es tedioso de poner,no se adhiere y te ves obligado a acabar usando pasta térmica,al menos si lo vas a usar en una gpu,en la cpu si lo pones tal cual no es tan tedioso pero realmente no hay una mejora en las temperaturas,en general no es un buen conductor y si se usa solo sirve para cpu. Si lo vas a usar junto con pasta térmica es perfecto y tendras muy buena conducción de calor,pero por si solo es un mal producto.",1
2167,no me han devuelto el importe del cubo que envié en mal estado no figura en mi cuenta ningún importe.,1
1508,Se descarga muy rápido. En dos meses dejó de funcionar. No aconsejable. No encuentras fundas ni accesorios para estos moviles,1
23224,Que todavía no lo tengo,1
29913,El producto nunca ha llegado,1
28000,"Es un engaño, este producto nunca llegó, me enviaron uno diferente",1
13439,Se rompió a la semana de tenerlo,1
34750,"Un desastre, la compré para un cybex air y solo duro 1 tramo del viaje. Se rasgó de la costura y a la basura. Muy mala calidad",1
29406,Mi voto es malo. Por que en las fotos sale el clásico y en la descripción el XL y no me fije bien en la descripción..... No corresponden las fotos a los cafés.,1
24841,No sirve para nada . Los gatos duermen a su lado.,1
534,"el cartucho de color no lo reconoce la impresora debe tener en mal estado el chip que tiene que reconocer la impresora, lo he limpiado con alcohol, reiniciado la impresora y no va, voy a devolverlo",1
27202,"Pésimo. Para el Redmi Note 6 pro no cubre la pantalla, no me refiero a los marcos negro, eso lo daba por hecho, me refiero a que no cubre ni siquiera la parte visible, con lo que afecta a la calidad de la imagen y encima es practicamente imposible centrarlo. No recomiendo nada su compra",1
33058,"Impresión de baja calidad, los textos no son nítidos, se ven como borrosos.",1
11507,Los tornillos se aflojan y se pierden fácilmente.,1
26361,Dejo de funcionar a los pocos meses,1
22945,Pues lo que no me gustó que nunca me llegó pero en fin comprendo que a veces puede pasar esas cosas,1
25932,NO SON COMO EN LA FOTO Y NO VIENEN EN UNA CAJA LE HE PUESTO UNA MONEDA AL LADO PARA QUE MIREN EL TAMAÑO. Casi dos semanas de retraso para que me llegue esto. No sirven para peinar parecen pulseras. Ademas me llegaron absolutamente todas de estrellitas NO SON COMO EN LA FOTO . QUE DECEPCIÓN.,1
21176,"No he podido utilizarlo. Pedí 2 y sin mando venían los 2, así que los devolví",1
24223,Lo he probado con dos tv y no conecta. Cuando en una ocasión lo conseguí no reproduce netflix.,1
18125,"La verdad que compré esta mochila para uso diario y cuando llegó me pareció capaz de contener algun libro/estuche/ camisetas pero la verdad es que es bastante pequeña, aunque se abra del todo cambiando la anilla de lugar (2ª posición que ofrece). Además, las asas se desplazan, no aguantan bien el peso, hay que estar ajustándolas constantemente. En cuanto a los bolsillos de seguridad están genial, pero me gustaría que tuviese más capacidad. Es una mochila de paseo, nada de utilizarla en tu día a día.",1
4113,No lo he recibido aun! Y lo pedi en agosto,1
6531,"Una de las 3 bombillas venía ya rota o con un defecto de producción en el paquete (filamento intacto pero suelto y enredado). No las devolví por la urgencia de usar las otras dos, pero no me parece mormal que un defecto así pase los filtros de fábrica.",1
2115,No poder utilizar por haberlo recibido en malas condiciones la esponja del rodillo estaba rajada,1
10679,"La caja de presentacion me ha venido sin precintar y en mal estado, espero que funcione sobre todo porque es para un regalo.",1
19864,NO LO RECIBI. QUIERO LA DEVOLUCION DE LO PAGO.,1
6829,"he comprado este producto para una antorcha y he perdido su totalidad, debido a que no se adapta y pierde el gas.",1
19566,"Me gusta todo excepto que no me coge internet,ni por cable ni por wifi. Una vez conectado a Internet de cualquiera de las dos maneras, me sale ""network error"". Lo je puesto con varias líneas de Internet, mías y de mis vecinos y no lo consigo con ninguna. Sin problema es que antes de ayer se me cumplió el plazo de devolución y Ahora no sé que hacer con el decodificador. Me imagino que tiene una garantía. A ver como lo puedo solucionar. Gracias.",1
10681,"Con el producto estoy contento, pero con Amazon no. Es la tercera vez que últimamente Amazon me cobra un euro de más, por realizar un pedido de varios productos y supuestamente y según manifiestan, es para comprobar que la tarjeta bancaria que utilizo tiene fondos. Posteriormente y tras esperar un tiempo más que prudencial, no me lo devuelven porque según dicen, es mi banco el que me retiene el citado euro. Para su conocimiento, suelo realizar compras constantemente en multitud de comercios online y en ninguno de ellos se me cobra más dinero del debido ya que no me ""retienen"" ningún euro.",1
26569,"Lo que es en si la máquina bien, pero los peines para regular el tamaño del corte son muy malos, se rompen con mirarlos. La máquina se queda inservible si la utilizas para rebajar la barba.",1
25476,Con la mascarilla se resbala en la mano. No se puede utilizar.,1
26436,"Estaba previsto que el producto llegase entre el 4 y el 8 de octubre... Estamos a 11 y todavía no ha llegado! Y ni siquiera un mail para avisar del retraso. Eran para el cumpleaños de mi hija, menos mal que sólo era un detalle accesorio y lo teníamos todo preparado. Evidentemente, nunca más compraremos productos de este proveedor.",1
1293,"El producto no funciona, intento contactar para resolver en garantía y no lo consigo, no hay opciones de contacto.",1
1085,No se queda fijo y es incomodo,1
15650,"a mi dispositivo al cabo de unos días se le ha puesto la pantalla verde a los lados, no digo que todos estén así, pero a mi me ha tocado, esperando que me solucionen, a ver si cambio mi opinion.",1
21906,Es solo un plástico sin mas. A parte de que ni siquiera se pega en la pantalla es de color amarillo. No lo recomiendo,1
33815,"La impresora tenía buena pinta pero me llegó estropeada, no funcionaba el escáner. Además la garantía según su número de serie era de solo 5 meses según la web de HP",1
26260,"Soy bastante manitas para estas cosas y a parte de que son complicadas de poner se notan muchísimo los imanes, con lo cual no las usaré. Dinero tirado a la basura.",1
1155,Solo venía una unidad,1
27001,No me lo han enviado ni siquiera,1
27435,"La peor cámara del mundo, ni siquiera me he atrevido a meter una tarjeta de memoria, con encenderla fue suficiente para devolverlo.",1
7787,"pues mal porque me pierde calidad. necesitaba un alargo para poder poner el router de movistar más lejos, pero con este cable la señal de fibra me llega peor y el router marca luz roja.",1
11000,"Pesima calidad, muelles muy flojos, nada recomendable",1
2554,Decepción con el producto. Las corta uñas desviadas hacen el corté mal con repunte te toca siempre corregir los con la lima. Mi opinión no bale el precio qué hemos pagado por el. Te dan pegas por devolver lo aber si lo consigo!,1
7043,"Una mierda, no funciona para nada. El cafe no sale, se atasca cada dos por tres y se quita muchas veces el tapon verde (asi que tambien es complicado quitarla de la cafetera)",1
2163,"el protector de pantalla es pequeño para el movil huawey g7, aunque ponia que era el correcto, tampoco llego en el tiempo indicado",1
33078,"La cama no tiene sujeción, es excesivamente blanda, no tiene armazón. No me parece cómoda para uso diario, sirve más para uso ocasional y de viaje, porque ocupa muy poco espacio.",1
19882,No la recomiendo para nada. La batería apenas dura 2 horas. Y no tiene las características que ofrecen.,1
8958,Se rompió al dia siguiente por las esquinas sin golpe.,1
15272,todavia no lo han entregado despues de 3 dias sin moverme de casa y nadie dice nada,1
27777,A los dos meses y medio ya esta de camino a reparar porque no carga ni con uno de fabrica ni uno nuevo. Veremos como se portan con la garantia.,1
11132,"En agosto mas o menos hace un año que lo compre, ya no me carga el móvil",1
6281,No ha llegado el producto,1
27390,"No me ha llegado el producto y llevo dos meses esperando, pésimo servicio",1
5257,"Pegamento muy difícil de quitar, queda muy duro y no se disuelve a la hora de retirar las pestañas. No lo recomiendo.",1
32304,"Mala batería, no se adaptan a mis orejas pese a llevar diferentes tamaños de goma y, por tanto, al hacer ejercicio se mueven y dejan de escucharse bien. No sirven y se me ha pasado el plazo de devolución. Dinero tirado a la basura.",1
35755,"Debido a los continuos trucos rastreros de Amazon, cancelando productos que ponen en venta a precio de oferta y que terminan cancelando justificandose en error de precio, recomiendo a todos los usuarios que no vuelvan a comprar jamás en ninguna página de Amazon",1
15679,Horrible los discos hacen daño irritan la piel demasiado es como una lija para pintura,1
10284,"Estoy muy descontenta con el producto. Se adhiere solo por lo laterales, por lo que al mínimo golpe se levanta. Lo peor de todo es la visibilidad que quita. Se quedan las huellas de los dedos y parece que el teléfono está sucio de forma permanente.",1
151975,Estéticamente preciosa. No se nota y el móvil parece que no lleve protector sin embargo no es compatible con mi funda spiegen,4
144997,"bastante bien poe poco dinero, el motor realiza sus funciones bien",4
129442,Esta muy bien realmente llevo 1 año con el y se ve que el material dura lo recomiendo hay que adaptarse un poco al el al principio,4
157208,"El envió correcto y rápido. Viene muy bien envuelto, y esta bien. Correcto calidad precio, es lo que esperaba. Lo recomiendo.",4
122724,"El producto es tal cual aparece en la foto. El diseño de la cajita es sosa pero esta bien para lo que es. Una cosa que no me gusta mucho es que en cada apartado entran más o menos 5-7 sobres, ya que sino, la tapa no cierra.",4
120957,"Cumple su función. Las argollas pequeñas vienen separadas del conjunto, no entiendo el motivo. Hace que sea fácil perderlas.",4
156140,"Funcionan muy bien, se conecta perfectamente sin problemas, buen articulo buena calidad con un buen precios, lo recomiendo. Muy contento.",4
142884,Funciona perfectamente!! Funcionamiento sencillo.,4
153555,Relación calidad precio muy bien. No se ven artificiales. pero hay que usar pegamento aparte del que traen.,4
121493,"Aún que parezca lo clásico es la definición perfecta. Son calidad precio perfectas. Tienen más pastilla que las que había puesto siempre de tienda. Encajan sin problema, y su tacto y frenada más que buena . Las he utilizado en 5 salidas con buenos desniveles y ok.",4
129694,"Merece la pena. Parece un poco grande por la tapa que es donde va el motor. Para accionarlo basta con presionar hacia abajo. Es una picadora de buena calidad, lo que la hace mejor es el accesorio morado y la cuchilla para trocear, te olvidas de lo que es picar cebolla, pimientos...casi cualquier cosa. El tomate también aunque no como si lo hicieras con un cuchillo. NO pica hielo, lo dice claramente en las instrucciones. Ah, y monta nata en menos de un minuto como la de la pastelería. Eso no me lo imaginaba y es un uso que le doy a menudo.",4
155657,El mando ni funciona muy bien,4
130384,"Buena funda a buen precio. El único pero, el plástico donde venía, estaba roto y para guardarlo he tenido que buscar otro.",4
137590,Ideal para bebés de medio año. Estuvo encantada con las diferentes texturas de los libros. Le llamo la atención los colores vivos.,4
155178,cuando llego era un poco chico recomiendo pedir mas talla de lo que se necesita pero pedi el cambio y sin ningún problema,4
159751,Fue el regalo de mi hijo,4
139852,"Un olor muy especial, recomiendo olerla antes de comprarla. Buen precio teniendo en cuenta la marca. Rapidez en la entrega.",4
121449,Muy bueno el producto cumple con su función y todo el envío en orden.,4
144257,"Funciona bien, un poco largo",4
131530,"Buena calidad. Buen tacto, aunque se pierde un poco la sensación de fluidez al tocar. El único fallo es que, como todos los protectores hasta la fecha, ninguno cubre 100% la pantalla del Pocophone. Desde mi punto de vista si alguien consigue un protector que cubra y se adapte bien al movil tendrá como mínimo un cliente seguro.",4
143929,"El producto es fiel reflejo de la imagen. Llegó puntual, el día estimado. Satisfecho con el contenido y con la compra",4
138328,Calidad precio está bien. Ojo la pelota viene deshinchada. Si lleváis idea de regalar la pelota a vuestro hijo como era mi caso tendré que comprar un hinchador antes de que la vea,4
136007,"Me ha durado dos días. Se me cayó y como las tostadas cuando caen según la ley de Murphy, cayó del lado de la mermelada (pantalla) y cascó el cristal protector, el tfno está bien.",4
147242,Producto adecuado para una terraza,4
133417,Se hace muy fácil la espuma.,4
139979,"Mi hijo está muy contento con sus zapatillas. Dan mucha luz, Son muy configurables en sus colores y divertidas. De aspecto bonito. He tenido algún problema con una de ellas pero el vendedor nos atendió bien y rápido",4
122771,Muy buena relacion calidad precio. Todavia no la he lavado pero el color muy bonito. No dudaré en comprar más bajeras y basicas del estilo.,4
126122,"El plástico es un poco fino, pero cumple su función",4
158089,"No es la primera vez que tengo este modelo de zapatilla, todo bien, todo según espectativas",4
137359,Apenas lo usé pero parece bastante resistente,4
120219,El set de 4 creo que se queda corto porque 2 de las 3 bolsas de compresión son bastante pequeñas. La calidad es buena. Deberían indicar las medidas de las bolsas para no confundir.,4
136912,Compre el de 20 m para llevar internet del salón a la oficina y llegan los 600 Mb completos de la conexión. Osea que cumple el cometido por el cual lo compré,4
158848,"Es bonita, queda bien, se ve resistente y trae: 1 boli con la parte posterior que sirve para escribir sobre la pantalla, 1 Tapón Antipolvo que creo q es para la entrada del auricular y 1 pequeña gamuza para limpiar la pantalla",4
158151,"Funciona bien, pero preferiría que tuviera los mandos al revés porque es a lo que estaba acostumbrada (éste tiene la temperatura en el mando de la izquierda y la apertura del agua en la derecha). El mando de la temperatura a veces pareciera que está un poco flojo, da la sensación de que se puede estropear en cualquier momento. El mando de apertura del agua sirve también para elegir si quieres que salga por la alcachofa (al abrirlo hacia arriba) o por el pitorro de la bañera (si lo giras hacia abajo), y se puede regular en ambos casos cuánta cantidad de agua quieres que salga. Esta era una duda que tenía antes de comprarlo porque en las fotos no se ve ni tampoco en las explicaciones; y sí, se puede regular el caudal de agua. En general me gusta.",4
139445,Esta bien todo el pack,4
133103,"Llegó a tiempo y bien embalado. Exactamente el producto anunciado y funcional según lo anunciado. No le pongo 5 estrellas porque compré uno hace 2 años de otra marca, misma función pero sólo 6 tomas USB (que ya no lo tiene Amazon) y el acabado exterior me gusta más al ser tipo caucho por lo que no resbala con facilidad.",4
155404,"Totalmente recomendable, me está dando muy buen resultado. Tienes que acostumbrarte a las cantidades de café y al tipo de café qué mejor resultado dé y va perfecta. En mi caso uso café molido normal, sin necesidad de usar el que venden especial para máquina.",4
142642,"Cabe el apple pencil, accesorios. Lástima que no quepa el cargador.",4
154649,"Idénticas a las que tenía puestas , van un poco más duras pero bien.",4
124551,justo lo que quería. es enorme. se pega bien y entres meses de uso casi diario con niños esta como nueva y sin moho,4
156042,"Tras probar otro dispositivo comprado en Amazon y que no funcionó, compré este por las opiniones favorables existentes para su uso en un Amazon Fire Tv Stick y tras una semana de uso, su funcionamiento es correcto, no he tenido reinicios ni faltas de suministro eléctrico en el dispositivo. La velocidad testada es la correcta y por tanto, dispositivo compatible. Solo la pega que me paree excesivo su precio (casi al mismo precio de venta ordinario que el dispositivo original de amazon para ethernet) pero estando agotado en stock el Ethernet de Amazon, éste es el apropiado adquirir y no queda otra que pagar su precio",4
126523,"CONTENTO CON EL PRECIO Y LA ENTREGA, ALGO MENOS DE 6 EUROS EL LITRO GASTOS DE ENVIÓ INCLUIDO.",4
139156,De momento perfecta impresión. No observo diferencias con el original. Fácil colocación . No ha aumentado tampoco el ruido al imprimir.,4
136566,"Mientras estás bañando al cachorro, la fragancia es fantástica. Pero lamentablemente, el buen olor no dura mucho después de ello, en cosa de dos días se ha disipado por completo. Eso sí: el pelo lo deja super suave y brillante. Así que vale la pena.",4
156160,"Me ha gustado la narrativa, haciéndote espectador en primer plano de cada suceso descrito. Me ha gustado el sentimiento, la sinceridad y forma directa de contar la historia sin ofender a ningún actor de la misma. Me ha gustado la evolución de aprendizaje de la persona protagonista y la generosidad permanente de su carácter. Recomendaría el libro a quien le guste el deporte en general, a quien entienda que es mucho más que el éxito de primera línea. El éxito, en mi forma de ver, es ganarte la vida con lo que te gusta hacer. El autor, aunque dice lo contrario, creo que siempre ha amado este deporte, que le ha recompensado conociendo a importantes personas que han marcado su vida. Un hombre afortunado por buscarlo, luchar por ello, conseguirlo y reconocerlo.",4
124133,"ideal para realizar tareas de bricolage y manualidades. Puedes realizar cortes con cutter, sin a rallar la mesa o romper el filo del cutter.",4
122539,"Está bien por el precio aunque es algo pequeña, pero más no se puede pedir. Cumple su funcion",4
150888,"Fue necesario hacer algunos ajustes para poder acoplar los ruedines. No son tan universales como aparece en su publicidad. Pero, en fin, pudimos finalmente acoplarlas.",4
153535,"Si estas muy lejos del wifi y quieres usar esta antena para aumentar el wifi, no lo compres. Yo estoy bastante cerca del wifi y aun así hay aveces que se me va la conexión.",4
122050,Esperemos que las pilas duren lo esperado.,4
159778,"es práctico, relativamente pequeño (perfecto para bolso), funciona correctamente y es bonito",4
134755,Este alternador de corriente funciona perfectamente. El único problema es que es un poco grande y hace algo de ruido el ventilador al conectarse.,4
143996,"Suena genial, justo lo que esperaba",4
157791,"Esta genial y es amplio para dormir dos personas por poner un pero, hasta que se desinfla para poder recogerlo tarda un poquito pero entiendo que es como todos por lo demás está muy bien",4
157808,"Buena calidad precio para este juego de toallas Hasta el momento, no destiñen y son suaves. Totalmente recomendable no te arrepentiras",4
159794,Estupendos para mantener en buen estado todas mis brochas de maquillaje. Vienen muchos,4
122365,Tal como viene en foto,4
148204,"En general es un ratón bueno. Es muy cómodo. El bluetooth funciona muy bien y así me ahorro utilizar un puerto USB. La rueda en modo (libre) es muy útil y va bien pero, en modo normal no tiene un tacto bueno, cualquier ratón de los más baratos tiene una rueda con un tacto mejor. A pesar de este ""problema"", el poder seleccionar entre modo normal y modo libre en la rueda me parece un gran avance, quizá en el futuro mejoren el mecanismo pero de momento en un ratón con estas características es lo que hay.",4
152058,Me llegó antes de la fecha y la vela es lo que esperaba. Muy bonita,4
134886,"El producto genial, pero me vino super tarde, las queria para carnaval y no llegaron",4
127278,De momento 15 días de uso y no han fallado .. buena calidad precio.,4
148507,"El iPhone 5S que tengo cabe perfectamente, me hubiera gustado que enseñara un más y menos en los botones de volumen, y sobre todo lo que falla es que no carga al enchufarse en un adaptador original Apple 30 pin-lightning que tengo para una radio smart antigua, ya que el lightning no llega a entrar del todo por espesor de la funda. Por el resto calidad Apple de los materiales, protección hasta el frente que queda separado de la superficie horizontal para no rallar el cristal y acolchado por el interior.",4
139702,"Funciona a la perfección, nada que reseñar ni malo ni bueno",4
128766,"Efectivo, con el sol refleja un poco y no se ve bien la Pantalla de tlf, claro yo lo e utilizado para moto de campo pero bien.",4
115248,No recomiendo este protector a pesar de la nota y explico el porqué. No se puede llevar si funda con este protector debido a que no cubre toda la parte de atrás y si lo pones y pones una funda queda muy abultada.,3
104630,Es facil de usar pero se oye poco,3
110316,"Materiales muy justos, pero cumple su función.",3
97860,la parte a mejorar es lo Difícil de manejar que se vuelve por las malas instrucciones que facilitan con el altavoz. Pero suena muy bien y el tamaño es ideal. Muy buena calidad,3
109746,"Hola sabéis si los blancos brillan en la oscuridad como los originales,me gustaría unha respuesta muchas gracias de ante mano.",3
107813,"recomendable, cumple perfectamente con lo anunciado en la página",3
91757,Se ensucian muy facil Se coloca muy fácil. Los tapones son de peor calidad que los puños en si. El dibujo de los tapones se va enseguida,3
117219,"Calidad/ precio. Buen cuerpo, buen material, estéticamente son bonitos pero tienen muy poco agarre.",3
85356,"Sirve para recipientes que tengan esa forma y tamaño, para otros más cuadrados, rectangulares o algo más grandes ya no. Les faltaría algun agujero para colgarlos y tenerlos a mano, pues en los cajones quedan esparcidos y más dificiles de encontrar.",3
95722,"El legging me encanta: el tejido,el elastico,la cintura...pero en la prinera puesta se me ha pelado la zona que rozaba con el bolso. Una pena porque es comodisimo. Ahora no sé que hacer con él",3
88455,Como en la foto. Queda muy gracioso,3
82238,"El reloj está bien pero tengo problemas de sincronización con el podómetro, no sé si se debe al modelo de mi teléfono, o que... pero por eso o estoy del todo satisfecho.",3
101885,Queda bien pero no es piel como pone en la descripción. Es cómoda. Cara para lo que es.,3
97292,Una sudadera que está bien. Le compré una talla más porque por experiencia se que vienen muy chicas. La calidad es regular nada más aunque mi hija está encantada,3
83966,Su diseño es perfecto para guardar cosas,3
90234,"Podría ser mejor Las cuchillas no son tan afiladas como quería ... Tuve problemas para cortar las batatas ... De lo contrario, hace lo que promete.",3
112986,muy bonitos pero no servian para mis gafas que casi se me rompen las patillas d las gafas,3
83687,"Me parece un buen producto, pero era para un regalo y me ha llegado roto, solo llegaba dentro de una caja de cartón con más cosas y dentro de una bolsa de plástico....",3
80358,"El libro físico me ha venido con algunas paginas mal cortadas, I el Ebook lo he probado mediante navegador en el ordenador con Chrome y la carga es bastante lenta",3
102300,"Está bien, cumple su cometido",3
102523,"Hemos comprado esta cama para nuestro perro, que es cruce de podenco. Es bastante grande para él, pero era lo que buscábamos. La cama es muy mullidita, y el cojín de dentro tiene dos caras: una más para invierno, ya que es calentita, y la otra para verano. Le pongo tres estrellas porque la huella bordada que viene en una esquina se está deshaciendo, y el perro lleva durmiendo en la cama menos de una semana, por lo que parece que, en ese sentido, el precio no corresponde a la calidad del producto. Lo demás por ahora bien. EDITO: Tras dos meses de uso, el cojín ya no está tan mullidito, se ha quedado muuuy finito :(",3
86662,"Lo devolví para comprar el que trae base. Así y todo puedo decir que hay dispositivos IR que no sabe controlar. Por ejemplo, los aires acondicionados Haier. Con la tele Philips se lía mucho, tiene los tiempos de espera mal configurados. Tengo un Broadlink de veinte euros que lo controla todo mejor, pero solo va con el telefono y por voz con el Google home.",3
104263,No tiene los menores acabados pero hace bien su función,3
113634,Buen precio pero ponerla en la posición alta es un desafío,3
113361,Son de tamaño muy pequeño pero le doy tres estrellas porque el de color verde no escribe y por el tamaño que tienen los veo bastante caros. Por lo demás pintan bien y se borran fácilmente,3
107010,Envase de plástico duro con 90 cápsulas blandas de clorofila están compuestas por colágeno magnesio con ácido Hilauronico y vitamina C. Según el fabricante es ideal para tener una piel en perfecto estado y es bueno para articulaciones y huesos en unos días o una semanas. la verdad que me dan un poco de mal royo,3
92534,La figura llego bien pero la caja vino destrozada y envuelta en una bolsa de papel en vez de una caja.,3
109393,"Cargador muy bueno, pero deberían mejorar el anclaje a la ranura de CD del coche. Pesa demasiado y con el teléfono, ese anclaje, se queda endeble y termina por salirse.",3
104505,"Llegó en el tiempo previsto. Son fáciles de poner, aunque no vienen muy claras las instrucciones. Voy a evitar tener que ir a poner remaches o automáticos.",3
89520,"Es bastante bueno. Buena calidad de imagen aunque en algunas fotos las caras salen borrosas. La pega principal que veo es la batería. No dura demasiado aunque sí se carga rápido. No tiene ranura sd. Piloto de notificaciones tampoco, ni cuando carga. Por lo demás muy bien",3
111425,El producto cumple con lo que anuncian y le pongo 3 estrellas porque esperaba que fuese un poco más larga. Pero por lo demás bien.,3
109514,"Uno de los tornillos vino defectuoso, y resultó ser un problema ya que no viene ninguno de repuesto",3
107965,El material de la funda olía bastante mal y lo devolví.,3
86307,"Hace 3 años que la tengo, la verdad es que estaba contenta porque aunque no la usaba mucho iba muy bien, pero de repente hoy la he querido usar y directamente no ha funcionado.",3
80472,EL PRODUCTO ES LO QUE ESPERABA. EL PLASTICO MUY BLANDENGUE PERO PARA PONER LOS ZAPATOS ME VALE. ME VINO CON UNO ROTO PODIAN ENVOLVERLO MEJOR.,3
119376,Estoy siendo generosos pues no lo he provado,3
116281,Muy práctico aunque no tiene mucha potencia,3
90305,Use este producto para ponerlo en mi Panda 4x4. Podrían haber sido un poquito más grandes pero bien por el producto,3
93048,"Calcetines chinos, son cómodos y bonitos, pero poco duraderos",3
105756,"Las medidas no corresponden con la descripción, son un poco mas grandes y me ha condicionado el lugar de la cocina donde iba a estar ubicado.",3
106176,Por su precio no esta nada mal cumple su funcion.aunque el anclaje que aguanta los vols se me rompio enseguida.,3
100698,"MUY SEXY, SOLO QUE ES MUY DELICADO NO DURARÁ MUCHO, PERO ME HA ENCANTADO. GRACIAS",3
80447,La rapidez y el compromiso de q cuándo un artículo llega deteriorado te envían otro en su lugar. Lo peor es q ya he reclamado un nuevo protector de pantalla y tambien a llegado deteriorado. Volveré a solicitarlo.,3
86713,No me gusta que solo puedas cargar un auricular cada vez,3
109051,"Cantidad muy buena de luz, buena calidez pero tiene el inconveniente de la frequencia de la luz, muy baja, que hace que todo se vea en una especie de camara lenta bajo ellas. No las recomiendo.",3
81257,Aparentemente es mucho mejor que otros por el espejo que otros es plástico malo y no se ve bien. Pero no puedo dar más valoración ya que aún no lo he utilizado.,3
81949,"Este pedido que realice, aún no me ha llegado por tanto no puedo calificar nada No entiendo porque consta como entregado si yo no lo he recibo",3
118619,Su olor es bueno pero no dura mucho creo que no es original,3
115504,"Es la primera vez que uso lentillas y me ha costado un poco ponerlas, pero no es demasiado difícil. Me he puesto una para ver la diferencia y no se me nota demasiado, es un color sutil para llevarlo a diario. Para lo que cuestan no merecen tanto la pena",3
113705,No son totalmente cromadas. Se sigue viendo un tono anaranjado en el faro.,3
110297,No le gusto se rompió enseguida,3
87882,"No son los colores que pone en la imagen. Por ejemplo no hay dos tonos de marron, por lo que he tenido que comprar por otro lado. Tambien seria importante mejorar el envase para evitar se mezclen. Solo lleva unas pastillitas para separar que se salen y mezclan. Por lo demás es lo que pone.",3
102434,"Cumple con lo prometido tanto en frío como calor y aguanta decentemente la temperatura En frío de momento ningún problema En calor mucho cuidado al calentarlo al microondas , 20 segundos y comprobar y otros 20 segundos y volver a comprobar y así hasta alcanzar la temperatura deseada ya que el plástico no aguanta demasiado bien la temperatura y le salen burbujas Mejorable NO volvería a comprarlo",3
94299,"es una buena bateria de precio, pero a los 2 meses se me a quedado sin fuerza tampoco le he dado mucha caña. una pena.",3
91202,Se instala bien gracias a la moldura que lleva todos los cristales deberían tener ese sistema por lo demás adecuado buen tacto no pierde color la pantalla pero se marcan las huellas,3
80731,"Me llegó con la caja protectora rota, mientras q la caja de cartón estaba intacta, no he tenido tiempo de devolverlo, nada más pueda lo devuelvo",3
101594,"El producto en general es aceptable, sin embargo en mi opinión tiene tres fallos. El primero es que saca bastante ruido. Si vives sola sin problema pero sino... El segundo es que los botones son tan discretos que no los encuentras por el tacto. Aunque tienen luz, para encontrar el botón muchas veces hay que parar y ponerse a buscarlo. Por último y el más importante es que en su intensidad más baja es bastante fuerte. Para las mujeres de clitoris sensible llega a ser doloroso. Sin embargo si no tienes muchas sensibilidad es perfecto.",3
101442,"EL producto cumple, y por lo que vale no le puedes pedir mucho más. Lleva mucha cantidad de pasta térmica, por lo que si no lo vais a utilizar con varios procesadores o para que lo vayais a utilizar, es un desperdicio, porque aunque lo tapes a los 2 meses ya está la pasta como para utilizarla de cemento.",3
116271,LA SOMBRILLA ES DEBIL Y NO SE SUJETA BIEN NO SE PUEDE INCLINAR,3
104623,No llegaron en dos ocasiones pero el vendedor me devolvió el dinero. Mal porque me quedé sin ellas pero al menos no perdí nada.,3
107018,Precio excelente. El plazo de entrega fue un poco largo (casi un mes) aunque se sabía. Su funcionamiento es aceptable.,3
97591,"Me lo esperaba mucho mejor. Tiene mucha fuga de luz, sobre todo en las esquina inferior derecha. Además, se ven los pixeles muy marcados por lo que hace la experiencia algo incómoda",3
106834,"Aceptable pero las devolví porque la impresión de las constelaciones no es muy nítida, no se ven bien los nombres. Tampoco me gustó mucho la calidad, la imitación de cuero no es buena, se nota el plástico, y eso que tampoco es una funda barata.",3
97371,El producto es muy práctico y cuando le coges el truco va muy bien pero desecha mucho producto puesto que deja el producto en forma de cono.,3
