127855,"Me ha gustado la estructura, se desliza bien y tiene gran capacidad. Quizás algo grande para mi bañera, como siempre no miré las dimensiones... en general muy bien.",4
152307,En línea con el autor,4
120267,"Muy entretenido, a mi hijo le gusto",4
130126,"Para ser un producto de este precio, hace correctamente su función. Es fácil de manejar y de llevar. La calidad bastante baja pero cumpliendo su función.",4
156282,La única pega que le puedo poner es que pedí la roja INTENSA y viene en un rojo apagado tirando a naranja. Suerte que a quien se la regale le pareció bien pero el rojo intenso no es como el de la foto sino más desgastado,4
133660,Libro de lectura para el cole,4
157316,"Me han gustado los materiales, la carcasa está terminada en metal y le da un aire de calidad. EL combinado de colores también lo encuentro bastante acercado al igual que la calidad de sonido. Realmente no le pongo la quinta estrella porque el cable se enreda algo más de lo deseable, tampoco es exagerado, pero si algo molesto.",4
141204,"Buen producto. La cinta es bastante gruesa con lo que su aguante está asegurado aunque pueda parecer recio al principio. La hebilla práctica, me gusta",4
6468,"A la espera de que llegue, tres días desde la fecha de entrega. La primera vez que me pasa con Amazon",1
14064,"El producto está muy bien, fácil de montar, precio razonable. Compré dos. El único problema es la tardanza en llegar el envío, si es que llega. En mi caso del 23 de noviembre al 8 de diciembre en que me anunciaron la devolución del producto. Tuve que volver a comprarlo y nuevamente tardó más de lo que es habitual en Amazon.",1
20862,"Después de 2 meses, ni he recibido las diademas ni me han devuelto el dinero.",1
35994,Te mandan los artículos sin haberlos pagado.,1
27746,"El producto aún no ha llegado, tenía que llegar el 8 de mayo y sigo esperando. Espero que se pongan en contacto",1
37654,"De poco grosor. No es polar. El dibujo no tiene Los mismo colores que en la fotografía, parece difuminado y es pequeña",1
15250,Genial al principio adapta muy bien... pero se me está poniendo amarilla... así q pronto abra q comprar otra.. Y no está... una pena,1
18387,Es muy practica pero ya empiza a fallar pense q duraria mas,1
83787,Pensaba que iba ser mejor .,3
107394,"Se filtra mucho la luz y sobresale mucho por los lado por la forma que tiene. Pero bueno, para el precio que tiene no está mal. Yo lo devolví.",3
119023,"Ya he comprado algún libro de este tipo, el tamaño de libro es excelente para el uso que le doy y las hojas de cartón son perfectas para un menor de 3 años, ""pero"" creo que quedaría mejor si solo fuera de buscando a Nemo o de buscando a Dory.",3
115646,Los laterales del protector delantero se rompieron al poco tiempo.,3
115171,"Me ha durado mucho años y al principio se mantenía bien, pero con el tiempo se ha ido descorchando el ""cuero"" por lo tanto se veía lo de dentro y me llenaba todo el bolso de virutas. Pero protege muy bien el dispositivo.",3
104384,"La camara trasera durante el dia hace fotos de calidad media pero por la noche las fotos salen fatal. La camara delantera - muy mala calidad-falta el flash. El diseño me ha gustado mucho,pero el telefono me parece bastante lento. Por el precio que tiene no esta tan mal,pues depende de expectativas,pero a mi me importaba la camara, con la que no estaba contenta para nada..",3
95389,"La función era vigilar a mis mascotas, para eso muy bien, la app que lo controla tiene varios fallos pero bueno, me conformo con las 4 cosas k me permiten vigilarlos",3
105667,Me gustaba la forma y es bonito pero luego puesto en mi no me quedaba bien. Es de los que deberías probarte antes de conprar,3
193078,Leí criticas diciendo que hay que atornillar y no es cierto. Peso 75kg y está puesta entre dos muros a 90cm y aguanta bien sin atornillar. Yo diría que se podría alargar otros 10cm sin problemas.,5
166523,Muy buen precio y la entrega en su día. Ningún problema. Totalmente recomendable,5
184007,La verdad que es un buen producto yo lo tengo que Google home y es estupendo lo recomiendo,5
164688,"Excelente producto, muy simple de poner, trae todo lo que se necesita para su colocación. Me funciona perfecto, lo recomiendo",5
164368,"El casco está espectacular, lo malo que sólo es talla L",5
161787,"Pros: todos. Se ajusta perfectamente al huawei Mate 10. Nada de silicona blanducha. Contras: por poner alguno... Sería ideal un poco más de agarre en mano, aunque no se escurre.",5
173895,"No estaba segura de que se sujetaría bien, pero ha quedado perfecto. Primero pasé unos algodones con alcohol por el azulejo donde iba a ir el estante, lo presioné, y queda genial Es absurdo taladrar una pared cuando lo que vas a colgar pesa poco. Mi única pega, por decir algo, es que quedaría más bonito en blanco que en gris, me refiero a la plaquita, pero bueno ¡lo recomiendo totalmente, es un buen producto! :)",5
196665,"La compre para una flauta que venia sin limpiador ( la flauta venia con el palo, eso no hace nada) y cumple su funcion. La flauta que tengo es de dos piezas por lo que se limpia sin problema, dudo si pudiera limpiar una flauta de una sola pieza (que no se pueda desmontar) ya que el mango es corto.",5
71782,La he tenido que devolver... poca potencia y complicada de montar desmontar para limpiar...,2
75206,"Pues dos aceites no son lo que dicen. Yo sé exactamente como huele aceite de árbol del té porque ya lo tengo y no huele ni tiene el efecto de aceite de árbol del te. Ni la vanilla. Los dos son algo, un flor o algo pero no son lo que dicen. Eso es un engaño. Los otros están bien pero el aceite sale más rápido que otros que he comprado, y así usas más que es necesario. La caja está bien, unos aceites también pero no puedo crear que manden unos con una etiqueta falsa. Eso puede ser peligroso si tienes algún alergia.",2
65709,"El servicio de entrega fue perfecto, como siempre, en tiempo y forma. Pero la cafetera es muy sencilla, me esperaba algo más de calidad. No tiene una base sólida ni estable y tampoco aprovecha, al menos en vitrocerámica, todo el agua que pones a cocer. Medí las tazas que me daba una cocción sólo con agua y el resultado fue de 8 tazas cuando la capacidad teóricamente son 10. Por eso le doy un suspenso en mi valoración del producto.",2
62893,"Al poco tiempo de empezar a usarlo mi hijo de 11kg empezaron a aparecer marcas blancas en el asiento por desgaste del plástico. No se cuánto durará, pero la calidad deja bastante que desear.",2
79853,"El producto tiene buena pinta, lo voy a probar unos días a ver... lo que NO me parece bien es que lo vendan como nuevo y claramente fue usado (supongo que probado y devuelto), la caja no tiene plástico de precintado y se ve porquería alrededor de las almohadillas nada más abrir la caja (mira fotos)",2
47356,"Los controles tactiles han dejado de responder al cabo de una semana de comprarlos, lo peor es que buscando en internet es un problema comun y B&O no hace nada por solucionarlo. Los voy a tener que devolver.",2
47801,"Lo he usado durante un mes y no he notado absolutamente nada. Es como si fuera ""agua"" únicamente. Ahora uso otro de the ordinary con el que si noto mejoría",2
75100,"Los biberones son perfectos, ya que son cómodos y de gran calidad. Los devolví ya que en el anuncio ponía que venía con la tetina X y vinieron con la tetina 2. Hice reclamación a Amazon y me los volvieron a reenviar los biberones diciendome que me aseguraban que venía con la tetina X y no fue así. Opté por comprar este mismo producto en otro anuncio de Amazon y encantada con ellos.",2
