85784,"Bonjour je possède une BMW 325 d de 2008 donc une E90 et cette coque ne va pas du tout , je déconseille cet achat pour les personnes qui on une E90 .",3
98749,"Un très chouette thriller avec une belle intrigue, toutefois, un peu déçue de la fin que j'ai trouvée fort ""brouillon"" et qui gâche un peu le plaisir. Sinon, une histoire très bien construite avec beaucoup de rebondissements.",3
87578,"Je ne peux rien dire sur le produit commencé le 29 juillet,non encore reçu à ce jour. On devait m'appeler mardi soir,rien jusqu'à maintenant. Je suis très déçu de cette transaction.",3
112066,"Commande bien reçu. le socle en métal est solide, mais fait très gadget, la boussole a l'air correct, mais j'ai un petit doute, sur le long terme, car n'est pas très très précise. Elle parait professionnel comme ça du au design, mais elle fait un certain poids je ne le conseillerais pas en survie, ni en randonner ! (Ou vraiment pour dépanner.) Trop encombrant, Je vous conseille plutôt d'acheter une boussole plaquette ! Celle là est mieux pour un enfants.",3
96394,Ne coiffe pas super bien,3
93624,Se décolle très vite,3
106525,Pour le prix c’est très bien. Fermeture peut-être un peu fragile.,3
108218,"Coque conforme à la photo, malheureusement elle ne protège pas très bien. Elle reste très belle, les motifs ne partent pas et elle est solide, je recommande quand même!",3
104626,"Sans plus , matifie légèrement",3
102434,Le bloc de chargeur universel ne fonctionne pas !,3
92390,"Très surprise de la taille de la boîte, toute petite ! Commandé à la demande d'une fille de 8 ans qui semblait satisfaite. On peut faire de belles constructions avec ces pièces. Un peu cher du coup pour le peu de pièces.",3
100737,"Steelbook en relief très beau mais le plateau de jeu, les pions et les dés sont en papier ! Ils sont pliés à l'intérieur du boîtier. C'est dommage ! Bon le prix est très abordable mais j'aurais préféré payer un peu plus cher et avoir un vrai jeu de qualité...",3
103352,"Le produit est beau et de bonne qualité. Je me suis juste fait avoir par la taille, je l'imaginais plus grand et j'en suis déçue mais rien à voir avec la qualité.",3
114677,Vraiment pratique mais vraiment trop cher pour ce que c'est tout de même ! Il reste discret sur le bord de la baignoire.,3
107969,bonjour y a t'il un connecteur du sortie poste autoradio a mon boitier iso en entier sans le faire manuellement,3
108464,Certaines perforations ne permettent pas d'enlever correctement le plastique épais. La perforelieuse est pourtant de la même marque et l'épaisseur est bien celle préconisée,3
80936,"J'ai acheté ce produit pour mon dalmatien. conforme à la photo mais l'epaisseur est un peu juste. Livré un dimanche à 21h30 (???) et ""posé"" sur le palier à la portée du premier venu. J'ai eu de la chance de tomber dessus... Est ce très sérieux ???",3
97262,"un défaut ,ne donne pas le nom du contact ,seulement le numéro.pas trés aisé pour une personne agée.Si vous pouvez me dire comment faire apparaître le nom du contact enregistré lors d'un appel,je suis preneur.",3
102408,Correspond au descriptif. Achat correct. Rapport qualité prix satisfaisant. Je recommande. Délai livraison respectée. Rien à redire sur le produit,3
83715,"Un peu déçue.. Il est écrit dans l'annonce 12 cm par 70. Arrivé ici, il est écrit 11 cm et en mesurant il fait réellement 10.5 cm.. Bref la sisal est bien, les vis sont fournis mais pas la clé BTR pour les visser c'est assez embêtant. Donc je dirais trop cher pour un poteau aux mauvaises dimensions et sans la clé spécifique.",3
81445,Pour une fois je suis déçu par Ryobi One+ La défonceuse ne tourne plus après même pas une heure d utilisation 🤔 Je ne recommanderai pas cet appareil mais aucun soucis avec mes autres outils One+😀,3
90467,"J'utilise la brossette Floss-Action 1 ou 2 fois par semaine. Comme son nom l'indique, elle a un (discret) effet fil dentaire, mais est dure. Le reste du temps, j'emploie la brossette Cross-Action, plus souple et très efficace. Ces soins sont complétés par un rinçage à l'hydropulseur tous les soirs, le passage régulier d'un fil dentaire et d'un gratte-langue.",3
80582,"Je l'ai acheté pour le tableau magnétique de mes enfants. Je leur ai fabriqué des étiquettes plastifiées, derrières lesquelles j'ai collé les aimants. Le côté aimant fonctionne très bien pour cette utilisation. Cependant le côté collant n'adhère pas très bien, j'ai dû ajouter de la colle forte pour ne plus qu'ils se détachent....",3
97946,"Produit très fragile entre le plongeur et la douille, un choc et il se divise en 2 morceau se qui n'a pas empêcher sont utlisation car le joint qui empêche l'aire de passé est assez conséquent. Faire attention à ça taille c'est un tout petit bang qui est très agréable et qui n'empêche en aucun cas sont utilisation !",3
94554,C’est suffisant c’est toujours mieux que rien mais je suis convaincu qu’il y a bien mieux ailleurs,3
117947,Une histoire étonnante et singulière qui nous ouvre les portes de la période après guerre et de la vie en province.,3
102381,"Produit correct à l'ouverture (un peu fade quand même) mais qui se conserve très mal. Au 3e jour, un goût de rance se fait sentir.",3
99971,Salut! Il est bien ce GPS mais il ne tient pas sur le manche!!! La ventouse et le manche ca va mais le GPS n'est pas fixe et donc il ne tient pas... nul! Au moins que je m'y prenne mal? Help please,3
94263,"Produit esthétiquement similaire aux bottes fourrées de marque, mais un peu moins chaud et confortable, reste toutefois très correct pour le prix. Attention à la taille, pensez à commander une pointure au-dessus de votre pointure habituelle.",3
113079,je vous signale que je ne peux pas décrocher pour obtenir l'appel téléphonique,3
99630,Pour faire un panneau VENDRE MAISON et le téléphone. Dimensions correctes mais épaisseur trop fine. Impossible pour peindre. Obligé de faire d'abord le contour des lettres puis la peinture sans le pochoir.,3
89531,"Mauvaise qualité des planches, certains bords abîmés même ondulés et non droits",3
178096,"c'est un matériel robuste et efficace et la coupe est très bonne , je ne l ' utilise pas comme professionnel",5
182827,"Alors pour commence je trouve ce casque vraiment bien, après avoir eu le ps vr que je trouvais bien pour ma première expérience de jeu en vr et après passe à l oculus et c'est 2 oculus touch et bien c est le jour et la nuit , les images sont juste net et ne fait pas mal au yeux j adore ce casque , je vous le recommande",5
194470,Très bien. Correspond à la description,5
163429,Pièce de rechange pour Chihiro doctor. Environ trois mois de fonctionnement.,5
178462,Vraiment très contente ! Elle est un peu lourde mais cela ne me dérange pas !,5
178847,"Ventilo très sympa, vendu par 3 RGB. On peut choisir la couleur ça fait vraiment sympa. Ils ont 2 mode, celui vacarme et celui silence, le seul que j'étend encore c'est celui du cpu que je vais regler avec un Noctua. Et les couleur c'est sympa",5
177911,Contente de retrouvé nos voisins préférés ! J’étais impatiente après les début sur Fyctia de connaître la fin de leur histoire!,5
199561,Pratique pour démouler belle présentation et facile à décoller,5
181601,Coque parfait pour un iPhone X ! Design et qualité au rendez-vous ! Merci,5
175970,Très facile à installer,5
193744,Hélice identique à l'originale.,5
199639,"Dans la voiture depuis 9h, presque 40° de chaleur et pourtant l'eau est toujours glacé vers 17h. Cette bouteille est magique et c'est maintenant mon indispensable au bureau.",5
199744,"Celui-ci marche parfaitement sans surchauffe, je recommande",5
160995,"Impeccable, produit conforme, je recommande.",5
179229,"Le coffret est très beau et vaut très largement ses 16€, un objet de collection à petit prix !",5
163178,"Très pratique, bcp de place",5
197291,"Je l'ai acheté en trois exemplaires pour mes trois enfants. C'est le plus beau livre à photos de classe que j'ai trouvé. Il va de la maternelle au collège ( inclu). Il y a de la place pour des photos individuelles de l'enfant jusqu'au collège ( et des photos de ses anniversaires et vacances), ensuite, de la 6ème à la 3ème on peut coller que la photo de classe, mais des endroits sont prévus pour coller une grande enveloppe à trésors scolaires. Vraiment pratique et joli, enfin des souvenirs organisés qu'on ne perdra plus.",5
161701,"Cet écran est superbe. Bord fin, résolution 4k. J'en ai 2 pour mon ordinateur de bureau d'ailleurs. Le pied est sobre et permet de régler uniquement l'inclinaison (pas la hauteur ce qui est dommage). L'application LG permet de piloter les écrans (sur Windows et Mac) sans avoir à aller dans les menus (qui sont les plus intuitifs que j'ai pu utiliser). Livré avec 2 cables display port (attention, pas de mini display port ici, du vrai display port).",5
167832,Il es juste magnifique merci encore,5
165462,"Coque très bien pour protéger le p20 pro,pas trop épaisse, la matière fait que le tel ne glisse pas en main (parfois ce n' est pas simple de le glisser dans une poche d'ailleurs) et la coque n enlaidit pas le tel même si comme pour tous smartphones que l'on choisit pour ses performances ou autres cela cache l esthétique... La coque attrape un peu la poussière aussi. Je la conseille tout de même !!",5
182421,Un film parfait pour grands et petits. Je dirai pas avant 6 ans.,5
173021,Bien. Coque rigide et emplacement pour Connectique. Bien pour mon fils et couleur sympa en accord avec son appareil photo,5
195474,Bon rapport qualité prix,5
198022,"Quand j'ai reçu ce livre et que j'ais commencé à le lire, je n'ais pu m'arrêter qu'à la fin du livre, vers 10h du soir. j'étais prise dans l'action. je recommande cette série meg corbyn pour l'action et l'humour contenu.",5
172613,Aucun soucis à déclarer pour le moment et sans odeur sauf pour le premier démarrage,5
176999,"l'article est joliment présenté, correspond à la description dans l'annonce, il est bien en inox et fait un très joli cadeau vu comment il est présenté",5
178408,Essayé et adopté! J’ai placé ce très joli sac dans ma salle en bain où siège également la litière de mon chat et je dois dire que je suis conquise. Je recommande à toutes personne usée d’utiliser des produits coûteux pour la nature et efficace contre les mauvaises odeurs. De plus le style est très sympa ;),5
199963,A permis la renaissance de mon appareil je le conseille vivement.,5
168772,"En premier, je tiens à préciser que je suis une cliente lambda et non un faux avis ou testeuse. Écouteur acheté ce matin !! Aussitôt reçus, aussitôt essayé et franchement, je suis fortement surprise !!! Mais alors rien à voir avec les i7 que j’avais avant et qui m’avait...pas servi tellement une horreur. Alors celles-ci sont juste formidables : - trés bon son - facilité prise en main - appareillage qui se fait rapidement et reconnu par mon iphone quand je l’approche du boîtier chargeur. - les deux écouteurs fonctionnent en même temps. - le branchement du boîtier est un câble lightning J’ai pu aussi appareiller les écouteurs à mon mac et mon apple TV en 5s. Je ne connais pas encore la durée de la batterie des écouteurs ni boîtier, mais le temps de charge est rapide. Donc vous l’avez compris, aucun regret pour cet achat.",5
180317,Vélo très facile à monter. Bon qualité. La petite satisfaite.,5
166274,"Les baies sont sèches et de goût agréable . J'espère qu'elles sont aussi bonnes pour la santé qu'on le dit . Quand j'ai un petit creux , j'en prends une poignée!",5
183416,Commander pour l'école . livraison nickel de la part d'amazon.bien emballé.delai comme prévu.,5
25645,"Attention à ce vendeur colis jamais reçut !!!!!!!! aucun numéro de suivi existant , et pas de nouvelle de Amazon sur ce suivi livraison ??",1
5388,"Inutile, non gps fonctionne en Bluetooth",1
33491,Trop grand pour mettre ça rentre même pas comme il faut,1
527,"Je suis déçu de ce produit. 1) Les fonctionnalités de lumières ne fonctionnent pas comme elles sont indiqués. 2) Il n'y a pas de signal sonore comme il a été indiqué. 3) À chaque fois, très difficile à l'ouvrir. Il fait de l'eau chaude, c'est tout. Mais ce qui reste, je suis vraiment insatisfaite. Est-ce qu'il y a une garantie ?",1
34229,Ne pas commander ils me disent que j'ai reçu alors que je suis chez moi et je n'ai rien du tous! Ne pas commander surtout pas,1
23982,"Article arrivée endommagé, photos à l'appuie ... le vendeur fait Le mort ...",1
16712,Livraison rapide mais je recommande de ne pas acheter ce produit. Le produit se bloque dès la 1ere utilisation. Le produit est pratique car il ne prend pas de place sur un bureau e cela fait ou en dessous mais comme ça ne marche pas et que cela fait perdre du temps ce n'est plus du tout pratique. Donc produit à éviter.,1
2012,Produit reçu ce matin non conforme au descriptif. Les coussinets n’etaient même pas nettoyés et la boîte de rangement endommagée. Juste inadmissible,1
2431,"je n'ai pas pu évaluer le produit car je ne l'ai jamais reçu! j'ai commandé ça fin nov pour un cadeau de noel et on m'a dit que le colis était perdu donc un nouvel envoi fait Toujours aucune trace du produit, on m'a donc dit qu'on me remboursait sans raison ( sachant que le débit avait été fait le lendemain de la commande) le vendeur pour moi n'est pas fiable",1
34868,"Montre pas trop mal pour le prix, dommage qu'au soleil, des marques et traces apparaissent sous la vitre....",1
15438,"Efficace 1 semaine, et rebonjour les chats !",1
5563,"J'ai passé commande de 5 télécommandes, seulement 4 ont été livrées dans le colis. J'espère trouver une solution avec le vendeur.",1
35548,Ce produit ne marchait pas. Alimentation interne morte je pense. Retour Amazon,1
10646,Ce n'est pas du tout la peluche que j'avais commandé ! Les yeux sont moches en plus. Très déçue de cette commande...,1
22560,"Cet article a été mis en statut ""livré"" par le livreur (TNT) mais je ne l'ai pas reçu, c'est scandaleux!! Je ne sais pas où se trouve mon colis!! J'ai choisi une livraison rapide pour être livré pendant la semaine à adresse de travail et sur mon compte Amazon l'article est considéré comme livré un samedi soir, donc en dehors de mes horaires de travail, ceci est trop bizarre!! Je veux savoir où se trouve mon colis!!",1
24569,"1 produit sur 2 de cassé, ne colle pas correctement sur les bords. Je déconseille ce produit.",1
16733,"Objet reçu mais à ma plus grande surprise il manque les films à enlever sur les 2 écrans pour pouvoir les mettre sur le téléphone, alors comment faire si il manque ça ? C'est impossible. Remboursement demandé.",1
26485,"Franchement pour le prix... la honte! En plus d'arriver en retard, une des barres est tordue donc a force de visser pour rien elles s'abîment et faut racheter sans être sûre que ça marche! Un autre meuble d'une autre marque j'ai acheté et ça vaut le coup. Celui ci de la daube! Et impossible de contacter le vendeur pfff!",1
22085,Écran jamais reçu...j ai pris la livraison rapide en plus. L'excuse d'amazon??? Le livreur Ups la laisser derrière le portail ...SANS SIGNATURE! VOILA....ÇA c est Amazon! Ils ont dis de porter plainte contre ups.... Ca c est leur problemes! Moi je commander chez Amazon et non chez Ups... C est devenu vraiment de la merde Amazon!,1
6388,"Attention, il est marqué livraison gratuite mais l'entreprise m'a facturé des frais d'expédition de 16,90 euros pour l'expédition de 2 brosses (vu après le paiement) . Je n'ai pas pu tester le produit mais pratiques frauduleuses.",1
2962,A peine sortie du carton aucun des micros ne fonctionnent... une qualité lamentable,1
19098,3 sur 6 capsules qui n'ont pas germé même après le temps indiqué !!!... Mettez plus de graines dans chaque capsule ça permettrai d'éviter ce genre de désagrément. J'aimerai recevoir d'autres capsules de remplacement.,1
1162,"Produit inefficace, le produit est une pâte et les flacons sont arrivés vides tous les 2. Absoulement inutile et une arnaque totale. D ailleurs les commentaires positifs si t tous a la même date. Ce qui confirme qu ils sont faux. Amazon ne m avait pas habitué à de telle",1
1020,Produit acheté en decembre ne fonctionne déjà plus depuis 1 mois. Durée de vie : 3 mois ! Ne vaut pas l’investissement !!,1
6268,"L’article est bien emballé. Malheureusement, il est rayé et le joystick grince. Cela semble être du reconditionné et non du neuf. Déçu ...",1
16308,"Les couleurs sont très pales, je n'ai installé que cette couleur mais comme le magenta est majoritairement présent, toutes mes impressions sont fades !!! Je regrette mon achat.",1
10721,Livre reçu non emballé et en très mauvais état ! Illisible tant il est abîmé.....,1
35707,ai reçu taille 3XL alors que la commande était pour 4XL,1
17250,Je vous avoue que je suis déçue par la taille je m'attendais à une plus grande bougie.........,1
2418,"Point positif : design Point négatif : les épluchures restent coincées entre la lame et le plastique de l'ustensile lors de son utilisation, nous obligeant à les retirer manuellement pour pouvoir continuer à éplucher l'aliment. Je déconseille ce produit.",1
31510,L’article ne m’a pas été livré et après les avoir contacté plusieurs fois il refuse de me rembourser j’a Perdu 50€ je déconseille fortement ce fournisseur!!!!,1
15048,Tout est dans le titre,1
43423,Nul ne ce met pas comme ils faut il ce déchire Decu par ce masque,2
62557,"bonjour ,juste ,très juste ,m^me pour des ""barbie "",j'en avait pris pour des figurines 1/6 ,je suis déçu ,",2
68767,"Livraison rapide mais le produit n’est pas de très bonne qualité. Au bout de 3 jours, l’écran présentait déjà de multiples rayures... Alors que mon iPhone n’est pas tombé. Déçu...",2
71771,"Jolie, semble solide mais... Ne colle pas à ma coque ! (à tenu 10 seconde sur le support). Demande de retour effectué. Dommage !",2
79125,"Matériau corrects mais malheureusement trop instable si on veut remplir l'armoire selon la place qu'il y a. Penche vers l'avant. On va acheter une ""vraie"" armoire à la place.",2
66654,J'ai commandé des bleues et je reçois des oranges et rouges... et sans carton de présentation....,2
71397,"Les flacons sont bien pratiques et il n'y a pas de fuite pendant le transport. mais la trousse fournie avec est très fragile, il n'y a que deux jours, ça craque, elle n'est plus utilisable et à rejeter!",2
49613,Pas assez puissante pour fondre la cire de ma lampe à lavé. Des blocks se deplacent dans le liquide et pas des bulles,2
79518,je n' ai pas pu utiliser pour l'instant d'où les 2 etoiles pour cause la notice d'utilisation est totalement en allemand aucune traduction francaise absence de notice en francais,2
60372,"Dans la théorie ça devrait bien marché, mais en pratique pour les personnes qui ont des cils court ou peu, ce n'est pas la peine, c'est moins efficace qu'un recourbe cil pince classique. C'est gadget!",2
43701,"Ma meuleuse Bosch se place parfaitement dedans, en revanche les charnières et les fermoirs me semblent très fragile. A voir dans le temps...",2
60923,"Pas de chance à chaque reception de l'envoi les coques étaient en mauvais état , fêlées , donc pas pu les utiliser !",2
73050,"Déçue par cet achat. Les boites sont très petites et ne contiennent pas toutes les perles diamant d'une même couleur, éventuellement il faut au moins 2 boites si ce n'est plus parfois. De plus même si le paquet était intact, à l'intérieur il y avait des éléments de cassé. Je l'ai renvoyé sans regret",2
68332,un peu déçu car i n'y pas toutes les options de la télécommande d'origine.,2
58937,Je voulais faire l'acquisition d'un chargeur à induction à un prix convenable pour mon Iphone X et au bout de 3 mois il ne fonctionne plus. Lorsque mon iphone est dessus celui ci se recharge pour au bout de 5 secondes se déconnecter de la charge et y revenir par la suite. Ce qui fait que le chargement n'avance pas mais recule...,2
61580,Le bras n'est pas assez solide,2
72319,pas évident à manier et pas assez puissant.,2
69163,"Le clavier est conforme à la description et fonctionne correctement. Seul problème et de taille, malgré un clavier physique AZERTY, il est configuré en QWERTY. Il faut donc aller à la pêche à la bonne touche, ce qui va totalement à l'encontre de ce pour quoi on achète ce produit, à savoir un produit pratique. Il s'agit ici d'un problème logiciel, de mappage des touches, que le fabriquant se devrait de corriger via une mise à jour ! Payez un peu plus cher pour avoir un produit de meilleure qualité, passez votre chemin quant à celui-ci.",2
63322,je suis décue par la couleur du tapis car il fait plus bleu que gris. c'est dommage je ne peux plus le rendre.,2
75734,"Autonomie loin des chiffres annoncés.... Meme pas 10km, majeure partie du temps en charge. Contrôle qualité a revoir, il manquait un écrou....",2
41477,Je le conseille pas pour une souris d'imac... Déception,2
52097,Cette douchette à la fâcheuse tendance à envoyer des gouttelettes dans tous les sens et à mouiller toute la salle de bain.,2
45795,"Bonne qualité à 1er vu mais absolument pas les couleur prévu......dommage je suis un peu déçu car du coup les couleurs ne vont plus avec ma cuisine. J'ai reçu :marron,beige,blanc et bleu pâle.",2
61134,reçu assez rapidement!,2
78286,Je l’ai acheté pr remplacer une douche de cuisine je suis déçue il n’est pas tres costaud et bouge bcp,2
63253,Pile morte au bout d'un an et vendeur aux abonnés absents. Très déçu.,2
47299,Impossible de mettre une clé et son porte cle,2
58432,A PROSCRIRE ET A RETIRER DU MARCHé. AUCUNE NOTICE CLAIRE ET PRéCISE EN LANGUE MATERNELLE. TEST AVEC PLUSIEURS PC ET PAS DE SOLUTION ADAPTéE POUR RéSOUDRE LE PROBLèME.,2
55441,Y EN A POUR SON ARGENT,2
64993,"Très décevant, pour le prix le son est mauvais, d'autres marques ont de meilleur rapport qualité-prix Le son est étouffé et peu precis",2
70257,je suis trop novice pour que ce très bon livre puisse me servir ;e l' ai donné à une personne compétente qui est ravie,2
40450,trp petit et en plastique cet article ne me convient pas. j'ai voulu l'offrir à un jeune qui l'a à peine ouvert et cela lui a fait peur. je ne veux pas de cet article et je vous le renvoie pour un autre enfant qui sera surement ravi. Pourtant il est original. Je suis désolée et déçue. merci,2
130316,Reçu dans les temps . Antivol qui me paraît très solide mais je trouve que le cadenas est un peu léger.,4
140316,Conforme et résistant,4
152823,"désolée, je viens de m’apercevoir que la boite d'origine ne correspond pas au portable. Il s'agissait d'un Sony XZ.",4
145059,"Belles couleurs et le jouet est de bonne qualité (à part le bois un peu rugueux sur une des deux épaules). Le jouet roule bien avec une fine bande de caoutchouc sur chaque roue, le mécanisme simple fait que l'ours tape régulièrement et sans faute deux notes du xylophone. Une des deux notes est un peu trop forte... La ficelle qui permet de tirer l'ours semble par contre de mauvaise qualité, déjà un peu effilochée à l'arrivée, et il n'y a rien au bout pour que l'enfant la saisisse plus facilement : c'est à bricoler soit même... (la carotte sur ma photo est rajoutée)",4
155550,"Figurine jolie , conforme à sa description. C’est juste un peu cher",4
140803,"Ce berceau est conforme à ce que nous avons dans la description. Il offre de multiples possibilités d'adaptation, ce qui est très appréciable notamment sur les hauteurs. Côté matelas, il n'est pas assez douillet pour un nouveau né, nous avons rajouter un matelas très léger pour qu'il soit plus confortable. Petit détail, assurez bien que votre puisse l'accueillir (la ceinture de sécurité à accrocher) sinon ce sera vraiment galère. Perso je dois dire que je n'y étais pas très favorable car je ne vois pas son apport fonctionnel au vu de son coût, d'autant que nous allons investir pareil dans in vrai lit dans quelques mois.",4
127016,un peu déçu par les dimensions mais il suffisait de mieux lire l énoncé mais mon petit fils est heureux et c est mon principal.,4
132142,"Produit arrivé abîmé dans son emballage, n’a rien subi dans le transport. Pour le reste très bien",4
141688,Fait son job a voir dans le temp,4
139517,"Tabourets pour cuisine, réglables en hauteur, assez solide pour l’instant.",4
158657,"Pour faire de la carterie mais une petite déception, il n'est pas possible d'avoir une découpe en bord de carte comme le montre les modèles à moins de le coller, c'est la découpe de la matrice entière",4
135255,Conforme et envoyé dans les temps,4
154480,J’utilise pour des loisirs créatifs sur de l’acier (ustensile de cuisine par exemple). Livraison et emballage rien à redire. Pour le prix je ne suis pas déçu. Pour certaines lettres il faut insister mais si non un rendu fin et discret comme je voulais.,4
146354,"Produit conforme à la description , image de qualité même si on regrette une définition moyenne vu le prix à mon avis élevé pour le résultat ...mais correct",4
132425,bien compatible avec ma machine. Il manque juste quelques explicatifs,4
159794,j ai pas encore utilisé mais au touché ça m a lair tres solide et lourd dans les mais j ai hate de les utiliser,4
133118,"Cadeau, satisfaite du produit.",4
146603,"La qualité est au rendez-vous, mais malheureusement le raccord ne s'adapte pas sur mon installation. L'arrivée d'eau murale et le raccord de la cuvette sont placées perpendiculairement, alors que le raccord est prévu pour des arrivées face à face. J'aurais pu ajouter un petit flexible, mais esthétiquement étant donné qu'il y a déjà le flexible de la douchette, l'effet n'aurait pas été top. Si vous avez la chance que ça convienne à votre installation, n'hésitez pas, c'est de la qualité ! J'ai enlevé une étoile à cause de ce problème d'incompatibilité. Pour ceux à qui ça peut servir, j'avais traduit la notice (avant de m'apercevoir que ça n'irait pas :-(",4
139054,Je suis vraiment contente pour ma commande c'est comme dans la photo,4
145290,Matos pas encore testé mais il me semble être de très bonne qualité par rapport au prix et agréable à porter.,4
121716,"Je l'ai acheté pour mon lapin et mon cochon d'inde. Malgré la hauteur, la stabilité est bonne. Les bacs ainsi que les grilles sont de bonne qualité. Petits bémols, les rampes sont trop lisses et mon lapin glisse quand il souhaite descendre donc ne veut plus monter. J'ai mis sa cabane en dessous lui permettant de monter en 2 fois et il est beaucoup plus rassuré. De plus, le manque de rebord au niveau des ""trous "" fait que la litière tombe aux étages inférieurs à chaque mouvement des animaux sur les étages supérieurs. On se retrouve avec 5 cm de litière tout en bas et plus rien en haut.",4
133515,bon manuel pour aborder le concours et se familiariser avec les matières et la méthodologie. Il faut cependant s'appuyer sur d'autres ouvrages pour compléter,4
156390,Pesée de poudre noire pour revolver de tir.,4
135992,"Livreur pas sérieux, il a laissé le colis dans une boutique dans la rue, pour éviter de monter à l'étage.",4
124625,Bien faite manque une sangle,4
134031,Parfait tout à fait conforme à mon attente Esthétique efficacité sécurité Fonctionne parfaitement Demande surveillance Prêt à recommander pour les garden parties,4
121755,"Vraiment très compacte , je recommande",4
124713,"De bonnes ampoules à un prix défiant toute concurrence, elles sont vraiment très lumineuses [attention les yeux]. Peu encombrantes, ne chauffent pas du tout, à voir par contre pour leur efficacité réelle mais ça me semble correct. Bien mieux que les lampes au sodium qui consomment beaucoup d’electricite et qui ont une durée de vie bien moindre. Je valide et recommande",4
141585,Je récupère de vieilles bougies grâce à ces mèches . Toutefois la livraison a été un petit peu longue,4
143691,Filtre de bonne qualité qui n.affecte pas la qualité de l.image. Ne gêne pas le fonctionnement de l.autofocus,4
158685,"Effet significatif sur deux semaines de prise ; ma mémoire cognitive s'améliore, moins d'oubli mais je pense qu'il faudra en prendre sur le moyen terme pour juger de la nette amélioration car je suis tête en l'air de nature ; j'espère que ce produit va m'aider à être plus centré !",4
135351,"La réalité est identique aux photos, le montage est très simple .. et pour le prix, on en a pour son argent Seule petit défaut, la télécommande fonctionne à 1 mètre max sur mes deux modèles",4
