180481,Très belles assiettes. J'aime beaucoup la couleur. Beaucoup plus jolies que des assiettes en plastique classiques. Elles me servent encore.,5
160748,Acheté pour mon fils de 3 ans. On aime beaucoup car il y a les photos en papier pour le faire sur ça. C’est bien pour commencer à faire des puzzles et il adore car c’est des personnages préférés.,5
169394,La protection est super efficace. Très bonne qualité. Je suis content de mon achat. C'est un ami qui me l'a recommandé.,5
199658,"J'ai utilisé ce styler pour la première fois aujourd'hui et j'en suis absolument ravi, ainsi que le petit canon idéal pour les cheveux plus courts comme le mien. Tellement satisfait que j'en ai commandé un autre. Je le recommande vivement.",5
191343,J'ai acheter pour mon.bebe mais tellement utile et complet. Satisfaite de mon achat j'ai pris pour ma soeur qui attend un bébé aussi,5
162265,Très pratique et bonne qualité.,5
167293,"Protéger les coins d’un tableau veleda suspendu à une porte. Après quelques semaines d’utilisation, les coins sont toujours bien adhésifs et évitent les chocs et le balancement sur la porte.",5
171172,"Le produit correspond parfaitement, utilisation remplie toutes ses fonctions. Attention juste a être correctement outillé pour le changement de la pane, la goupille fait un peu de résistance.",5
170538,"Ma fille adore toujours sa veilleuse nina. Les chansons sont mignonnes, je recommande.",5
171346,Pour la pluie petite fille de 4 ans rien à dire correct,5
196593,très beau livre vu par hasard sur les réseaux sociaux très belle surprise en tout cas j'ai beaucoup de plaisir a le mettre en couleur les dessins de femmes sont très fin. les pages ne sont pas épaisses mais bon ce n'est pour ma part pas trop grave vu que je colorie la plupart du temps aux crayons et c'est un dessin par page.,5
163933,Très belle qualité. Livraison sous 48h. Parfait.,5
161786,Livré en temps et en heure. Correspond parfaitement. C'est vraiment des Converse et pas une vulgaire copie.Recommande l'article.Mérite les 5 étoiles.,5
178838,Elle est génial. Sur mon lit c'est le top. Regrette pas mon achat,5
180221,"Les Bruder sont solides et réalistes. Je peux que recommander cette marque. Par contre, à savoir, cette remorque se met que sur le tracteur bruder mais pas sur les camions.",5
195331,"Excellent produit ! Effet naturel, facile à passer avec le gant, sent bon , ne fait pas de tâches . Trés satisfaite de cet achat. Dommage que le prix est augmenté depuis .",5
174698,Je l'ai acheté car j'aime cette marque et les coloris sont jolis,5
194368,"Un ""jeu"" simple, mais qui peut réellement avoir un effet positif sur votre couple, permettant d'exprimer des émotions relationnelles au quotidien.",5
189276,Arrivé dans les temps en bon état,5
190637,Satisfait du produit,5
175146,Ce produit est utile pour une douche avec murs revêtus de céramique et permet de ne pas percer. L'adhésif est super et le panier chargé sans penser à sa chute!...,5
178218,Magnifique rien a dire bonne qualité beau rendu,5
178736,"Je mets une notes de 5/5 car le produit est arrivé rapidement, car le produit est en parfait état et rempli sa fonction : il colle très bien. Je recommande ce produit à toutes les personnes qui ont besoin de coller des photos ou des documents rapidement et sans humidifier leurs papier",5
171197,Parfait comme d’habitude sur la pâte et produits de cette marque... expédition rapide et couleur toujours conforme Recommande à 100%,5
165940,"Je cherchais un dérouleur de papier wc sans avoir à percer des trous, je l'ai trouvé sur amazon, très pratique, solide, et esthétique et il a été très facile à poser. RAVIE DE MON ACHAT",5
185624,"J'ai été très surpris de la réception de la marchandise. L'emballage des produits était très raffiné et les accessoires étaient très bons, avec des bretelles et des instructions. J'ai hâte de l'utiliser, l'effet est très bon. Comparé à la clé à chocs que j'ai achetée auparavant, ce JUEMEL a un couple important et est confortable à utiliser, ce qui m'aide à mener à bien une variété de petites opérations mécaniques. Très bon prix, je vous suggère d'acheter! ! !",5
193502,Très joli! Les couleurs et la matière super,5
197782,"j'avais une douleur musculaire persistante biceps aux 2 bras, style tendinite, je suis allée voir les médecins (prescription de volta---, sans aucun effet, échographie--rien..bref aucune solution) J'ai alors fait des recherches sur le net et j'ai acheté cette crème, et là...enfin quelle efficacité! mes douleurs disparaissent. J'en mets avant chaque entraînement de sport moi qui pensais que je ne pourrais plus en faire... mille mercis!!!",5
179450,"envoi rapide, recu apres 3 semaines (rapide pour envoi d'Asie); moules pratiques assez grands",5
198932,"Impeccable, facile à mettre en place et à retirer!",5
177652,"très bon produit, très costaux pour le prix et surtout suffisant pour nettoyer les poêles, longueur suffisante pour chez nous je recommande",5
162863,bien reçu très rapidement. Très bien emballé. Mon fils est ravi et attend avec impatience les autres qui sont signalés quand même rapidement. Merci,5
8971,Impossible de la connectée,1
21656,Produit pas reçu depuis la commande,1
4496,"j'ai reçu l'album abimé : la fixation en bas ne tenait plus ... vu les frais de port, je ne le renvoie pas mais je suis vraiment déçue de devoir rafistoler un produit acheté neuf ...",1
7184,"livraison en retard envoi dans une simple enveloppe en plastique, aucune protection Produit défectueux, les plumes arrivent décollées plus petit qu'il n'a l'air en photo article vraiment médiocre",1
26186,Catastrophique... L'ampoule a cassé dès la première tentative d'insertion. À fuir...,1
31964,"Colis jamais reçu,décevant,réponse du vendeur incompréhensible fait par un ordinateur avec traduction médiocre",1
12155,J'ai reçu la souri sans la clé wifi,1
6310,La housse de couette et la taie d'oreiller sont en 100% polyester ! Je n'avais pas fait attention en passant la commande et suis donc obligée de renvoyer l'article. Dommage car le dessin était très joli.,1
36816,Ce livre devait etre un cadeau et il n'est arrivé a destination. Aucun livre 120 lieux secrets etait dans le colis,1
22705,"Ce produit n'est pas du tout solide. Je suis déçue. Il a fonctionnné quelques jours puis les touches (volume, micro) se sont bloquées et impossible de remettre le son. Un adaptateur simple suffit et c'est moins cher !",1
30399,Je n'ai pas pu l'utiliser puisque je ne l'ai jamais reçu.,1
9733,"J'ai reçu le mauvais pack, il manque la plume ainsi que les pinces tetons.",1
16382,Un bruit horrible et mes rats toujours la J'ai opté pour la mort aux rats beaucoup plus efface. Plus de rats maintenant,1
27295,Cet appareil a très bien fonctionné pendant quelques semaine et d’un coup plus de son... alors que les boutons restaient actifs et l’appareil connecté au téléphone Après contact avec le sav on m’en a envoyé un nouveau (belle réactivité du service bravo) mais le nouvel appareil a fonctionné deux jours et à nouveau le même problème. Est ce un problème de série ? En tout cas je déconseille fortement,1
37717,La tondeuse aura fonctionné 5 minutes avant d'être inutilisable. C'est une honte!,1
7844,Le rose deja parti au bout d unz journée,1
19722,mauvaise expérience car n'est pas le même que sur la photo de l'écran ordinateur donc site d’Amazon,1
5685,Le produit n'a pas duré une année scolaire: une bretelle s'est décousue. Le sac n'a pas supporté le poids des cahiers de 6e.,1
29395,"L'appareil ne convient pas du tout, et impossible de le retourner. vraiment très déçu de cet achat qui s'avère inutile.",1
30774,Temps de livraison non respecté meme avec l'abonnement Prime. plastique de mauvaise qualité...la regle est arrivée tordue. cher par rapport à la qualité.,1
37991,Je n’ai jamais reçu ce produit mais on m’a pris les sous. Aucun moyen de ce faire rembourser ....,1
12226,Bonjour Impossible de recevoir ce produit 4 mails envoyés sans réponse intervention d’amazon Sans succès ARNAQUE,1
21765,renvoyé et remboursé,1
12120,"Tres compliquées d'utilisation, 1 sur 20 qui fonctionne",1
24353,pas bien pour différente chaussettes vue la pub sa marche pas aussi bien,1
24016,Je m'en suis servis une seul fois et elle ne fonctionne déjà plus pour la deuxième utilisation . Une fuite que je ne trouve pas donc plus d'air ne sors de l'embout !!!!!,1
28281,"Je n'ai pas reçu l'article, et on me dit que j'ai été livré....",1
13902,impossible a utiliser pas de notice en francais,1
13889,j aurai du être livré le 8 juin et le 20 toujours pas reçu ma commande.!!! Pas de nouvelle de ma réclamation au vendeur... a éviter si possible.,1
15854,objet de mauvaise qualité. la poche d'eau contenant l'oeuf a été tout de suite percée. je ne conseille pas cet achat,1
33385,Je n’ai pas reçu le crayon,1
16490,Je n'est jamais reçu larticle esque c'est normal ? Je trouve sa inadmicible ! Je veux être remboursé ou envoyer moi cet article,1
77027,j'ai reçu les écouteurs dans un très bon emballages mais l'oreillette droite est casser et retour payant donc je ne recommande pas ce produit !!!,2
58303,Pour mon déménagement...pour de petits cartons..il n'est pas très stable,2
49399,"produit au top , trop mignon mais par contre pour la livraison 4 mois de retard , je ne suis pas contente de la livraison, je ne recommande pas",2
58169,2eme commande en 6mois chez le meme marchand. Les nouvelles cartouches ne sont pas compatibles avec les anciennes. Il est nécessaire de tous les remplacer en même temps !,2
60188,"La base de savon fond vite au micro ondes. Une fois dans le moule ça durci vite. Malheureusement le savon ne mousse pas et à la touché c'est gras. Simple à utiliser pour faire des savons avec les enfants, mais la qualité n'est pas la....",2
65554,montre facile d'utilisation mais ne dure pas longtemps pourtant le son est bien ce n'est pas de chance dommage dommage,2
48149,Il sont pas mal mais très déçus après 2 utilisation certain ne fonctionne déjà plus,2
67741,"Coque integrale, avant et arrière ,couvrant le tactile qui rend celui-ci beaucoup moins sensible. En plein soleil l’ecran devient illisible.... Je ne recommande pas",2
61317,Pas cher mais dommage que je l ai reçu pliée en 2 en espérant que ça ne se voit pas une fois collé,2
54712,En remplacement de H4 d'origine je pensais gagner un peu en intensité mais il en est rien.Aucun intérêt.,2
43244,En deux jours plus de panier.,2
63480,Très ludique et adapté à notre enfant de dix ans. Cependant à la première utilisation l’arbre central a cassé net. j'espère trouver facilement une pièce de remplacement,2
77059,"Qualité médiocre, produit rayé en de nombreux endroits.",2
50373,Pas terrible comme lentille !,2
46922,"Je me suis fié aux commentaires, mais je n'aurais pas dù. Le plastique n'ai pas d'une qualité exemplaire (j'ai l'habitude d'utiliser de vrai casque de chantier et c'est le jour et la nuit coté qualité). Les fixations pour les éléments du casque ne sont pas solide, de même pour la grille et la mentonnière. La grille n'est pas métallique mais en plastique et pas très solide (une petite branche d'arbre devrait la faire éclater sans trop de problème.",2
70454,C’est pas de la bonne qualité,2
66584,"Encore dans l attente de mon produit donc difficile à évaluer mais en tout cas très déçue du retard de livraison prévu au plus tard le 6 Mai on m envoie un sms le jour même pour me le repousser au 7 Mai pour finir rien à 17h, j appelle GLS et il me dise que la livraison est prévu pour le 9 Mai car ils n ont toujours pas le produit. Hâte d être à Jeudi pour connaître la suite de l histoire.",2
55363,"Le piquage des fibres est clairsemé, on voit le tissus blanc à la base. ils auraient du mettre un tissu noir en support. déçu !",2
66870,"Très jolie coque. Au départ j'étais ravie, elle etait très jolie, se clipsait. Elle semblait solide. Mais 6 mois après, un des clips s'est cassé et du coup la coque se tient plus. Je suis decue car elle a une très jolie couleur et me plaisait beaucoup..",2
76796,"Commande livrée rapidement , un peu déçue du bois qui est humide et légèrement moisi, mais surtout en montant le produit je me suis aperçue qu'il manquait 2 planches de bois de petites tailles et je n'ai pas la possibilité de contacter le vendeur dans mon interface client... comment faire??",2
63374,Dommage que les dimensions soient trop petites pour un double matelas d'épaisseur 30 cm.,2
71050,Piquets trop flexibles se tordent trop vite! Filet qui ne tient pas ! Nous avons du tout ajuster ! Envoi parfait,2
40418,Pour information cette tablette est géniale au niveau du vidéoprojecteur par contre surchauffe du chargeur et la batterie se vide très rapidement. C'est dommage compte tenu du prix.,2
74249,Cela ne protège rien ne compté pas sur c'est produit pour protégé votre téléphone plastique qui se tort dans tous les sens . Si le téléphone chauffe le plastique deviens élastique ... Ne le prenez surtout pas,2
72894,"Hori pour les accessoires Nintendo est d'habitude gage de qualité. Cette fois-ci je suis déçu de constater qu'après 5 mois, la charge de mon appareil est aléatoire (utilisé tous les jours car en plus de ma Switch, je l'utilise pour mon téléphone dans ma voiture). Suivant la courbure du câble, l'appareil charge ou non. Pas pratique.",2
77335,"Comme beaucoup. Batterie HS en a peine 1 an. Et pour 10€ de plus que le prix d'une batterie de rechange vous avez une nouvelle visseuse avec sa mallette, sa batterie et son chargeur. Efficace quand elle fonctionne. Déception.",2
77161,Colis reçu mais la tête du bouda est coupé.,2
59896,"Nous avons du attendre assez longtemps pour recevoir nos balles de ping-pong. Nous les avons achetes pour amuser nos deux chatons. Malheureusement ces balles ne sautes pas beaucoup et devient creuse assez vite. Je sais qu'elles ne sont pas cheres, mais nous sommes un peu decue. Peut etre qu'elles viennent de la Chine, je ne suis pas sure. Pour amuser les chats ca va, mais elles ne sont pas bonnes pour jouer au ping-pong.",2
76770,"Le plus : joli, assez grand pour ne pas courir dans le fond du jardin tous les jours, le moins :sceau intérieur en plastique avec une anse qui permet de l'emmener à votre compost, ma fille a trébuché en revenant, le sceau est tombé et là un morceau du fond du sceau est cassé (plastique très fin) alors que je suis allée au compost trois fois ! Pas solide, une autre chose me dérange, lorsque on met le couvercle en place il ne s'emboîte pas, il est juste posé et cela bouge dans tous les sens, je n'ai pas regardée si je pouvais acheter un sceau supplémentaire pour remplacer celui qui est cassé. Je regrette mon achat... Dommage car il est assez joli",2
44512,Très jolie collier mais le fermoir a cassé au bout de 2 jours ...,2
68213,"Efficacité encore à prouver, très long à sécher",2
76199,"Acheté pour un cadeau. Très déçue car une une des notes de la mélodie ne fonctionne pas et fait un bruit de métal.. C'est juste une note, mais elle se répète plusieurs fois lors de la mélodie",2
120533,Petit meuble sympa et pratique . Attention les étagères ne sont pas hyper robuste.,4
130342,"Quatre étoiles pour le prix , ça essuie , mais un essuie glass est bruyant (le plus court ) , pas des plus agréable ; gomme peut être un peu dur , a voir dans le temps.....",4
157658,"Ravie par le fait de retrouver une vérité : l'argent ne fait pas le Bonheur... J'ai aimé l'histoire , le contenu facile à lire et les personnages. Je le recommande vivement..",4
130330,"Acheté pour un mariage, le résultat est fabuleux. Le produit est conforme à sa description et contient le nécessaire pour le poser dans les cheveux mais je retire une étoile pour la pause que j'ai effectuée chez un coiffeur car toute seule la manoeuvre est un petit peu compliquée.",4
150000,Trrs bonne trousse piur stocker les 120 crayons de couleurs qie j ai. Manque une place gomme et taille crayon pour être parfaite,4
154485,Très légère parfait très content,4
124385,Des gants de bonne qualité mais la taille est du côté petit. J’ai commandé la taille L (comme mes Nike d’avant) mais les gants sont un peu serrés.,4
140405,"Pleinement satisfait de mes achats sur amazon.fr Ils correspondent à mes attentes, d'autant que c 'est pratique de les recevoir à la maison et dans un délai rapide.",4
137589,"bonjour, je l utilise pour mon paramoteur je vois quand ma voile est gonflée au dessus de ma tète .",4
131184,J’ai offert ce CD à ma mère pour Noël. Elle était ravie.,4
153591,"Satisfaite de ce produit fonctionnel, très grand correspond à la description je recommande",4
121657,C'est un bon étui pour qui veut emmener sa tablette avec lui en permanence sans risquer la casse. J'ai mis un peu de temps à choisir ce modème mais je ne regrette pas.,4
142611,Très bien bonne qualité,4
136987,"Prix abordable. Livraison rapide. Il ne faut pas s'attendre au 10ème près de degrés mais indique bien si fièvre ou non. Intérêt majeur, pas besoin de toucher l'enfant ou l'adulte.",4
148230,"Facile à mettre mais difficile à enlever, je pense qu'en cas de chute le S10+ sera protégé. Sinon par rapport à la façade avant, je pensais qui était semi tactile. Au moins il est compatible avec la charge sans fil. Je peux regarder mes vidéos tranquillement avec le rabat spécial ou bien les regarder avec discrétion par la façade avant. Tout est variable, c'est très intéressant. Mon Smartphone est Protégé, merci .",4
133995,"Ma fille l’aime beaucoup elle a mis son panda et ses livre, J’ai eu un peu de mal à le monter",4
152982,"J'ai du attendre très longtemps, mais comme il n'y avait pas urgence, mon imprimante marche encore. Prévoir du stock !",4
154683,Très bonne qualité d’images mais compliqué à installer. A distance l’appli bug faudrait l’améliorer. Sinon à domicile c’est nickel.,4
127551,je n avais pas l intention de l acheter mais ma sœur m a convaincue.. Depuis quatre personnes de mon entourage ont acheté echo alexa. je trouve cela pratique pour les recettes de cuisine elle calcule par rapport au nombre de personnes. les playlist de musique de tout les genres et aussi les quiz; Je ne regrette pas mon achat.,4
142625,UN PEU MAIGRICHONNE MAIS RESTE TRES JOLIE PLAIT A MON FILS QUI LES COLLECTIONNE.EN PLUS INTERACTIVE; RAVI DE MON ACHAT.,4
149857,fixation un peu légère mais très bon produit autrement.,4
141083,"Joli design, petit, peu encombrant. Les boutons ne sont pas forcement très facile à manipuler sur tout pour le réglage du son mais cela reste correct dans l'ensemble.",4
134936,Bande adhérente bien mais adhère moins au bout de 3 utilisations mais pour le prix vaux le coup.,4
132626,Coorespond à la description. Livraison rapide. Le 1 er envoie avais un souci et aussitôt signalé c était réglé aussi rapidement. J apprécie. Et cette marque ne déçois jamais,4
154264,Pour moi c'est meilleur de prendre celle de tournesol plutôt que celle de soja ! Le soja contient des hormones qui ne sont pas recommandés pour la santé,4
136328,"Très bon produit, déjà testé, à part un petit coup de main à prendre, mais vraiment on a enfin une technique pour ce faire les ongles sois même sans se prendre la tête, je recommande vivement ! Petit retard de livraison de 1 jour, un détail... 😁",4
157375,"Cet article m'a été recommandé par mon dentiste, je ne suis pas déçu et l'utilise plusieurs fois par jour. Je le recommande.",4
157813,Manque de piquant sinon très bien,4
125792,"Produit reçu dans les plus brefs délais, une équipe qui semble se soucier de la satisfaction client au vu des mails reçus (ce qui est rare). Produit conforme à la description, il y a qu'au niveau de la touche espace que la coque ne se fond pas à 100% mais rien de bien dérangeant. J'avais déjà un clavier transparent mais en noir ça fait bien plus propre. Très satisfaite, je recommande.",4
130689,"Je l'utilise depuis 3 jours. En même pas 5 mn (à condition de l'avoir fait préchauffer avant d'y entrer) on transpire vraiment beaucoup ! La chaleur est forte mais supportable sauf sous les pieds en ce qui me concerne, j'ai donc déplacé le panneau. Il apaise aussi très bien les douleurs musculaires. Par contre, ne conviendra pas à quelqu'un de très grand à moins de trouver un siège plus bas qu'un tabouret par exemple. Prévoir un drap de bain à mettre sous votre humble postérieur pour ne pas inonder le fond du sauna et ne pas glisser en sortant. Le cordon d'alimentation est un peu court. Prévoir une rallonge ou placer votre sauna pas loin de la prise. En résumé, je suis ravie de mon achat et le vendeur est très agréable et réactif à la moindre question. Renseignement important donné par ce dernier : La télécommande n'affichant pas les températures mais des niveaux, le premier est de 40 ° C et chaque niveau supplémentaire est augmenté de 5 ° C A voir sur la durée.",4
130751,"Un peu déçue de la qualité car le téléphone ne tient pas en mode paysage, la housse a tendance à se plier. Mais dans l’en Ça reste un bon produit, surtout pour le prix.",4
142057,Bonne bouteille qui évite d'utiliser les bouteilles plastiques. La version 1l est suffisante est bien. Seul reproche le prix que je trouve excessif,4
102951,Très bon service après vente,3
84606,Toutes les couleurs ne sont pas jolies.,3
97283,À voir à long terme. Mes chiens perdent toujours autant de poils après quelques semaines d utilisation. Livraison rapide .,3
103912,Avec un tel prix je savais que la qualité serait moyenne mais produits conforme à ce que je voulais et m'attendais. Seul point noir certains verres sont flous donc difficile de les faire porter longtemps à des enfants,3
86874,"Un roman « mignon » à lire mais avec trop de cliché. Un héros beau, jeune, riche et une héroïne naïve et qui ne s affirme pas au début. Enfin bref aussitôt lu aussitôt oublié !!!",3
92209,"C’est cool, mais maintenant tous les portes feuilles bloquent les ondes radio. Y compris celui ci qui oblige à extirper sa carte de transport navigo de son emplacement pour pouvoir valider son trajet.",3
109411,"Qualité ordinaire, mais ça passe !",3
104359,Je n'apprécie pas le manque de rigidité du fil métallique de la brossette manque de tenu,3
118793,L'étui est conforme. Il s'emboîte bien et protège correctement la tablette. Après l'usure de la toile et du dessin disparaît rapidement. Dommage car l'argument ici est justement le dessin.,3
82357,"Pour le prix, elle est sympa. Effectivement les mousses qui servent pour l’effet 3D ne sont pas bien centrées sur les chiffres mais avec un peu de patience on s’en sort largement. Les aiguilles sont fragiles (comme une horloge!). Pour moi, le seul inconvénient c’est de devoir décrocher le moteur pour pouvoir la mettre à l’heure ( du coup, plus de repères ) C’est pas du Suisse Mais ça fonctionne très bien et c’est pas chère!!!",3
85212,"Mitigé. La qualité est là, les ventouses tiennent bien. Cependant a l’usage je les trouve finalement trop petites, bebe est par moment trop au soleil. Pour info, j’ai une berline compacte donc pas énorme carreaux",3
82218,La machine à slime fonctionne bien mais le contenu varie suivant les paquets. Je l'ai offert à mon neveu qui a eu la mauvaise surprise de ne pas trouver un des éléments qu'il souhaitait absolument : un petit cerveau. A la place il a trouvé une oreille... C'est inscrit sur la boîte mais pas dans la description d'amazon. Sinon la fabrication de slime est facile et le résultat dégoûtant... Parfait pour un enfant de 6ans,3
81532,pas mal pour le prix mais le pied est un peut petit attention quand on monte dessu il bascule facilement un peut dommage,3
111314,"Les plus: léger, facile à utiliser, accessoires. Le moins: vis pas solides. Une vis cassée au mauvais endroit et l'organiseur de clés n'est plus utilisable. Dommage.",3
104487,"Un peu déçue quand même... D'habitude, je garde mesure sur les commentaires, mais là, j'aurais dû en tenir compte. Dans une petite pièce, le moteur chauffe la pièce, et avec l'eau augmente l'humidité de façon importante. Dans une grande pièce, bah.... c'est une grande pièce...donc, il ne baisse pas la température. EN revanche, c'est un excellent ventilateur si on le dirige sur nous. Je ne conseille pas.",3
102619,Déjà cassé ... retour à l’envoyeur !!,3
82648,"Cette robe est assez grande mais elle est magnifique. Le prix est dérisoire par rapport au bonheur qu'elle apporte aux petites filles. En revanche,je me suis rapidement débarrassé des épingles à nourrisse qui tiennent les papillons c'est beaucoup trop dangereux. Faire un petit point de couture à la place..",3
114594,"Le contenant DVD est correct, par contre le film en lui-même déçoit. Autant j avais apprécié le premier film, autant celui-ci m'a décu. Des fois, un concept original n'a pas besoin de suite. La note imdb est de 5.6 donc effectivement bien moyen.",3
105534,"Je suis un peu déçue car il ne s'adapte pas tout à fait à mon toilette. Cependant mon fils est bien quand il est dessus, ça ne le gène pas.",3
86323,Ce n'est pas mon besoin. Cela ne semble pas valoir la peine de l'argent que j'ai dépensé pour cela. Pas une bonne expérience.,3
80731,Je suis déçu par la qualité du tissu que je trouve trop fin.,3
81954,"Je pense à rectifier mon commentaire après plusieurs utilisation mon critérium de 0,3 son ressort c’est cassée je suis déçu mais bon,",3
91025,Cette pompe est très utile mais il ne faut pas avoir 15 vélos à gonfler. Le tuyau est petit et pas facile à manipuler.,3
107481,"Pour un lit d'appoint, c'est bien, qui justifie le prix.",3
83499,Taille très petit pour les femmes fortes ne vous aventurez pas,3
118965,bon produit problème il me serre a rien je les garder on ne c'est jamais,3
107767,Tres bien mais trop bruyant. Le son est vraiment tres fort.,3
114035,"Il est OK mais pas la même couleur sable que le 19cm que je ne trouve plus, il est plus gris c'est dommage",3
113245,Sympa et facile à mettre mais pas super solide. Des impacts ou des fissures se forment au moindre petit choc et il est très difficile de retirer la coque une fois cassée. Un peu déçu,3
118957,Pratique mais inconfortable en main. Pour ma part son utilisation reste exceptionnelle suite à l'inconfort ressenti. On verra sur le long terme.,3
91300,"la prise fonctionne parfaitement en revanche la portée n'est pas excellente probleme également dans le timer, on programme une heure de déclenchement et ça ne fonctionne pas à tout les coup il existe des modèles plus efficaces",3
90413,"Il est très bien pratique, mais le bol est déja fendu sans être tombé par terre, le plastique est très fragile",3
