55460,"Pas a la bonne taille, trop grand",2
46956,A peine un mois d'utilisation et le sifflet de la bouilloire casse... Déçue !,2
65690,Très bien mais les piles s’usent trop Vite (il faut changer la pile toutes les semaines quasiment),2
71874,Pratique mais se décharge au bout de 2h d'autonomie,2
50365,j ai utilisé plusieurs fois et assez régulièrement les patch et je les trove pas très efficace. la lotion reste dans l étui,2
66019,Le goût est correct mis la composition des ingrédients est telle que je ne rachèterai pas ce produit: huile de palme et divers conservateurs sur la liste des cancérigènes probables. Très déçu...,2
71981,j'ai commandé ce produit pour couvrir mes sourcils blancs. Je suis un peu déçu car il ne couvre pas correctement les poils blancs.,2
70528,"Acheté pour faire un peu de vidéo sur mon Sony a6500, les prises sont inutilisables à cause du bruit de l'AF continu. Ceci dit, les photos sont très correctes, même en basses lumières.",2
43311,Je n'ai pas reçu de mail à l’arrivée du colis au magasin !!! Pourquoi???,2
53966,Très déçu de la qualité du produit pour le prix. Finition pas top et en plus la planche (rouge) de l’étagère est griffée (voir photos). Je ne recommande pas cet article que je regrette.,2
43942,"Malheureusement le tissu n'est pas adapté car il glisse. Je l'ai reçu avec de l'avance et le sling est un produit très facile à utiliser. Et même si le tissu est doux il ne correspond pas. Ce n'est pas secure car bébé peut glisser, il faudrait un tissu plus résistant.",2
44691,Bof ! Déjà cassé en moins d’un an !!,2
44934,"De forme très sympathique, une réelle efficacité, 10 watts pour éclairer un arbre est très suffisant. Reçu dans les temps, un grand bravo pour ces spots extérieur. Cependant après qq temps , et qq orages , 2 sur 5 ont lâchés. En attente d’echange Pour un , garantie de 12 mois , à première vue pas vraiment rapide ...",2
71227,Trop bruyant et moins efficace qu'une sonicare.,2
58521,Bavoir sympa sur le principe mais il manque des lettres que j’ai dû rajouter à la main et d’autres sont en parties manquantes. Franchement limite,2
65253,je m'attendais à plus de rythme,2
56864,"Premier abord et après installation de Windows 10 et des différents logiciels, ordi sympa sous tous les angles, prise en main, écran, fonctionnalités.... mais au bout de 2 semaines d utilisation, retour à l envoyeur. Ordi planté, impossible de faire les Mises à Jour ni quoi que ce soit d autre. On attend l échange standard en espérant avoir une meilleure expérience avec le prochain!",2
69311,"Il fonctionne bien mais après une dizaine d'utilisations soit quelques semaines car je ne l'utilise pas au quotidien, l'eau fuit et sort le long du câble électrique, ce qui me semble assez dangereux et du coup il y a une flaque d'eau par terre en quelques minutes ! Dommage que je ne trouve pas le lien pour le retourner. Je vais voir avec Amazon...",2
40478,"Acheté au mois de décembre, Au bout de 5 mois, la montre ne fonctionne plus. et ce n'est pas un problème pile... très déçu!",2
49027,bruits très aléatoires. Livraison très longue .,2
58060,Jai pris ce produit pour faire une barrière pour mon chiot. Cet article n'est pas retractable et n'est pas pliable.,2
58738,Se décharge chaque minute,2
59327,Puzzle très beau mais il manque 1 pièce...,2
69015,Pas si efficace que l’aspirateur ou les rouleaux collants pour les poils de chien. Et il faut le rincer très souvent donc est-ce si écologique ?,2
77873,J'ai trouvé ce livre très fouilli. Difficile à suivre. Je regrette mon achat.,2
63669,"Les robes ne correspondent pas du tout à la photo ( les couleurs), ma fille est très déçu, par contre livraison rapide",2
55812,"La souris est pratique pour du transport, quoi qu'elle aurait pu être encore plus petite. Malheureusement la précision du pointeur laisse à désirer. Celui-ci bouge tout seul lorsque la souris est au repos. A utiliser obligatoirement avec un tapis de souris sinon le pointeur se déplace mal, même sur une matière non réfléchissante comme une table en bois basique (non laquée je précise).",2
52666,Dommage que le produit arrive en pièces détachées (bouchon en 3 parties à monter) et ce n'est pas aisé en sus de la perte de temps...,2
78610,"Vu le nombre d'avis positifs je n'ai pas hésiter. J'avais quelques poussières à retirer de mon Sony A7III, mais franchement c'est pas du tout efficace....",2
54784,Déçue. Taille non conforme un L donne pour une petite de 8 ans,2
79303,Pas de quoi casser trois pattes à un canard...,2
54206,"Jolis modèles mais qualité assez médiocre, à peine déballés qu’il y a déjà des pressions manquantes et il m’est malheureusement pas possible de me déplacer pour renvoyer la commande! Déçue",2
69634,La coque se détériorer très vite,2
59043,Emballage livraison top le produit est bon si vous avez en dimension un s7 edge au dessus le téléphone tiens mal style s8+ ou iphone 7 + premier dos d ane le tel est par terre,2
41895,"Première reçus, renvoyer pour cause de grésillement, seconde reçus même problème.",2
48354,"Produit reçus très abîmé, emballage intact. J'ai fais un retours. Service de retours au top !",2
54557,Les premiers jours ont été formidables ! Mais 2 averses aucune lumière. Je suis déçu !,2
76164,Sensation trop plastique,2
64299,apres avoir ouvert le colis (en bon etat) j'ai eu la mauvaise surprise de trouver la pompe doseuse cassée. ce qu'il rend l'usage plus delicat et en fait disparaître l'avantage de la dose.,2
64965,"Le DVD ""Gigi"" ne fonctionne pas, malgré plusieurs essais sur différents lecteurs. Cf autres commentaires d'autres clients sur cet article, il semblerait que ce problème soit récurrent. Serait il possible de me remplacer ce DVD ""Gigi"" (qui est en vente seul, à l'unité sur le site Amazon) ? Les autres DVD fonctionnent, donc je ne veux pas retourner tout le coffret, dont je suis très contente par ailleurs. Merci par avance.",2
48779,Acheté en février et les leds ne fonctionnent déjà plus.... en plus impossible de contacter le vendeur...,2
53188,Étagère très correct....par contre livraison lamentable livré chez un voisin qui ne me connais pas...à revoir le livreur très médiocre,2
79258,Malheureusement ne marche pas sur mon chien,2
41961,Attention papier très fin et qui se déchire très vite. Sinon quelques lanternes ont pu voler.,2
58135,"Pour avoir eu plusieurs pulvérisateur de différentes marques, celui-ci n'est pas terrible. De fabrication plutôt fragile, il expulse plus d'air que de produit... je ne recommande pas.",2
59993,Je suis déçue dès que l’on chauffe de l’eau avec du sel il y a des taches au fond de la casserole,2
49987,"J'ai les cheveux épais qui frisent et j'ai donc acheté cette brosse pour dégrossir le travail avant de passer le fer à lisser. Je savais pertinemment que je n'aurais pas un résultat 100% raide avec cette brosse. Bon effectivement ça les lisse légèrement, ça les assouplit on va dire mais j'y passe du temps et ça rend mes cheveux électriques. Sinon la brosse chauffe vite et on peut modifier la température. Une fois allumée, vous pouvez toucher les picots du tour de la brosse mais pas ceux du milieu sous peine de se bruler. Cette brosse est livrée dans une belle boite avec une housse pour la ranger.",2
47250,"La commande a été annulé car le mauvais article a été livré et le bon article n'aurait pas été livré avant Noël. Par contre, le service par tchat est très réactif et les conseillers sont efficaces et courtois.",2
65719,Que dire si j avais écris le commentaire après la 1 er nuit j aurais dit géniale mais voilà après 15 jours je le trouve plus il est plat impossible de retrouver son côté gonflant et vu le prix.......Je pensais pas avoir ce problème je ne rachèterais pas.,2
67535,la qualité n'est pas au rendez vous prix trop élevé a évité,2
74227,Ce tome n'est pas l'édition originale ! C'est la version remasterisé en double exemplaire ! C'est une erreur d'amazon !,2
78130,Pompe grillée 3 mois après l'achat.....,2
59905,Pochette pratique . Par contre la couleur n’est pas aussi belle que la photo. Les rebords ne sont pas assez protégé.,2
48950,"Le collier est trop petit il n'est même pas élastique et ne permet pas de le passer correctement autour du coup, ma fille ne peut pas le mettre.",2
49175,Les croquettes ont du mal à tomber... Ce qui peut être problématique en cas d’absence longue... Et l’objet ne répond pas à sa fonction...,2
54813,"Ce flexible a un diamètre trop important, par rapport à d'autres produits plus fins, et est donc plus rigide. J.",2
62768,Ne colle pas avec une coque sur le telephone. Pas de souci avec le telephone directement sur ce support.,2
75589,Pas de très bonne qualite,2
45467,Acheter pour le lit de ma fille mais c'est vraiment pas pratique parce Qu il n'y a pas d'ouverture,2
53168,Ne fonctionne plus au bout d'un an avec tres tres peu d'utilisation,2
52673,Joli design mais pas compatible avec l’application Netflix donc un peu déçue...,2
62465,La coque est bien mais ne correspond pas du tous à l’image montrer,2
64245,"Le look est sympa et je l'ai pris pour remplacer l'ancien grille pain Bosch de la même couleur pour être assorti à la cafetière. Il a le même défaut que l'ancien : le support qui maintient le pain est trop souple et fragile. Il arrive fréquemment qu'une tartine se coince et passe au fond du grille pain dont l'accès est impossible. De plus, il arrive à se tordre. J'ai beaucoup d'électroménager Bosch, j'en suis très content. Pour le petit électroménager ils ont des petits détails qui gâchent la vie au quotidien, dommage. Si le look n'est pas un facteur de décision, prenez un autre modèle.",2
45640,Je n ai pas reçu l'appareil mais remboursement très rapide,2
191859,Gain de puissance et économie sur la conso de carburant excellent produit je recommande,5
173793,Cette tablette est très précise et offre un rendu des dessins très satisfaisant,5
193528,"Enfin un pied de sapin qui permet de mettre un grand sapin (2m) sans encombre et sans aide. Facile à utiliser avec sa pédale, il maintient très bien le sapin et permet de mettre de l'eau pour que le sapin dure plus longtemps. Je recommande ce produit simple et efficace.",5
176656,"chaises stylées, simples et légères",5
165435,"Super, a recommander, ideal pour reduire les dechets et lancer le barbecue! Fonctionne également pour compacter les plastics mous",5
178649,La pièce reçue est une pièce d'origine qui se monte parfaitement en lieu et place de l'ancienne (Sitram Poignée pour auto-cuiseur),5
166660,Cadeau de Noël au top,5
185575,Contente de mon achat ! Livraison rapide et nickel ! Installation très tres simple et fonctionne super bien ! On capte même au fond du jardin !!,5
192924,Ce produit est conforme à mes attentes. Je peux enfin savoir la taille des bagues à commander. Je recommande ce vendeur.,5
166022,"Super produit, le silence avec l'ender 3",5
160214,"Parfait, au bout de quelques heures, cela faisait déjà effet. Je le recommande vivement.",5
189585,"Voilà c est ça ce qu on attend de la vie , enfin c est ce que moi j' attend de la vie ...",5
187013,Excellent produits je recommande fortement pour tous les amateurs de cameras cachés ça marche très bien. SUPER camera pas chère,5
160297,Très belle couleur et belle odeur. J adore!,5
175765,"Les films sont parfait, livré dans une boite adaptée, avec les accessoires nécessaire pour la pose du film. Toucher très doux. Mon Phone est comme neuf!",5
186932,Super confortable et super utile Meilleur utilisation que la courroie donner avec mon reflex canon,5
193237,"Pour ce nouvel opus de l'un des plus célèbres jeux vidéo, l'envie de combiner achat de PS4 + FIFA 18 était forte. Y céder était d'une simplicité enfantine et le plaisir en est que plus intense.",5
183554,Il est pratique car rechargeable en p’us D être léger,5
196710,"J’avais déjà acheté ces toupies pr mon fils du coup j’ai décidé de compléter la collection ! Il les aime tjs autant et peut les emporter partout avec lui. Côté solidité, rien à redire .. elles font tout comme les « officielles ». Je recommande sans pb",5
189688,"Utilisé en crème de jour, je n'ai jamais eu une peau aussi parfaite, les pores ne sont pas visibles,peut être un peu clair, mais j'ai ajouté un peu de poudre et c'était parfait !",5
165648,"correspond tres bien à ma demande , la coupe aisée et manipulation facile, je recommande ce produit il est parfait",5
181328,On aime cale bien la porte,5
190600,"Montre belle, magnifique couleur, marche à merveille. Très content pour mon fils c’est son cadeau de Noël. Merci Amazon",5
178446,Parfait bonne qualité,5
164672,"Set en plastique souple, très bon produit, design, je recommande =)",5
167470,Parfait ! Comme sur le descriptif !,5
173477,"Belle cravate, bonne qualité avec la pochette assortie, livrée en écrin, peut faire un beau cadeau Rien d'autre à dire",5
162720,"Bonjour, J'utilise ce produit depuis près de 2 semaine et il fonctionne parfaitement. Seul petit bémol il n'adhère pas bien si il y a trop de poil, passage par la case rasage obligatoire lol. Il y a plusieurs fonctions et mode de massage/musculation, plusieurs intensité. C'est parfait le soir au repos, petite séance sportive sans effort. Point positif, petit prix pour une qualité top. Je recommande.",5
169971,Très utiles installer dans le couloir la ou l'interrupteur et bloquer en position ouvert suite a un probleme électrique donc la lumière s'allume et s'éteint au passage sans toucher l'interrupteur,5
193052,Super produits pour mon oneplus 5 découpe parfaite texture au toucher très agréable. Les bords sont bien recouvert. Livraison rapide et emballage nickel.,5
196565,"A lire absolument. Des informations précieuses sur l'impact des glucides sur notre vie, notre vieillissement. Ce livre se lit très bien, alterne les passages un peu techniques, les récits autour de cas concrets, les conseils essentiels pour mieux s'alimenter et mieux vivre.",5
172660,"Bon rapport qualité prix, rien à redire. PLA facile à imprimer et le noir garde son éclat après impression pas comme certains PLA pas chers...",5
180955,"Ce bracelet est conforme à la description. Il est venu dans une belle boîte, enveloppé dans un sac de velours. Le bracelet est exquis dans l'exécution et de haute qualité. Cela répond très bien à mes attentes. Les petits diamants scintillent et révèlent le luxe de manière discrète. C'est bien d'acheter un si beau bracelet à ce prix. La texture de ce bracelet est très excellente. Je reviendrai la prochaine fois. Recommander.",5
163256,câble acheté ppur mon iphone rt mon ipad. fonctionne très bien. il sont également en nylon tressé pour éviter de s'emmêler sur eux mêmes. il sont d'une bonne robustesse et le prix et au top!! je suis ra ie de mon achat et le recommande sans hésiter 😉,5
179419,"acheté il y a 4 mois, utilisé régulièrement pour traversé la ville par mon fils de 21 ans... et toujours ravi !",5
187368,Miracle le disque de jeux rayé fonctionne à nouveau correctement,5
160500,"Voyager avec mes chiens, sans subir de salissure dans la voiture",5
183653,Effet miroir !!!!! Conforme à l'ancien en noir acheté en magasin!!!! Juste le prix change.... C'es vraiment Parfait Ne pas hésiter,5
182333,Carte a jouer plastifiees. Bonne qualité parfaite sur un Bateau ou en extérieur si il y a du vent,5
172665,"bel article, solide, joli, que du bien à en dire. Fait un bel effet, je le recommande sans problème, joli",5
171905,"Le brassard s'adapte facilement au bras et est de la bonne taille pour un honor 6x. De bonne qualité, il dispose bien de plusieurs entrées pour le câble des écouteurs. Je le recommande pour ce genre de téléphone.",5
188898,"Un livre grand par la beauté de son récit la délicatesse de la plume la finesse d'esprit de l écrivain et la précision chirurgicale de retranscription du reporter. Tout l univers humaniste et littéraire de l'écrivain explose dans son livre et en fait une oeuvre incontournable et universelle de littérature épique qui relate le combat acharné, positif et déterminé, ici réel, d'un homme et de tous ceux qui l ont aidé pour rester vivant, humain et digne.",5
186366,"Très girly mais ne fait pas ""toc""",5
198991,"Acheter pour tester, mon imprimante Canon MG5750 les a reconnues instantanément. Donc, aucun souci avec ces cartouches ...A recommander. L'emballage dans une boîte en carton est également impeccable !",5
191601,Produit conforme à la description;,5
183974,Gant très féminin Bien coupé Tient chaud Très jolis,5
199493,"Même si la couleur est un peu différente, ela ne se voit pas une fois installé. Je redécouvre mon aspi AU TOP",5
195769,"Superbe bijou,discret et très joli.produit conforme à la photo",5
162083,je suis streamer et franchement elle film super bien très bonne résolution et l’auto focus marche bien je recommande a tous,5
174023,"Jeu tres sympa, pour jouer en famille ou entre amis.",5
180062,Le contour écran fourni permet de bien positionner la vitre. La pose de la vitre est facile et celle-ci est bien centrée du premier coup. Je recommande!,5
186600,L'ancien modèle était moins cher et plus solide. Celui là est fait d'un plastique très fin. Le design est plus beau mais on y met moins d'eau car cela ne descend jamais plus que le niveau de la cartouche ( le bas ) Le système du dessous est ingénieux mais ce couvercle ne tient pas bien en place.,5
177564,Mon fils a été très content du casque car utile pour PS4 et Nintendo Switch,5
176754,Bon produit conforme,5
174927,satisfait de mon achat les commentaires des autres utilisateurs m'ont été utile dans mon choix pour opter pour ce cable,5
183326,je mouille la gélule un peu de fromage et mes petits amis l apprécie,5
161844,Connaissant la marque je sais que je dois prendre une taille en dessous Je ne suis pas dessus de la qualité du produit ni de celle du vendeur Je recommande,5
176947,"Casque arrive génial joli, mon fils utilise ce casque pour jouer a la Switch, le côté confort préserver les oreilles de mon enfant.",5
187828,"Article conforme à mes attentes , de bonne finition. Livraison rapide.",5
172494,Bien pour le montage et démontage des pneus..... Aucun problème.....,5
169034,"Identique à celle qui était dans mon four Siemens. Livraison rapide, emballage pas très protecteur pour des ampoules mais elle sont arrivées en un seul morceau.",5
174712,"Je suis très satisfaite de mon achat. Joli design. Bonne protection! Produit conforme à la description. Si vous chercher un étui pour votre iPhone 7 plus, je vous recommande celui ci.",5
193208,"C'est la chose la plus cool de tous les temps, j'ai toujours rêvé d'une caméra à sonnette et c'est génial de travailler comme décrit ... La qualité est plutôt sympa Je ne pensais pas que ce serait si bien mais j'ai été surpris. Avantages: Fonctionne très bien La qualité est bonne Peut voir qui est à la porte sans se lever (paresseux! Oui parfois) La configuration était correcte (je vais expliquer par contre) Installation sans douleur Les inconvénients: La configuration a été une douleur au début, il ne se connecterait pas avec mon application ou téléphone, puis Internet, je devais activer et désactiver Bluetooth pour résoudre ce problème, alors il aurait travaillé j'aurais connu 4 heures. C'est un peu gros Lourd Pas de sonnette de porte dans la maison, donc si vous n'avez pas votre téléphone, vous n'entendez pas la sonnette Dit qu'il ne peut pas être mouillé (les sonnettes sont destinées à l'extérieur) Encore du mal à obtenir ma famille sur l'application. Ce ne sont que des problèmes que j'ai eu jusqu'ici à part que c'est un excellent produit qui a juste quelques petits bugs à régler mais pour le prix comparé aux autres ça vaut l'argent.",5
180481,Très belles assiettes. J'aime beaucoup la couleur. Beaucoup plus jolies que des assiettes en plastique classiques. Elles me servent encore.,5
18672,vraiment pas solide ! je suis déçus,1
9669,Très déçu !! C’est un faux alors qu’en magasin on en trouve à 20E donc vraiment dommage et plus confiance en amazon qui vend du faux ça se voit tt de suite Étiquette à l’interieur Et matière,1
7129,"Au bout de deux semaines d'utilisation, aucun de mes appareils apple (iPhone X, nouvel iPad) ne pouvait être chargé avec ce câble. J'ai dû utiliser l'original qui est beaucoup plus court et acheter le câble Rampow qui pour l'instant fonctionne bien.",1
17480,J attend le retour du caddie je les renvoyer parce que la roue arriere ne tenait pas est j attente que l on me revois un autre,1
19476,Après 6 mois alors que mon fils jouait avec pas plus d’un quart d’heure par semaine et uniquement en intérieur son joli tracteur à cesser de fonctionner. Pas fiable.,1
4599,"Ne s'illuminent pratiquement pas. Il faut deviner où ils sont. je suis déçue, je m'attendais à plus brillant.",1
11396,Le produit est arrivé défectueux. Nous devons le renvoyer pour échange.,1
2167,"J'aurais bien aimé avoir à donner un avis ! Mais le produit, bien que commandé simultanément avec un article de même gamme, ne m'a jamais été livré !",1
1508,En pratique c'est un produit inutile,1
23224,Pas du tout content Au moment de l’instalation j’ai un plastique qui a casser du cou il est bon pour la poubelle 😡,1
29913,La finition manque énormément la qualité du tissu est correcte Au niveau de la taille c’était un petit peu long,1
28000,Ne peut évaluer car jamais reçu,1
13439,"Pourtant l'air bien faite mais cette camera ne fonctionne pas correctement, je commence, hélas, à m'y connaitre, et la c'est très décevant",1
34750,"beaucoup déçu, ce n'était pas pour moi la mienne je l'avais acheté sur un autre site spécialisé dans le téléphone et je regrette de ne pas avoir pu conseillé cette personne pour acheté sa batterie sur ce site au lieu de ce faire arnaqué ici",1
29406,Bonjour je vous envoie se mail car intérieur de ma coque est noir mauvaise qualité je demande un remboursement .merci . Je reste dans l attente d une réponse de votre part . Cordialement,1
24841,"Ne fonctionne pas, le vendeur n'a jamais répondu à mon mail",1
534,J ai jamais reçu ce produit pourtant j'ai fais ma commande depuis des mois,1
27202,"Au bout de 2 semaines, j'ai déjà des fissures a plusieurs endroit alors qu'il n""est pas tombé !! Je suis tres attentionné avec mon téléphone... dommage on me l'avait conseillé pourtant.",1
33058,Je n'ai rien à dire sur la piscine mais plutôt sur l'expéditeur je n'ai pas reçu la piscine que j'avais commandé donc très déçu. Obligé de la commander sur un autre site dommage,1
11507,"-Coque supérieure/du dessus/de la face trop large donc difficultés pour écrire, - pointillés trop visibles, donc visibilité diminuée, - impossible de mettre le jack pour la sortie audio car orifice de la coque pas assez grand",1
26361,Optique très mauvaise,1
22945,Le jouet a duré 10 min.. mauvaise qualité,1
25932,Je suis déçu car je n'ai jamais reçu cet article,1
21176,"Le livreur Amazon est passé dans la rue d'à côté sans livrer chez moi, Message sur la page de suivi : ""Malheureusement, nous n'avons pas pu trouver un lieu sûr où laisser votre colis sans surveillance. Nous essaierons à nouveau."" Vous auriez du essayer de livrer chez moi j'aurai trouvé un lieu sûr moi. J'appelle le service client dès le (non-)passage du livreur à 10h. Ils me disent que le livreur repassera d'ici 21H (on est samedi) . Je rappelle à midi et après quelques minutes de discussion je comprends que je doit attendre 21h mais que si le livreur n'est plus dans le quartier je serais livré le jour suivant (lundi) , l'opératrice me confirme... Votre service de livraison est lamentable. Hier j'attendais un autre colis qui a été livré à 10 numéros de rue de chez moi sans que j'en sois notifié. Quand je suis allé le chercher, la personne m'a remis par erreur, des colis qui ne m'étaient pas destinés... C'était un cadeau de dédommagement ? Heureusement j'ai retrouvé le vrai destinataire et j'ai assuré la livraison à la place d'Amazon !! Apparemment c'est un problème récurrent pour les livraisons Amazon passant par le dépôt de St Priest (lyon), les colis ne sont pas livré, ou livrés chez des anonyme. regardez les avis sur google map",1
24223,N OUVRE QUE PEUT DE BOITE JE DECONSEIL,1
18125,ce qui est livre n'a rien à voir avec le descriptif nul,1
4113,Offert à une petite fille fan de la reine des neige,1
6531,"Pas de commentaire, le colis s'est perdu en route, jamais reçu.",1
2115,le transporteur a mis le paquet dans la boite aux lettres mais impossible d'ouvrir la boite aux lettres. La poste ne pouvait plus mettre de lettre dans la boite aux lettres. Le verrou de la boite aux lettres était bloqué à cause du paquet qui a été mise dans la boite de force.J'étais obligé de demander à la poste d'ouvrir la boite pour récupérer mon paquet.,1
10679,Horrible? Ils me disent que le produit est livré alors que c’est complètement faux. J’aimerais être remboursée.,1
19864,"la matière et la couleur bien, mais les trous pour les boutons ne sont pas bien placés ou trop petits.",1
6829,Article non reçu !! Je demande un remboursement immédiat !Je suis très déçu de la qualité de travail de certains livreurs Amazon,1
19566,4 jouets sur 7 détruits en 1 semaine par un chiot staff de 8 semaines......,1
10681,"Produit défectueux. La pile est gonflée, impossible de fermer le capot. On se pose la question du caractère dangereux de la pile. Je ne laisserais pas en charge sans surveillance.",1
26569,bonjour jai renvoyer une tablette sannuo marche pas je voudrais racheter une tablette mais connais pas les marque pouvez vous m'aider voir logicom budget 100 euros cordialement,1
25476,"Hélas ce produit n’est jamais arrivé. Triste, j’en avais besoin",1
26436,Pas c'est que je voulais,1
1293,"L'essentiel est dans le titre... J'hésite à installer cette ""protection"" qui laisse presque 4mm d'écran tout autour. Pas du tout satisfaite de cette recommandation d'achat groupé ! Vu les commentaires concernant la pose je pense simplement le renvoyer après visite chez la concurrence 😕",1
1085,après 10 pages j'ai laissé tomber c'est une vrai daube!!!!!!,1
15650,Le doudou Corolle n’est jamais arrivé malgré une information de livraison effectuée en main propre !,1
21906,"Très déçu par ce produit, n'arrête pas de se perdre.... N'arrive pas à retourner à sa base... Bref il vaut mieux prendre un milieu de gamme",1
33815,"Produit peu cher, mais de piètre qualité.",1
26260,Je n’ai jamais reçu mon colis !,1
1155,bonjour à quel moment la manette est sensé fonctionné car chez moi rien nada est l'anglais est moi sa fait 50,1
27001,Je ne recommande en aucun cas ce produit mon fils de 10 mois vient de tomber alors que sa fesait que 5 min qu'il était déçu merci mon dieu heureusement qu'il est pas tomber sur la tête ou autre mais j aimerais que le vendeur me contact pour lui renvoyer le produit et me faire rembourser !!!!!!,1
27435,J’ai reçu un autre produit a la place de ma commande Une protection plus petite Je ne sais meme mas ce que c’est,1
7787,"Très déçue ,impossible de lire le DVD.un retour m'est accordé ,mais à mes frais .autant dire que ça va me coûter plus chère que le remboursement lui même !",1
11000,Je pensais que ce serait plus intéressant,1
2554,Simple enveloppe craft pour un produit de collection dont l'emballage fait partie intégrante de la valeur du produit. très déçue du service,1
7043,"Bonjour, je ne sais pas comment contacter le vendeur pour un échange, réparation ou remboursement. J'ai acheté cette batterie pour l'emmener en vacances. Je l'ai utilisée 2 fois avant de l'emmener, elle fonctionnait. Elle m'a lachée à la 3ème utilisation la veille de mon départ.... Elle s'allume, se charge mais ne charge pas mon téléphone (alors que le premier jour elle fonctionnait). J'ai perdu mon argent, je ne sais pas comment me faire rembourser. Si quelqu'un peut m'aider :) merci",1
2163,Vie de tous les jours il sere à rien mon téléphone à une semaine et il est cassé donc inutile,1
33078,Il manque le cadre d'installation pour le mettre correctement comme l'explique la notice 🤨,1
19882,"a fonctionné 2 semaines en utilisation statique, 3 câbles sur 3 HS....à éviter avec un ipad pro. câble interne trop fin ???",1
8958,Malheureusement le chargeur aura eu une durée de vie de 15 utilisations... Bien dommage tout de même car l idée est top. Apparemment pas de garantie ni retour possible :(,1
15272,il manque dans mon colis le produit!,1
27777,Moi le mien avait le cou cassé j etais degoutée mais bon c est la 1ere fois que je recois un colis cassé,1
11132,"Il fait bien son job pour du silicone, d'aspect très brillant. J'aurais vraiment préféré avoir un mastic acrylique pour mon usage.",1
6281,Bonjour je viens de brancher sur mon pc et le voyant xbox quand j'appuie de su il s'allume en rouge au lieu de vert et pour t'en le pc le reconnaît pour quoi,1
27390,"Nous n'avons pas vu dans le descriptif produit la mention ""préparation expresso"":Dommage car c'est vraiment pas bon en préparation filtre.",1
5257,"Reçu rapidement, pas de paille pour gonflé. A explosé lorsque j'ai voulu mettre les pattes.",1
32304,"Belle qualité perçue, mais cela s'arrête là ! Effectivement les fonctions éclairage et projection au plafond se font soit sur piles en appuyant sur le haut du réveil, et à ce moment là l'affichage restent quelques secondes , soit en alimentant via un transfo 220V USB non fourni pour qu'il soit permanent. Sur le secteur l'affichage de l'écran est sympa mais trop lumineux la nuit. la projection au plafonds aussi trop lumineuse, il y a le halo de la lentille et pas seulement l'heure qui est visible.Dommage. De plus l'orientation de l'affichage ne peut être changée ce qui fait que l'on doit lire l'heure à l'envers. Achat donc inutile, je remet mon ancien, moins esthétique mais beaucoup plus pratique.",1
35755,Minuscule petit filet qui ne s'acroche à rien... impossible de s'en servir... je l'ai donné à ma fille pour sa poussette,1
15679,Ne sont pas des filtres !!!,1
10284,Ça fuit de partout!!!! Je conseille pas! C'est de la merde... j'aurai du me méfier vue les commentaires ici ..,1
151975,Pour Le mode GPS Parfait mais par contre à l’avenir le faire plus fin car trop épais pour le poste CD que je possède Mais sinon très très bien !!,4
144997,Super article très contente d'avoir fait cet achat très bonne qualité très simple d'utilisation il s'adaptent à plusieurs appareil le top super pour lire vos photos et vidéo de votre téléphone avec un très belle qualité.Je le recommande.,4
129442,Bonne finition et silencieux,4
157208,"Pour un cadeau, joli packaging et ne fait pas toc du tout (je craignais ça par rapport au prix attractif). Bon produit !",4
122724,"conforme à mes attentes. J'ai enfin pu percer à l'équerre sans me prendre la tête. (oui, 5 mots minimum manquants).",4
120957,Vraiment pratique 3 position d'éclairage très flexible. Peu être un peu lourd pour accroché à un livre. J'espère que sa va tenir dans le temp. Jolie couleur comme sur la photo,4
156140,Première montre pour le sport achetée. Elle est bien. Quelques reglages impossibles avec le smartphone. Mais elle fait totalement ce pourquoi je la voulais. Elle a meme pris des bains lors de canyoning et nickel.,4
142884,"excellente idée d'avoir créé ce crochet double - est vraiment utile dans une cabine de douche - gauche pour le haut et droite, pour le bas",4
153555,"Joli, correspond tout à fait à l’image. Le petit détail auquel j’ai pas réfléchi, vu le prix je ne suis pas sûre que le matériel est certifié pour l’utilisation des enfants ...",4
121493,Un peux trop rigide manque d d'amorti sur les côtés,4
129694,"Je cherchais depuis un petit moment un livre comme celui-ci et il a répondu en tout point à mes attentes. Réaliste et clair, il contient les formules gagnantes afin de réaliser le meilleur investissement possible.",4
155657,"Très pratique pour occuper les petits pendant leur bain, ludique et ne prennent pas beaucoup de place pour le rangement.",4
130384,Pratique pour du parquet.,4
137590,"Plutôt solide, objet officiel, mais la coque est un peu décalé par rapport au design de la balle = pas totalement symétrique de tous les côtés. Compliqué de la mettre comme il faut aussi, mais bon, une fois mis ça protège bien. La coque n'est pas compatible avec la station de charge officiel Nintendo, si vous la prenez vous devriez tout le temps enlever la protection pour pouvoir charger la balle. Sinon la housse et les protection de joystick sont nickels",4
155178,Conforme à mes attentes Livraison rapide,4
159751,"il ne fallait pas en demander plus à un fer de ce type. Ça répond aux attentes, j'avais pris un fer d'appoint juste pour tester. Ça ne me va pas du tout mais c'est une question de goût ! la pochette est très pratique en attendant! pas besoin d'attendre que ça refroidisse.",4
139852,Couette légère très agréable,4
121449,Très bien pour la salle de bain. Bien rincer sinon traces blanches sur les vitres de douche et cela glisse en fond de baignoire ou de bac à douche,4
144257,Utilise lors d’un périple de 10 jours à vélo Léger et facile à ranger. Plutôt confortable pour ce type de matelas,4
131530,Le rouge très vif. La coque est très douce. Parfaitement adaptée. Pourrait protéger un peu mieux les angles.,4
143929,"L'intrigue de ce récit est intéressante , revenir sur son passé malgré les secrets de famille. Les rebondissements sont intéressants et le thème de l'amitié est très présent dans cette histoire qui se lit très facilement.",4
138328,"Je met 4étoiles pour cette batterie externe AUKEY,elle me suffit pour tenir une journée entière (J'utilise un samsung galaxy s4 qui ne consomme pas beaucoup,donc ça peut varier selon votre téléphone) Elle est très petite et de bonne qualité,elle ne se cassera pas facilement !",4
136007,Portefeuille correspondant aux descriptions Livraison réalisée comme annoncé dans lors de l'achat Le pompon est à part ce qui est bien car il est assez volumineux,4
147242,Cadeau de noël pour mon filleul,4
133417,"Engagement tenu sur le délais de livraison mais les méthodes du livreur laisse à désirer... on m’a jeté le colis dans ma cours, l’emballage carton était complètement déchiré et le colis était à la vue de tout le monde dans la rue, je n’ai même pas été contacté par le livreur... sinon le produit en lui même fonctionne.",4
139979,Exactement le produit recherché,4
122771,J'ai fais l'achat de ce câble pour brancher le boîtier de la fibre (orange) à la livebox car nous souhaitions déplacer la télé sans avoir à '' arracher '' le câble de fibre qui est collé le long du mur. Nous recommandons ce produit.,4
126122,Très bonne clé cependant on ne peut la formater qu’en FAT32 ce qui signifie qu’on ne peut pas mettre des fichiers de plus de 4GO. Si vous voulez mettre des fichiers de plus de de 4GO il faut prendre le modèle 128GO qui lui propose un formatage en exFAT.,4
158089,Tasse rigolote achetée pour faire un petit cadeau. Livrée bien protégée dans un carton et très bien emballée.,4
137359,"Très bon produit installé il y a déjà 3 mois. Tiens très bien, ne s’abime pas et est extrêmement simple à installer. Le seul petit default (surtout si comme moi votre carrelage est légèrement poreux) est que l’on est obligé de coller deux pastille sur le mur qui pourrait peut être s’averer difficile à enlever.",4
120219,Produit correspondant à mes attentes,4
136912,Pour allez travaille et pour les loisirs Tres beau velo et tres bien fini Je vous le conseil comme velo electrique,4
158848,"Bonne montre d activités physiques, elle correspond aux attentes. Très bon achat rapport qualité prix. Je conseille cet article et ce vendeur.",4
158151,je l ai acheter y a deja une semaine elle fonctionne niquel pour avoir les 5 etoile il fallait qu elle soit juste un peu plus grosse mais pour jouer a Fornite ou counter strike c est amplement suffisant ^^,4
139445,Livraison rapide. Clé usb correspond à mes attente. Je recommande,4
133103,"Ces écouteurs fonctionne bien mais il est pas vraiment possible de converser avec une personne lors d'un appel émis ou reçu.sinon les accessoires fournis sont très pratiques,soit, plusieurs tailles de bouchons et une pochette de rangement.mais attention tout de même,je possède un honor 8 et le plastique du jack est trop épais et il me faut légèrement ôter la coque pour pouvoir brancher mes écouteurs.",4
155404,Belle coque pour tablette mais les différentes positions ont parfois du mal à tenir le poids de la tablette...,4
142642,difficile de mettre un commentaire sachant qu'il s'agit d'un cadeau que nous offrirons à Noel,4
154649,"Acheter pour mon chat. Il adore son jouet, il le promène dans tout l’app. Seul bémol, il est trop fin et fini systématiquement sous le canapé.",4
124551,Excellent produit livraison rapide nous l'avons découvert au cours d'une dégustation dans un restaurant le recommandons après un bon repas,4
156042,J'ai utilisé cet article pour décorer des hérissons en papiers livres tres tres pratique .,4
126523,Sympa pour un cadeau. La qualité n'est pas au top mais correspond au prix. L'effet est garanti et ça taille très bien,4
139156,"produit reçu en temps et en heure,marche très bien et aspire même mieux que je l aurait pensé..livré avec 2 filtres en plus et 2 embouts..ce charge avec un fil avec un embout standard ce qui ai très pratique..je le conseil",4
136566,"Bonjour, Colis reçu ce jour et j'en suis ravi. Il est bien vendu avec un bac de rangement, et 3 planches en bois (Le bois sent assez fort a l'ouverture, au moins c'est du vrai bois :) ) J'aurais juste aimer une planche un peu plus grande car je les trouve juste. Par contre le colis à été envoyé dans son simple emballage, sans autre carton de protection, et non fermé ! Même pas de ruban adhésif ! Pour ça je met 1 étoile en moins. Les plus : - Prix. - Qualité. - 3 planches + bac de rangement. Les moins : - Taille trop petite. - L'envoi non protégé.",4
156160,Conforme mais se casse très vite sans endommager l'écran heureusement,4
124133,le montage a été un peu laborieux mais tout fonctionne,4
122539,"Le produit est très correct, mais encore une fois pas de mode d'emploi français, pourtant sur le descriptif ils montrent différents drapeaux pour je suppose indiquer les langues de traduction. Mais bon, on se débrouille.",4
150888,Produit conforme à mes attentes.,4
153535,Pas encore pus testé,4
122050,Super pratique pour les travaux du jardin et aussi pour des recettes de cuisine. Merci,4
159778,Je suis sûre que ma petite-fille va l’adorer...cette petite licorne est colorée et de bonne taille.,4
134755,Beau film belle histoire très prenante Les acteurs sont beaux les paysages aussi J ai beaucoup set ce film je le recomende pour tout public,4
143996,"Cadeau pour une petite fille de 18 mois qui a beaucoup apprécié! Les nombreux accessoires sont pratiques et incitent à jouer. La porte du four ne s'ouvre pas facilement,donc fixer la cuisine au mur-avec les éléments adéquats fournis avec la cuisine- se révèle une bonne idée!",4
157791,"Produit plutôt bien réussi sur le plan esthétique. Bonne qualité d'assemblage et des matériaux. A confirmer bien sûr sur la durée. Côté pratique, il est conforme à ce que j'attendais: Je l'ai utilisé pour rétracter de la gaine électrique. Travail rapide et efficace. Par ailleurs bonne prise en main.",4
157808,Bon produit pour le prix. Au fil des utilisations les chaussettes ne se détendent pas. Cependant certaines commencent à boulocher.,4
159794,j ai pas encore utilisé mais au touché ça m a lair tres solide et lourd dans les mais j ai hate de les utiliser,4
122365,Fonctionne relativement bien. J'en ai d'ailleurs acheté un second.,4
148204,"Bonjour, merci pour la livraison rapide et l'objet correspond à la description. les bagues silicone bloquent bien. bien à vous, bonne journée",4
152058,caché une cuve à eau,4
134886,"La vitre s'attache très facilement comme dis dans la description mais on peut quand même un peux voir l'écart entre l'écran et la vitre lorsqu'on regarde sur le côté du téléphone (voir photo). Rien de hyper géant néanmoins. Le tactile marche très bien, sur la notice on dit d'appuyer avec le doit au milieu pour appliquer la vitre partout , mais je remarque que l'on voit lorsque il y a de la lumière, que il y a une sorte d'empreinte vers le milieu du à la pression je pense. Dès que j'utilise mon téléphone je ne remarque pas cette empreinte. Donc pour moi ça vaut clairement le coup car on en reçoit 3 et ils sont très faciles à monter.",4
127278,Tres bonne bougie mais très déçu de découvrir une paire de boucles d'oreilles cassée,4
148507,"Je ne l'utilise pas souvent ,il est efficace, son rapport qualité/prix :exceptionnel. Je le recommande.",4
139702,"Ce livre est bien écrit. L'originalité réside dans le fait que pendant une première partie (sur 3) nous vivons 3 histoires qu’apparemment rien ne relie et qui sont chacune cohérentes. Vous devinez qu'à la fin l'histoire devient commune, même si cette troisième partie est un peu bâclée. Je ne sais pas i je vais acheter un second livre de cet auteur craignant de ne plus être surpris ? A voir",4
128766,c'est commandais ce produit pour mettre devant la caisse de la litière de mon chat,4
115248,"tres bonne qualité pour la guirlande (attention elle n'est pas montée) et les fils sont longs les pompoms sont beaux, ballons aussi mais le prix est un peu cher",3
104630,"OK, mais je ne les ai pas toutes utilisées.",3
110316,"Un peu ""trop long"" les contes. Mais ils étaient racontés dans les chaumières pendant les longues soirée d hivers",3
97860,"J'ai acheté la taille M et il est plutôt serré au niveau des hanches et des fesses, mais la coupe est très sympa je le garde tout de même. Prendre une taille au dessus (je fais habituellement du 38 voire 40 mais pas plus).",3
109746,"Jolis attaches. Mon bébé aime jouer avec. De coup, l'attache se détache assez facilement à cause de la force de mon bébé de 8 mois. Je n'ai pas essayé d'autres produits similaires donc ne sais pas dire si certains modèles marchent mieux. Deux petits jouets de plus, pourquoi pas :)",3
107813,4 branches fournies qui une fois remises en forme donne un joli petit bouquet arrangé dans un petit vase en bois... quelques gouttes d'essence de lavande et on se croirait en provence!!,3
91757,Fonctionne bien Mais qualité musique pas top ...,3
117219,Ce produit serait parfait si le tapis de sol avait des angles renforcés afin de tenir réellement les tiges en bois,3
85356,Pas assez ferme à mon goût mais bon produit quand même,3
95722,PROBLEME CAR J AI PAYER CHER LE PRODUIT CAR JE M AI PAS FAIT ATTENTION AU COUT CAR ENVOYER DES USA,3
88455,"Qualité très moyenne au niveau de l’élastique qui à commencé à s'effilocher dès la 1ere semaine d'utilisation: très décevant de ce point de vue. Sinon, le coté exfoliant en douceur est efficace.",3
82238,Ce casque délivre un son plus que correct mais vu le prix je m'attendais a un peu plus de confort lorsqu'on le porte. Ce n'est pas un casque à 20€ tout de même.,3
101885,"après un an d'utilisation, la fermeture éclaire de la petite poche s'est cassée Pouvez vous prendre en charge les frais pour envoyer le sac à dos ?",3
97292,"Si ces projectiles s'adaptent parfaitement sur mes deux Nerf, je me dois de signaler que leur embout dur fait mal à moins de 3 mètres. Pour s'amuser entre adultes et ados, ok mais je ne mettrais pas ces projectiles dans les mains d'enfants car pour le coût attention aux bleus sur la peau voir aux accidents en cas de tirs à hauteur de tête (ce qui peut arriver).",3
83966,"Acheté pour une résidence secondaire mais ne peut être utilisée sur une table en bois. Ça tombe bien, il y a une table d’extérieur en métal mais ça va être moins sympa cet hiver de repasser dehors !!! Bref, réfléchir d’abord à où vous pourrez la poser.",3
90234,je suis deçue par la couleur du bracelet on me l indique comme tant bleu vif et bien non il est bleu marine .,3
112986,Les assiettes ne tiennent pas bien dans cet égouttoir.,3
83687,"pas mal mais je la trouve un peu trop simple , pas beaucoup de modele pour cette marque de telephone",3
80358,"Super compacte, tient dans un sac à dos normal. Idéal pour camping sur terrain solide. Idéale pour 1 personne pas plus. Attention, la tente ne peut pas se monter sur terrain trop meuble avec les sardines.",3
102300,bonne qualité sonore mais après 1 an d'utilisation le son se dégrade (rupture de son). je vais demander le remplacement dès ce jour. merci,3
102523,"Mon betta n’y va jamais... dommage... sinon je m’attendais à pire pour la qualité de la feuille, mais ça passe. Par contre la ventouse n’est pas top. J’ai l’impression qu’à tout moment elle peut tomber.",3
86662,"Quoi que certaines en disent, ce n’est pas le vrai. L’odeur est légèrement différente, et ne tient pas aussi bien sur la durée. Mais après tout, pour le prix, on va pas se plaindre.",3
104263,"Rigolo ! Un peu cher quand même pour la quantité, Environ deux baignoire de bébé. Et attention car glissant ! Sinon top drôle moment de rire ...",3
113634,Porte feuille et porte monnaie. Pas assez large,3
113361,Joli petit avion le seul bemol les melodies sont en anglais..il est ni trop petit ni trop grand parfait pour mon fils de 2 ans,3
107010,trop petite pour mes gros doigts taille 57. je ne peux la mettre qu'au petit doigt,3
92534,"C'était un cadeau pour ma fille fan de Zelda, elle l'a beaucoup aimé le design, mais l'emplacement pour mettre les cartes est trop petit, la carte d'identité ne rentre même pas, dommage !",3
109393,Très bien.pas blanche mais nacré délais de livraison respecté,3
104505,Pour gonfler une roue faut beaucoup de patience. Débit d'air trop faible!,3
89520,Le grille pain est de très bonne qualité et très pratique mais il est beaucoup moins rouge que sur la photo. Il est plutôt bordeaux.,3
111425,"Pour ma part, ma peau ne l’a pas supporté, pas mal de démangeaisons.. Après pour ceux et celles qui tolèrent ce gel douche, très bon rapport qualité / prix",3
109514,N'éclaire pas du tout comme lampoule à mercure d'origine. Consomme peut-être moins mais il éclaire aussi beaucoup moins,3
107965,Le tableau a été reçu avec un coup sans doute lors du transport et je ne souhaite pas le retourner car ce serait du gaspillage car il est utilisable,3
86307,En remplacement d'une réception par parabole réception 11 chaînes tnt le gain du signal 25 db est insuffisant pour capter toutes les chaînes tnt,3
80472,"déçue sur la qualité, délai de livraison toujours au top",3
119376,"Une édition bâclée, les sous-titres ne peuvent pas être enlevés, le master est de qualité VHS pour la plupart des épisodes, dont l'ordre n'est même pas respecté dans le premier coffret. Mais l'oeuvre est tellement réussie que malgré ces gros défauts, ça vaut trois étoiles.",3
116281,Lit très joli mais les lattes du sommier bougent. Elles sont attachées entre elles par des lanières. Pas très sécurisant pour mon petit garçon.,3
90305,Ma fille l'adore pour écouter ses musiques. Gros bémol : vraiment trop peu de jeux gratuits. Obligée d'acheter des jeux sur lappli,3
93048,"produit pas reçu à ce jour , or normalement il doit être livré le 30",3
105756,"L'embauchoir est de bonne qualité pour le prix, mais, pour en avoir acheté 9 pairs soit 18. J'en ai quand même deux dont la poignée dorée qui sert à retiré l'embauchoir de la chaussure ne tient plus dans le pas de vis. Ce qui rend l'embauchoir très peu pratique.",3
106176,"Il serait très bien, mais il est fragile : on enlève assez régulièrement du bois le long des guides, même en faisant attention. C'est finalement assez normal, le bambou c'est sympa, mais ça ne tient pas la route.",3
100698,"Ce lot de douze lunettes convient à mes attentes dans la mesure où je souhaite les utiliser de manière occasionnelle, pour une fête.",3
80447,La gourde est très pratique. Elle nous permet de boire plus facilement et en plus grande quantité. Le bémol : la paille moisit un peu au fur et à mesure des utilisations. Cependant elle se démonte et se nettoie assez facilement,3
86713,trop petit par rapport au visuel,3
109051,Bon produit mais très mal emballé résultat une couleur écrasée c est dommage,3
81257,"Bonjour, Ne sachant pas comment faire autrement j aimerai que le constructeur me contacte ou me donne les coordonnées du SAV car la batterie ne tiens que 10 jours au lieu des 30 jours promis. Dommage elle est tres bien mais je reste sur la reserve car je l ai acheté il y a moins de 2 mois !",3
81949,Cher pour des crayons,3
118619,Le rideau des plus foncé en réalité que sur la photo donc moins attrayant je ne le recommanderai pas forcément,3
115504,"La lampe uv ne fonctionne pas, mais sinon bon etat du colis",3
113705,"J utilise ce produit depuis plusieurs mois. J ai commandé 2 fois la première fois un rouleau était cassé,cet fois reçu en bonne état",3
110297,"Très pratique, par contre à nettoyer régulièrement sinon des traces blanche du au calcaire apparaissent et difficile de les enlever. Je recommande ce produit.",3
87882,"Produit semblant être de bonne qualité, cependant dès les premiers usages, un problème apparaît : un pneu se dégonfle. Après démontage, c'est la fabrication de la chambre à air qui pose problème : une fuite se produit au niveau de la valve. après réparation, le même problème se produit de l'autre coté !!",3
102434,Le bloc de chargeur universel ne fonctionne pas !,3
94299,"C’est un bon interrupteur mais dommage que la marque change le design (il y a désormais un écart en haut de l’interrupteur), cela peut être embêtant s’il y avait du papier peint sur le mur et pas derrière la prise...",3
91202,Casque pas trop mauvais malgré la qualité du micro et la gestion du volume pas exceptionnel mais il m'a surtout dessus a cause de son câble non tressé qui se casse très facilement au bout de 2-3 mois,3
80731,Je suis déçu par la qualité du tissu que je trouve trop fin.,3
101594,Au niveau taille très bien dommage qu’il y ait pas le petit crayon avec. Du coup j’ai rajouté un système pour en mettre un,3
101442,"Réalise son travail de cable réseau, mais n'est pas adapté pour mettre un ensemble de câble sur un switch ou un modem car les bordures empêche le clipsage entre les autres câble RJ45",3
116271,Effet très sympa même si le kit est trop petit pour ma TV dommage sa mériterai de changer la description est de le passé sur des TV plus petite,3
104623,Le rythme de la musique est trop rapide pour des enfants en bas âge Les 4 CD sont sur le même rythme. C est lassant !!!!,3
107018,Les révélations faites ne sont pas à la hauteur de la promo qui a été faite autour. Ne recommande pas.,3
97591,"Couteau à champignon de qualité, bien présenté dans son coffret, avec un étui. Parfait pour un cadeau. Un valeur sûre Opinel.",3
106834,"Bon produit, seulement très fragile et se casse facilement pour l'adapter sur les bords, de plus moyen pour la sensibilité du tactile qui n'est pas au top. Cela dit, il protège très bien l'écran en cas de chute, je confirme après la chute de mon S8 NEUF, qui reste intacte.",3
97371,Est ce que quelqun peut m’aider à la connecter et me donner la procédure svp ? J’ai télécharger l’application mais non,3
