127855,Pour des chocolats viennois.,4
152307,Elles sont confortables chaudes,4
120267,"Matelas très épais, confortable, ferme correspond à mon attente pour le moment. Un mois d utilisation du matelas à ce jour.",4
130126,"La carte est arrivée dans son emballage d'origine sans protection... Pas top (d'où l'étoile en moins). Mais surtout, elle est arrivée en retard et son prix avait baissé entre temps... Et franchement, BRAVO pour le service client Amazon Prime! Ils ont pris en compte le désagrément et ont totalement assumé ces déboires. Sinon, la carte est de très bonne facture ,silencieuse et encaisse PES 2018 ou Call Of Duty WW2 sans bronché. Encore merci Amazon",4
156282,"Conforme à la description. Un peu trop grand pour la siège haute, mieux sur la table",4
133660,LES GLACONS METTENT TROP DE TEMPS A SORTIR 1/2 H POUR HUIT GLACONS POUR UNE SOIREE IL FAUT S'Y PRENDRE LE MATIN ???,4
157316,"Très bon rapport qualité prix. Points positifs : le balai rotatif, les 2 lances, la puissance. Points négatifs : l’e flexible est beaucoup trop rigide. Il s’entortille en permanence du coup l’enrouleur Est à bannir car il renforce ce défaut. Je range le flexible à plat pour l’utiliser plus facilement.",4
141204,"Étui acheté pour offrir en même temps que le nouveau Huawei Y5 2018. Il s'adapte parfaitement au téléphone, est très beau et de bonne qualité. Le petit bémol qui m'a fait enlever 1 étoile est que la protection enveloppant les touches latérales oblige à appuyer très fort, sinon il n'est pas possible d'enclencher les boutons.",4
153551,"Très grand sac de rangement qui permet d'accueillir l'ensemble des coussins de mon salon de jardin soit 7 assises et 7 dossiers. Parfait pour l'hivernage. En terme d'étanchéité, j'émets des réserves. Dans le doute, je ne tenterais pas de le laisser non abrité. Vu le prix et la taille du sac, cela en fait un bon rapport qualité prix.",4
153131,Fonctionne très bien juste un bémol ce déclanche quand il y a du vent donc a prévoir de lui enlever mais sinon ras,4
141379,Bon café ni trop fort ni trop léger. Mais les capsules ont tendance souvent à s'écraser dans ma Nespresso. Dommage,4
147747,Le produit correspond à la photo. Il est de bonne qualité. Je vous donnerai un avis dès que les p'tits loups les resteront.,4
144727,Produit rien à dire le bon produit à la livraison mais l'étui présent sur la photo ne se trouve pas avec l'ensemble,4
136619,"Acheté pour le lestage réglable, mais les petits sacs de sable ne sont pas facile à retirer ou à remettre en place dans les compartiments...! Sinon le produit est de bonne facture, devrait durer dans le temps et répond parfaitement à mes attentes ; merci.",4
140855,"Très bonne réception, bonne émission. Par contre un peu complexe pour le paramétrer.",4
128778,Un peu de retard sur la livraison mais suis vraiment très content de mon achat !!!,4
128391,"Je suis très contente de mon achat, je vais le recommander. Mon petit garçon est très bien dans son lit",4
148765,Très bon livre bien documenté,4
150547,"Arrivé bien avant la date prévue, et ça marche. Le transfert de portable à clé usb et l'inverse se fait sans encombre. A bientôt, Amazon, pour un autre achat. 😘",4
124668,Encens Palo santo me donne une sensation de d’apaisement et de tranquillité Son parfum me convient très bien Livraison rapide et bien emballé!,4
137341,"Je voulais lire ce livre depuis quelques années. Je trouve que l'auteur semble assez détaché par rapport à tout ce qu'il a vécut et même si certains passage du livre sont difficiles, cela m'a permis de ne pas m'impliquer trop émotionnellement tout en étant dans l'empathie. Le livre se lit assez vite et au fil du livre on a tendance à s'attacher au narrateur.",4
137402,comme je pensais mais au départ une sale odeur pendant 15 jours environ,4
155376,"très bonne qualité de son, mais pas forcément ultra confortable avec la barre au dessus mais c'est absolument pas ultra gênant non plus franchement pour le prix ça vaux le coup!",4
120130,"Bon kit pour commencer car très complet. Les poils ne tombent pas, bonne qualité.",4
131492,Maniable et pas trop fragile. La batterie se vide rapidement à mon gout.,4
159639,"Produit reçu à la date de livraison. La matière même si ce n'est pas du véritable cuir, sa tien assez chaud dehors tactile pour les smartphone.",4
138131,"Bonne enceinte, un peu déçu par le son qui n'est pas aussi net que je pensais(grésillement en Bluetooth) et un peu lourde",4
131197,produit très hydratant,4
120335,Un bout cassé à l'arrivée sinon rien à dire très jolie bois,4
129935,Bon ok .. je suis peut être allée un peu vite en l'achetant ... mais il n'y a que la housse qui est conforme à la description ... réglable assez facilement. Pensez donc à acheter le pistolet qui va avec ...,4
136014,"Ces deux brosses sont très bien pour les petits. Cela permet à l'enfant de choisir ce qui lui plaît le plus. Par contre, pour les plus grands (environ 2 ans), ce n'est plus adapté.",4
123297,Un livre sympa avec des anges beaux et drôles et une héroïne en devenir. Elle pleure beaucoup et beaucoup meurent autour d elle... j espere qu elle se transformera bientôt en guerrière déterminée à ne plus subir pour s'étoffer un peu. Un bon moment de lecture,4
155661,"Casque sans fil de bonne qualité (pour son prix). C'est mon fils qui l'utilise et il en est ravi. La batterie tient longtemps et sinon, il l'écoute avec le fil.",4
125507,Article conforme a se que j'attendais le seul bémol les bouchons ne rentre pas dans mes barre dommage!!,4
138976,Conforme à ma demande,4
140632,"Très contente de mon achat, il est très joli, et correspond bien à la photo, la lumière solaire, semble un peu fragile à l'intérieur, c'est pour ça que j'ai mis que 4 étoiles, à voir la durée dans le temps. Si non, oui bien sûr que je recommande cet article.",4
147442,Le sac est satisfaisant de nombreux rangements... Un seul hic le livreur a jeté le sac dans la cours alors que nous étions la ? Il n'a même pas sonné à la porte !,4
130874,"pas de taux de transfert testé pour le comparer aux autres disques de mon pc, mais pas bruyant pour son prix peu élévé.",4
139913,"Jolie lampe, lumière apaisante, personnellement je trouve le socle en bois un peu petit par rapport au diamètre de ma lampe mais je reste assez satisfaite. Elle est arrivé bien emballé, Par contre pas de certificat d'authenticité.",4
126197,"j ai choisi se modele, car il est grand, pratique, et c est plus écologique que les sachets en plastique pour l instant niveau charge je l ai utiliser pour 5 pots donc 2kg500 et le sac a tenu sans problème... honnêtement pour l instant je suis contente a voir avec le temps... niveau prix correct..",4
141460,"Le sapin est beau, mais plus petit qu'annoncé, 180 cm au lieu de 210 comme annoncé. Les boules sont couleur or et non rouges, mais bon c'est un beau produit avec une belle finition. Décoré il donne l'illusion d'un vrai sapin, donc à recommander.",4
151287,Pas très solide mais vu le prix je ne m'attendais pas à quelque chose d'autres. Sinon il est vraiment très très bien. Grand et imperméable,4
144299,"conforme à la description et perd parfois des cheveux, rendu assez fidéle pas trop synthétique. Longueur des cheveux importante, un peu plus court aurait suffi. utilisation : enfant de 10ans qui adore coiffer, utilisation régulière.",4
152763,Très bon produit mon fils de 5ans et demi est conquit! Il ne veut plus le lâcher. Petit bémol peut-être sur les cordes un peu longues bien que réglées au minimum pour notre portique... sinon très bon produit que je recmmande,4
148564,Superbe activité pour les enfants. Attention au sens pour mettre les rubans avant de coller l'arrière du poisson qui est autocollant.,4
122279,"On va faire rapide, non, il ne recouvre pas TOUT l'écran (comme je l'ai mis, il y a 2-3mm en haut, 1mm en bas et sur les côté), mais recouvre le principal et fonctionne très bien comme complètement d'un coque (celle fourni par ASUS ou une autres, si on préfère avoir un clapet) Donc pas parfait, mais fait son taf.",4
133981,"Offerte à mon père qui aime beaucoup les montre mécanique, il aime bien, mais si les finitions ne sont pas superbes, rien à signaler sinon, ça vaut son prix.",4
140536,OK. Fonctionne comme une éponge. Ce que nous en attendions ! OK OK OK OK OK OK OK OK OK OK OK OK OK OK OK,4
120299,pour ouvrir le tiroir de la carte sim ou changer la carte sd,4
120440,"Utilisé en intérieur au dessus d'un établi . Convient parfaitement pour des travaux d’électronique. Petit,discret, orientable. Câble d'alimentation très court mais facile à remplacer pour un bricoleur moyen. Au démontage pour changement du câble constat de la bonne étanchéité du matériel par montage de joints de qualité. Par contre la fixation est un peu légère mais pour le prix rien à redire.Éclairage suffisant pour mon utilisation.",4
136634,Utiliser pour recharger des batteries LI-PO !,4
138637,"C’est une très bonne application, elle propose notamment des gratuite qui son parfois payante cher le concurrent, si télécharger beaucoup d’application et que vous souhaitez faire des économies cette application peut vous intéresser.",4
155686,j'ai bien aimé ce film rien a redire acheté le,4
130060,"Très bon rapport qualité prix. Très maniable, pivote facilement, beau design. ... A recommander",4
154537,Pas mal je m attendais a un poil plus grand mais très bien pur mettre des perles paillettes slime ou autre,4
158117,Ce livre est très positif !!,4
130784,fonctionne correctement rien a dit a voir avec le temps,4
143442,tres bien pour la pelouse de mon pavillon individuel,4
124522,Ma fille est très contente elle as pu commencer les entraînements de majorettes et peu aussi commencer les préparatifs pour les prochains défilé,4
158467,"Bien reçu. Cerclé en 2 paquets de 10 et emballé dans un carton avec calage, donc aucune plaque abîmée.",4
151715,Bon rapport qualité prix,4
125100,"Acheté pour ma fille qui en est ravie! Descriptif conforme. Je retire une etoile, rien à voir avec l'article mais plutot la livraison. Une fois de plus (car ce n'est pas la premiere fois que ca arrive), le colis a été balancé au niveau de mon jardinet d'entrée. Le livreur n'a ni pris la peine de sonner alors que j'etais presente, ni je pense franchi le portillon. Probablement un basketteur sur son temps libre!!!",4
140771,"J’ai eu cette manette à noël et 2 semaines après aucun problème, la livraison a été rapide, pour les points forts de la manette c’est pour les FPS, avec un joystick merveilleux pour un super shoot ^^ Ensuite les palettes tombent bien en main, on peut choisir de bloquer ou non les gâchettes L2 et R2 pour tirer plus rapidement. Autre point fort qui est aussi un point faible, la manette est imposante et assez lourde, donc à la fois elle tient bien en main mais peut faire un peu mal aux mains au bout de 3/4h de jeu non stop... Il existe une application mobile pour personnaliser les touches et les leds sont très jolis. Le plus gros point noir sur la manette est son Bluetooth, il y a bcp de latences et on ne peut pas utiliser son casque/micro si la manette est en Bluetooth, mais il y a un grand câble de 2/3 mètres qui règle les problèmes de latence et de micro, donc au final c’est pas si grave... Pour conclure, le rapport qualité prix est correct même si 190€ c’est très cher pour une manette, je suis globalement satisfait du produit, je mets 4 étoiles 😁",4
155054,"livraison ultra rapide, produit parfait. Très facile à nettoyer, bonne aération de l'habitacle grâce à ses petites ouvertures. super contente et les poules aussi :-)",4
6468,"Aucune notice, impossible à allumer encore moins à faire fonctionner. Vraiment déçue",1
14064,"Difficile de juger sans jamais avoir reçu l'article. Heureusement, amazon m'a remboursée rapidement",1
20862,"idem , inutilisable , ne fonctionne pas . dommage car la mesure me convenait , petit et portable mais impossible de le mettre en route .",1
35994,Aiguilles qui reste bloqué au bout de 7 mois très mauvaise qualité,1
27746,"pas pu le garder , extrêmement bruyant",1
37654,"Ce produit n'a pas été ""livré"" mais lancé pat dessus le portail ! Il a été en partie écrasé parle portail automatique.....L'emballage est détruit, mais heureusement le produit n'est pas endommagé......Et ce n'est pas la première fois !",1
15250,"Utilisation une fois par semaine. Le support de pain coulisse très mal, se bloque à la descente ou à la remontée , se courbe alors et va toucher la résistance sur le bord. Disjonction immédiate. Ce grille pain est fabriqué en guimauve, à l'exemple de la plaque de récupération des miettes. Était présenté avec deux fentes et il n'y en a qu'une; j'ai l'ai déjà signalé à la réception, sans aucune réponse d'Amazon !",1
18387,Tombée en panne le 31/07/2018 soit au bout de 18 mois et pas de garantie.....alors que depuis mars 2016 la garantie est passée à deux ans....,1
28565,Toujours pas reçu mon colis,1
29449,"J'ai commandé, 3 tomes de mangas et je n'en ai reçu seulement un sur les trois, de plus le site amazon affirme que tout a été livré ce qui n'est pas le cas. Je déplore le fait qu'il n'y ait pas possibilité de porter des réclamations pour des articles manquant .",1
32921,Pour connecter le psvr et disque dur externe mais cela ne fonctionne pas.sa reconnaît que la manette. Donc je ne m'en sers pas.,1
33703,"Article défectueux après quelques jours , contact avec le service après vente qui dit m en envoyer un nouveau puis plus de réponse ! Très mécontent je veux une solution , échange ou remboursement !",1
17740,"Je voulais un moyen petit et facile à ranger pour faire glisser mes pizzas dans mon four. La planche en bois est trop épaisse et pas toujours pratique. elle fait le boulot 70% du temps , il faut juste espérer que rien ne se colle dessus car la pizza ne glissera plus et là c'est le drame ! Après une semaine j'ai découvert que la planche était en train de pourrir, et que tout pleins d'organismes semblaient se développer à l'intérieur. Bref, poubelle et on va en commander une en inox.",1
32096,J’ai commandé ces attelles parce que j’ai les doigts qui se déforment par l’arthroSe. Ces attelles sont beaucoup trop gros. Peu maniable et le côté rigide est sur le dessus et en dessous au lieu d’eTre sur chaque côté du doigt. Ils sont peut-être utiles pour un doigt cassé mes pas pour dés doigts déformés par l’arthrose.,1
33990,J'aimais reçu. Après de multiples reclamations le vendeur m'a proposé de me le renvoyé ou de me rembourser. J'ai demandé plusieurs fois à ce qu'ils me le renvois. Mais n'ont jamais accepté et m'ont remboursé malgré mes demandes répétés de me le renvoyer.,1
2880,Non conforme pour le Nokia 6 2018 je suis vraiment déçu de ma commande alors que sur la boîte et l'annonce ces bien marqué Nokia 6 2018 arnaque total .......,1
34605,"Alors que le titre, la description et l'image nous font croire à de l'or véritable 22 carats, ce n'est que des feuilles IMITATION or comme vous pouvez le constater sur ma photo. C'est étonnant que ce genre de vente mensongère existe encore !!",1
18357,"Certainement un très bon produit, mais pas du tout adapté pour un gaucher ! Produit inutile pour moi, c’est dommage...",1
36068,J'avais commandé cet article par colissimo et je devais l'avoir aujourd'hui et rien. Je suis très déçu car je l'avais commandé pour l'anniversaire de mon petit fils. Je crois que vous avez perdu une cliente,1
4829,"Après une dizaine de bains, le produit ne fonctionne plus. Trop gros pour un enfant de moins de 6 mois.",1
39208,"Pour couvrir mon VTT qui a sur mon balcon. Je pense qu’avec plus de temps style 2 mois elle aurait craquée . C’est pour toutes ces raisons que je l’ai renvoyé. Sur les photos du produit on a l’impression que c’est une bâche de l'armée qui subit toutes les épreuves météorologiques, mais lors du déballages j’ai été déçu du produit( trop fine).",1
18947,"produit ne sert a rien, aucun resultat avec cette bombes. je suis decu et perdu mon argent",1
36291,"Ces protections ont été mal conçues et s'adaptent mal à l'écran. Du coup, il faut appuyer beaucoup à certains endroits pour avoir une action sur l'écran. J'ai essayé avec les deux produits car je me suis dit qu'il y avait peut-être un souci sur le premier, mais c'est la même chose avec le deuxième. J'ai tout mis à la poubelle !",1
19947,"Marqué livré dans la boite aux lettre , je n'y ai rien trouvé !!",1
543,Vraiment trop cher pour ce que c’est pour le reconditionné,1
4108,On en a pour son argent .... elles se rayent très vite du coup pas pratique ... même emballée elles sont déjà rayées. C'est moche,1
2740,Véhicule puissant mais au bout de : - deux mois : perte d'une vis de l'amortisseur : pièces détachées difficiles à trouver (possible après attente d'une vis d'un mois depuis la Chine). - six mois : la voiture ne peut plus rouler bien que le moteur répond à la télécommande : engrenage moteur usé. Pas de garantie apparemment... à jeter.,1
16742,"Ce tablier est beaucoup trop petit, sa grandeur ne correspond pas à la photo. Dommage car il est de bonne qualité, bien coupé et très joli.",1
31332,Coutures mal faites et pas solides,1
35172,Cartouches présentées comme compatibles avec mon imprimante HP. L'imprimante ne les reconnait pas et affiche le même message d'erreur. 32 euros foutus en l'air,1
36402,j ai acheter les deux en lisant la notice pensait vraiment au produit miracle j ai fait exactement comme c est écris et résulta sert a rien. ça et rien reviens a la même chose pourquoi nous vendre des chose comme ça comme si on avait de l argent a dépenser pour rien trouve çà honteux vous dit pas merci c est un anti rien alors oui y a même une araignée qui était dessus pour vous dire mes attention y a de la lumière LED woua,1
26723,les prises fonctionne tres bien mais il faudrais penser au personne ne parlant que le francais,1
26,Bloqué dans le Tel au bout de qqs jours! Decevant Je ne recommande pas Je suis en attente de le faire rembourser,1
8401,"Très déçu, ne fonctionne pas",1
30436,"Nul, ne recommande pas du tout ce produit , passer votre chemin vraiment.",1
15168,Le 4ème que j'achète.. Le dernier je l'ai acheté le 30 mars et il fuit un truc de dingue tout comme les 3 autres.. J'abandonne cette fois je vais pas mettre 11€ tout les 3 mois !!,1
25405,"Ne fonctionne pas, le sav n est pas à l écoute.",1
31839,verre trop petit voir photo elle n'est pas adapté au Samsung A5 2017 demande de remboursement,1
37419,"Un brumisateur qui arrose davantage qu'autre chose, ne rafraîchit rien du tout, malgré tout mes bergers qui adorent l'eau se régalent à jouer dessous mais pour l'usage qui lui était destiné ce produit n'est pas du tout adapté... dommage, sinon installation facile, les raccords sont simple à mettre en place, le tuyau n'est pas très long, le raccord au robinet fuit... bref ça peut dépanner en fonction de ce que l'on veut en faire.",1
13665,"Emballage en très mauvais état, carton ouvert et pièces cassées a l'intérieur, très déçu.",1
38631,Ne tiens absolument pas Article de mauvaise qualité,1
12671,"Très décu par le produit, celui livré ne correspond absolument pas à la photo concernant la couleur de cadran",1
27630,Trop lourd pour un rétroviseur.. Je l'ai installé et ça a cassé pour accroche pas pratique !!!! Très déçu à vous de voir,1
10922,"J'ai acheté cette abat jour pour mettre dans mon salon et j'ai été déçu car c'est vraiment petit pour mettre dans un salon sejour séjour c'est trompeur par rapport à la photo je , peut être pour un petit bureau ou des toilettes à la rigueur mais c'est tout je ne conseil pas .",1
4135,je suis déçue par la couleur qui n'est pas rose mais orangée. Je n'utiliserai pas cette couleur qui ne me plait pas du tout,1
1005,"Bof, différent en situation réelle....",1
28178,Cette nappe n'est pas transparente comme on pourrait croire en lisant le descriptif ou en regardant les photo. Elle est assez opaque et pas lisse sur un des deux coté avec un motif strié.,1
6973,utilisation en VTT .... une douzaine de fois. la batterie est deja HS et ne prends plus la charge .... deçu,1
11121,"le produit prevu livré entre 30 aout et 06 septembre, n'est pas arrivé, nous sommes le 08 septembre",1
15716,"Je ne peux rien dire sur ce produit car celui ci n a pas été remis en main propre, pas livré du tout. Très déçu",1
3889,Coque fêlée au bout d’une semaine,1
12858,J'ai acheté ce verre trempé par rapport au prix. Et j'en suis très mécontent. Le premier verre faisais que bouger sur mon écran il ne se collait pas bien. Je l'ai alors changé car je pensais l'avoir mal collé. Or j'ai le même problème avec le second. C'est même pire car de la condensation s'est formé entre l'écran et le verre me laissant avec une bulle d'eau en bas de l'écran. Je déconseille vivement.,1
21575,Fuyez ce vendeur je n'ai jamais reçu l'article et 2 plus il ne répond jamais aux messages pas du tout commerçant,1
36406,"Les 2 verres sont bien, ils rentrent parfaitement sur le téléphone mais j'ai remarqué que la protection ne collait pas parfaitement sur le haut. Petit plus : Il y a avait une coque transparente dans le paquet {EDIT} : Au bout d'un mois les protections sont rayées et gardent énormément les traces de doigts. La vitre arrière se décolle complètement au niveau de l'objectif.",1
11846,Très vite cassée. Dommage.,1
20919,Bonjour j'ai toujours pas reçu ma commande merci je voudrais savoir comment je peux faire je voudrais un remboursement merci,1
7807,N’achetez pas ce verre trempé ! Instructions suivies à savoir laisser poser 9h. Résultat il a tenu à peine une journée. Je ne recommande pas !,1
1963,produit super mais livraison nul le gars a pas trouver mon adresse faut le faire pour un livreur du coup j'ai payez pour avoir ma livraison le lendemain pour rien colis privé mauvais prestataire pour les livraison,1
8068,Les semelles sont en mousse tout simplement. aucun intérêt.,1
13805,"il m est ecrit que j ai recu le thermo, alors que je n ai rien recu.... je cherche a joindre le vendeur, mais il n y a pas l option...",1
18976,jamais reçu déception c'étais pour un cadeau je recommande pas ce marchand,1
27257,On a l'impression que c'est du l'eau ! Je vous le déconseille.,1
11104,"Je n'ai toujour pas recu ma commende , inposible de contactez qui que se soit , dessus , merci de reglez se problemme .",1
29635,Trop déçue …. Les chocolats de Pâques envoyés à mon petit fils sont arrivés tellement fondus et déformés qu'il n'a pas pu les manger. D'où retour à l'envoyeur ! Dommage,1
83787,La couleur est jolie mais j'ai retiré la clochette. ça devient énervant de l'entend sonner à tous moments de mouvement.,3
107394,Qualité médiocre mais satisfait les enfants et rempli donc bien sa fonction,3
119023,"Quand j'ai regardé les dimensions, je l'ai vu moins grand ! Je suis déçue aussi par le tissu qui est presque du coton alors que la description disait polyester ! J'avais besoin d'un nouveau sac pour partir en vacances donc je l'ai gardé , mais un peu encombrant ! Par contre, il est joli pour l'été ! j'ai pris le porte monnaie assorti qui est très fonctionnel ! Bel ensemble en définitive",3
115646,La robe est arrivée dans un emballage si petit qu'elle était très chiffonnée. Une fois deballée la taille est bonne mais le tissus de qualité médiocre. Quand au motif il est loin d'être aussi joli que sur la photo... un peu déçue même si je la porterai quand même pour le matin de noël...,3
115171,Ce polar manque trop de subtilité pour mon goût mais force est de reconnaître le savoir faire de l'auteur.,3
104384,"Oui le confort est top, facile à gonfler et on dort très bien! Mais... on dois gonfler le lit chaque soir avant d’aller dormir car il se dégonfle. Pas beaucoup dans la nuit mais il y a un difference. On ne peut pas dormir 2 nuits sans gonfler entre temps car trop mou.",3
95389,Il semble que l'appareil est efficace mais malheureusement une des électrodes est déjà en panne après une vingtaine d'utilisations. Pas 'information concernant le remplacement,3
105667,"Produit de qualité mais délicat à poser car épouse légèrement les bords extérieurs de l'écran. Sinon, belle épaisseur et paraît solide et résistant.",3
108393,"Bof bof, jolies couleurs mais la finitions est mauvaise. Certaines perles sont mal percées, certaines se cassent. De plus je doute du fait qu’il y ait 400 !",3
107849,Ce produit a une belle image et un bon son mais il ne permet pas de lire une clé USB (photos ou vidéo); on ne peut pas changer le format d'affichage de l'image. Ces précisions m'ont été confirmées par le vendeur que j'ai interrogé qui m('a répondu très rapidement. Je recommande ce vendeur mais je regrette le manque d'informations techniques sur ce produit et le fait que le manuel d'utilisation (très petit) soit très succint et en anglais.,3
101944,"Livraison catastrophique, je suspecte que ça pourrait être la cause de pixels morts sur l'écran. Mais globalement l'écran est probablement le meilleur rapport qualité/prix que vous puissiez en terme de contraste, couleur et de taille. Tout aussi bien en bureautique qu'en jeu par ailleurs, grâce à un temps de réponse vraiment peu élevé. Le prix se ressent réellement sur la connectique vraiment limitée ainsi que le minimum syndical pour l'inclinaison de l'écran. Si je n'avais pas été déçue par les pixels morts et la livraison, je pense que j'aurai réussi à vraiment être surprise de cet achat.",3
118027,"produit de bonne qualité malgré le prix trés abordable, il reste toutefois un peu féminin et je l'ai acheté pour mon mari !!!",3
91302,"Attention, mauvais rendu de couleurs ! À moins qu'il s'agisse d'une erreur d'envoie, la couleur Tan (censé être marron à beige) est en réalité complètement jaune, du même jaune que la taie jaune. De ce fait, n'ayant pas de jaune chez moi, elles sont inutilisables. Toutefois les taies en elles-mêmes sont très bien.",3
117890,Une ampoule manquante,3
111706,"Système d'attache des sangles coulissant mais sort de son attache trop facilement, lorsque je cours. (de chaque côté)",3
81044,Produit correcte mais fragile et pas très solide mais qui fait l’affaire selon le besoin.,3
114311,article très fin et pas très fiable,3
112078,Le flacon pompe ne fonctionne pas obligé de l ouvrir à chaque fois......dommage !,3
89969,"pour la cuisine ""ustensiles""",3
81532,pas mal pour le prix mais le pied est un peut petit attention quand on monte dessu il bascule facilement un peut dommage,3
109392,"La lampe est très bien, mais consternant les vernis le conteneur n'est pas efficace et beaucoup suinte malgré tout les couleurs sont sympa et tiennent relativement bien les autres équipements ne sont pas exceptionnel voir bas de gamme mais pour le prix c'est plutôt corect",3
98485,je n'ai reçu que 5 pièces,3
106294,sac pratique mais la qualité semble moyenne a voir comment il tiendra,3
96606,"très grand mais mignon, peut être sympa pour une enfant",3
113144,Je suis déçue par l odeur même gêne un peu.,3
110686,"le titre de l'annonce n'est pas correct ...je me suis faite avoir ! sinon, la qualité semble correcte...donc déçue de cet achat",3
105691,Belle boîte Seul petit problème les charnières ne sont pas de bonne qualité Au bout d’un mois une charnière est déjà enlevé,3
85307,"Reçu avant la date prévue . Bien emballé dans du papier bulle . Je pensais que le mug était plus clair , il est gris donc pas comme sur la photo mais c’est jolie quand même . Il est assez gros . Au niveau des oreilles on voit le collage mais dans l’ensemble c’est un mug mignon pour un enfant .",3
107112,Les valeur du podium être sont pas dune tout correct elle compte des pas alors que je dors et pendant mon travail aussi si je fait certain mouvement du bras Mit à part ce point négatif les valeur cardiaques et tension sont juste Pour le sommeil je regrette que les résultats soit pas en forme de graphique (elles sont en forme de camembert sur l'application) et pas plus détailler,3
95572,Housses de couettes conformes à la photo un peu fines mais pas plus mal pour des lits enfants car rapide à sécher et pas de repassage,3
101463,Nuance difficile à trouver et ne rend pas aussi bien qu'un feutre professionnels . Seul point positif la quantité de crayon recu,3
82725,"Produit moyen, c’est sympa pour garder ses AirPods autour du coup, mais gênant quand ils sont aux oreilles. Un peu déçu",3
108222,J en fais une allergie respiratoire.,3
87568,Trop longue obligée de retoucher la longueur et le rendu cuir n'est pas au rdv mais reste correct pour le prix,3
91090,"Arrivé comme prévu,la baguette est hyper fragile !!, mais la couronne ça va !Mais comme c est pas cher... ça va !.",3
112733,"Difficile à prendre en main avec le système de roulement à bille , comparé à une corde classique. Mais est solide, de bonne facture, légère .",3
83285,Bel écran assez facile à installer. Ceci dit et gros bémol n’a pas de trou pour l’appareil photo avant du téléphone (non adapté au 7),3
84544,produit correct mais mon chat ne s'y interesse absolument pas,3
111060,j'ai déjà acheté flacons de 120 gélules qui étaient beaucoup moins chères. celles-ci ne sont que de 30 je n'ai pas vu la quantité sur le descriptif et me suis fait avoir. je ne recommanderai plus chez ce fournisseur et j'ai déjà trouvé l'équivalent sur autre site,3
103555,"J’ai acheté ces faux cils, il ya quelques jour, mais je n’ai toujours pas réussi à les mettre car c’est super difficile! Mais les cils sont très doux et naturels.",3
92791,Ces lunettes sont bien adaptés,3
84236,"j'aime beaucoup ce produit, pratique, confortable,se maintient bien sur le dos, beaucoup de poches, le Pc portable est bien maintenu et protégé, très content de mon achat.",3
102689,"Très bon produit, il donne de très belles boucles, mais je ne peux pas supporter l'odeur!! C'est horrible !!!! mais je le conseille comme même",3
116075,Dans des sachets plastiques.,3
104583,"Boite très jolie mais fragile , à réception elle etait abîmée le couvercle etait plié très dommage Car pour un cadeau",3
89643,Aspirateur correcte mais impossible de réussir de contrôler l'aspirateur a partir de plusieurs smartphone. Mais sinon il va bien. Satisfait,3
110599,La coque semble de bonne facture je l'apprécie néanmoins le film de protection d'écran est très mauvais j'ai été incapable de l'appliquer.,3
113917,"Produit conforme a sa description et livré dans les délais. Par contre au ne peut que regretter la qualité de l'écran tactile et des photos pas toujours nettes... Le nombre de filtres,... sont limités et oblige à passer par une application en changer...",3
119314,Montre plutôt bien. Juste dommage que tout l'écran ne sois pas tactile.,3
119776,Produit conforme a la description mais le son est pas terrible après pour ce prix la c’est pas bien grave,3
110158,"Bien, sauf que le bouton d’éclairage vibre et fait un bruit très gênant !",3
98511,"Cet ordi fonctionne bien, mais il ne connaît que l'italien J'ai galéré pour changer de langue système, mais toutes les applications office sont en italien aussi Comment les mettre en français ????",3
100804,"Hormis l'odeur très forte, le produit correspond à la description.",3
119356,C bien pratique mais le câble de la coque se n’est pas sa du tout,3
116811,"Bonjour bien reçu ma commande mais je vous signale que l emballage était ouvert ,le carton pas suffisamment scotché et aucune protection à l interieur",3
91164,je posseder se produit auparavant il c est user avec le temps et je l ai acheter de nouveau pour un prix plus interressant ! nikel,3
81862,Ces coupes mangues ne sont pas super pratiques car la lame ne coupe que la chair mais pas la peau. Il faut donc entailler la peau avant de pouvoir passer le coupe mangue... pas idéal pour cette raison,3
110821,Bien mais attention à prévoir un adaptateur EU pour la prise.,3
86426,"Les 2 boutons (émetteur et récepteur) ne sont pas identiques mécaniquement (visuellement ils sont identiques). Le bouton à pile se comporte comme une bascule (on appui en haut ça allume, en bas ça éteint), tandis que le bouton du récepteur se comporte comme un bouton poussoir simple (1 clic allume, 1 clic éteint). C'est un peu déroutant à l'utilisation. Les visses pour serrer le boitier récepteur dans le mur sont de faible qualité (attention à ne pas détruire la tête en serrant trop fort). Installé depuis quelques jours, je ne connais pas encore la durée de vie des piles.",3
87748,"Produit conforme à la demande,rien à signaler par ailleurs, le service rendu est à la hauteur de mes exigences !",3
98708,Produit pour permettre la lecture de DVD mais malheureusement n'a pas joué son rôle.,3
89842,"Bien corresponds à la description. Par contre l'avoir en verticale à la ceinture, n'est pas agréable pour s'assoir, il faut bien l'avoir sur le coté, si vous le ramenez trop devant il gène quand on marche. Je ne regrette pas mon achat, il est bien, mais le prochain étui, je le prends horizontale. J'ai testé un étuis avec pivot, cela n'a pas tenue le temps.",3
86151,Bon produit cependant 5 jours après être collé il ce détache donc je ne conseille pas ce produit a voir selon les utilisation moi j'ai mis ça,3
106044,Bon mais ne tient pas tres longtemps,3
193078,Un peu coûteux mais la qualité est là! Je recommande!,5
166523,quitte a me repeter a voir tres bon film,5
184007,a bien résolu les problèmes de réception causés par la présence de pins sur la trajectoire de l' émetteur,5
164688,Un très grand classique je le conseille à tous ceux qui comme moi aime ce film légendaire un pur bonheur,5
164368,Après une protection d'écran en verre qui a fini par fissuré au bout de 5 mois je suis revenu à cette protection souple qui disparaît littéralement a l'œil une fois bien mis en place ; je suis parfaitement satisfait du résultat pour un bon rapport qualité prix.,5
161787,M’a bien dépanner pas besoin de changer la poignée au complet réussi à le retirer de l’intérieur attention à ne pas rayer bien protéger votre porte,5
173895,Mon neveu ne le lache plus et s amuse tout le temps avec pour le moment pour les petits bouts le robots train c’est la grande mode,5
196665,retour tablette envoyée en double. Retour poste le 29 janvier. A ce jour aucune nouvelle ? Merci de me tenir informé/ Accusé retour poste en ma possession,5
163751,"Ce chargeur induction multiple est très pratique, il fonctionne aussi bien avec mon samsung S8 qu'avec un telephone iphone à Induction. Il permet de charger egalement ecouteur et montre iphone. Il est leger et solide, question utilisation il suffit de brancher et de poser, charge rapide du telephone egalement.",5
192343,Joli bracelet livré avec tous les accessoires permettant de le monter sans problème. Toutefois un peu lourd.,5
191382,Je recommande cette paire de basket car elle est très confortable et légère. Passe bien en machine avec le programme basket.,5
179846,Cela donne des idées pour notre Eglise... Une très belle expérience de lecture qui fait réfléchir. A diffuser sans modération !,5
198580,Le début de la fée Clochette... A regarder sans modération,5
170545,"Excellent produit, j'ai été surpris par la très bonne puissance du ventilateur (il y a 3 vitesses). Fait son job, rapport qualité /prix correct, vendeur à l'écoute de ses clients et tres commerçant !",5
198505,Mon fils est très satisfait,5
178148,Cet objet est très utile et ludique.,5
195778,la texture et la longueur correspondent à l'usage que je souhaitais en faire.Il donne assez de volume.Je l'ai associé à une robe vintage années 60 .C'était le jupon parfait pour donner le volume la robe.,5
191946,J’adore ce produit en cuisine comme dans le jardin,5
172095,"cordon plus grand que l'original, a l'air solide, pour l'instant ras fait le job, livraison rapide ras pour un gaufrier lagrange",5
178701,Parfait - égal à la description,5
162881,"Je ne reçois que des compliments sur mon sac ! Il est pour moi le sac idéal, beau, élégant et raffiné, il est aussi grand pour transporter mon ordinateur pour les cours. Il est même possible de rajouter des cahiers et autres accessoires sans déformer le sac. Reçu rapidement et très bien emballé, je recommande !",5
162760,"Décoration complète de l’anniversaire et décoration de la chambre comme décoration du gâteau Il y a beaucoup de choses dans ce jeu d’anniversaire, il est bien équipé … Il y a des couteaux, des fourches, des cuillères, des tasses, des serviettes en papier … Très bon shopping. Tout était très complet, je suis entièrement satisfait et je réponds à Mes Attentes. Jolie et de bonne qualité. Je le recommande sans hésitation",5
197902,livraison conforme a mes attentes et dans les temps je recommande a faire ces achats,5
172805,j'ai été livrée dans les délais impartis. le produit correspond parfaitement mes attentes puisque je le connais. Excellent produit,5
194311,Plus compliqué qu'un telephone pour poser. Plus de superficie a nettoyer etc... Bien prendre son temps...,5
161074,"Dès que je les ai reçus je les ai congelé à plat et séparément comme l’a conseillé le vendeur pour une bonne conservation, personne très agréable au bout du fil! Je ne les ai pas encore utilisé.",5
177119,"Excellent produit que je connaissais depuis déjà longtemps. Le prix est compétitif avec ce fournisseur, 2eme commande livrée aujourd’hui, sans aucun problème. Je recommande.",5
174228,"J'utilise les interrupteurs Dio depuis des années, le pied. La pile fournie dure longtemps et on peut en placer jusque 16 par relais. J'adore.",5
198161,JE M'EN SERS POUR PROTEGER MES MAINS ( VAISSELLE ETC ) PRODUIT DE QUALITE ET SURTOUT SANS POUDRE,5
169585,Tout a été comme il faut : livraison rapide et produit de grande qualité.,5
176354,Ce produit est top. Je le recommande. C est du plus bel effet. L application est très simple. J adore.,5
161239,Conforme à la description me sert bien et plastique solide,5
161670,"Très utile, tient très bien. Soutient parfaitement un miroir et de la déco murale. Attention toutefois, le harnais est un peu épais et ne convient pas aux boucles fines.",5
164022,"Cependant, elle a fait le choix de se sauver un soir de sa cage et mon chat l'a donc dévorée avant même que l'article me soit livré. RIP Billie!",5
171199,Ma fille aime toute la collection - nous les avons tous Très bien fait - concerne des sujets de leur âge Chaque soir une histoire différente,5
179050,Je recommande étui super et de bonne qualité,5
164200,"Articles de qualité et de durabilité. Je peux charger rapidement mes deux téléphones en même temps, ce qui est très pratique et rapide. La qualité est très bonne et le prix est raisonnable, ce produit est parfait.",5
186820,"Difficile de trouver des graines de Moringa dans les magasins en France. J’ai commandé ces graines et je ne suis pas déçu du tout, graines sèches comme il fait. Idéal pour combler vos carences en vitamines. Je recommande vivement ce produit. Merci 😊",5
183226,Pratique et utile mais attention c est un petit modèle !,5
174747,"Franchement au top, rien à dire de négatif sur cette coque",5
163987,Échangé pour une taille plus grande du 46 EU s'il vous plaît car je mets du 44 EU mais le 44.5 EU est trop petit. Merci d'avance,5
182642,CABLAGES HAUT PARLEUR,5
199296,"Bien plus de moyens que pour le premier épisode, mais le scénario est toujours génial.",5
166894,"L'écran de protection semble être de tes bonne qualité. L'application est très simple en utilisant le cadre en plastique qui se met sur le 6t. Impossible donc de mettre l'écran en verre de travers. C'est très bien fait. Par contre, bien faire attention pour la poussière sur l'écran du 6t, mais aussi sur le côté un peu collant de l'écran de protection. Je n'avais pas de poussière sur le 6t, mais 2 poussières de sont mis sur le côté collant de l'écran de protection. Pas très grave. J'ai laissé. Je préfère garder le 2eme écran (et oui, c'est super, il y en a 2 dans le paquet) si jamais le premier se casse.",5
168417,c'est vraiment un très bon produit comme je cherchais et surtout un grand merci pour votre sérieux et pour la rapidité d'envoie,5
163880,"Parfait, recoupable , bien lumineux, se recharge bien , sécurité pour la nuit . Bravo Kolylong à bientôt pour une autre commande",5
183316,Produit arrivé à temps le produit est neuf et fonctionne très bien. Petit interrogation sur la jaquette un petit peu abîmée sur le côté. C'est normal ?!,5
174932,parfait commandé la veille à 19h reçu le lendemain à 15h franchement amazon est très rapide sur leurs livraisons c'est impressionnant et surtout le produit est bien arrivé en parfait état rien à dire . Je recommande !,5
161839,"Figurine en vinyle d'excellente qualité, finition impeccable et souci du détail à la hauteur de la réputation de Funko Pop! A acheter les yeux fermés !",5
190268,La boite est conforme au descriptif Le socle fourni tient bien en place.c est facile a manipuler. Envoi rapide et bien emballé,5
185774,"Foncez vraiment !!!! un moment vraiment intense on avale les pages. Une magnifique histoire, très facile à lire véritable coup de coeur Merci pour cette merveille <3",5
161869,"J'ai utilisé ce produit pour copier un disque interne sur un SSD, il fait bien son job.",5
195276,Très bon rapport qualité prix. Très facile à installer le design est sympa. Ils se replient très facilement,5
162289,On connaissait la version Elsa reine des neiges et on a fondu sur ce olaf ! Très pratiques pour un enfants qui souhaite aller au toilette seul la nuit ou même pour ce rassurer,5
164972,Depuis quelques mois génial pour sa compatibilité HomeKit qui ne l’était pas au debut …,5
181853,"Ma fille de 5 ans 1/2 ne voulait pas quitter sa tétine, je ne savait plus quoi essayer. J’ai acheter le machouyou en n’y croyant pas spécialement. Ma fille l’a adopté au bout de quelques heures et ne parle plus du tout de sa tétine depuis !!! Ca a été magique. Reste à voir dans le temps si ça fais quelque chose sur ses dents. Mais mon but été de lui faire quitter la tétine donc je suis très satisfaite de mon achat.",5
199265,Une personne hospitalisée. Les repas préparés à la maison.,5
162141,Demandé par l'école et il est bien pratique de ne pas à avoir à courir dans les librairies pour le commander.,5
188120,"J'étais septique à l'utilisation de ces films qui me semblaient épais. Mais l'ajout du film ne change en aucun cas l'utilisation du tactile. En revanche les traces de doigts se voient bien, mais un coup de chiffonette et elle disparaissent. A voir si quand le téléphone tombe le film rempli bien son rôle de protection",5
171672,super produit pour soulager l'hallus valgus,5
193205,J’ai apprécié ce livre qui se lit très bien avec une belle histoire. Je le recommande pour passer un bon moment,5
165109,Malgré le prix de zippo qui reste hors de prix le briquet reste unique bien emballer dans une boîte ( d'origine ),5
165662,"A la réception de ma commande il manquait un centreur, à la place une chute de cuivre. Après ma réclamation, Amazon m'en a envoyé un autre lot sans retour de l'autre. Merci. Amazon c'est du sérieux!",5
187877,"Idéal pour les fins de soirées au jardin où la lumière du jour viendrais à manquer, très pratique avec la fixation sur le pied du parasol (ça fonctionne même avec des plus gros pied de parasol le miens étant de 5cm de diamètre ça fonctionne aussi) Il y a 2 modes d'éclairages, un fort et un plus faible, dans mon cas je n'ai utilisé que le mode fort, après un test d'autonomie on peut l'utiliser pendant facilement 10/12h avant d'avoir une baisse significative de l'intensité lumineuse. Au niveau de la recharge il y a un câble fourni avec (câble USB vers un connecteur DC) il faut compter environ 8h pour une charge complète. Mon seul regret sur ce produit l'absence d'une petite LED pour faire témoin de charge.",5
71782,retard à la livraison Pas de date précise prévue,2
75206,BIEN DANS LE PLACARD,2
65709,Je ne trouve pas ce produit de bonne qualité. Pourquoi sur l'emballage c'est écrit JACOBS et quand on déballe ce sont tout simplement des capsules Tassimo et pas associées à la marque JACOBS??,2
62893,L'étagère de douche rouille alors qu'elle est censée être en acier inoxydable. J'attends une réponse du vendeur pour savoir ce qu'il compte faire.,2
79853,"produit de coiffage tout simple, faut rien attendre d'exceptionnel",2
47356,Du dépôt noire ce balade dedans mais sent bon,2
47801,Trop grosse pour me ma table de jardin malheureusement,2
75100,La coque est très bien! Par contre la protection d’ecran ne colle pas correctement !!! Très déçu ! Il faut que je rachète !,2
66019,Le goût est correct mis la composition des ingrédients est telle que je ne rachèterai pas ce produit: huile de palme et divers conservateurs sur la liste des cancérigènes probables. Très déçu...,2
63580,Le produit est arrivé casser. ;(,2
77178,"le libre déclare que les méthodes graphiques ne fonctionne pas mais sans aucune justification, c'est un peu juste de plus on a pas l'impression que l'on compare des méthodes c'est un livre basé sur l'analyse fondamentale et il propose des variations sur les calculs des indicateurs fondamentaux les méthodes automatiques ne sont pas traitées",2
42840,Fournisseur qui ne respecte pas les délais de livraison. La date est dépassée et le produit n'est toujours pas arrivé.,2
74486,Une de mes lampes ne fonctionne plus elle n'en même pas 4 mois,2
64412,Ne rase pas grand chose en profondeur,2
57524,Très bon produit mais livraison déplorable :colis jeté aussi dessus du portail et restant la journée sous l’eau,2
45348,Ne convient pas aux armes de valeurs.,2
67333,Utilisable sauf une!!!,2
43084,fait trop mal aux pieds,2
43543,On s'endort au bout d'une heure et le nombre d'invraisemblances dans l'enquête ôte tout intérêt à une intrigue proche de la niaiserie.,2
58349,"j'ai acheté 6x2 lampes soit 12 lampes en tout , il y en a 4 qui ne fonctionne pas ! ça fait beaucoup ! je déconseille ce produit . Gilles .",2
67782,C’est le premier Matcha que j’achète et je suis très déçue . La couleur n’est pas vert vif comme je l’espérais mais kaki. Je ne l’ai pas encore testé en cuisine mais je doute que dans les gâteaux il rende la belle couleur verte caractéristique du Matcha. J’ai peur de rater mes recettes.,2
75651,"Comme beaucoup, sur deux lots achetés, 2 pots à lait cassés (un dans chaque lot). Il serait temps de revoir l'emballage !!! C'est dommage, ils sont jolis mais je ne recommanderai pas d'objets fragiles !",2
54732,"L'idée est bonne. Le produit pourrait remporter 5 étoile si la longueur de la sangle était 2 fois plus grande La boucle rentre parfaitement dans les clips de sécurité des voitures, la sangle et le mousqueton sont robustes. Mais l'animal est condamné a garder la tête à proximité du clip, il ne peut donc pas descendre de la banquette. Système D: j'accroche cet objet à la laisse de mon animal à laquelle je fais plein de nœuds pour la réduire au maximum, pas pratique!",2
45813,2 éventails sur 8 sont arrivés cassé (voir photo). C'est plus que moyen,2
54549,"Ce tabouret est assez confortable, mais les roulettes sont de très mauvaise qualité.......",2
78954,Déçue par la couleur plus claire que sur la photo,2
68249,"l'impression se fait correctement avec ce filament, mais la première couche a tendance à s'écraser et globalement il manque de précision par rapport aux filaments que j'utilise habituellement",2
70247,"Après deux utilisations en cuisson induction, les crêpes adhérent à la poêle. Je pense que la chaleur a été trop importante et que le revêtement a été endommagé. J'ai l'habitude de faire des crêpes. J'ai abandonné avec ce type de poêle, dommage.",2
58152,TEL REÇU CONFORME MAIS PAS DE 4G SEULEMENT EN 3 G LA 4G ET POUR LES VERSION LTE,2
61163,impossible de les faire marcher malgrès les conseils d'un électricien,2
65545,"Ce produit est vraiment un gadget marketing. Le produit est de qualité médiocre, le flacon en plastique n'est même pas couvert d'un emballage. Si ce n'avait été pour un cadeau, je ne l'aurais pas acheté.",2
67028,"NUL ! Amazon choice mes fesses ! J’ai acheter cette valise il y a un an et j’avais oublié de commenter... Au bout de 6 mois d’utilisation à peine, la roue m’a littéralement lâché en pleine gare ! Certains on déjà mis des photos alors je n’en rajoute pas.. Moi qui ne voulait pas croire le peu de commentaire négatif, ça m’apprendra... Sinon c’est une bonne valise, mais les poignées n’ont pas l’air très solide sur le long termes, pour ma part je ne m’en sert plus alors je ne peux pas dire plus car effectivement avec une roue en moins c’est pas pratique...",2
67944,"Mal fini, à voir si c’est bon ds le temps",2
79696,"2 jours après l'installation, le détecteur ne marche plus. Je n'ai pas retourné car j'ai coupé les câbles.",2
43699,"La première arrivé, problème avec l'enrouleur à cannette. Renvoyé pour échange et pas arrivé. Donc remboursé.",2
65184,"de mauvaise manufacture, il n' y a aucun repère pour le montage un véritable puzzle. trop cher pour la qualitée",2
40478,"Acheté au mois de décembre, Au bout de 5 mois, la montre ne fonctionne plus. et ce n'est pas un problème pile... très déçu!",2
45567,Bonjour je n'ai pas reçu l'article je ne peux pas évaluer il y a un retard de livraison merci d'avance,2
61512,Dispendieux pour la qualité intrinsèque du produit.,2
48050,J'ai voulu acheté ces feutres/craies pour un mur que j'ai peint avec une peinture tableau. Je suis très déçue car ce n'est pas facile à nettoyer et laisse des traces. Je suis donc revenu au traditionnelles craies de ma fille,2
66475,Trop cher pour rien ne correspond pas à tt le poussette chicco je le recommande à personne lisez bien la description avant achat,2
65690,Très bien mais les piles s’usent trop Vite (il faut changer la pile toutes les semaines quasiment),2
58578,"Le produit est bien, léger, une bonne autonomie. Mais l'écouteur gauche ne fonctionne déjà plus, dommage vu le prix du produit. D'ailleurs, dois je faire fonctionner la garantie constructeur ou y a t il un process possible avance Amazon ?",2
79296,"Reçu hier et utilisé 2 fois. J'ai une plaque à induction. A la prise en main, wok pas très lourd (pas très bon signe). Le wok ne chauffe pas assez même sur Boost ( puissance maxi de cuisson). Je suis asiatique et on doit saisir les aliments sur feu très vif mais là j'ai l'impression que ce wok est plutôt fait pour mijoter. A peine avoir mis les aliments que le fond est déjà refroidit. Déçue. Il est peut être plus adapté pour la cuisson au gaz.",2
62019,Il est écrit 3 paniers mais je n'en n'ai reçu qu 1 seul...dommage il m'en fallait au moins 3 !,2
64790,"Bon produit mais manque d'amélioration, difficile de voir l'écrans selon l'angle et la condensation et la ventouse est inutile",2
72237,je voulais la couleur émeraude et j'ai eu la couleur bleu,2
69099,Elles ne tiennent pas longtemps collé sur la feuille . Papa a du recoller à la colle forte tous les autocollants de son cadeau de fête des mères,2
53517,Je ne comprends pas q'une aussi grande marque propose un article d'aussi piètre qualité! Vraiment dommage que je ne puisse pas le retourner.,2
41781,"Acheté début juillet, après 1 mois l'attache clip se désolidarise, les coutures ont lâchés Maintenant, mi-septembre, je constate que les coutures sous le sac se déchirent. Je l'utilise quotidiennement sans charger le sac de manière excessive. J'ai été habitué à plus de qualité de la part de cette marque.",2
74198,"Les strass des colibris sont pliés et très cassants (certains sont arrivés décrochés), les broderies sont assez grossières mais il faut s'y attendre à ce prix. Aussi, la photo censée décrire le produit est quelque peu mensongère. Elle indique en effet que les deux colibris seront symétrique, il n'en est rien. Les colibris sont identiques, ils ont tous deux le bec à droite. Au niveau des couleurs, attendez-vous à avoir des couleurs plus vives et plus cheap que sur la photo, le doré sur la photo est un doré jaune en vrai, le vert émeraude est à la limite du fluo, le bleu est un bleu turquoise clair encore à la limite du fluo...",2
77200,"Je trouvais intéressant d'avoir un repose cuillères double. Hélas ce support n'est pas assez long pour bien remplir son office, le couvert retombe souvent à coté, car il y a déséquilibre du fait de la courbure trop accentuée de l'extrémité. Cette extrémité est percée pour permettre l'accroche, mais à cause de la courbure c'est quasi impossible, sauf à avoir un crochet très long! Je regrette cet achat.",2
73706,"Acheté pour ma mère, Le silicone est trop épais pour être confortable entre ses doigts de pieds rapprochés... à n’acheter que si vous avez les doigts de pieds un peu écartés",2
75817,"Une tasse beaucoup trop grande qui, une fois prête, reste brûlante.",2
79163,"J'avais été très satisfait de mon achat il y a un an et demi car très fonctionnel et de qualité, mais voilà que le zip a lâché et ne marche plus... la qualité n'est donc pas au rendez vous... dommage.",2
46782,"Je suis mécontant de ce produit, car celui-ci est est livré avec un cordon à 3 fiches alignées (norme italiennes) ce qui n'est pas spécifié sur l'article en vente. J'ai été obligé de racheter un cordon adapté aux normes Françaises.",2
70052,Reçu dans la date indiquer . Mais éclate assez rapidement dommage,2
63695,"Je suis satisfait de la coque en plastique pour protéger le téléphone. elle se clipse facilement et elle est bien adaptée à la taille du téléphone. Cependant, la protection d'écran s'est cassé dès que j'ai voulu l'installer. elle est très fragile et il est vraiment difficile d'enlever les bulles d'air....",2
69687,"Produit peux chère mais ne tien pas correctement, sa reste des élastique",2
54851,"Les + Bon son bonne basse Le chargement des oreillettes Le chargement de la batterie Bonne tenue dans les oreilles avec Nombreux embouts ,finition générale De bonne facture. Les - Déconnection trop frequente Arrêt aléatoire sur 1 oreille en écoute musicale 2h 30 maxi en écoute audio Son pas très puissant mais suffisant pour une écoute même sportive. Rapport qualité/prix",2
40412,Lumière qui ne clignotent plus au bout de quelques minutes,2
53402,Produit sans doute insuffisamment concentré car peu parfumé et peu efficace,2
41267,Capteurs d'empreintes n'est plus fonctionnel un fois la protection installée.,2
64003,"Bonjour , voici l'état dans lequel est arrivé le produit.",2
