180481,Très belles assiettes. J'aime beaucoup la couleur. Beaucoup plus jolies que des assiettes en plastique classiques. Elles me servent encore.,5
160748,Acheté pour mon fils de 3 ans. On aime beaucoup car il y a les photos en papier pour le faire sur ça. C’est bien pour commencer à faire des puzzles et il adore car c’est des personnages préférés.,5
169394,La protection est super efficace. Très bonne qualité. Je suis content de mon achat. C'est un ami qui me l'a recommandé.,5
199658,"J'ai utilisé ce styler pour la première fois aujourd'hui et j'en suis absolument ravi, ainsi que le petit canon idéal pour les cheveux plus courts comme le mien. Tellement satisfait que j'en ai commandé un autre. Je le recommande vivement.",5
191343,J'ai acheter pour mon.bebe mais tellement utile et complet. Satisfaite de mon achat j'ai pris pour ma soeur qui attend un bébé aussi,5
162265,Très pratique et bonne qualité.,5
167293,"Protéger les coins d’un tableau veleda suspendu à une porte. Après quelques semaines d’utilisation, les coins sont toujours bien adhésifs et évitent les chocs et le balancement sur la porte.",5
171172,"Le produit correspond parfaitement, utilisation remplie toutes ses fonctions. Attention juste a être correctement outillé pour le changement de la pane, la goupille fait un peu de résistance.",5
170538,"Ma fille adore toujours sa veilleuse nina. Les chansons sont mignonnes, je recommande.",5
171346,Pour la pluie petite fille de 4 ans rien à dire correct,5
196593,très beau livre vu par hasard sur les réseaux sociaux très belle surprise en tout cas j'ai beaucoup de plaisir a le mettre en couleur les dessins de femmes sont très fin. les pages ne sont pas épaisses mais bon ce n'est pour ma part pas trop grave vu que je colorie la plupart du temps aux crayons et c'est un dessin par page.,5
163933,Très belle qualité. Livraison sous 48h. Parfait.,5
161786,Livré en temps et en heure. Correspond parfaitement. C'est vraiment des Converse et pas une vulgaire copie.Recommande l'article.Mérite les 5 étoiles.,5
178838,Elle est génial. Sur mon lit c'est le top. Regrette pas mon achat,5
180221,"Les Bruder sont solides et réalistes. Je peux que recommander cette marque. Par contre, à savoir, cette remorque se met que sur le tracteur bruder mais pas sur les camions.",5
195331,"Excellent produit ! Effet naturel, facile à passer avec le gant, sent bon , ne fait pas de tâches . Trés satisfaite de cet achat. Dommage que le prix est augmenté depuis .",5
174698,Je l'ai acheté car j'aime cette marque et les coloris sont jolis,5
194368,"Un ""jeu"" simple, mais qui peut réellement avoir un effet positif sur votre couple, permettant d'exprimer des émotions relationnelles au quotidien.",5
189276,Arrivé dans les temps en bon état,5
190637,Satisfait du produit,5
175146,Ce produit est utile pour une douche avec murs revêtus de céramique et permet de ne pas percer. L'adhésif est super et le panier chargé sans penser à sa chute!...,5
178218,Magnifique rien a dire bonne qualité beau rendu,5
178736,"Je mets une notes de 5/5 car le produit est arrivé rapidement, car le produit est en parfait état et rempli sa fonction : il colle très bien. Je recommande ce produit à toutes les personnes qui ont besoin de coller des photos ou des documents rapidement et sans humidifier leurs papier",5
171197,Parfait comme d’habitude sur la pâte et produits de cette marque... expédition rapide et couleur toujours conforme Recommande à 100%,5
165940,"Je cherchais un dérouleur de papier wc sans avoir à percer des trous, je l'ai trouvé sur amazon, très pratique, solide, et esthétique et il a été très facile à poser. RAVIE DE MON ACHAT",5
185624,"J'ai été très surpris de la réception de la marchandise. L'emballage des produits était très raffiné et les accessoires étaient très bons, avec des bretelles et des instructions. J'ai hâte de l'utiliser, l'effet est très bon. Comparé à la clé à chocs que j'ai achetée auparavant, ce JUEMEL a un couple important et est confortable à utiliser, ce qui m'aide à mener à bien une variété de petites opérations mécaniques. Très bon prix, je vous suggère d'acheter! ! !",5
193502,Très joli! Les couleurs et la matière super,5
197782,"j'avais une douleur musculaire persistante biceps aux 2 bras, style tendinite, je suis allée voir les médecins (prescription de volta---, sans aucun effet, échographie--rien..bref aucune solution) J'ai alors fait des recherches sur le net et j'ai acheté cette crème, et là...enfin quelle efficacité! mes douleurs disparaissent. J'en mets avant chaque entraînement de sport moi qui pensais que je ne pourrais plus en faire... mille mercis!!!",5
179450,"envoi rapide, recu apres 3 semaines (rapide pour envoi d'Asie); moules pratiques assez grands",5
198932,"Impeccable, facile à mettre en place et à retirer!",5
177652,"très bon produit, très costaux pour le prix et surtout suffisant pour nettoyer les poêles, longueur suffisante pour chez nous je recommande",5
162863,bien reçu très rapidement. Très bien emballé. Mon fils est ravi et attend avec impatience les autres qui sont signalés quand même rapidement. Merci,5
190483,Super mignon. Lumière un peu forte pour la nuit mais mon fils de 3 ans adore et peu l'allumer ou l'éteindre tout seul !,5
195103,"J'ai remplacé les pads de ma PS4 pro, très satisfait",5
177792,"je recommande cet achat, arrivé à l'heure prévue je suis satisfaite pratique pour faire partir en voyage semble solide pour le prix",5
173553,"Après avoir toujours utilisé les grandes tours j'ai voulu essayer un mini pc afin de le mettre sur la télé du salon. Je suis très agréablement surpris de cette machine totalement silencieuse. Elle est livrée avec un cordon hdmi et l'adaptateur secteur. Un mini clavier sans fil avec trackpad et la machine est complète. Le premier démarrage permet de faire la configuration de windows 10. Il est bien en français et la licence s'active sans problème. Ensuite les démarrages sont rapides. Ces 4 petits GB de ram sont amplement suffisant pour une utilisation bureautique. Il est reste fluide malgré plusieurs onglets de navigation internet activés. L'application netflix fonctionne très bien également, pour les amoureux comme moi des séries TV. C'est un petit PC idéal pour rendre une télévision de salon en une espèce de smart-TV. Il peut se fixer à l'arrière et il ne fait aucun bruit. Je l'utiliserai aussi pour montrer a des amis des photos de vacances par exemple, c'est tellement plus simple de brancher la carte SD plutôt que d’emmener sa tour du bureau dans le salon. C'est un très bon achat, je le recommande vivement pour une utilisation comme moi, ou pour des enfants par exemple.",5
195627,Conforme à mon vehicule,5
170459,Idéal pour ranger les sous vêtement et mes chaussette,5
160426,"Lecture facile, claire et efficace. Une approche rigoureuse de chaque expérience soumise au médium interrogé. C'est un livre qui bouscule, bouleverse et fait du bien en même temps aux personnes qui viennent de perdre un être cher. Très très bien",5
193174,Pour porte de sortie,5
196611,"Excellent jeu, la pub n'est plus à faire pour jeu. Bonne histoire, bonne ambiance, jouabilité correct. RAS",5
176372,produit conforme à la description. semble très pratique et facile d'entretien. hâte de pouvoir l'utiliser pour les balades et voyages avec bébé.,5
169183,"je n'est rien a redire sur ce fond de teint , parfait pour ma carnation de peaux (claire) , effet naturel personnellement il n'as pas une très grande recouvrance ou alors c'est moi qui n'en mais pas asse. mais cela me convient parfaitement . la livraison et l'emballage au top . je recommanderais.",5
173179,Très belles chaussures très confortables.,5
189298,j'ai mis cette housse de couette dans un lit ancien et le rendu est super. La qualité du textile est excellente.,5
188959,"Belle valise, pratique, bien pensée et solide. Correspond en tous points au descriptif et à la photo. Belle couleur grise claire légèrement chiné.",5
175901,Senteur au rendez vous mon amie a apprécié,5
198158,reduire la vitesse d un ventilateur,5
188555,produit neuf et commande complète merci.,5
175128,"Tube fragile, qui plie dès qu'il y a une brise. Dommage que la structure des tubes soit sous dimensionner car le reste est correct.",5
196583,"L'ensemble est exactement comme sur la photo, le bandeau est bien élastique et ne serre pas, le rendu est magnifique, je conseil vivement cet article.",5
182459,Très bonne relation qualité prix. Ce n'est pas la première fois que nous commandons des articles sans jamais avoir été déçus.,5
160565,Prix un peu élevé mais de très bonne qualité,5
177620,super produit-rapport-qualité-prix.,5
175230,"Acheté pour l'anniversaire d'une petite fille de 10 ans, elle l'a adoré, c'est très bien expliqué et cela permet aux enfants de faire des dessins très réalistes. Je le recommande!",5
193771,Jeu de détective très bien construit. Contenant 10 parties différentes. Attention une partie estimée dure un peu plus longtemps que mentionné. Textes bien écrits. Les enquêtes vous tiennent en haleine.,5
193919,Les colliers sont très beaux. Je n ai que des remarques sympathiques quand je les porte,5
191813,"Conforme à la description et aux photos, produit bien emballé,et délai de livraison respecte. Je recommande le produit sans problème.",5
162915,"Belle horloge, c'est pour offrir pour un anniversaire, Colis bien reçu en bon état et délais respectés. Je recommande ce vendeur",5
181231,Rien a dire ce produit est impeccable,5
195497,Très bien...conforme à la demande,5
188972,Coque de bon rapport qualité prix. Conforme à ce que j'attendais.,5
180576,"pas de surprise , conforme à tous les tuto sur ce produit. efficace, simple , l'application fonctionne bien, l'autonomie est impressionnante. un coup de main a prendre quand meme et l'absence de joystick pour orienté est parfois frustrant mais les images sont top (avec iphone 6 et 8)",5
195393,très contente .bien emballée,5
8971,Impossible de la connectée,1
21656,Produit pas reçu depuis la commande,1
4496,"j'ai reçu l'album abimé : la fixation en bas ne tenait plus ... vu les frais de port, je ne le renvoie pas mais je suis vraiment déçue de devoir rafistoler un produit acheté neuf ...",1
7184,"livraison en retard envoi dans une simple enveloppe en plastique, aucune protection Produit défectueux, les plumes arrivent décollées plus petit qu'il n'a l'air en photo article vraiment médiocre",1
26186,Catastrophique... L'ampoule a cassé dès la première tentative d'insertion. À fuir...,1
31964,"Colis jamais reçu,décevant,réponse du vendeur incompréhensible fait par un ordinateur avec traduction médiocre",1
12155,J'ai reçu la souri sans la clé wifi,1
6310,La housse de couette et la taie d'oreiller sont en 100% polyester ! Je n'avais pas fait attention en passant la commande et suis donc obligée de renvoyer l'article. Dommage car le dessin était très joli.,1
36816,Ce livre devait etre un cadeau et il n'est arrivé a destination. Aucun livre 120 lieux secrets etait dans le colis,1
22705,"Ce produit n'est pas du tout solide. Je suis déçue. Il a fonctionnné quelques jours puis les touches (volume, micro) se sont bloquées et impossible de remettre le son. Un adaptateur simple suffit et c'est moins cher !",1
30399,Je n'ai pas pu l'utiliser puisque je ne l'ai jamais reçu.,1
9733,"J'ai reçu le mauvais pack, il manque la plume ainsi que les pinces tetons.",1
16382,Un bruit horrible et mes rats toujours la J'ai opté pour la mort aux rats beaucoup plus efface. Plus de rats maintenant,1
27295,Cet appareil a très bien fonctionné pendant quelques semaine et d’un coup plus de son... alors que les boutons restaient actifs et l’appareil connecté au téléphone Après contact avec le sav on m’en a envoyé un nouveau (belle réactivité du service bravo) mais le nouvel appareil a fonctionné deux jours et à nouveau le même problème. Est ce un problème de série ? En tout cas je déconseille fortement,1
37717,La tondeuse aura fonctionné 5 minutes avant d'être inutilisable. C'est une honte!,1
7844,Le rose deja parti au bout d unz journée,1
19722,mauvaise expérience car n'est pas le même que sur la photo de l'écran ordinateur donc site d’Amazon,1
5685,Le produit n'a pas duré une année scolaire: une bretelle s'est décousue. Le sac n'a pas supporté le poids des cahiers de 6e.,1
29395,"L'appareil ne convient pas du tout, et impossible de le retourner. vraiment très déçu de cet achat qui s'avère inutile.",1
30774,Temps de livraison non respecté meme avec l'abonnement Prime. plastique de mauvaise qualité...la regle est arrivée tordue. cher par rapport à la qualité.,1
37991,Je n’ai jamais reçu ce produit mais on m’a pris les sous. Aucun moyen de ce faire rembourser ....,1
12226,Bonjour Impossible de recevoir ce produit 4 mails envoyés sans réponse intervention d’amazon Sans succès ARNAQUE,1
21765,renvoyé et remboursé,1
12120,"Tres compliquées d'utilisation, 1 sur 20 qui fonctionne",1
24353,pas bien pour différente chaussettes vue la pub sa marche pas aussi bien,1
24016,Je m'en suis servis une seul fois et elle ne fonctionne déjà plus pour la deuxième utilisation . Une fuite que je ne trouve pas donc plus d'air ne sors de l'embout !!!!!,1
28281,"Je n'ai pas reçu l'article, et on me dit que j'ai été livré....",1
13902,impossible a utiliser pas de notice en francais,1
13889,j aurai du être livré le 8 juin et le 20 toujours pas reçu ma commande.!!! Pas de nouvelle de ma réclamation au vendeur... a éviter si possible.,1
15854,objet de mauvaise qualité. la poche d'eau contenant l'oeuf a été tout de suite percée. je ne conseille pas cet achat,1
33385,Je n’ai pas reçu le crayon,1
16490,Je n'est jamais reçu larticle esque c'est normal ? Je trouve sa inadmicible ! Je veux être remboursé ou envoyer moi cet article,1
22241,"Erreur, l'article ne correspond pas à la commande passée ! Dommage !",1
17531,"Utiliser une semaine car le bruit était insupportable, de plus côté horaires, absolument pas précis.",1
5362,Ne se monte pas sur mon appareil donc (pas universelle) ARGENT PERDU,1
26561,"Vu la note j'ai commandé ce produit sans me poser de question, j'ai quand même lu quelques commentaires mais plutôt confiant. Par contre lors de l'installation de ce verre trempé...quelle déception !!! Le verre n'est pas à 2mm du bord du téléphone mais 2 mm du bord de l'écran... En gros l'affichage est déformé par le bord du verre !!! Super désagréable. Je déconseille ce verre trempé à tous les utilisateurs de Samsung A5 2017 !",1
32469,C’est casé au bout de 1 mois,1
12437,"Nul ! Se collé uniquement par les deux côtés arrondis, donc pas bien appliqué. Hyper fragile, se casse déjà sans pour autant tomber (et bien que protégé en plus par un clapet). Et se salit très rapidement par les traces de doigt.",1
27135,"Cette ampoule est totalement inefficace. Les insectes sont attirés par la grosse lumière mais ne vont pas à côté sur la lumière bleue pour être tués. En 3 heures seulement 3 moucherons. La description du produit précise que les insectes tombent tout seuls après avoir été brûlés. C'est faux, ils restent comme collés sur l'ampoule (dans mon cas elle était tournée vers le bas). Apparemment on peut aussi changer la mode de fonctionnement de l'ampoule, comme éteindre la lumière pour ne laisser que le tueur d'insectes. Je n'ai pas trouvé comment faire. En bref une ampoule totalement inefficace contre les insectes. Passez votre chemin.",1
17161,cet article est tombé en panne au bout de 2 heures,1
24582,Une étoile car le produit arrivé était percé. Le SAV (top) m’en a renvoyé un autre mais le 2ème reçu s’est percé ou déchiré après quelques semaines. Ne dure pas dans le temps et pourtant mon enfant a joué très peu avec.,1
30608,"Une fille qui accepte d'épouser un militaire agent secret sans connaître son visage en mettant sa vie privé de côté pour garder le secret ( même sa famille ne doit pas le savoir ). Elle fait l'amour avec lui qui garde sa cagoule pendant les rapports, je trouve ça vraiment trop glauque!!! Surtout qu'il a commencé à lui plaire parce qu'elle avait vu son torse...Sabine décide bien vite de partager sa vie de manière définitive avec un homme qu'elle connaît à peine...",1
12158,Impossible de coller sur un SPA coté extérieur cela ne tien pas.,1
20028,Jamais rien reçu et aucun remboursement Amazon me fait comprendre que c'est à moi de me débrouiller alors que si j'achète chez eux c'est pour la sécurité.. Vraiment déçu 👎👎👎,1
18202,Réception en retard de la commande pas de message de la part du fournisseur,1
21981,"Produit de très mauvaise qualité, percé en plusieurs endroits. Monté sur une pompe pour un usage de jardin ordinaire (arrosage) Durée de vie 2H !! Plastique de structure interne, cassant et ne résistant pas à la pression ! 50 Euros à la poubelle, Merci...! Bien à vous",1
3412,"Trop petit pour un bac XL et les sacs sont trop fin. Ce qui ne sert à rien, le sac se déchire avant que l’on puisse le nouer.",1
23035,2 produit ivoler . et 2e qui ne tient pas la durée. prix intéressant mais : fonctionne tres bien au début. 6 mois plus tard la charge rapide est out. .. donc au bout du compte le contrat est loin d être équitable.,1
35048,Je nai pas reçu cette article dans ma boîte au lettre,1
11741,"je ne sais où vous joindre mais je vais devoir à nouveau commander ce livre, vos chauffeurs sont au moins priés d'essayer un minimum d'effectuer la livraison ou je ne commanderais plus chez vous! Que de temps et d'argent perdu! Même pas un appel, je suis toujours présente... Extrèmement déçue...",1
20411,"Bonjour , je j ai pas reçu la commande alors que j étais chez moi , le vendeur n a même pas sonné !!!",1
32291,Bjr veuillez me rembourser mon produit merci,1
25562,Après un mois d utilisation elle ne démarre plus direction poubelle !!!!! C est la deuxième avec le même problème !!!,1
36735,"Très très forte odeur chimique quand on le sort du packaging, avec des finitions moyenne, et la doublage orange à l'intérieur ne correspond pas à la photo .",1
1743,"Bonjour, après utilisation, le revêtement interne montre des signes de dégradation pourtant je n y mets que de l eau, des tâches noires sont apparue au fond de la cuve comme des traces d oxydation du coup je ne l utilise plus, je ne recommande pas du tout cet article pour cause de problème évident de la matière utilisée a intérieur",1
7426,pas eu ce dvd dans ma boit a letre,1
7338,Je n'ai malheureusement pas reçu ma commande merci encore une fois à chronopost encore une fois les seuls et uniques incapables de livré un colis chez moi ! Bien dommage,1
5995,"Je ne sais pas quelle société à livré mon colis mais c'est pas des bons ! je reçois une notification colis livré dans ma boite aux lettres, j'ouvre donc et là rien de rien ! Donc livré mais pas chez moi ! merci pour l'incompétence du livreur, je l'invite à partir à la recherche de mon colis jamais reçu ! En colère...",1
36991,Merci Amazon de laisser mon commentaire. La batterie après 164 kilomètres n'est plus capables de faire plus de 10 kilomètres. La vitesse est passée de 30 à 27 kilomètres par heure en une semaine. Je ne recommande pas ce produit,1
20535,Rien pour faire les branchements. Vous devez réaliser vous même les cables. Et bien sur pas de notice dans l'emballage pour expliquer comment faire. Pas du tout satisfait.,1
15121,"Produit non conforme au marché français, livré avec une prise anglaise et un adaptateur non compatible pour la france. Le vendeur nous a remboursé partiellement pour pouvoir payer un transfo conforme mais une fois mis en route l'appareil fonctionne à moitié donc impossible de s'en servir. Le vendeur vous envoie des mails pour vous supplier de ne pas faire fonctionner la garantie pour ne pas être embêter par Amazon, à éviter",1
21420,"J'adore ce jeu mais, sur le Kindle Fire, impossible de le connecter avec Facebook pour retrouver mon historique de jeu. 😠",1
19111,"Tout simplement de la camelote ! De plus, les coloris ne correspondent aux couleurs de la photo. Les torchons sont affreux.",1
34562,j'ai eu de gros problèmes avec cette montre. Le bracelet s'est cassé. Impossible de réparer. J'ai acheté un bracelet de remplacement . Actuellement elle retarde malgré un changement de pile. Comment faire pour la retourner chez vous? merci de répondre à mon adresse,1
77027,j'ai reçu les écouteurs dans un très bon emballages mais l'oreillette droite est casser et retour payant donc je ne recommande pas ce produit !!!,2
58303,Pour mon déménagement...pour de petits cartons..il n'est pas très stable,2
49399,"produit au top , trop mignon mais par contre pour la livraison 4 mois de retard , je ne suis pas contente de la livraison, je ne recommande pas",2
58169,2eme commande en 6mois chez le meme marchand. Les nouvelles cartouches ne sont pas compatibles avec les anciennes. Il est nécessaire de tous les remplacer en même temps !,2
60188,"La base de savon fond vite au micro ondes. Une fois dans le moule ça durci vite. Malheureusement le savon ne mousse pas et à la touché c'est gras. Simple à utiliser pour faire des savons avec les enfants, mais la qualité n'est pas la....",2
65554,montre facile d'utilisation mais ne dure pas longtemps pourtant le son est bien ce n'est pas de chance dommage dommage,2
48149,Il sont pas mal mais très déçus après 2 utilisation certain ne fonctionne déjà plus,2
67741,"Coque integrale, avant et arrière ,couvrant le tactile qui rend celui-ci beaucoup moins sensible. En plein soleil l’ecran devient illisible.... Je ne recommande pas",2
61317,Pas cher mais dommage que je l ai reçu pliée en 2 en espérant que ça ne se voit pas une fois collé,2
54712,En remplacement de H4 d'origine je pensais gagner un peu en intensité mais il en est rien.Aucun intérêt.,2
43244,En deux jours plus de panier.,2
63480,Très ludique et adapté à notre enfant de dix ans. Cependant à la première utilisation l’arbre central a cassé net. j'espère trouver facilement une pièce de remplacement,2
77059,"Qualité médiocre, produit rayé en de nombreux endroits.",2
50373,Pas terrible comme lentille !,2
46922,"Je me suis fié aux commentaires, mais je n'aurais pas dù. Le plastique n'ai pas d'une qualité exemplaire (j'ai l'habitude d'utiliser de vrai casque de chantier et c'est le jour et la nuit coté qualité). Les fixations pour les éléments du casque ne sont pas solide, de même pour la grille et la mentonnière. La grille n'est pas métallique mais en plastique et pas très solide (une petite branche d'arbre devrait la faire éclater sans trop de problème.",2
70454,C’est pas de la bonne qualité,2
66584,"Encore dans l attente de mon produit donc difficile à évaluer mais en tout cas très déçue du retard de livraison prévu au plus tard le 6 Mai on m envoie un sms le jour même pour me le repousser au 7 Mai pour finir rien à 17h, j appelle GLS et il me dise que la livraison est prévu pour le 9 Mai car ils n ont toujours pas le produit. Hâte d être à Jeudi pour connaître la suite de l histoire.",2
55363,"Le piquage des fibres est clairsemé, on voit le tissus blanc à la base. ils auraient du mettre un tissu noir en support. déçu !",2
66870,"Très jolie coque. Au départ j'étais ravie, elle etait très jolie, se clipsait. Elle semblait solide. Mais 6 mois après, un des clips s'est cassé et du coup la coque se tient plus. Je suis decue car elle a une très jolie couleur et me plaisait beaucoup..",2
76796,"Commande livrée rapidement , un peu déçue du bois qui est humide et légèrement moisi, mais surtout en montant le produit je me suis aperçue qu'il manquait 2 planches de bois de petites tailles et je n'ai pas la possibilité de contacter le vendeur dans mon interface client... comment faire??",2
63374,Dommage que les dimensions soient trop petites pour un double matelas d'épaisseur 30 cm.,2
71050,Piquets trop flexibles se tordent trop vite! Filet qui ne tient pas ! Nous avons du tout ajuster ! Envoi parfait,2
40418,Pour information cette tablette est géniale au niveau du vidéoprojecteur par contre surchauffe du chargeur et la batterie se vide très rapidement. C'est dommage compte tenu du prix.,2
74249,Cela ne protège rien ne compté pas sur c'est produit pour protégé votre téléphone plastique qui se tort dans tous les sens . Si le téléphone chauffe le plastique deviens élastique ... Ne le prenez surtout pas,2
72894,"Hori pour les accessoires Nintendo est d'habitude gage de qualité. Cette fois-ci je suis déçu de constater qu'après 5 mois, la charge de mon appareil est aléatoire (utilisé tous les jours car en plus de ma Switch, je l'utilise pour mon téléphone dans ma voiture). Suivant la courbure du câble, l'appareil charge ou non. Pas pratique.",2
77335,"Comme beaucoup. Batterie HS en a peine 1 an. Et pour 10€ de plus que le prix d'une batterie de rechange vous avez une nouvelle visseuse avec sa mallette, sa batterie et son chargeur. Efficace quand elle fonctionne. Déception.",2
77161,Colis reçu mais la tête du bouda est coupé.,2
59896,"Nous avons du attendre assez longtemps pour recevoir nos balles de ping-pong. Nous les avons achetes pour amuser nos deux chatons. Malheureusement ces balles ne sautes pas beaucoup et devient creuse assez vite. Je sais qu'elles ne sont pas cheres, mais nous sommes un peu decue. Peut etre qu'elles viennent de la Chine, je ne suis pas sure. Pour amuser les chats ca va, mais elles ne sont pas bonnes pour jouer au ping-pong.",2
76770,"Le plus : joli, assez grand pour ne pas courir dans le fond du jardin tous les jours, le moins :sceau intérieur en plastique avec une anse qui permet de l'emmener à votre compost, ma fille a trébuché en revenant, le sceau est tombé et là un morceau du fond du sceau est cassé (plastique très fin) alors que je suis allée au compost trois fois ! Pas solide, une autre chose me dérange, lorsque on met le couvercle en place il ne s'emboîte pas, il est juste posé et cela bouge dans tous les sens, je n'ai pas regardée si je pouvais acheter un sceau supplémentaire pour remplacer celui qui est cassé. Je regrette mon achat... Dommage car il est assez joli",2
44512,Très jolie collier mais le fermoir a cassé au bout de 2 jours ...,2
68213,"Efficacité encore à prouver, très long à sécher",2
76199,"Acheté pour un cadeau. Très déçue car une une des notes de la mélodie ne fonctionne pas et fait un bruit de métal.. C'est juste une note, mais elle se répète plusieurs fois lors de la mélodie",2
72190,"Les sandales sont vraiment jolies et sont arrivées rapidement, mais l'élastique de maintient derrière la cheville est vraiment inconfortable et irrite le pied ... je ne les mets plus du tout c'est bien dommage ..",2
53037,non je ne suis pas satisfaite du tout car il y a toujours des mouches des araignées chez moi et les puces donc je trouve que le matériel ultrason ne fonctionne pas très bien et au bout de 2 jours il y en avait un sur les quatre qui ne fonctionnait plus,2
65360,Pas pratique du tout à monter et à utiliser,2
45831,Je suis vraiment déçu les tétines du biberon n'était pas bien protégé. La boîte d'une tétine était ouverte. Mon bébé à 6 mois et n'a pas réussi à boire son lait sans s'étouffer.,2
77840,Le produit est envoyé sans l'emballage photographié-,2
71222,"pratique le fait que le pot tourne, de bonne taille. Design sympa. Petit bémol lorsque j'ai enlevé l'autocollant sur le pot il y avait un choc dessus !",2
76217,"D'une part on ne peut mettre qu'un seul câble s'il est un peu gros ou 2 petits . Et ça ne tient pas beaucoup et uniquement sur du bois. Sur les murs , peintures ou autres matériaux ça se décolle 2 jours après Du coup je me retrouve avec beaucoup de pièces en rab et qui ne me sont d'aucune utilité",2
58104,deux livres sont manquants,2
49730,J'ai achété 2 lampes. Le détecteur du premier est tombé en panne au bout de quelques mois et celui de la deuxième après un an et demi. Elles sont donc devenus inutilisables car une ne s'allume plus du tout et l'autre s'allume en permanence... Il vaut mieux choisir un modèle avec interrupteur au cas où le détecteur tombe en panne.,2
45417,J'ai acheter cet épilateur pour changer du rasage au traditionnel rasoir et il est actuellement toujours dans son emballage au fond d'un placard. trop douloureux pour ce que c'est et n’enlève pas tout les poils en plus il manquais des accessoires dans la boite. Assez déçu donc mais pour celle qui sont des habituées de l’épilateur pourquoi pas mais il y a surement mieux,2
45056,"Je suis déçue du produit , moins joli que sur l'image. Je voulais la couleur bleue,j'ai reçue un bleu/vert. La qualité n'est pas au rendez-vous. Une pacotille que l'on trouverai facilement sur un stand de marché. Mais ce n'est pas grave car le prix est minime. On ne pas être content à chaque achat.",2
47177,"Les barres sont bien, mais colis reçu avec barres rayées et endommagées. Comme je ne l'ai pas ouvert de suite, il est trop tard pour le retourner. Mais je suis très déçu de ce service d'Amazon !",2
70914,Ne convient pas pour des zones courbées peut être faudrait il le chauffer! Je ne le recommande pas .il est préférable de les faire soit même,2
61500,"Ce petit sac répond à mes attentes, mais la fermeture éclair, se découd, après quelques jours d’utilisation",2
72696,"... le jack 3,5 ne tient pas en place solidement. Essayé avec plusieurs smartphones et tablettes même résultat",2
73881,Extrêmement bruyant et n'aspire pas super bien. Déçu...,2
42794,Pratique mais poignée cassée en moins de 6 mois. Donc pas solide et devenu inutilisable.,2
45292,"Nageur confirmé, j’ai utilisé pour faire quelques exercices de musculation dans l’eau. Le concept est interessant mais les bandes sont arrivées déjà déchirées. Peut-être un coup de malchance.",2
41848,"Colis livré explosé. Obligation de trouver des vis maison. Structure du chariot trop faible pour des buches de 50cm. Déplacement du chariot bruyant, des pneus auraient été préférables. Le poid global est trop élevé. L'étagères est plutot genante. Difficile à reprendre lorsque ce chariot est placé de face plein. Finalement prix trop élevé compte tenu des inconvénients.",2
76915,Bonne qualités mais ne s'adapte pas du tout à mon téléphone. Pourtant je suis sur que dans la description c'était possible. Du coup je me retrouve avec ce câble qui me sert à rien.,2
50402,"Le piege a l'air costaud, mais je n'ai toujours pas compris comment l'utiliser !!! Faut-y que je sois bête !!! En tous cas une petite notice pour les novices, cela n'aurait pas été du vice !!!",2
57004,arrivé cassé (2 boites) malgré un emballage qui semblait intact..,2
48253,utilisation dans un diffuseur électrique a froid pas d'odeur dommage,2
50089,"Au bout d' 1 mois, panne de micro > mauvaise qualité. Trés deçu par ce prodruit, je demande un remboursement !",2
72389,"Décodeur déjà utilisé, revendu défectueux !",2
52945,"J'attendais mon tire-lait avec beaucoup d'impatience, malheureusement celui-ci ne s'est jamais allumé, que ça soit sur secteur ou avec des piles. Comment faire pour récupérer un nouvel appareil en état de fonctionnement ?",2
69703,N'a senti réellement qu'une petite semaine. Cher pour ce que c'est ...,2
58686,Pas très résistant au bout de 1 semaine déjà casser ! en meme temps vus le prix je comprend pourquoi il est pas très resistant je vous le déconseille fortement,2
48117,"Je l'utilise principalement chez moi, il est un peu rigide. Il s'est cassé au bout de 6 mois.",2
47277,"La combinaison est juste pas du tout conforme à la photo ... C est une combinaison que l'on peut trouver a quelques euros toute fine , même matière que les charlottes ( pour protéger la tête ) néanmoins le masque est de très bonne qualité.",2
71776,Pas tres solide c est cassé en quelques jours,2
50841,Trop petit pour un lustre plafonnier mais pas déçu,2
120533,Petit meuble sympa et pratique . Attention les étagères ne sont pas hyper robuste.,4
130342,"Quatre étoiles pour le prix , ça essuie , mais un essuie glass est bruyant (le plus court ) , pas des plus agréable ; gomme peut être un peu dur , a voir dans le temps.....",4
157658,"Ravie par le fait de retrouver une vérité : l'argent ne fait pas le Bonheur... J'ai aimé l'histoire , le contenu facile à lire et les personnages. Je le recommande vivement..",4
130330,"Acheté pour un mariage, le résultat est fabuleux. Le produit est conforme à sa description et contient le nécessaire pour le poser dans les cheveux mais je retire une étoile pour la pause que j'ai effectuée chez un coiffeur car toute seule la manoeuvre est un petit peu compliquée.",4
150000,Trrs bonne trousse piur stocker les 120 crayons de couleurs qie j ai. Manque une place gomme et taille crayon pour être parfaite,4
154485,Très légère parfait très content,4
124385,Des gants de bonne qualité mais la taille est du côté petit. J’ai commandé la taille L (comme mes Nike d’avant) mais les gants sont un peu serrés.,4
140405,"Pleinement satisfait de mes achats sur amazon.fr Ils correspondent à mes attentes, d'autant que c 'est pratique de les recevoir à la maison et dans un délai rapide.",4
137589,"bonjour, je l utilise pour mon paramoteur je vois quand ma voile est gonflée au dessus de ma tète .",4
131184,J’ai offert ce CD à ma mère pour Noël. Elle était ravie.,4
153591,"Satisfaite de ce produit fonctionnel, très grand correspond à la description je recommande",4
121657,C'est un bon étui pour qui veut emmener sa tablette avec lui en permanence sans risquer la casse. J'ai mis un peu de temps à choisir ce modème mais je ne regrette pas.,4
142611,Très bien bonne qualité,4
136987,"Prix abordable. Livraison rapide. Il ne faut pas s'attendre au 10ème près de degrés mais indique bien si fièvre ou non. Intérêt majeur, pas besoin de toucher l'enfant ou l'adulte.",4
148230,"Facile à mettre mais difficile à enlever, je pense qu'en cas de chute le S10+ sera protégé. Sinon par rapport à la façade avant, je pensais qui était semi tactile. Au moins il est compatible avec la charge sans fil. Je peux regarder mes vidéos tranquillement avec le rabat spécial ou bien les regarder avec discrétion par la façade avant. Tout est variable, c'est très intéressant. Mon Smartphone est Protégé, merci .",4
133995,"Ma fille l’aime beaucoup elle a mis son panda et ses livre, J’ai eu un peu de mal à le monter",4
152982,"J'ai du attendre très longtemps, mais comme il n'y avait pas urgence, mon imprimante marche encore. Prévoir du stock !",4
154683,Très bonne qualité d’images mais compliqué à installer. A distance l’appli bug faudrait l’améliorer. Sinon à domicile c’est nickel.,4
127551,je n avais pas l intention de l acheter mais ma sœur m a convaincue.. Depuis quatre personnes de mon entourage ont acheté echo alexa. je trouve cela pratique pour les recettes de cuisine elle calcule par rapport au nombre de personnes. les playlist de musique de tout les genres et aussi les quiz; Je ne regrette pas mon achat.,4
142625,UN PEU MAIGRICHONNE MAIS RESTE TRES JOLIE PLAIT A MON FILS QUI LES COLLECTIONNE.EN PLUS INTERACTIVE; RAVI DE MON ACHAT.,4
149857,fixation un peu légère mais très bon produit autrement.,4
141083,"Joli design, petit, peu encombrant. Les boutons ne sont pas forcement très facile à manipuler sur tout pour le réglage du son mais cela reste correct dans l'ensemble.",4
134936,Bande adhérente bien mais adhère moins au bout de 3 utilisations mais pour le prix vaux le coup.,4
132626,Coorespond à la description. Livraison rapide. Le 1 er envoie avais un souci et aussitôt signalé c était réglé aussi rapidement. J apprécie. Et cette marque ne déçois jamais,4
154264,Pour moi c'est meilleur de prendre celle de tournesol plutôt que celle de soja ! Le soja contient des hormones qui ne sont pas recommandés pour la santé,4
136328,"Très bon produit, déjà testé, à part un petit coup de main à prendre, mais vraiment on a enfin une technique pour ce faire les ongles sois même sans se prendre la tête, je recommande vivement ! Petit retard de livraison de 1 jour, un détail... 😁",4
157375,"Cet article m'a été recommandé par mon dentiste, je ne suis pas déçu et l'utilise plusieurs fois par jour. Je le recommande.",4
157813,Manque de piquant sinon très bien,4
125792,"Produit reçu dans les plus brefs délais, une équipe qui semble se soucier de la satisfaction client au vu des mails reçus (ce qui est rare). Produit conforme à la description, il y a qu'au niveau de la touche espace que la coque ne se fond pas à 100% mais rien de bien dérangeant. J'avais déjà un clavier transparent mais en noir ça fait bien plus propre. Très satisfaite, je recommande.",4
130689,"Je l'utilise depuis 3 jours. En même pas 5 mn (à condition de l'avoir fait préchauffer avant d'y entrer) on transpire vraiment beaucoup ! La chaleur est forte mais supportable sauf sous les pieds en ce qui me concerne, j'ai donc déplacé le panneau. Il apaise aussi très bien les douleurs musculaires. Par contre, ne conviendra pas à quelqu'un de très grand à moins de trouver un siège plus bas qu'un tabouret par exemple. Prévoir un drap de bain à mettre sous votre humble postérieur pour ne pas inonder le fond du sauna et ne pas glisser en sortant. Le cordon d'alimentation est un peu court. Prévoir une rallonge ou placer votre sauna pas loin de la prise. En résumé, je suis ravie de mon achat et le vendeur est très agréable et réactif à la moindre question. Renseignement important donné par ce dernier : La télécommande n'affichant pas les températures mais des niveaux, le premier est de 40 ° C et chaque niveau supplémentaire est augmenté de 5 ° C A voir sur la durée.",4
130751,"Un peu déçue de la qualité car le téléphone ne tient pas en mode paysage, la housse a tendance à se plier. Mais dans l’en Ça reste un bon produit, surtout pour le prix.",4
142057,Bonne bouteille qui évite d'utiliser les bouteilles plastiques. La version 1l est suffisante est bien. Seul reproche le prix que je trouve excessif,4
138980,"J'ai été surprise par la grosseur de la brosse. Heureusement, le fait qu'elle soit ovale la rend facile à manipuler. Je l'utilise en finition sur cheveux séchés pour mettre en forme la coiffure et cela donne de bons résultats. Attention, elle est adaptée aux cheveux mi longs et longs. Elle a un bon rapport qualité prix. Le point négatif est qu'elle est très bruyante.",4
146677,Nul pas de mode solo,4
145504,"Très pratique, dommage qu'on sente autant la protubérance en tenant le téléphone a une main, mais contrairement a la version usbC ça reste acceptable",4
129533,bon maintien du poignet pendant mes séances de sport même si ce n'est pas excellent mais vu le prix faut pas trop en demander. Suffit pour ce que je m'en sert (tous les jours),4
129023,"Prix très convenable par rapport à ce que l'on peut trouver. Pas encore utilisé, mais taille idéal pour clôturer pour des chevaux !",4
151818,"J’avais regarder la série puis maintenant je lis le livre. Très bien quand je lis je revois les images que j’avais vu dans la série. Bien mis à part la page de couverture qui est très rayé, ce n’est pas grave pour moi mais je préfère le préciser.",4
159370,pas beaucoup utilisé mais très silencieux,4
146566,"Le produit est entièrement satisfaisant et exactement comme sur la photo et comme décrit. Les flacons ne fuient pas et la vaporisation est bonne. Par contre, il ne faut pas être pressé, la livraison est extrêmement lente - 5 à 6 semaines.",4
154080,"Produit qui n'a pas encore été testé, car acheté pour faire le chemin de St Jacques de Compostelle. Semble actuellement convenir à son usage.",4
143793,Son de qualité. Facile d'utilisation. Léger.,4
140624,Je ne peux pas marquer un commentaire étant donné que je n'ai jamais reçu le produit . Par contre je vous remercie pour le suivi et l efficacité à répondre aux emails,4
128075,"Super, nous en avons acheté deux pour la déco de la chambre de bébé et les deux fonctionnent avec la même télécommande. Le petit adore le rendu sur le mur.",4
151270,"un tres beau livre, de qualité et très complet dans ses explications , chaque lame est décortiquée et les méthodes sont interessantes!",4
120651,Correspond a la description semble fragile.jeux de lumières fidèles à la description.bon achat pour le prix.produit recommandable pour qualité moyenne,4
126520,"Reçue avec les attaches plastiques cassées, mais cela ne m'a pas dérangé car j'attache les élastiques à mes jantes alu. Convient parfaitement à une twingo 3.",4
145788,Reçu rapidement produit conforme pas encore utilisé mais parfait à première vu,4
124751,"Ce livre permet de se recentrer sur l'essentiel nécessaire au passage du code théorique. Le livret annexe permet de s'entrainer sur quelques tests 'type'. Le point positif de ce livre étant qu'il est synthétique, c'est également son point négatif avec un manque de détails sur certains sujets",4
147843,"Bonjour, cette lampe suspendue est très jolie et de bonne qualité. L'éclairage est faible mais très décoratif dans mon saule pleureur.",4
125135,"Marre d'avoir mon reflex en bandoulière ou baladant à la sangle, j'ai opté pour ce bidule très pratique. On ne sent presque plus l'appareil. Attention toute fois à la plaque en métal qui viendra entre la partie supérieure et inférieure du bandeau de sac à dos, qui pourra potentiellement être gênant selon les morphologies de chacun avec des vêtements légers. La platine est à serrer avec un outil de préfère afin d'avoir un serrage optimal. La ""languette"" est difficilement vissable à la main. Sinon rien à redire, on a un sentiment de robustesse et de qualité de construction, mais portant pas loin de 1000€ à l'épaule, je garde tout de même la sangle autour du cou par précaution.",4
154216,Coupe bien mais s'use vite. Normal vu l'épaisseur. Ça reste un disque de coupe donc rien à redire pour le prix,4
123212,"Si ces produits sont toujours un peu chers. La qualité est au rendez-vous et mes enfants en sont très contents. En tant qu'adulte, je confirme que la finition est bonne et que les produits durent dans le temps.",4
134679,Super contente! Chaises très belles!! Ça été vite livrée. Faciles à monter mais il manquait la pièce pour viser correctement,4
129021,Tres bon spa pour le prix,4
120532,petits caractères mais bien,4
123183,produit conforme à la commande,4
120664,Pratique de bonne longueur,4
126205,"Tondeuse puissante, peu bruyante, bien finie et agréable. Je recommande pour des petits jardins. Produit assez cher mais comparable aux prix de la concurrence. L'achat d'un lame de remplacement est peu excessive.",4
130219,"Article conforme à la description. Bien transparent, malgré certains avis qui disent le contraire. Peut-être avaient-ils reçu un modèle différent ? Peut-être un peu lourd niveau poids.",4
128477,C’est ce que j’attendais,4
156083,Pratique en dernière minute! Simple à utiliser,4
132869,"J'ai acheté cette lampe, suite aux commentaires, pour nos ballades nocturnes en hiver dans un quartier où l'éclairage public fait défaut. Nous ne sommes pas déçus, elle éclaire vraiment très loin, est pratique, s'accroche correctement sur le guidon d'un vélo. Petit bémol, elle tient à peine une heure... il faut donc la recharger souvent. C'est pour cette raison que je mets 4 étoiles.",4
151791,Ce produit correspond totalement à ce que j'attendais. Très pratique en ce qui concerne la rotation.,4
102951,Très bon service après vente,3
84606,Toutes les couleurs ne sont pas jolies.,3
97283,À voir à long terme. Mes chiens perdent toujours autant de poils après quelques semaines d utilisation. Livraison rapide .,3
103912,Avec un tel prix je savais que la qualité serait moyenne mais produits conforme à ce que je voulais et m'attendais. Seul point noir certains verres sont flous donc difficile de les faire porter longtemps à des enfants,3
86874,"Un roman « mignon » à lire mais avec trop de cliché. Un héros beau, jeune, riche et une héroïne naïve et qui ne s affirme pas au début. Enfin bref aussitôt lu aussitôt oublié !!!",3
92209,"C’est cool, mais maintenant tous les portes feuilles bloquent les ondes radio. Y compris celui ci qui oblige à extirper sa carte de transport navigo de son emplacement pour pouvoir valider son trajet.",3
109411,"Qualité ordinaire, mais ça passe !",3
104359,Je n'apprécie pas le manque de rigidité du fil métallique de la brossette manque de tenu,3
118793,L'étui est conforme. Il s'emboîte bien et protège correctement la tablette. Après l'usure de la toile et du dessin disparaît rapidement. Dommage car l'argument ici est justement le dessin.,3
82357,"Pour le prix, elle est sympa. Effectivement les mousses qui servent pour l’effet 3D ne sont pas bien centrées sur les chiffres mais avec un peu de patience on s’en sort largement. Les aiguilles sont fragiles (comme une horloge!). Pour moi, le seul inconvénient c’est de devoir décrocher le moteur pour pouvoir la mettre à l’heure ( du coup, plus de repères ) C’est pas du Suisse Mais ça fonctionne très bien et c’est pas chère!!!",3
85212,"Mitigé. La qualité est là, les ventouses tiennent bien. Cependant a l’usage je les trouve finalement trop petites, bebe est par moment trop au soleil. Pour info, j’ai une berline compacte donc pas énorme carreaux",3
82218,La machine à slime fonctionne bien mais le contenu varie suivant les paquets. Je l'ai offert à mon neveu qui a eu la mauvaise surprise de ne pas trouver un des éléments qu'il souhaitait absolument : un petit cerveau. A la place il a trouvé une oreille... C'est inscrit sur la boîte mais pas dans la description d'amazon. Sinon la fabrication de slime est facile et le résultat dégoûtant... Parfait pour un enfant de 6ans,3
81532,pas mal pour le prix mais le pied est un peut petit attention quand on monte dessu il bascule facilement un peut dommage,3
111314,"Les plus: léger, facile à utiliser, accessoires. Le moins: vis pas solides. Une vis cassée au mauvais endroit et l'organiseur de clés n'est plus utilisable. Dommage.",3
104487,"Un peu déçue quand même... D'habitude, je garde mesure sur les commentaires, mais là, j'aurais dû en tenir compte. Dans une petite pièce, le moteur chauffe la pièce, et avec l'eau augmente l'humidité de façon importante. Dans une grande pièce, bah.... c'est une grande pièce...donc, il ne baisse pas la température. EN revanche, c'est un excellent ventilateur si on le dirige sur nous. Je ne conseille pas.",3
102619,Déjà cassé ... retour à l’envoyeur !!,3
82648,"Cette robe est assez grande mais elle est magnifique. Le prix est dérisoire par rapport au bonheur qu'elle apporte aux petites filles. En revanche,je me suis rapidement débarrassé des épingles à nourrisse qui tiennent les papillons c'est beaucoup trop dangereux. Faire un petit point de couture à la place..",3
114594,"Le contenant DVD est correct, par contre le film en lui-même déçoit. Autant j avais apprécié le premier film, autant celui-ci m'a décu. Des fois, un concept original n'a pas besoin de suite. La note imdb est de 5.6 donc effectivement bien moyen.",3
105534,"Je suis un peu déçue car il ne s'adapte pas tout à fait à mon toilette. Cependant mon fils est bien quand il est dessus, ça ne le gène pas.",3
86323,Ce n'est pas mon besoin. Cela ne semble pas valoir la peine de l'argent que j'ai dépensé pour cela. Pas une bonne expérience.,3
80731,Je suis déçu par la qualité du tissu que je trouve trop fin.,3
81954,"Je pense à rectifier mon commentaire après plusieurs utilisation mon critérium de 0,3 son ressort c’est cassée je suis déçu mais bon,",3
91025,Cette pompe est très utile mais il ne faut pas avoir 15 vélos à gonfler. Le tuyau est petit et pas facile à manipuler.,3
107481,"Pour un lit d'appoint, c'est bien, qui justifie le prix.",3
83499,Taille très petit pour les femmes fortes ne vous aventurez pas,3
118965,bon produit problème il me serre a rien je les garder on ne c'est jamais,3
107767,Tres bien mais trop bruyant. Le son est vraiment tres fort.,3
114035,"Il est OK mais pas la même couleur sable que le 19cm que je ne trouve plus, il est plus gris c'est dommage",3
113245,Sympa et facile à mettre mais pas super solide. Des impacts ou des fissures se forment au moindre petit choc et il est très difficile de retirer la coque une fois cassée. Un peu déçu,3
118957,Pratique mais inconfortable en main. Pour ma part son utilisation reste exceptionnelle suite à l'inconfort ressenti. On verra sur le long terme.,3
91300,"la prise fonctionne parfaitement en revanche la portée n'est pas excellente probleme également dans le timer, on programme une heure de déclenchement et ça ne fonctionne pas à tout les coup il existe des modèles plus efficaces",3
90413,"Il est très bien pratique, mais le bol est déja fendu sans être tombé par terre, le plastique est très fragile",3
83090,"Je l'utilise pour piéger les moustiques,il est trop lumineux pour le laisser dans la chambre, il faut le mettre dans une autre pièce.",3
92674,"Bon produit pour le prix. Le wifi n est pas spécialement performant, ne le capte pas très bien. Visibilité dans le noir nul. Pour surveiller mon chien la journée C est top mais sans plus.",3
104113,Pourquoi le support de plafond n'intègre-t-il pas le fil d'alimentation électrique. Que font les ingénieurs qui travaillent sur ces produits ? Ont-ils un jour testé le produit ? On dira qu'ils vivent au temps de la bougie !!!,3
90435,Pour faire une serre je pensais qu elle serai plus solide mais je suis déçu.,3
104203,À l'ouverture une rose noire celle du milieu est décollée... Sinon assez grand pour adulte... Et la dentelle jolie...,3
113646,bon article pourquoi faire des commentaires aussi long ses chiant a force faire au plus court serait mieux ok ses bon,3
80956,Sans plus la qualité n'est pas top mais ça fait l'affaire. Par contre très légère et de corpulence mince donc pas très pratique pour certaines tailles de vêtements.,3
113199,Article conforme à la photo. Néanmoins ne ramasse pas si bien les miettes. Un peu déçu de cet article qui est d'une tres bonne utilité!,3
115411,"Après un essai sur 24h, sur les 3 voltmètres achetés, 1 est totalement HS. Plus d'affichage. Mais dans les 2 autres restent OK.",3
101755,Commande réceptionné avec des rayures à l'arrière de la coque et deux impacts sur la tranche du téléphone. Mais sinon se téléphone est génial,3
82029,Fonctions bien avec les oiseaux,3
112607,La corde fléchi beaucoup sous la charge .,3
104692,Ce kit permet de faire des pompons assez facilement. Au bout de plusieurs utilisations: je contacte que l appareil se démonte! Je le recommande a moitie,3
115828,Cette tondeuse roule très mal dans l'herbe car il y a une pièce(de couleur rouge) qui est trop basse.,3
106526,"Bien que j'ai 'ai payé pour un produit non utilisé, j'ai reçu un produit qui venait certainement d'un retour et avec des rayures sur la peinture. Le pire, c’est que sans doute la raison du retour était que le verrou s’était bloqué parce que la goupille du cadenas s’était frottée contre l’anneau (bague) de la base. J'ai réussi à l'ouvrir (pas facile) et j'ai dû fraiser moi-même la bague de la base. D'autre part, bien que l'ensemble soit apparemment très solide, le système de fermeture du cadenas n'est pas aussi solide (je ne dirai pas ici quel est le point faible du système de fermeture). Bref: pas trés content.",3
94206,"Télécommande défectueuse donc remboursement du vendeur sinon le projecteur en lui même est bien, le réglage de l’image est à modifier à chaque fois j’ai l’impression mais en quelques secondes c’est réglé, ne fait pas trop de bruit et ne prend pas trop de place.",3
85341,"Je suis très contente de ce produit, il correspond tout à fait à ce que je m'attendais. Juste dommage qu'il soit déjà abîmé en arrivant... petite éraflure au niveau du nez...",3
94333,"Bon allume feu, mais sert plus de gadget qu'autre chose. Bon à savoir : le produit est livré vide de gaz (normal pour des raisons de sécurité), donc prévoir de quoi le remplir. Mériterait une jauge pour vérifier ce qu'il reste comme gaz à l'intérieur.",3
92637,Très content de l'achat grande capacité sortie audio avec un haut parleur intégré et une bonne autonomie Le hic après un peu moins de 12 mois d'utilisation le MP3 bug et ne s'allume quasiment plus...la fiabilité n'est donc pas au rdv d'où les 3*,3
103250,"Au niveau de l'histoire il n'y a pas à dire c'est un très bon Marvel. Coté support, le Bluray 4K n'est pas extraordinaire. Au niveau de l'image on fait beaucoup mieux (déçu pour pour du 4K). Pendant une cinquantaine de seconde, dans le film, j'ai même le droit à des gros carrés et une image déformée. A l'inverse le son est correct.",3
116490,Conforme à la commande très solide . Dommage que la taille soit si petite il faudrait peut être les faire un peu plus grande .,3
106537,"Ayant reçu la licence par mail, je ne l'ai installée que 4 jours après. Est-ce cela qui a perturbé son installation? Le fait est que l'activation en WEB n'a pas fonctionné et il m'a fallu réaliser l'activation par téléphone. Il s'agissait de mon dernier recours car la Sté n'a jamais répondu à mes messages.",3
110203,"Trois étoiles pour ce jeu, bcp de petits jeux me prend bcp de surprises! Mais pour le tambour, je ne peux pas le donne même une étoile pour le mauvais sensibilité!!!!! Le qualité de le tambour n’a pas de valeur de environ 70€. Moi je pour ça c’est très très découragé.",3
82538,J'utilise ce produit pour épiler mes sourcils. Le produit est passable. Je pensais qu'il était plus précis et qu'il prenait bien le poil.,3
119097,"Bof, mon chat n’a pas aimé, ils eu du mal à rentrer, le trou n’est pas assez large et le bac un peu trop profond, dommage.",3
113782,"La photo du produit commandé ne correspondant pas au produit reçu et la commande étant un cadeau d'anniversaire pour mon petit-fils, je n'ai pas pu vérifier si le contenu de la boite était conforme à la commande. je pense qu'à l'avenir j'éviterai ce sous-traitant d'Amazon.",3
87193,"je suis moyennement contente, pour le prix je ne m'attendais pas à quelque chose d'extraordinaire, mais il s'avère que retirer la couleur sur la plume pose un réel soucis... dommage...",3
91332,Produits reçu rapidement conforme très agréable la couleur et un plus clair que sur les photos,3
103697,"Pages un peu fines, il manque un peu de rigidité à l'ensemble, mais à part ça, fait très bien l'affaire.",3
80804,conforme à la photo. pas une super bonne qualité mais pour le prix ça passe. dommage que l'intérieur soit blanc ça se voit si on fait pas attention de bien les mettre.,3
86739,"deux jours après avoir reçu les agendas, le code est bloqué. Nous ne pouvons plus ouvrir les agendas.",3
110726,Très pratique mais livraison interminable... Notre chat aime bien. Je ne sais pas si ce sera très solide mais je garderai le patron !,3
