119737,attention je pensais que c'était de vrais sequins. ce n'est pas le cas mais les enfants seront ravies tout de même car bien brillant.,3
84660,Un pied cassé au bout de quelques semaines et des touches qui sautent. Rétro-éclairage super. Le câble recouvert est pratique.,3
117167,Ou puis je trouvai ma facture svp ?,3
110852,Le piston ne fonctionne déjà plus des la première utilisation....déçue....,3
105000,Reçu dans les temps indiqués mais je ne sais pas les ouvrir si quelqu'un peut m'aider svp Merci d avance,3
113503,Déçu du prix qui finalement est plus attractif dans la grande distribution,3
90858,Fonctionne parfaitement mais n'est pas adapté aux personnes de petite taille: sa hauteur empêche de s'assoir convenablement ou alors il faut couper les pieds de la chaise/ du fauteuil sur lequel on le met,3
112316,Très beau en photos mais en vrai pas super qualité acheté pour mettre sur une Honda à voir dans le temps mais pas sur que je recommande à nouveau,3
89986,"Reçu un jour en avance par rapport à ce qui était annoncé mais caisse d'emballage déchirée sur le dessous, bien caché par le livreur qui avait déposé le colis au sol avant que j'ouvre la porte et qui est reparti bien vite avant que je poigne dedans. Pas encore montée, donc j'espère qu'il ne manque rien. Merci DPD",3
101072,"attention l arriere se decolore a l usure il n est pas teinté dans la masse , la masse est blanche .... ce n est pas beau",3
106473,"Dommage, la couverture n'est pas très épaisse et donc assez fragile. Début de bouloches après 1 mois d'utilisation. La couleur grise est très belle.",3
112234,"Commandé il y as plus d'un mois, toujours rien reçu.",3
98625,"Bon j'avoue avoir été un eu déçu par ce produit prometteur dans la présentation. Je m'attendais à une matière uniforme (voir monobloc) alors qu'en fait on a l'impression de petits copeaux qui peuvent se déplacer dans l'oreiller. Pour ce qui est de la mémoire de forme, je reste dubitatif.. il n'y a pas de réel retour en place et en forme après utilisation. à voir à l'usage mais je ne suis pas convaincu de la durabilité du produit. Après les finitions sont bien et le prix correct, à voir.",3
112812,Le produit est ok et affiche effectivement le voltage de la batterie. Mais cette prise usb n'est pas très puissante pour charger un smartphone avec le gps activé.,3
92596,"Bonne qualité, mais attention de par sa conception ne correspondait pas à notre besoin, changé au bout de 6 mois par un Grohe",3
100163,Se pose bien mais ne colle pas correctement car de la poussière passe entre les deux verres,3
112903,"Je n'aime pas, mais le choix pour ce modèle de téléphone est très réduit. La deuxième fenêtre est inutile et il faut déplacer toutes les applications pour ne pas les ouvrir sans le faire exprès. Sinon le vendeurs est très bien",3
88986,"Bonjour, Un mode d'emploi en Français s'il vous plait , il y a l'allemand et l'anglais, je ne suis pas bilingue !!",3
96761,Dommage que la notice soit en anglais.,3
80569,En façade murale. Ça fait chic mai une peu plastique,3
107074,les fermoir fonction trés mal. je sait pas ou demander pour qu il m en renvoi d'autre car très facile a remplacer et je souhaite pas retourner tout le produit car le reste est bon,3
85450,Montage compliqué. Mon mari l'a monté mais manifestement un branchement était mal réalisé car le robot ne faisait pas le mouvement vertical donc mon mari l'a démonté et remonte et la c'est un des bras qui ne fonctionne pas. Sinon les enfants aiment vraiment bien. Dommage aussi qu'on ne puisse le recharger car il est gourmand en piles.,3
107681,J'ai commandé ce produit pour une piscine hors sol,3
113760,"J'ai acheté ce produit. Il ne fonctionnait pas. Je l'ai retourné. On me dit que j'ai été remboursé.J'ai beau consulter mes comptes, je n'ai pas de remboursement. Arnaque!!",3
100677,"je n'ai pas encore lu le roman, mais celui-ci devait être en très bon état, plusieurs pages sont cornées, et le haut du livre gondolé (sûrement à cause d'eau ou d'humidité) :/",3
107244,bonjour j'ai commandé un paillasson et on m'a livré 2 paillasson le 17 avril j'ai retourné un tapis par retour la poste quand est ce que je suis remboursé? merci,3
115626,"mais a mon avis ne tiendrons pas dans le temps, l'elasticité au niveau des cuisses ne tiens pas la journée. mais bon pour le prix ca depanne bien",3
113697,je ne voyais pas son utilisation comme cela - un peu déçu - il faut qu'il reste branché sur le secteur pour changé je pensais qu'il était comme les batteries rechargeable..,3
101935,La valise nest pas solide. En 3 semaines elle était déjà à casser de tous les côtés,3
101238,Très beau meuble mais assez petit. Quelques petits doutes sur la solidité à voir dans la durée.,3
117568,Pique un peu trop pour l animal mais retire très bien les poils.,3
108864,A ma 3ème commande j'ai enfin reçu le produit qui n'était pas compatible avec mon téléphone j'ai donc retourné le produit et ne suis toujours pas remboursée. Cordialement.,3
103758,Lunettes sympas et parfaite pour jouer. bonne protection et bonne tenue pour un enfant. look sportif je recommande pour un enfant,3
93810,"C'est mon 2eme Defroisseur mais pas sur le même marchand celui ci a un défaut. De l'eau coule et est projetée sur les vêtements. Donc renvoyé et je reviens, a mon cadrim",3
84370,"Bon rapport qualité prix. Assez costaud. Livraison bien , avion arrivé en entier. Hélice de rechange éventuellement à prévoir car très fragile. Ne pas piloter lors du vent même faible !!!! Car avion plane une fois monté assez haut dans les airs et peut atterrir assez brusquement si il y a du vent ... Mon conseil : ne plus accélérer une fois que vous voyez que l'avion plane.",3
97861,La lunette est un peu petite donc ne va pas au bout des toilettes et ma fille est encore trop petite et tombe dans le trou (mais dans quelques mois j’espère qu'il sera à la bonne taille). Sinon correcte.,3
93378,"Bien que livrés dans un emballage de regroupement, on a l'impression que ce sont 2 éléments séparés avec une qualité bien différente entre les 2. Le phare avant parait robuste, l'éclairage est puissant. Il se clipse et se déclipse facilement de son support (qui reste solidaire du guidon) pour faciliter sa recharge par le câble USB fourni. L'éclairage arrière est également très puissant avec 3 modes d’éclairage. Mais la qualité ne rassure pas quant à sa durée de vie. L'interrupteur est vraiment ""léger"". Les petites pattes d'accrochage ont l'air bien fragiles. Plus embêtant, la prise USB est au dos du feu. Comme il n'y a pas de support restant sur le cadre, il faut retirer l'élastique à chaque charge. Pourquoi ne pas avoir repris l'idée de la fixation du feu avant ? Donc mon avis est mitigé mais à ce prix, l'ensemble reste correcte. A voir dans le temps",3
99577,La boîte est très jolie seulement je suis une femme et la boîte est très masculine ! J’aurais aimais avoir plus de choix mais vraiment rapport qualité prix c’est le top.,3
104044,L appareil pour soulever est fragile c’est cassé des le début,3
108228,Facile a installer.. Par contre laisse vite des traces de doigts et y'a un reflet permanent qui est un peu désagréable,3
87441,"Ce ne sont pas vraiment des chaussettes mais des bas mousse, alors ils tiennent bien mais il ne faut pas du tout de graisse sinon ça fait un bourrelet immonde sur la cuisse. Je n'ai pas encore réussi à les mettre. Visuellement ça ressemble quand même à la photo",3
118764,Texture trop liquide et cheveux trop secs après rinçage.,3
93429,"ancien commentaire : ""je les ai depuis mi avril on est au mois d'aout et la protection sur les verres s'en va !"" après avoir contacté le sav ils m'ont échangé les lunettes, assez rapidement. elles ont l'air de meilleur qualité je suis donc dans l'ensemble satisfait. EDIT le 03/07 monture qui se fend , le verre est donc parti impossible de recoller, des lunettes donc jetables !!",3
96288,En dépannage uniquement,3
107695,"Produit parfait pour faire mon arbre à vœux pour mon mariage . Mais pas beaucoup de grand et moyen coeur...ils sont tous utiliser sur le tableau ... beaucoup de petit et tout petit , un peu dommage pour un pack de 300 pièces .",3
83227,"Obligation d'utiliser un smartphone ou tablette pour diffuser le texte après avoir installé l'application. Pour moi ce n'était pas clair. Le prompteur va trop vite comme indiqué sur des avis de l'application. Pas d'éditeur de texte performant sur l'appli. le clavier de ma tablette samsung n'apparait plus lorsque je veux modifier le texte. Il apparait uniquement lors de la création du texte. Sinon, obligé de retoucher le fichier txt (pas de lecture d'un Word) sur mon pc puis de le remettre sur ma tablette. Les accents, guillemet... et autre caractères ne sont pas reconnus dans l'application. il faut rester très basique sur les textes. Aucune aide en français.",3
96796,Les boxers sont arrivés à la date prévue. Ils sont superbes. Par contre retrouver le colis sur le capot de sa voiture car il a été balancé par le livreur car la boite aux lettres était pleine.... Ce n'est pas la 1ére que nous avons des soucis de livraison mais Amazon (à chaque souci ce sont des colis Amazon prime...) ne semble pas s'interesser au probléme...,3
96423,"Le principe est bien mais les pressions ne tiennent pas , je suis obligé de le tenir fermé c'est moins pratique du coup",3
109057,"Etant possesseur d'enceintes logitech z5500 et mon nouveau PC ne disposant pas nativement d'une sortie 6 canaux j'ai fait l’acquisition de cette carte son externe. Elle fait convenablement son travail à une subtilité prés et qui sera bonne à savoir pour tout futur possesseur, les inscriptions de sorties audio mini jack présentent sur le boitier sont erronées. En configuration 5.1 mes enceintes surround (arrières gauche et droite) ne fonctionnaient pas au test. La raison de cette ""panne"" tenait en fait à un branchement incorrect, la sortie des enceintes arrière étant balisé comme celles des enceintes de coté (quand on est en en 7.1) et inversement. >Cette subtilité m'à permis de bouffer une soirée à chercher dans les reglages de windows avant d'avoir l'illumination.",3
106638,"le filet fait bien 1m85, mais les manchons à insérer dans les tubes + mousse pvc font 1m65 ; la mousse dépasse donc de 20 cm et n'est pas protégée vers le bas",3
106524,"pour la puissance de la sonnerie,il sonne très fort au départ(environ 10 secondes) mais ensuite pour entendre il faut se trouver dans la même pièce . Heure de l'alarme difficile à régler avec précision car aiguille trop courte. François.",3
104094,Un peu deçu dans le coffret il y a un dvd on peut pas changer la langue il y a pas en français,3
101160,Bof ! Très moche ! Plastique bas de gamme ... je recommande pas !,3
115988,Un peu gros mais conforme à la photo,3
90906,Le produit est SE pose bien mais le tactile en est moins sensible se qui est agaçant lorsqu'on écris un message. De plus avec la coque et l'écran incurvé des samsung le vitre ne touche plus le téléphone. Donc entre coque et verre il faut choisir ....,3
88858,"j'ai acheté cette console il y a deux ans .Au niveau du jeu c'est dommage qu'en jouant à deux avec mario kart huit l'écran soit partagé en deux. De plus au bout de deux ans, je suis obligé de jouer très proche de la console avec la gamepad (à environ 50 cm ) pour que cela capte sinon le jeu décroche et me dit qu'il n'y a pas de signal.",3
81918,"Coque assez jolie mais quelques défaut... + Belle étui à clapet + les différentes cartes, permis de conduire inclus, rentre dans l'emplacement prévu à cet effet + Solide pour le coté protection + Le téléphone rentre parfaitement dedans - La dragonne à cédé au bout de même pas 1 mois - nombreuse tache à l’intérieur (même de l'eau laisse une trace) Bref je recommande mais attention à la dragonne et aux taches : /",3
104231,"Problème de tendinite, bien dans l'ensemble, le seul problème pour ma part la ceinture est trop courte.",3
96369,Ne coût pas une vraie toupie b blade cependant mon fils en est très content. Un peu difficile à monter mais tourne très bien,3
95720,Fonctionne parfaitement mais le prix pour 4 morceaux de plastique est honteux.,3
99804,qualité des matériaux un peu juste mais satisfait!,3
103686,Joli niche mais assez légère...bien pour l intérieur ou l exterieur sous abris....,3
89107,Très bien. Emballage un peu abîmé. Extrêmement long pour arrivé. Dur d attendre pour dévorer ces livres ; ) .,3
82308,Pointure un peu grande pour un 35,3
72272,"Le filament n'arrête pas de s'emmêler, obligé de dérouler à la main pour ne pas rater les impressions. Jamais eu ce problème avec d'autres marques.",2
65426,Les Housses n épouse pas parfaitement les sièges des tabourets...,2
74456,"Déçu par ce produit. Après utilisation de ces pastilles ma bouteille a gardé une petite odeur de vieux. Du coup, j’ai du acheter une brosse à bouteille qui a fait un bien meilleur travail.",2
48710,Il n'y avait que 2 crochets dans le colis au lieu de 4 crochets. La boîte qui contenait ces 2 crochets n aurait même pas pu en contenir 4 tellement elle est petite...C'est pour cette raison que je vous renvoie ce colis dans son emballage d'origine et que j en demande le remboursement. C'est dommage car ce produit me plaisait.,2
60151,je l ai installé sur ma terrasse . il manquait les caoutchouc du verre de la table basse . qualité moyenne,2
64047,"Je ne pensais pas qu'après les micro machines, ont avait aussi des micro couteaux. Je met 2 étoiles, parce que conforme à la description 6,5cm de manche, et je met pas plus parceque je vais aller pleurer de rage.",2
54783,Le câble marche pour afficher un appareille photo directement sur la télé... ! mai sen aucun cas avec des tablette ou smartphone !!,2
77726,"Assez déçue, ne fonctionne pas bien du coup mes enfants ne joue quasiment pas avec",2
66400,"Joly forme et couleur, mais finitions mal faites et matériaux utilisés très chip.",2
65429,Facile à nettoyer esthétiquement jolie par contre utilisation et café moyen,2
68411,Je suis convaincue que l'avenir des coton tige plastique touche à sa faim tout comme les sacs plastique ou les pailles... Seulement ces cotons tige bois qui doivent être une alternative sont de mauvaise qualité... Le coton reste dans les oreilles. Je déconseille fortement ceux la que je trouve dangereux mais l'idée est la,2
72464,Après réception du colis je suis très dessus car tous les ballons bicolores sont plus noir sur fond blanc que blanc sur fond noir de plus il en manquait un.,2
66176,"J'ai acheté ce kit pensent qu'il était complet mais pas du tout il manque le liquide pour la résine qui est elle même en très petite quantité le reste des objets y sont, mais je ne recommande pas ce kit",2
54402,Produit chinois donc cher pour ce qu'il est ! J'ai voulu le renvoyer mais il faut avancer le port !,2
41259,"Produit jamais reçu !! Merci à ce site formidable qui se nomme Amazon et qui fait le nécessaire pour que ses clients soit toujours heureux de commandez chez eux, pour ma part je n'ai jamais reçu le colis mais le service client à procéder au remboursement.",2
78446,le système de ventouse n'est pas au point. Le siège ne tiens pas au fond du spa,2
69028,boite cassé dans le transport,2
70579,"On m’a conseillé cette tétine pour mon bébé prématuré... si la tétine en elle même est parfaite, le gros cercle tout autour et le poids sont complètement disproportionnés par rapport à la petite taille et la force d’un prema. C’est dommage car mon bébé a mis plusieurs semaines a pouvoir réellement l’utiliser mais une fois que ça a été possible, il en était fou !",2
52780,Depuis que j ai change la cartouche jaune et rose mon imprimante Canon n imprime plus correctement. La couleur rose ne fonctionne pas. Dommage,2
43736,"le ressort dans l'anneau a laché au bout d'un mois, du coup l'anneau pend quand je manipule mon telephone, ca fait du bruit, ca me gene, je l'ai jeté.",2
56899,l'éclairage est fort jaune ce qui diminue les lux.,2
44127,"Acheté il y a 2 mois, un des deux écouteurs est déjà défectueux....",2
62579,"Bonjour je l'ai installé sur mon Xperia xz2 compact. Il n'as pas duré longtemps, fragile je trouve.",2
67774,Efficacité réduite pour une mise en œuvre compliquée. Production de froid minime. Gadget,2
70504,"Produit qui ne fait pas vraiment ses preuves. Pas d effets notables, un petit tôt peut être. Je reviendrai plus tard pour compléter ce témoignage.",2
78057,Jamais reçu l'article que attendais mais pas vue le produits je vous conseiller de compenser.. toujours pas reçu j'espère que je sera rembourser..,2
41268,Ne couvre pas correctement les côtés de l'écran. Je suis un peu déçu du produit,2
51623,"Le produit est de très bonne qualité mais j’ai voulu brancher mon ordinateur portable de la même marque le produit (Lenovo) sur le port USB C vers un câble VGA pour projeter mon écran sur un vidéo projecteur, mais cela ne fonctionne pas. L’ordinateur dis qu’il ne prend pas en charge l’adaptateur alors que mon PC est récent, sous Windows 10 et les drivers sont à jour.",2
46601,Ne pas prendre pour un Samsung note 9 les dimensions en hauteur et largeur sont trop petites.,2
69085,MAL Expliqué sur le site et le produit n'est pas adapté à ce que je recherchais. Je le laisse dans un placard car je n'ai pas envie d'avoir des frais de retour,2
56610,"Confortable pour les enfants, mais trop lourde et pas facile à plier",2
79093,"Transfert rapide , mais la clé est très chaude en même pas 10 secondes.",2
45723,"Draps trop fins, qualité du coton moyenne, on voit au travers.... Je ne recommande pas",2
42854,Acheté pour mes enfants de 9 ans et 7 ans Contenance faite pour un petit goûter ! 🙄,2
49011,"Assez déçue par la qualité d'image. Je ne conseille pas cet achat, qui ne vaut pas le prix payé.",2
75583,Produits fragiles les paillettes s'enlève facilement,2
73843,"Ce sapin prend du temps pour être monté. Il ne ressemble pas vraiment à la photo, qui évidemment, met le produit en valeur et paraît impeccable. En réalité, c'est tout autre chose... dommage il n'est pas réaliste du tout. Un sapin Nordmann est bien différent de cela.",2
47926,trop dur trop lourd difficile a placer trop complexe trop peux sensible,2
51451,"Je suis plutôt déçu par cette ampoule car elle est indétectable par mon réseau z-waves en mode inclusion. De ce fait, c’est un peu chère pour une simple ampoule",2
53620,"La livraison est rapide, mais il est livré à 5 villa Camus, une rue parallèle de la mienne, demi KM plus loin. Heureusement, le voisin lointain me l'a donné. J’espère que la prochaine livraison soit dans ma boite aux lettres.",2
67901,"Je suis un peu déçu de ses écouteurs, j'ai déjà une paire du même style mais d'une autre marque et je voulais donc avoir une paire de rechange. Mais celle ci n'est pas comparable à mon ancienne paire ! le son est bon mais la batterie ne tiens pas du tout longtemps, je dirais même pas 2heures, alors qu'avec mon ancienne paire elle tenait largement plus !",2
59477,"La qualité de fabrication est très moyenne, l'affûtage n'est pas suffisant pour avoir un fraisage bien net. Le revêtement jaune s'en va rapidement. Si vous souhaitez faire du bon boulot, et longtemps passez votre chemin.",2
43806,Utilise avec un iPhone 8 Pas pratique du tout,2
78425,le produit est bien et pour le moment marche comme prévu cependant le prix vis à vis de la concurrence qui est nombreuse est beaucoup trop cher,2
71363,"Pour un caméscope qui doit filmer en Full HD, très très déçue de la qualité... J'ai eu l'impression de retrouver la qualité vidéo des téléphones à touches... Dans des conditions optimales (en extérieur, avec du soleil, et sans zoom !) on peut dire que ça va. Mais en intérieur, avec de la lumière et un peu de zoom, ce n'est pas envisageable... Ou alors il ne faut pas avoir d’exigence qualité ! Le zoom x16 : le caméscope filmant en grand angle, quand vous zoomez au max. vous avez le même rendu qu'à l'oeil nu (soit comme un 55 mm), je ne peut donc pas venter ses capacités... Le matériel est en plastique et ne m'a pas l'air des plus solides... Et pour couronner le tout, la télécommande ne fonctionne pas ! En plus il y a une ouverture au niveau de la batterie, qui peut prendre la poussière et/ou l'humidité... Je l'ai commandé pour filmer mon voyage en Australie, après quelques minutes d'enregistrement et la vue du résultat sur mon ordinateur, j'ai immédiatement demandé le renvoi et remboursement.",2
69038,Intéressant mais pas indispensable Peut être fait trop pour les initiées //,2
65507,"L'appareil est vraiment petit. Soit, ça peut être intéressant si on n'a pas beaucoup de place. Par contre les filtres sont hors standards et très durs à trouver pour un prix normal. On perd donc l’intérêt d’économiser sur le prix du modèle. Je le regrette. Par contre il fonctionne correctement tous les jours depuis 6 mois.",2
49851,Les bouchons d'oreilles en mousse sont bien plus efficaces,2
46884,"genouillères trop serrées pour mon fils de 4ans !! c'est fort dommage, il aurait fallut que le scratch soit plus long.",2
60000,a éviter je m'attendais franchement à autre chose dans le genre Lune de Fiel -que je conseille vivement l'écriture est percutante mais trop vu,2
67589,Portefeuille d'assez bonne qualité sauf la fermeture éclair qui se bloc à chaque fermeture. Très embêtant car assez galère pour fermé. Je pense se quel va pas durer très longtemps,2
60685,Fragile pour des enfants,2
55960,"Montre trop épaisse pour une femme ,la photo représentant la montre ne permet pas d'estimer l'épaisseur de celle-ci, les chiffres du calendrier sont vraiment tres petit.",2
78307,Rendu lamentable ne tient pas au mur j'ai tt retiré ça faisait limite minable,2
62418,Difficile à supporter à cause de la buée.,2
78562,Pour l'écoute de music sur ma tablette et mon portable.le problème est que les écouteurs ne tiennent pas dans l'oreille,2
40551,Excellente petite radio internet mais vendue sans mode d'emploi en français ce qui est illégale. La Dgccrf devrait agir pour obliger Amazon et ce fournisseur à fournir un mode d'emploi dans notre langue.,2
76091,Délai de livraison Premium non respecté,2
62761,"Même en respectant toutes les étapes, en prenant le temps de faire les choses bien. Un bidon entier pour une capote de Mini (3 couches) Malgré cela, l'eau ne perle pas. Extrêmement déçu. Vu le temps passé et le prix de ce produit. Pour moi, à éviter.",2
43208,"Les boucles d'oreilles sont très belles (plaisent beaucoup à ma copine). Cependant, il manque un fermoir et celui fourni n'est pas adapté..",2
68458,Le plastique qui cercle l'aimant était cassé à l'arrivée. Matériaux en carton.,2
53689,Produit reconditionné. Au niveau de l’un des pieds du portemanteau l’ecrou de vissage était défectueux et nécessité de racheter un réparateur de bois et des écrous. Deuxième achat de produit reconditionné et deuxième déception. Je ne renouvèlerai plus.,2
78665,Produit conforme a la photo sauf que elles ne tiennent pas du tout bien les cheveux et ca tire beaucoup,2
51821,Produit qui pourrait être parfait si les zip étaient en bon état de solidité car la languette pour ouvrir et fermer s en va et évidement impossible à remettre sinon. Le plastique est epais et protégé bien,2
158154,"Après avoir pas mal hésité pour l'achat suite aux commentaires mitigés, je me suis laissé tenté du fait du faible prix. Et j'ai très très bien fait car ce mini studio est très bien. L'éclairage LED est bien plus puissant que je ne l'aurais imaginé, pour un très bon résultat photo. Le système de fixation par bouton pression permet de rendre le mini studio parfaitement stable. Le produit pourrait être amélioré : - si on avait 2 barrettes de lumières, une fixe comme actuellement et une amovible, notamment pour des photos de figurines qui peuvent avoir de l'ombre sur le visage pour peut qu'elle porte un chapeau etc. - si on avait un font gris dans le lot (à la place du rouge par exemple dont je ne vois pas l'utilité) et éventuellement un font bleu clair",4
134858,Produit acheter pour une Fiat Idea 95 CV livraison rapide bon fonctionnement,4
132467,"J'ai pu fixer des tableaux et cadres sans problème, par contre n'hésitez pas à mettre une bande compléte et non pas des morceaux. Sinon pas de traces au mur. Très bon produit. Protégez le restant de rouleau dans l'emballage.",4
142133,"Qualité HD 1080p produisant une image exceptionnelle. Luminosité parfaite, en plein jour l'image est visible. La fonction 3D, avec lunette active DLP, donne un très bon rendu La ventilation est audible mais pas gênante. système aptoide est moyen et c'est dommage (une étoile en moins) période de test en cours... Amazon : livraison rapide en 1 j merci",4
156518,Très bel objet et qui va ravir ma petite fille. Saint Nicolas va lui apporter sous peu. Livraison rapide et sans problèmes.,4
130690,Fidèle à la description,4
132176,"Je suis vraiment satisfaite, très bonne tenue dans le slip,agréable à porter quand à la qualité SUPER TOP merci bye",4
129625,Il faut acheter en plus les dalles pour stabiliser le parasol et éviter qu'il ne s'envole.,4
129464,"Suffisamment éclairante en plan rapproché, aspect très jolie, très légère, rapport qualité prix parfait. montage facile.Je ne regrette pas mon achat",4
142387,Je m’en suis servi finalement tout au long de mon voyage afin d’avoir sur moi tous mes papiers,4
142234,"Dilatateur efficace qui apporte un confort respiratoire immédiat. Adopter des le 1er essai , tout a fait toléré, ne gene pas car matière souple qu'on finit par oublier que nous le portons. Attention taille S convient pour tous les nez sauf les tres larges et grand, inutile de prendre du médium cela serait trop grand, la matière est très souple et s'adapte à tous les nez !!! Un bémol pas bien génant mais bon.... la notice est en allemand anglais russe mais zéro Français !!!!!! AH OUI CHER AMAZON JE VOUS INFORME QUE MON COLIS EST ARRIVE DECHIRE ET PERCE DANS SON MILIEU DONC IL A ETE FORCE CAR LA BOITE AUSSI ETAIT OUVERTE !!! CELA N'EST PAS ACCEPTABLE !!",4
139136,J'ai utilisé un petit retroviseur,4
150191,"Bon produit, conforme à la decription",4
128744,"Très efficaces, ils isolent bien des fréquences les plus dangereuses mais permettent d'entendre les gens parler en fonction de l'adaptateur sélectionné. Petit bémol, le fil qui permet de tenir les bouchons autour du cou n'est pas très fiable.",4
129878,produit mis plusieurs fois . effet garantie. taille correcte . pas de surprise négative sur le produit . tissus léger,4
145012,Je l'ai bien apprécié par ce temps de canicule,4
134552,Il est très bien. Reste juste à voir la résistance avec le temps.,4
146321,Article conforme o descriptif parfaiT je le conseil. Le son est corect bien pour des soiree ou autres pratique pour la transporter.,4
137859,je l'est achetez suite au jeux is it love j'ai adoré bien sur je trouve juste qu'il y a trop de changement par rapport au jeux ce qui fais finalement une histoire a part entière,4
143390,le film est assez fin. assez solide mais dès qu'il ya une petite déchirure attention! enfin ça reste pour un usage ponctuel donc ça va. tiens très peu de place pliée.,4
145114,"La qualité du son m’a surprise! Voire le pris, pas mal du tout! Par contre, pas la peine d’essayer de le connecter à un Mac. En tous cas, sur l’iPhone ça marche bien.",4
153367,"Je suis très satisfaite de mon achat. Très esthétique, elle est également très pratique, le son est bon. A recommander.",4
146279,Bien utiles pour avoir toujours sous la main des sodas maison Saveurs identiques aux originaux et on peut gérer la quantité de sirops donc de sucre dans les sodas,4
138794,Colis reçu en 2 jours. Plus qu'a tester les semelles,4
123495,"Actuellement, aucune source primaire d'énergie renouvelable ne peut remplacer le nucléaire en quantité. Toute production d'énergie engendre obligatoirement des déchets. Il faut choisir ceux qui sont les moins nocifs pour la planète et que l'Homme maîtrise le mieux.",4
126838,"Le kit est bien conforme : lampe, chargeur, pile 18650 et kit vélo. A savoir s'il est bien a 2000 lumens je ne sais pas mais en tout cas il éclaire bien. Le défaut du kit est la pile qui est seulement a 2200mah et que le chargeur est uniquement a brancher a un adaptateur USB et qu'il n'y a pas de voyant du niveau de la charge. Mais bon vue le prix du Kit, je pense que c'est une bonne affaire.",4
121244,Bon produit qui toutefois taille un peu trop grand. Dommage,4
141312,"Il remplit bien sa fonction, est de bonne dimension mais la couleur tend plus sur le verre vase que sur le"" vieillis"" de la photo",4
122529,Le contre-pied des histoires habituelles de couples blancs ayant un enfant noir,4
147696,Tres sympa la petite a adore mais je trouve la couleur un peu trop criarde en comparaison a la photo,4
129028,"Coque et verre trempé dans un même produit très pratique Utilisé depuis quelques mois très bien bonne tenue sensibilité correcte à l exception des côtés Protection solide et assez jolie, ne dénature pas trop le s9 Je recommande",4
159377,Bon produit dans l’ensemble.,4
142051,"Un produit simple et pratique pour brancher plusieurs appareils en meme temps en voiture. Livré rapidement, bien emballé. Recommande sans hésiter.",4
152038,J’ ai bien aimé ce livre. Agréable à lire.,4
120595,Les cartes sont très petites ( la taille de jeux de carte classique). Pas mal des idées intéressantes.,4
141969,Pragmatisme dans la gestion quotidienne. Slalom dans les difficultés pour garder la bonne ligne,4
155349,"Parfait, bonne qualité",4
140993,"Mon mari venant de subir une opération, nous avons installé ces rehausseur pour le lit. Installation facile, très solide , ne glisse pas. Parfait",4
140570,Très bien tous les sens y sont un peu coûteux quand même mais tout y est,4
121773,C'est leger et pratique. Du chinois mais ca fait ce qu'on lui demande. Pas cher en plus. Satisfait sans regrets,4
152848,"Aucun problème avec le vendeur, colis arrivé dans un état impeccable! c'est avec le livreur que j'ai eu des soucis... les contacter une vraie galère ça m'a coûté 4€ de plus pour essayer de les avoir par téléphone...",4
134683,"Bien pratique pour nettoyer l'aéro, ensemble correct, je recommande",4
149023,Pour photos association,4
141647,"Jolie coque mais ne couvre pas énormément, a l'air solide, a voir sur le long terme.",4
126670,Batterie conforme à la description. Dimensions ok. Cependant outils plastique trop fragile. Il c'est cassée au premier coup de levier... Démontage/remontage assez fastidieu il faut être très méticuleux et avoir des petites mains. Heureusement les tutos vidéos m'ont permis d'être plus tranquille sur la marche à suivre,4
147138,Que dire de plus que street Fighter! Perso je trouve ça dommage les combats d'ou le 4/5,4
138412,J'ai vraiment aimé ce livre. Il est prenant. Bonne lecture,4
129241,"je n'ai pas mis 5 étoiles car je viens juste de le recevoir, pour l'instant il correspond tout à fait à mon attente.",4
155995,"Le rapport qualité prix est bon. Ni haut de gamme ni bas de gamme, le produit est fonctionnel et pratique et suffit à une utilisation amateur.",4
146735,"Jolies étiquettes, tout à fait conformes. Je suis satisfaite de mon achat",4
155058,"Correspond à mes attentes, couleur fun, inscription en français. J'en ai pris 4 pour faire le mois. Je conseille ce produit.",4
155395,Très contente de mon achat,4
149807,Parfait seulement l'un des DVD ne marche pas.... bien dommage une saison non complete se qui gâche un peu le coffret,4
157289,"Sac acheté en cadeau de naissance. 5 mois après il n'a pas bougé, les coutures et fermetures sont comme neuves. Le sac dispose de nombreux rangements, un produit très pratique pour une maman. Je recommande.",4
128657,on verra dans le temps pour l’instant je regrettes pas mon achat livrée très vite dans un très bon emballage,4
134853,Ce que nous voulions. Rien a redire. Très Efficace.,4
142262,"Sapin facile à monter, léger et très pratique !",4
130936,"Très contente du tapis , spacieux, épais comme il faut, 2 faces ; 1 lisse et 1 rugueuse ( on utilise celle ci elle accroche mieux pour bb de 7 mois en apprentissage de déplacement ! ), coloré. On peut mélanger les dalles et écrire le prénom de ses enfants pour s amuser à condition d avoir qu 1 lettre de chaque ! Ce qui amuse bien les grands frères ! qui m ont aider à l installer. Seul petit inconvénient , il y a une odeur de plastique mais en aérant 2 fois la chambre par jour , cela s 'atténue rapidement. Livré rapidement, les dalles a même le carton sans de suremballage ( un déballage rapide ) dans l ordre de l alphabet et des chiffres, super pour un montage super rapide.Le carton dans un autre carton amazon bien calé et en parfait état.",4
140064,L'extension permet de réaliser un circuit plus agréable à jouer pour les enfants mais ceci manque de tournant j'ai du racheter un circuit pour le rendre encore plus technique,4
157959,le bouton on /off est mal placé difficile de le trouver le matin le prix est fort par rapport à l'appareil.,4
141982,Je l'ai utilisé dans mon 4×4 transformé en petit mobile home comme range tout fixé au plafond,4
137110,"Le produit est en bon état comme indiqué dans le description et le prix est raisonnable, je suis tout à fait satisfait.",4
143244,"je suis kiné, bon outil didactique pour les patientes. Seul soucis, il n'y a pas de socle",4
142791,"Table à repasser de bonne qualité. La 1ère que j'ai commandé était très bancale, j'ai fait une demande de retour, le transporteur Fedex est venu la rechercher et j'ai recommandé la même qui est parfaitement stable. Comme quoi il faut bien vérifier.",4
30074,Odeur nauséabonde même après lavage. Et ces chaussettes serrent trop a la cheville. Je ne conseille pas du tout ces chaussettes.,1
23677,Très déçue par ce produit la 1e année super et cette année en plus avec la canicule piscine percée trop fragile bon pour un an uniquement après poubelle,1
4082,"Colis non reçu bien qu'indiqué ""déposé dans la boîte aux lettres""",1
9447,Le plastique de cette protection est souple mais ne vaut pas un caoutchouc souple. De plus la protection située au niveau du bouton on/off de la montre exerce une pression permanente ce qui rend impossible l’utilisation de mon Apple Watch 4.,1
30068,Coque de très mauvaise qualité vraiment très déçue. Quelques heures d’utilisation et les yeux du chat se décollent et en quelques jours (3 précisément) le chat se décolle et se fend. Coque à la poubelle après 9 jours d’utilisation et de tentative de recollage. Je vous conseille de ne pas l’acheter.,1
28455,Jamais reçu c est des voleur,1
7816,"Soit je suis nulle soit je n ai rien compris!!! Mon livre a 2 fois les mêmes pages ""décodeur"" et "" révélations"". Je suis bloquée dès le 1er code car je ne trouve pas le code correspondant à ""EXAMINER LA BIBLIOTHEQUE"".....",1
5254,Produit arriver en retard emballage endommagé et même pas la moitié du produit casi vide à l'intérieur du flacon. Déçu,1
9848,"Très déçu, j’ai reçu cette produit et il était défectueux. Maintenant je dois le renvoyer pour recevoir un remboursement, ce qui est assez gênant. Je ne recommanderais pas ce produit.",1
6603,"Se connecte, mais pas vraiment de driver ou de soft pour régler cette clef. Débit médiocre même à courte distance. Pas un débit digne d'un WiFi ac.",1
22725,Produit reçu en très mauvaise état Inutilisable !!!,1
809,"La description initiale du produit ne correspond en rien à la réalité. Le vendeur indique une coque en cuir et on reçoit une imitation cuir bas de gamme. Je ne recommande pas ce site, c'est une supercherie!!",1
37747,Quand je branche une ampoule le fusible grille qualité médiocre,1
19644,Dimensions plus petites que nos fenêtres françaises standards. Mesurez-les bien avant de passer commande. Attention !!! Le vendeur ne répond pas quand on lui réclame le remboursement !!!,1
9197,"Bien arrivé il est joli, mais manque 2 picot a l'arrière ! Je le garde et vais le bricolé par ce que c'est pour offrir et c'est déjà le deuxième que je commande le premier étant arrivé avec la vitre cassé !!!mais je suis très déçu ! Surtout vue le prix !!!",1
21614,Trouée au bout de 2 semaine.,1
10075,Reçu sans les serrages et accessoires mentionnés dans la description.,1
2815,Une honte sérieux je suis énervé comme j’ai rarement été. Première le carton un scotch bizarre qui fait penser que le colis a été ouvert puis une machine avec des bouts de farine collés qui témoignent d’une utilisation donc le produit n’est pas neuf. Sur l’une des vis de la face avant on constate un bout de Téflon et en effet même avec celui ci l’une des deux vis ne permet pas de fermer correctement la face avant. Un véritable scandal fuyez ce produit sur Amazon,1
28290,Pas terible.fragile et les souris passe et repasse sent ce faire prendre!! Ça fini par marcher mais je suis dessus,1
31929,La lampe est arrivée en mille morceaux!!!! Je suis terriblement déçue .Je souhaite en avoir une nouvelle « emballée correctement » ou le remboursement.Merci,1
6682,"Je fais un 36/37 avec un pied très fin et ces chaussettes sont trop petites. Les blanches, noires et grises finissent par glisser et ne tiennent pas :( Il n'y a que les beiges qui restent en place un peu plus longtemps. Dommage j'avais choisis ce modèle pour justement le côté quasi invisible + silicone ! Très déçu car en ayant un petit pied et en lisant les commentaires je pensais que cela m'irait bien. Alors attention uniquement pour les très petit petit pied !",1
9570,"Protection inutilisable, des bulles partout sur l écran malgré une notice simple. Diminution nette du tactile. Arrêtez de mettre un packaging qui coûte plus cher que le produit lui même !",1
33644,"Bonjour, Gros problème sur la plaque dès 1ère utilisation.La plaque est devenue marron au niveau des 3 feus avant cuisson des aliments. Gros travail de nettoyage après fin de cuisson. j'ai pourtant respecter les consignes de jeter de l'eau froide sur la plaque encore chaude pour éliminer les restes d'aliment. il reste encore des traces sur la plaque après une heure de travail.Pour l'instant très déçu du produit. A vous lire.Sincères salutations.",1
2675,"Article de très mauvaise facture : De la colle sur la protection en verre : conséquence : en frottant pour l'enlever, la vitre en verre s'est brisée avant même d'être posée ! Remboursement demandé où envoi de dédommagement !",1
3745,"dommage je me suis aperçu trop tard que ce cadenas pour moto n'était pas Homologué SRA , ceci est demandé par les assurances . J'ai voulu le retourner mais le tarif de retour est de 20€ à ma charge . Par conséquent , autant le garder mais je suis déçu par la politique de retour",1
33838,"cadeau pour mon petit fils à Noël donc pas encore déballé. Par contre très déçue du prix. Jouet 9 euros de moins chez Cdiscount. Je n'ai pas pu annuler la commande car elle était en transit. Et grosse déception à la livraison au relais, le colis n'y était pas, il avait était livré dans un autre relais. Beaucoup de temps perdu.",1
24356,Ce verre trempé ne colle pas sur les cotés de mon téléphone !! Une arnaque !! A éviter absolument !,1
11673,j'ai bien reçu ma commande mai deux morceau de cuir était inutilisable car collé entre eux très déçu de cette achat cest inacceptable,1
14542,"Pas en verre, ne colle que sur les bords du téléphone.... Repousser par la coque, ce décolle, et il faut appuyer très fort sur l'écran sinon rien ne ce passe, on sent l'air entre la protection écran et le téléphone qui fait même du bruit !! Arnaque a éviter, autant payer le double du prix pour avoir une bonne protection ...",1
33362,Collée au gel c’est une arnaque qui m’a couté 34€ pas garantie si ça résiste 2 semaine ça sera pas mal Je suis déçu,1
12408,"Je vient d'aller chercher mon colis qui était dans ma boite au lettre, dans l'état comme sur les photos , j'étais chez moi, c vraiment désagréable.",1
2002,Je voudrais annuler cette commande Kindle. Aidez moi SVP.,1
39479,Très déçu trop compliqué pour avoir le site de téléchargement,1
37469,"Qualité limite. Défaut de montage avec lampe livrée dévissée. Pas de joints toriques, donc pas étanche. Luminosité très inférieure a ce qui était attendu. Pour la pratique du vtt xc de nuit c'est inutilisable car ça n'éclaire pas assez. Par contre pour rouler sur route je pense que c'est suffisant. Autonomie insuffisante car la batterie est clairement sous dimensionnée...",1
31069,Pour ma part le chapeau n'a pas le même rendu que sur la photo. Taille petit contrairement à ce que j'ai pu lire dans les autres commentaires,1
1853,Très mécontente. Apparement le produit a était ouvert et une étiquette est collée dessus avec d’autres ingrédient,1
33042,Bonjour je vous envoie cette email car j 'ai acheté une manette D-Pad Pokemon pour Nintendo Switch elle fonctionne pas alors je voudrai voir avec vous comment pourrai je faire . En attente de votre reponse CORDIALEMENT,1
24499,"Produit abîmé à la réception, je n'ai donc pas pu l'offrir ; une accroche a endommagé la couverture du livre, et il y a des traces importantes en bas de la couverture, ce qui est très moyen je trouve lorsque l'on fait un achat, et encore plus pour offrir ...",1
37183,L'etat dans lequel il se trouve apres avoir leve une serie 3 d'a peine 5cm se passe de commentaires. A fuire.,1
6029,"je mets tres rarement d'avis aussi negatifs mais la c'est vraiment un produit a fuir !! Le S8 est connu pour ses bords incurves. Ce que j'ai decouvert est qu'une partie du clavier deborde un peu vers ces jolies courbes. Cette protection d'ecran se pose en effet sans probleme. Premier constat, on perd en qualite d'affichage car il est un peu opaque. Passons ... ce qui est inadmissible est que la ""colle"" n'agit que sur la partie plane de l'ecran, les bords incurves etant proteges mais pas en contact. Donc pour lettres du clavier aux extremites on doit appuyer avec insistance pour que cela agisse. Bref, je l'ai installe, laisse 24h et mis a la poubelle. j'ai perdu 10 euros",1
26146,Je n ai pas recu que une seule boite...meme si j ai paye 2. La comande etait pour 2 boite et j ai recu une seule,1
28418,"D’abord c’est un côté qui ne fonctionnait plus, puis les deux. Le chauffe lit est hs au bout d’un an ! C’est pas sérieux...",1
10859,Le rendu final n'est pas conforme à la photo présentée. On distingue très mal le château. Je suis très déçu.,1
29244,Très déçu. J'ai reçu la pince dans sa boîte avec un trou ! La pince était déjà cassé comme on peut le voir sur les photos ! Inutilisable.,1
17310,"Tampon plus grand et plus gros pour l'œil gauche que pour l'œil droit ! arnaque total, encre de très mauvaise qualité. C'est honteux de vendre des produits comme ça !!!",1
25353,Style simple pas de finition htc et le pire c'est que l'appareil photo est médiocre quand je prends une photo il me met traitement en cour idem pour les selfies il les arrangés et ne pas et il les sauvegardes pas vraiment déçu de se HTC .,1
38952,Sur 3 il y’en a 2 qui fonctionne après 1h30 d’utilisation le seul qui fonctionnait ne va plus ! Payer presque 20€ au total pour des chargeurs qui ne fonctionne pas 👎🏻👎🏻👎🏻,1
38171,"Acheter il y a deux mois. Et le câble a déjà un souci majeur. En fonction de comment je tourne ce câble, j'entends le son a droite ou à gauche ou les deux. Très déçu du produit.",1
19100,Je demande un remboursement du chargeur iPhone Vue qu'il ya soucis de commande,1
4189,"Mon colis a été livré plus vite que prévu mais dommage que La planche qui se fixe sur le dessus, il manque les trous pr fixer les charnières et qu elle soit trop courte par rapport aux dimensions du meuble. Donc je ne peux rien faire en l état a part essayer de rafistoler par moi même pr en faire quelquechose d utilisable !!!!et impossible de t'envoyer l article après l avoir monté a une étape près de la fin!!!donc déçue...",1
13066,"Rien à dire sur le produit, mais impossible d'obtenir une facture...",1
20468,"Déçu, ce brecelet fait très pacotille, il était plus beau en photo, j'aimerais être remboursée",1
39436,"Impossible à utiliser, les 2 ampoules ne s'allument pas. J'ai essayé dans toutes les pièces, plusieurs fois, de plusieurs manières. Et donc impossible de passer à l'étape de synchronisation ! (Et je suis très calé sur les objets connectés, je pensais que ce serait un jeu d'enfant) Je retourne !",1
29849,pas top ces chaussettes laisse les pieds tout noirs par rapport a mon ancien achat je ne recommanderais pas cet article,1
26481,"Le livre contient des pages de copies d'écran avec une ligne d'explication, il n'apporte pas l'information attendue.",1
31555,"Le wistiki a fonctionné une journée... Depuis le service après vente m'envoie toujours le même process pour le relancer, sans succès. Ce n'est pas un objet adapté aux animaux de compagnie. Je ne le recommande pas du tout. Très déçue... PS : j'ai offert un autre wistiki à une amie qui a les mêmes problèmes...",1
11250,"Pas d'horloge, pas de fonction réveil-matin",1
6540,"N'est pas étanche, et ne maintien pas les boissons chaudes. Les finitions sont médiocres. Ce n'est pas digne d'un goodie HP",1
27355,Je pensais pas que c'était aussi petit déçue pour la 1ere fois je me demande même si on peut sortir le bonhomme,1
26645,"Contrairement à ce qui est annoncé sur le site amazon (et qui est une obligation en France) il n'y a pas de kit main libre dans la boîte.Vendeur A Mountain .Pour le reste,c'est excellent!",1
14973,"C'est bien de garder le suspense mais là ça demande trop de concentration pour garder le fil de l'histoire. Entre le grand nombre de personnages, les références à l'Égypte présentes et passées qui ne parleront qu'à ceux qui en ont un peu de connaissances, les retours en arrière... j'ai fini par lâcher. Je ne suis plus parvenue à me projeter dans l'histoire même en insistant jusqu'à la moitié du livre.... Je laisse aux amateurs et aux connaisseurs.",1
1457,je trouve que vu la qualité du tissus .. manque de maintien.. j aurais du prendre du S .mais pas du M. importable .!,1
19487,trop petit !!et très mal ajusté. Autant aller en magasin en acheter,1
29454,"Descriptif vendu avec 1 pile lithium alors que c'est 2 batteries nicd à l'interieur,ça crépite pendant le chargement.Pas de voyant vert pour fin de charge,de plus attention aux yeux, lumière led blanche bleuté,vu le prix ça m'étonne pas.Je le retourne même pas,et je ne recommande pas.",1
176418,Idéal pour enfant de 10 ans qui apprend des coiffures et s entraîne.,5
186433,"Produit conforme à la description, reçu rapidement et protégé. La connectique est de bonne facture et semble de bonne qualité à l'usage...",5
181463,Très bon produit je recommande pour bébé jusqu’a Se qu’il puisse se tenir assis,5
178531,"J'ai fait le pari d'acheter en ligne, j'ai suivi les instructions, je trouve que ca correspond bien à ma couleur de peau et pas de boutons derrière",5
168258,"pas de nœud, très facile a imprimer",5
191766,"Bonjour , ayant déjà deux SUUNTO très différentes pour des usages particuliers . Je viens d'acquérir une SUUNTO Traverse pour un usage baroudeur , moi qui marche en montagne . Cette montre est très jolie et attire de suite le regard . Comme à son habitude cette marque est très structurée . Très simple d' utilisation , mais surtout efficace , que d' évolution depuis ma X6 . Pour SUUNTO n' est rien vraiment trop beau ..... Cette dernière acquisition et vraiment ce que j' attendais .......",5
160888,très pratique et bien isotherme,5
198810,Je viens seulement de l'essayer depuis quelques semaines et pour le moment je suis très satisfaite. Le produit est simple d’utilisation et efficace.,5
166158,Je suis revenue au naturel mais durant l hiver il est bon de se protéger les cheveux. Cette perruque est très belle douce et le rendu est naturel. De plus elle est arrivée dans un emballage soigné avec en cadeau un bonnet pour la porter. Je suis très satisfaite je recommande ce vendeur,5
188687,Génial pour ne plus jongler avec les câbles micro usb fournis en standard sur bcp d’accessoires et les connecteurs Apple. Pour le prix. Un incontournable,5
163809,"Bon produit, bonne protection",5
181498,"...la solidité au fil des usages et des lavages. Je ne peux me prononcer pour le moment. Je commence à peine à porter la 1ère paire : chaude, douce. Très jolis motifs colorés. Reçues rapidement et conditionnées dans un sachet plastique solide à fermeture éclair, très pratique pour les emporter en voyage. Effectivement, pas d'écrit en français ou anglais pour vérifier la composition de la matière...je sais pas lire le chinois.",5
160067,Parfait pour mon Pen F,5
189057,"Manette superbe avec variation de lumières (un petit bouton sous la manette pour regler). Je voulais deux manettes de plus pour mes invités, j'ai choisi des filaires pour pas m'embêter à les charger et surtout parce que j'ai plus confiance aux manettes non-officielles qui marchent plus 1 mois plus tard. Ben chapeau, je l'aime tellement que je joue moi même avec celle la maintenant !! Elle est carrément mieux que l'officielle et à moitié prix !!!",5
188901,"très bonne qualité, très solide on hésite pas a s'asseoir dedans en tant qu'adulte matériaux de qualité, très sécurisant ravie de mon achat pour l'anniversaire de mes neveux qui auparavant en avait détruit 2 de mauvaises qualité",5
167029,"Protection de bonne qualité, assez épaisse, bonne protection des boutons latéraux .",5
178489,"Cela faisait un petit moment que j'hésitais à acheter des lunettes de ce type. Connaissant la marque KLIM, je n'ai pas hésité et n'ai pas été déçu : le packaging était top, tout ce qu'il faut pour ranger et entretenir. Le prix est bien en-dessous de celui du marché, la marque promettant de bloquer plus de 80% des rayons et le look de ces lunettes étant relativement classique, c'est chouette :)",5
190726,Pour suspendre une tele dans une chambre. J'ai apprécié la simplicité d'installation et la qualité du support,5
180472,Très bon produit bon rapport qualité/prix. Pour compléter la grande l’école moderne,5
170636,"Verre trempé bas prix et utile, en plus pour le prix très bien mis en boîte par 2 vitres avec tout le nécessaire pour nettoyer,dépoussiérer et poser d’une seule fois votre glace.",5
171678,"Nous nous servons de ce vaporisateur pour y mettre de l'huile pour graisser les bacs à pâtes, et pour y mettre des œufs liquides pour dorer la viennoiserie. Nous avons essayé plein de vaporisateur avant de trouver celui ci et il est excellent. La dorure avait tendance à sécher à l'intérieur et donc faire barrage à l'entrée du tuyau et avec celui ci pas du tout, il a bon jet avec un bon diamètre. Quand à l'huile c'est extra, l'huile a du mal à être vaporiser avec les vapo classiques comme c'est très gras. Et avec celui ci c'est très bien. Alors je sais que notre usage n'est probablement pas le votre, mais si il est extra avec de l'huile ou de l'œuf, il est évident qu'avec de l'eau ça passera crème. Allez y les yeux fermés. J'espère que cet avis vous aidera.",5
164774,Très bon rapport qualité/prix. Livraison très rapide.,5
171402,je l'utilise pour ma fenix 5 : parfait,5
182091,SUUUUper ! Mes filles ont adoré la trousse avec tous les ustensiles. Merci à toutes les équipes. Livraison au top,5
174672,"Bien reçu, en parfait état.",5
179455,Plus épaisse et plus grande que prévue mais vraiment bien.,5
185301,Merci de proposer cet article de qualité ! J'ai casser mon câble d'origine et vu que le baladeur a un câble propriétaire c'est assez ennuyant de devoir en trouver un de qualité . Il me dure plus de temps que le câble officiel !!,5
161293,"Le produit est conforme à l'annonce. La gourde est de très bonne qualité. Je cherchais une gourde en métal de petite taille, pour ne plus utiliser de gourde ou bouteille plastique et je ne suis pas déçue du produit. Le joint est de bonne qualité, ce qui est important pour moi, parce que je transporte ma gourde dans mon sac. Délai de livraison indiqué et respecté.",5
172702,Très pratique avec son système serrage universel. Ce porte bidon se fixe aisément quelque soit la grosseur du tube et cela sans outil. Installation simple et rapide.,5
182953,Produit conforme a ma demande,5
192055,"Ils sont exactement comme décrit, , la taille est parfaite (L) fourrés jusqu'aux orteils et une semelle parfaite moi qui est beaucoup de carrelage dans la maison! Je recommande fortement ce produit",5
169961,"Très bon projecteur, très bien.",5
173667,"Écouteurs de très bonne qualité, le son est très clair ! Très confortable à l oreille et très bonne tenue surtout pendant les séances de sport grâce a son tour d'oreille. Le boîtier est super pratique , fourni avec deux jeux de bouchons très ergonomiques et en supplément un tour d'oreille jaune fluo très fun ! je recommande ce produit! De plus la livraison est très rapide",5
178620,"Très bien, reçu rapidement. Produit conforme.",5
181148,"Satisfaite du produit, simple a utiliser et a transporter, bon rapport qualité/prix, livraison très rapide et bien emballé. Je recommande",5
183787,"Très satisfaite. Produit conforme, esthétique, chic, semble solide ,excellente protection pour le téléphone. Délai d'expédition très rapide !!! Top.",5
193733,Excellent rapport qualité/prix,5
165499,La commandes est conforme à mes attentes et a ravie la personne à laquelle elle était destinée. Très satisfaite de mon achat et des délais de livraison,5
168489,"Trop bien, je conseille. Je suis ravi de mon achat",5
169150,"Bonjour, j'ai acheté cette brosse pour mon mari et moi-même, pour éviter les poils incarnés et surtout pour le côté exfoliant pour moi. J'ai été agréablement surprise de son efficacité ! Mes jambes sont beaucoup plus douces, mon mari, depuis son utilisation n'a plus de poils incarnés et sa peau est plus agréable au touché. La brosse est de très bonne qualité, très agréable à prendre en main grâce à sa poignée, esthétique et de très bonne facture ! Je recommande sans hésiter ce produit !",5
167514,Qualité du câble impeccable ! Charge et transfert de données rapides il en est de même pour le stockage de masse ! Absolument satisfait ! :),5
188875,"De petite taille, elle tient parfaitement au livre ou magazine et n’est pas trop volumineuse pour tourner les pages ! J’en avais une autre que j’ai perdue mais je ne regrette pas le changement ! A voir si le système à piles ne consomme pas trop...",5
162815,Produit conforme à la description. Très bon produit pour déboucher les canalisations d'évacuation sanitaire. Très grande longueur de câble. Livraison rapide.,5
194820,Très simple à installer et à nettoyer.,5
184499,L'entreprise a fait du bon travail car le protège écran recouvre parfaitement l'écran. Vitre qui s'installe facilement sans faire aucune bulle. Facile a installer avec le kit Bonne qualité. Je recommande.,5
161759,"Tournevis idéal et facile d utilisation par sa forme en T afin de démonter ma cafetière Nespresso krups, qui grâce à lui a été réparé !",5
181857,"Je l’ai acheté en version vinyle. Dedans, il a aussi le CD franchement c’est bien pensé. Perso, j’adore cet album! SAN +++ Doit y en avoir une que j’accroche pas trop mais sincèrement c’est une pépite ! Bravo.",5
181490,"Je conseille cet auteur à tous les lecteurs - quelque soit votre niveau. Livre poétique, sincère - admirable!! Quel dommage que cet auteur n'ait écrit que 3 livres!",5
181884,Ce produit est très facile à déplacer grâce à son poids plume. Idéal pour bloquer le passage de votre chien.,5
162385,Je suis très satisfait livraison rapide,5
189987,J'adore cet série alors je voulais l'avoir en dvd c super car maintenant je l'ais enfin et pas cher en plus je suis trop contente,5
189051,"Reçu le colis le lendemain, discret et d'un bel effet. De l'extérieur on dirait que le téléviseur est éclairé. Merci",5
174160,"Súper produit, de la qualité. Seul bémol... un peu bruyant !",5
199797,"Tout à fait ce dont j'avais besoin. Elles rentrent parfaitement dans mes moules à muffin. Ces caissettes ne sont ni trop souples, ni trop rigides et tiennent très bien la cuisson. Pour la quantité et le prix, la qualité est parfaite. Je recommande à 100%.",5
177338,"flacon en verre, bouchon vissé en plastique, habillage métal brossé mat, dimension: diamètre 5 cm, hauteur 8 cm, dosage variable par capuchon tournant, bonne capacité et très bel effet, parfait sur une étagère.",5
198520,Article conforme et sympa pour un ado.,5
161638,"Produit correspondant parfaitement à la description, reçu rapidement pour un prix très correct.",5
188208,"Très bon produit avec un excellent rapport qualité prix. J'ai divisé par 2 voir 3 mon volume d'écoute. Le réducteur de bruit est vraiment efficace, que ça soit dans le RER ou bien dans le métro. Ils tiennent très bien au oreilles. Colis reçu en un jour et en très bon état. Bref je recommande vivement ce produit si vous cherchez des écouteurs à réduction de bruit de bonne qualité à prix moyen.",5
192728,grâce à cette pièce mon halogène est réparé et je peux mettre des ampoules encore plus puissantes. j'ai économisé l'achat d'un halogène car sans cette pièce j'aurai dû en changer!,5
170547,"Rien à ajouter, tout était parfait. Produit, emballage. Vraiment.",5
194207,Bien reçus mon article que j ai commandé mais celui c est le meilleur maquillage que j ai commandé il fait vraiment comme sur la photo je devrai plus commandé du kylie c est très bien .,5
185556,"A plu à mon fils. Petit format, pratique à glisser dans le cartable pour les heures de permanence",5
192575,"Coque de très bonne qualité, au design élégant ! Rien à redire !",5
175412,Impecable cadeau pour ma nièce,5
