85784,"Bonjour je possède une BMW 325 d de 2008 donc une E90 et cette coque ne va pas du tout , je déconseille cet achat pour les personnes qui on une E90 .",3
98749,"Un très chouette thriller avec une belle intrigue, toutefois, un peu déçue de la fin que j'ai trouvée fort ""brouillon"" et qui gâche un peu le plaisir. Sinon, une histoire très bien construite avec beaucoup de rebondissements.",3
87578,"Je ne peux rien dire sur le produit commencé le 29 juillet,non encore reçu à ce jour. On devait m'appeler mardi soir,rien jusqu'à maintenant. Je suis très déçu de cette transaction.",3
112066,"Commande bien reçu. le socle en métal est solide, mais fait très gadget, la boussole a l'air correct, mais j'ai un petit doute, sur le long terme, car n'est pas très très précise. Elle parait professionnel comme ça du au design, mais elle fait un certain poids je ne le conseillerais pas en survie, ni en randonner ! (Ou vraiment pour dépanner.) Trop encombrant, Je vous conseille plutôt d'acheter une boussole plaquette ! Celle là est mieux pour un enfants.",3
96394,Ne coiffe pas super bien,3
93624,Se décolle très vite,3
106525,Pour le prix c’est très bien. Fermeture peut-être un peu fragile.,3
108218,"Coque conforme à la photo, malheureusement elle ne protège pas très bien. Elle reste très belle, les motifs ne partent pas et elle est solide, je recommande quand même!",3
104626,"Sans plus , matifie légèrement",3
102434,Le bloc de chargeur universel ne fonctionne pas !,3
92390,"Très surprise de la taille de la boîte, toute petite ! Commandé à la demande d'une fille de 8 ans qui semblait satisfaite. On peut faire de belles constructions avec ces pièces. Un peu cher du coup pour le peu de pièces.",3
100737,"Steelbook en relief très beau mais le plateau de jeu, les pions et les dés sont en papier ! Ils sont pliés à l'intérieur du boîtier. C'est dommage ! Bon le prix est très abordable mais j'aurais préféré payer un peu plus cher et avoir un vrai jeu de qualité...",3
103352,"Le produit est beau et de bonne qualité. Je me suis juste fait avoir par la taille, je l'imaginais plus grand et j'en suis déçue mais rien à voir avec la qualité.",3
114677,Vraiment pratique mais vraiment trop cher pour ce que c'est tout de même ! Il reste discret sur le bord de la baignoire.,3
107969,bonjour y a t'il un connecteur du sortie poste autoradio a mon boitier iso en entier sans le faire manuellement,3
108464,Certaines perforations ne permettent pas d'enlever correctement le plastique épais. La perforelieuse est pourtant de la même marque et l'épaisseur est bien celle préconisée,3
80936,"J'ai acheté ce produit pour mon dalmatien. conforme à la photo mais l'epaisseur est un peu juste. Livré un dimanche à 21h30 (???) et ""posé"" sur le palier à la portée du premier venu. J'ai eu de la chance de tomber dessus... Est ce très sérieux ???",3
97262,"un défaut ,ne donne pas le nom du contact ,seulement le numéro.pas trés aisé pour une personne agée.Si vous pouvez me dire comment faire apparaître le nom du contact enregistré lors d'un appel,je suis preneur.",3
102408,Correspond au descriptif. Achat correct. Rapport qualité prix satisfaisant. Je recommande. Délai livraison respectée. Rien à redire sur le produit,3
83715,"Un peu déçue.. Il est écrit dans l'annonce 12 cm par 70. Arrivé ici, il est écrit 11 cm et en mesurant il fait réellement 10.5 cm.. Bref la sisal est bien, les vis sont fournis mais pas la clé BTR pour les visser c'est assez embêtant. Donc je dirais trop cher pour un poteau aux mauvaises dimensions et sans la clé spécifique.",3
81445,Pour une fois je suis déçu par Ryobi One+ La défonceuse ne tourne plus après même pas une heure d utilisation 🤔 Je ne recommanderai pas cet appareil mais aucun soucis avec mes autres outils One+😀,3
90467,"J'utilise la brossette Floss-Action 1 ou 2 fois par semaine. Comme son nom l'indique, elle a un (discret) effet fil dentaire, mais est dure. Le reste du temps, j'emploie la brossette Cross-Action, plus souple et très efficace. Ces soins sont complétés par un rinçage à l'hydropulseur tous les soirs, le passage régulier d'un fil dentaire et d'un gratte-langue.",3
80582,"Je l'ai acheté pour le tableau magnétique de mes enfants. Je leur ai fabriqué des étiquettes plastifiées, derrières lesquelles j'ai collé les aimants. Le côté aimant fonctionne très bien pour cette utilisation. Cependant le côté collant n'adhère pas très bien, j'ai dû ajouter de la colle forte pour ne plus qu'ils se détachent....",3
97946,"Produit très fragile entre le plongeur et la douille, un choc et il se divise en 2 morceau se qui n'a pas empêcher sont utlisation car le joint qui empêche l'aire de passé est assez conséquent. Faire attention à ça taille c'est un tout petit bang qui est très agréable et qui n'empêche en aucun cas sont utilisation !",3
94554,C’est suffisant c’est toujours mieux que rien mais je suis convaincu qu’il y a bien mieux ailleurs,3
117947,Une histoire étonnante et singulière qui nous ouvre les portes de la période après guerre et de la vie en province.,3
102381,"Produit correct à l'ouverture (un peu fade quand même) mais qui se conserve très mal. Au 3e jour, un goût de rance se fait sentir.",3
99971,Salut! Il est bien ce GPS mais il ne tient pas sur le manche!!! La ventouse et le manche ca va mais le GPS n'est pas fixe et donc il ne tient pas... nul! Au moins que je m'y prenne mal? Help please,3
94263,"Produit esthétiquement similaire aux bottes fourrées de marque, mais un peu moins chaud et confortable, reste toutefois très correct pour le prix. Attention à la taille, pensez à commander une pointure au-dessus de votre pointure habituelle.",3
113079,je vous signale que je ne peux pas décrocher pour obtenir l'appel téléphonique,3
99630,Pour faire un panneau VENDRE MAISON et le téléphone. Dimensions correctes mais épaisseur trop fine. Impossible pour peindre. Obligé de faire d'abord le contour des lettres puis la peinture sans le pochoir.,3
89531,"Mauvaise qualité des planches, certains bords abîmés même ondulés et non droits",3
106273,Bonne article mais j’ai un boîtier qui ne fonctionne pas.,3
113440,"Je n'ai pas gardé le produit car arrivé trop tard, j'en avais besoin pour une séance photo, de plus qualité pas super.",3
92173,Il est vrai que le contenu du coffre est très aléatoire.... Pour ma part 21 produits sur 23 et des articles carrément manquants dommage....,3
88652,Cadeaux de Noël donc impossible d'évaluer,3
87379,"pas mal, à voir comment elle évolue dans le temps ! Par contre amazon impose un nombre de mot et c est relou!",3
106497,Affiche 1 degré de moins que la réalité...!,3
88438,Fait son job sans plus,3
90945,Qualité prix moyenne,3
105755,"Transporteur défaillant. Bon rapport qualité/prix, article conforme à sa description mais non respect du délai à cause d'un transporteur déplorable, notamment au niveau de l'accueil téléphonique de Chronopost.",3
119022,"Après un peu de temps, les basket Adidas sont bien arrivée. Merci",3
82093,"Produit reçu et renvoyé directement... Sur les photos on a l'impression que c'est convexe et plein à l'intérieur comme un coussin mais en fait c'est aussi fin qu'une feuille de papier. Un coup de vent et c'est envolé, un coup d'ongle, déchiré. Et je doute que cela protège du soleil... Un produit de facture aussi rudimentaire ne devrait pas coûter plus de 6€.",3
94120,Bonne crocs mais pas très adapté aux pieds larges. Je fais du 39. Commandé en 38/39 elles me font un peu mal au coup de pied. La pointure au dessus serait trop large pour moi.,3
108988,"Cartouche Epson d'origine donc aucun soucis de qualité et de compatibilité. Par contre rien d'extraordinaire niveau prix, disons que ça m'a évité de me déplacer.",3
114521,"Acheté pour mon iphone il s'est abîmé dès la première semaine. La ""peinture"" s'enlève sur le tour et la coque arrière toute rayée des le deuxieme jour.",3
103391,"Je m'attendais à une boite d'un meilleur niveau de qualité. Elle fait vraiment cheap, le couvercle est gondolé , du coup je peux oublié la fermeture aimantée. Certes elle remplit sa fonction de logement pour les huiles, mais je regrette d'avoir mis autant dans ce modèle...",3
114403,Le produit est sympa la texture n'est pas pratique mais efficace au niveau de l'envoi efficacité parfaite aussi car reçu bien avant la date estimée par contre l'emballage déjà ouvert refermer avec un bout de scotch et le flacon était ouvert aussi je doute que le produit soit neuf,3
97035,ou trouver le manuel d'utilisation en français? Merci,3
90901,Ce centre équestre est très bien. le problème il me manque des pièces. ( les 4 pieds pour tenir le toit ) merci de m'indiquer comment je peux les récupérer.,3
117080,"Téléphone en panne au bout de quelques mois (perte de gps, redémarre intempestivement), réparé gracieusement par le fournisseur (changement de carte mère) car dans le cadre de la garantie d'un an. Malheureusement le problème a recommencé dès la fin de la garantie, sans recours pour moi.",3
105813,Article moyen. Appairage pas compliqué mais faut etre un peu connaisseur. Batterie se decharge en 1 semaine a 10 jours. Appairage de la sonnette interieure impossible. La video est correcte.,3
88517,Bien mais les pics du gant sont très durs pour mon petit chien et arraché un peu trop les poils à mon goût Je le déconseille pour un lapin,3
99447,"Puis en utilisant ccleaner,bug sur mon mobile avec blocage de l'ecran. J'ai essayé de le reinitialiser ou de regarder sur les forum si d'autres personnes ont ce probléme mais rien y fait. Dommage,dans l'ensemble c'est un bon smartphone.",3
89681,Jamais reçu j'attends depuis 2 mois 😕😕 mais le vendeur été assez compréhensif et m'a remboursé le prix du produit,3
95918,"Cintres en pure plastique et dont le crochet est fixé, paraissent fragiles. Leur forme arrondie et leur épaisseur évitent de déformer les vêtements dommage que leurs extrémités forment un 3/4 de cercle car de ce fait ils marquent les matières fragiles ou les vêtements très souple en coton ou laine. Trop courts pour les chemises de mon mari.",3
81454,Limite au niveau de la notice ...,3
113113,"Ces nouvelles Barbies sont nulles, leurs jambes sont en plastique dure, ce qui fait qu’on ne peut pas les plier et donc pas les assoir sur la chaise! À mon époque, les jambes se pliaient un peu.. Par contre le bureau est très bien pensé avec des petits tétons pour placer les accessoires qui ne font pas que tomber en jouant. Très mignon !",3
104461,je conseillerai autre chose,3
84860,"J'ai acheté ces gants en même temps que la mandoline. J'ai essayé de m'en servir une fois, mais n'étant pas habitué à utiliser ce genre de produit. Les gants me gênaient lors de l'utilisation de la mandoline, je les ai abandonnés. Cela peut être utile à quelqu'un qui sait s'en servir mieux que moi.",3
102444,"Il faut s'accrocher et insister. Au bout de quinze jours d'utilisation comme recommandé (5 mn tous les 2 jours) aucun résultat si ce n'est des douleurs dans les épaules. Je pense qu'il faut attendre au moins un mois. Je suis toujours au mode débutant et je pense pour un moment car ce n'est pas facile du tout , j'ai du mal à faire 15 exercises à la suite et à tenir les 5 mn.. Attendre",3
116180,Manque un embout de protection sur une rallonge,3
85993,Un peu cher mais cela reste conforme aux photos,3
111278,La mèche est de bonne qualité mais perd quand mm pas mal de cheveu a l usage Mm si la mèche donne bcq de volume au départ l effet s estompe rapidement par contre mieux vaut avoir un bon coup de main et un bon lisseur pour retrouver l ondulation par la suite,3
178096,"c'est un matériel robuste et efficace et la coupe est très bonne , je ne l ' utilise pas comme professionnel",5
182827,"Alors pour commence je trouve ce casque vraiment bien, après avoir eu le ps vr que je trouvais bien pour ma première expérience de jeu en vr et après passe à l oculus et c'est 2 oculus touch et bien c est le jour et la nuit , les images sont juste net et ne fait pas mal au yeux j adore ce casque , je vous le recommande",5
194470,Très bien. Correspond à la description,5
163429,Pièce de rechange pour Chihiro doctor. Environ trois mois de fonctionnement.,5
178462,Vraiment très contente ! Elle est un peu lourde mais cela ne me dérange pas !,5
178847,"Ventilo très sympa, vendu par 3 RGB. On peut choisir la couleur ça fait vraiment sympa. Ils ont 2 mode, celui vacarme et celui silence, le seul que j'étend encore c'est celui du cpu que je vais regler avec un Noctua. Et les couleur c'est sympa",5
177911,Contente de retrouvé nos voisins préférés ! J’étais impatiente après les début sur Fyctia de connaître la fin de leur histoire!,5
199561,Pratique pour démouler belle présentation et facile à décoller,5
181601,Coque parfait pour un iPhone X ! Design et qualité au rendez-vous ! Merci,5
175970,Très facile à installer,5
193744,Hélice identique à l'originale.,5
199639,"Dans la voiture depuis 9h, presque 40° de chaleur et pourtant l'eau est toujours glacé vers 17h. Cette bouteille est magique et c'est maintenant mon indispensable au bureau.",5
199744,"Celui-ci marche parfaitement sans surchauffe, je recommande",5
160995,"Impeccable, produit conforme, je recommande.",5
179229,"Le coffret est très beau et vaut très largement ses 16€, un objet de collection à petit prix !",5
163178,"Très pratique, bcp de place",5
197291,"Je l'ai acheté en trois exemplaires pour mes trois enfants. C'est le plus beau livre à photos de classe que j'ai trouvé. Il va de la maternelle au collège ( inclu). Il y a de la place pour des photos individuelles de l'enfant jusqu'au collège ( et des photos de ses anniversaires et vacances), ensuite, de la 6ème à la 3ème on peut coller que la photo de classe, mais des endroits sont prévus pour coller une grande enveloppe à trésors scolaires. Vraiment pratique et joli, enfin des souvenirs organisés qu'on ne perdra plus.",5
161701,"Cet écran est superbe. Bord fin, résolution 4k. J'en ai 2 pour mon ordinateur de bureau d'ailleurs. Le pied est sobre et permet de régler uniquement l'inclinaison (pas la hauteur ce qui est dommage). L'application LG permet de piloter les écrans (sur Windows et Mac) sans avoir à aller dans les menus (qui sont les plus intuitifs que j'ai pu utiliser). Livré avec 2 cables display port (attention, pas de mini display port ici, du vrai display port).",5
167832,Il es juste magnifique merci encore,5
165462,"Coque très bien pour protéger le p20 pro,pas trop épaisse, la matière fait que le tel ne glisse pas en main (parfois ce n' est pas simple de le glisser dans une poche d'ailleurs) et la coque n enlaidit pas le tel même si comme pour tous smartphones que l'on choisit pour ses performances ou autres cela cache l esthétique... La coque attrape un peu la poussière aussi. Je la conseille tout de même !!",5
182421,Un film parfait pour grands et petits. Je dirai pas avant 6 ans.,5
173021,Bien. Coque rigide et emplacement pour Connectique. Bien pour mon fils et couleur sympa en accord avec son appareil photo,5
195474,Bon rapport qualité prix,5
198022,"Quand j'ai reçu ce livre et que j'ais commencé à le lire, je n'ais pu m'arrêter qu'à la fin du livre, vers 10h du soir. j'étais prise dans l'action. je recommande cette série meg corbyn pour l'action et l'humour contenu.",5
172613,Aucun soucis à déclarer pour le moment et sans odeur sauf pour le premier démarrage,5
176999,"l'article est joliment présenté, correspond à la description dans l'annonce, il est bien en inox et fait un très joli cadeau vu comment il est présenté",5
178408,Essayé et adopté! J’ai placé ce très joli sac dans ma salle en bain où siège également la litière de mon chat et je dois dire que je suis conquise. Je recommande à toutes personne usée d’utiliser des produits coûteux pour la nature et efficace contre les mauvaises odeurs. De plus le style est très sympa ;),5
199963,A permis la renaissance de mon appareil je le conseille vivement.,5
168772,"En premier, je tiens à préciser que je suis une cliente lambda et non un faux avis ou testeuse. Écouteur acheté ce matin !! Aussitôt reçus, aussitôt essayé et franchement, je suis fortement surprise !!! Mais alors rien à voir avec les i7 que j’avais avant et qui m’avait...pas servi tellement une horreur. Alors celles-ci sont juste formidables : - trés bon son - facilité prise en main - appareillage qui se fait rapidement et reconnu par mon iphone quand je l’approche du boîtier chargeur. - les deux écouteurs fonctionnent en même temps. - le branchement du boîtier est un câble lightning J’ai pu aussi appareiller les écouteurs à mon mac et mon apple TV en 5s. Je ne connais pas encore la durée de la batterie des écouteurs ni boîtier, mais le temps de charge est rapide. Donc vous l’avez compris, aucun regret pour cet achat.",5
180317,Vélo très facile à monter. Bon qualité. La petite satisfaite.,5
166274,"Les baies sont sèches et de goût agréable . J'espère qu'elles sont aussi bonnes pour la santé qu'on le dit . Quand j'ai un petit creux , j'en prends une poignée!",5
183416,Commander pour l'école . livraison nickel de la part d'amazon.bien emballé.delai comme prévu.,5
199064,"Coque en plastique souple simple, correspond à ce qu'on achète.",5
180377,Produit recu rapidement. Un mascara en fibre qui épaissit. Et un mascara couleur qui intensifie le regard. Longue tenue. Bien enlever les paquets avec peigne ou coton tige.. mais tiens largement toute la journée..ne coule pas.,5
173888,Je suis actuellement enceinte de 7 mois et les nuits commençaient à être très inconfortable surtout avec la position sur le côté (pas de bol je n’arrive à dormir que sur le côté lol ) grâce à cette ceinture plus aucun soucis c’est un bonheur !!!! J’ai pris la taille que je faisais avant la grossesse à savoir un XS S et ça va nickel...je recommande à toute les futurs mamans 😊,5
164144,"Très bien conçu, belle qualité, cadeau d'anniversaire pour mon fils qui ne le quitte plus. Très pratique car bien des poches.",5
198110,"Hyper rapide, autant en lecture qu'en écriture. Parfait en remplacement de l'ancien SSD qui était fatigué.",5
173595,Très bon produit Reçu très très rapidement et bien emballé.,5
180034,"Après 4 mois d'essais ce sont de très bons oreillers, le garnissage se rapproche du moelleux des oreillers en plume. Le fait de pouvoir rajouter ou enlever du garnissage est génial et permet de l'adapter à son goût.",5
173125,Aspirateur fonctionne très bien rien à dire sauf pas de notice en français mes quand on mes applications c’est très clair,5
187754,Très mignon la petite est contente. Taille grand,5
160514,Les outils indispensables pour prendre soins de ses bonsaïs mais pas que! Moi qui fait également beaucoup de semis les accessoires sont très pratiques. Les outils sont de bonnes qualités.,5
180229,"belle couleur, de glisse pas, facile à nettoyer",5
171026,"Hello, Conforme à la description, légèrement plus petit que l'originale. Temps de chargement identique que l'originale sur une gear s3. Pas de message d'erreur lors de la charge.",5
199262,"Très bon produit, beau rendu, solide, grand, pratique, je conseille",5
172725,Du Bon matériel solide et bien conçu bref excellent qualité prix.,5
162306,Jai acheté cet article pour mon fils âgé de 5 ans pour Noël ! Il est vraiment tres content . Le terrain de foot est super Grand et vraiment tres bien je le recommande vivement,5
195613,"livraison rapide ,conforme ,de plus un vrai plaisir de ne pas renouveler l'encre souvent,juste une etoile en moins car ils ne précisent pas qu'il faut dire au pc que l'on va mettre de l'encre la premiere fois donc apres on a des messages d'erreur alors que les reservoirs sont bien remplis.",5
194201,"petite utilisation pour liaison amont PAC piscine, produit facile à travailler, à priori très résistant en service depuis 1 mois à voir dans le temps??",5
185668,"Disposant auparavant d'une lampe de poche ultra puissance mais qui a rendu l'âme après une bonne averse, je suis parti à la recherche d'un modèle imperméable, non pas pour l'utiliser en plongée, mais pour avoir l'esprit tranquille lors de sorties par temps pluvieux.Fin bref pour une utilisation classique tout terrain c'est une lampe un peu plus cher que la moyenne, mais qui offre des performances et un packaging de très grande qualité.",5
172276,"Facile à utiliser, je l'utilise pour faire des vidéos",5
162904,Plus de 6 mois d'utilisation à charge lourde (plus de 100kg) et aucun problème il tient super bien en place et annule complètement la douleur de la barre rien à dire à part foncer les yeux fermés,5
179708,"Magnifique, les pages se tournent aisément par rapport à d’autres modèles avec couverture bois. Nous sommes ravis de ce livre d’or, il a beaucoup plus aux invités.",5
198032,Produit super beau Taille très beau Produit identique que sur la photo Matières fluide Fait pour sortir ou juste pour aller se promener,5
182378,"Le produit est agréable au toucher et la taille est adaptée. Je recommande ce produit. Nous avons toutefois eu un problème avec la télécommande. En attendant de trouver une solution (conversation en cours), ils n'ont pas hésité à me rembourser. SAV au top.",5
168426,Lot de pince de bonne qualité. Pratique d'en avoir plusieurs car ma fille les enleves et les remet a sa guise. Ou aime bien me les perdre dans les pièces de la maisons. Elles sont de bonnes grandeurs et tiennent une grande masse de cheveux,5
195622,"Superbe ouistiti, conforme a la photo. Correspond parfaitement a ce que ma fille de 8 ans voulait. Très contente de cet achat !",5
194718,Rien à dire il correspond à ce que je voulais. Les couleurs sont très belles. Arrivé bien emballé. Par contre dur dur de trouver un cadre de cette dimension. G fait couper un sous verre et du médium dans un magasin de bricolage (comptez environ 30€),5
171039,"La connection est ultra rapide, c'est parfait. Branché entre une prise murale et un switch, le câble a permis de raccordé plusieurs appareils aux réseaux avec des débits tout à fait satisfaisants.",5
181047,"J'adore. La pull est de qualité, finition soignée, tombé impeccable, matière agréable .Prix on ne peut plus attractif. je la recommande",5
190518,"Arrivé à temps, rien à redire. Le jeu est fun, les images sont belles et les énigmes sont prenantes.",5
163482,"Je chercher un produit pour nettoyer correctement mon vélo, le produit est parfait pour nettoyer le dérailleur de vélo et la chaîne. Je nettoie d'abord grossièrement avec un pinceau et de l'essence de térébenthine et pulvérisé un coup de bombe pour finir. C'est super propre. Ne pas oublier de graisser après !",5
190143,"Il a été expédié plus rapidement que prévu et était de bonne qualité. Comme cette conception. La qualité est très bonne. En général, l'achat est assez satisfaisant. Si vous voulez un casque Bluetooth de bonne qualité et de bonne qualité, vous pouvez essayer ce casque.",5
165454,La vitre est parfaitement taillée avec les bords bien arrondis. L'épaisseur est conforme à la description. Parfait.,5
25645,"Attention à ce vendeur colis jamais reçut !!!!!!!! aucun numéro de suivi existant , et pas de nouvelle de Amazon sur ce suivi livraison ??",1
5388,"Inutile, non gps fonctionne en Bluetooth",1
33491,Trop grand pour mettre ça rentre même pas comme il faut,1
527,"Je suis déçu de ce produit. 1) Les fonctionnalités de lumières ne fonctionnent pas comme elles sont indiqués. 2) Il n'y a pas de signal sonore comme il a été indiqué. 3) À chaque fois, très difficile à l'ouvrir. Il fait de l'eau chaude, c'est tout. Mais ce qui reste, je suis vraiment insatisfaite. Est-ce qu'il y a une garantie ?",1
34229,Ne pas commander ils me disent que j'ai reçu alors que je suis chez moi et je n'ai rien du tous! Ne pas commander surtout pas,1
23982,"Article arrivée endommagé, photos à l'appuie ... le vendeur fait Le mort ...",1
16712,Livraison rapide mais je recommande de ne pas acheter ce produit. Le produit se bloque dès la 1ere utilisation. Le produit est pratique car il ne prend pas de place sur un bureau e cela fait ou en dessous mais comme ça ne marche pas et que cela fait perdre du temps ce n'est plus du tout pratique. Donc produit à éviter.,1
2012,Produit reçu ce matin non conforme au descriptif. Les coussinets n’etaient même pas nettoyés et la boîte de rangement endommagée. Juste inadmissible,1
2431,"je n'ai pas pu évaluer le produit car je ne l'ai jamais reçu! j'ai commandé ça fin nov pour un cadeau de noel et on m'a dit que le colis était perdu donc un nouvel envoi fait Toujours aucune trace du produit, on m'a donc dit qu'on me remboursait sans raison ( sachant que le débit avait été fait le lendemain de la commande) le vendeur pour moi n'est pas fiable",1
34868,"Montre pas trop mal pour le prix, dommage qu'au soleil, des marques et traces apparaissent sous la vitre....",1
15438,"Efficace 1 semaine, et rebonjour les chats !",1
5563,"J'ai passé commande de 5 télécommandes, seulement 4 ont été livrées dans le colis. J'espère trouver une solution avec le vendeur.",1
35548,Ce produit ne marchait pas. Alimentation interne morte je pense. Retour Amazon,1
10646,Ce n'est pas du tout la peluche que j'avais commandé ! Les yeux sont moches en plus. Très déçue de cette commande...,1
22560,"Cet article a été mis en statut ""livré"" par le livreur (TNT) mais je ne l'ai pas reçu, c'est scandaleux!! Je ne sais pas où se trouve mon colis!! J'ai choisi une livraison rapide pour être livré pendant la semaine à adresse de travail et sur mon compte Amazon l'article est considéré comme livré un samedi soir, donc en dehors de mes horaires de travail, ceci est trop bizarre!! Je veux savoir où se trouve mon colis!!",1
24569,"1 produit sur 2 de cassé, ne colle pas correctement sur les bords. Je déconseille ce produit.",1
16733,"Objet reçu mais à ma plus grande surprise il manque les films à enlever sur les 2 écrans pour pouvoir les mettre sur le téléphone, alors comment faire si il manque ça ? C'est impossible. Remboursement demandé.",1
26485,"Franchement pour le prix... la honte! En plus d'arriver en retard, une des barres est tordue donc a force de visser pour rien elles s'abîment et faut racheter sans être sûre que ça marche! Un autre meuble d'une autre marque j'ai acheté et ça vaut le coup. Celui ci de la daube! Et impossible de contacter le vendeur pfff!",1
22085,Écran jamais reçu...j ai pris la livraison rapide en plus. L'excuse d'amazon??? Le livreur Ups la laisser derrière le portail ...SANS SIGNATURE! VOILA....ÇA c est Amazon! Ils ont dis de porter plainte contre ups.... Ca c est leur problemes! Moi je commander chez Amazon et non chez Ups... C est devenu vraiment de la merde Amazon!,1
6388,"Attention, il est marqué livraison gratuite mais l'entreprise m'a facturé des frais d'expédition de 16,90 euros pour l'expédition de 2 brosses (vu après le paiement) . Je n'ai pas pu tester le produit mais pratiques frauduleuses.",1
2962,A peine sortie du carton aucun des micros ne fonctionnent... une qualité lamentable,1
19098,3 sur 6 capsules qui n'ont pas germé même après le temps indiqué !!!... Mettez plus de graines dans chaque capsule ça permettrai d'éviter ce genre de désagrément. J'aimerai recevoir d'autres capsules de remplacement.,1
1162,"Produit inefficace, le produit est une pâte et les flacons sont arrivés vides tous les 2. Absoulement inutile et une arnaque totale. D ailleurs les commentaires positifs si t tous a la même date. Ce qui confirme qu ils sont faux. Amazon ne m avait pas habitué à de telle",1
1020,Produit acheté en decembre ne fonctionne déjà plus depuis 1 mois. Durée de vie : 3 mois ! Ne vaut pas l’investissement !!,1
6268,"L’article est bien emballé. Malheureusement, il est rayé et le joystick grince. Cela semble être du reconditionné et non du neuf. Déçu ...",1
16308,"Les couleurs sont très pales, je n'ai installé que cette couleur mais comme le magenta est majoritairement présent, toutes mes impressions sont fades !!! Je regrette mon achat.",1
10721,Livre reçu non emballé et en très mauvais état ! Illisible tant il est abîmé.....,1
35707,ai reçu taille 3XL alors que la commande était pour 4XL,1
17250,Je vous avoue que je suis déçue par la taille je m'attendais à une plus grande bougie.........,1
2418,"Point positif : design Point négatif : les épluchures restent coincées entre la lame et le plastique de l'ustensile lors de son utilisation, nous obligeant à les retirer manuellement pour pouvoir continuer à éplucher l'aliment. Je déconseille ce produit.",1
31510,L’article ne m’a pas été livré et après les avoir contacté plusieurs fois il refuse de me rembourser j’a Perdu 50€ je déconseille fortement ce fournisseur!!!!,1
15048,Tout est dans le titre,1
26024,Au bout de deux mois toute démantibulé. Je pense ne pouvoir faire qu’une semaine de plus avec,1
19508,Déçu de l'article. Je peut me féliciter seulement pour le rapport quantité/prix. Autrement ne recouvre pas la totalité de l'écran sur les côtés. A déconseiller vivement.,1
39873,Toutes les fonctions ne peuvent être assurées avec cette coque (fonction couper le son)je comprends pourquoi ce prix si attrayant,1
28830,"Je n ai jamais reçu mon produit,j ai fait un message au vendeur et n ai meme pas eu de réponse...une arnaque total!!!",1
8278,Manque des boules de 46 à 60 Inclus Il y a des boules qui sont doubles Est ce possible de trouvez une solution merci cordialement,1
30266,J ai commandé ceux en bois et j ai reçu du plastique ....,1
34637,"C'est indiqué qu'il est livré, mais je l'ai pas reçu ! J'ai payé sans rien recevoir ! Je comprends pas ?",1
22610,"J'avais commandé des interrupteurs supplémentaires en même temps, mais la commande a été annulée. Sans ces interrupteurs supplémentaires destinés à créer un va et vient, ma commande devient inutile.",1
3972,"Ce termometre n'est pas fiable, un comble quand c'est destiné au enfant ! une honte même. Des charlatans à éviter ....",1
22499,Je n'ai pas reçu ce colis Il n'a donc absolument pas pu mettre remis en main propre comme dit ci-dessus,1
8049,Produit c'est pas bon qualité verre trempé sa colle pas,1
23434,Une seule utilisation sur 500km et déchiquetée bien avant....,1
39587,"étui avec une fonction soit disant intelligente qui ne fonctionne pas et en scannant le code QR ça me dit que c est un produit de contrefaçon....je me suis faite avoir ....donc faites attention, a fuir....",1
19369,"Chauffage inefficace, chauffe pas une pièce mais seulement quand vous êtes à côté. Appareil, malgré ses 350 à 400 w, peut faire augmenter votre facture EDF, car vous n'arriverez pas à chauffer une pièce, même en 24 h. Je déconseille.",1
20634,suoer déçu jamais livré et j attends toujours mon remboursement,1
10265,Reçu 2 ampoules . 1 ne fonctionne pas,1
10897,Rapport qualité prix à désiré... Une ampoule sur deux ne fonctionne pas.,1
17061,"Produits jamais reçu, et vendeur ne répond pas au demande d'information sur la livraison. A éviter",1
2705,"Mauvaise surprise au premier usage en vol, la taille du coussin lui-même ne convient absolument pas pour une morphologie fine. Trop large autour du cou, on ne peut pas le resserrer et il ne soutient donc pas la nuque. Il est également extrêmement épais et haut façon collerette anti-grattage pour chien donc absolument pas confortable. Je tente lors de le replier et là, il faut suer sang et eau pour le compacter et finalement le rentrer péniblement dans la housse de transport. Cerise sur le gâteau, la fermeture éclair de l'étui a lâché le rendant inutilisable pour un transport compact dès la première utilisation. Bref total échec! A fuir.",1
33902,Produit pas du tout étanche et n’ à fonctionné que 3 semaines. Je ne recommande bien évidemment pas ce détecteur.,1
6404,Le produit a été indiqué comme livré dans la boîte aux lettres alors que je n’ai rien reçu à l’adresse d’expédition Je suis extrêmement déçue,1
18222,Non.recu a la date prévue. Comme d habitude !!!,1
8834,Achetée pour un anniversaire déguisé mais la peruque est trop petite et de mauvaise qualité..,1
386,"J'avais mis 5 étoiles, mais finalement n'a fonctionné que quelques heures. En cas de problème le retour est à votre charge, le vendeur n'est pas très professionnel.",1
5790,Nous n avons pas pu l initialiser,1
16894,Apres 5 utilisations fuite sous le bec verseur. Le calcaire ne suffira pas a colmater ... Grosse deception en attendant un contact du vendeur,1
8977,"La montre a été livrée cassée, et la pile ""morte"". Donc, inutilisable...",1
8894,De la camelotte j'ai acheté ça pour mettre dans les sacs surprise anniversaire de mon fils et ils ne fonctionnent pas tous et se cassent très vite cependant ça reste sympa pour des petits enfants et les lumières sont jolies et certaines clignotent.,1
35849,Article malheureusement non reçu et commande annulée. Donc je ne peux donner un avis sur cet aticle 😡 C'est dommage,1
29871,"en effet, le faite de présenter trois couleur de bac sans pouvoir choisir la couleur induit drôlement en erreur, l'on pense acheter un lot de 3 et on se retrouve avec 1 boite, je trouve que cela devrait être plus explicite sur le descriptif.",1
5502,Produit jamais reçu ! Finalement remboursé après une longue attente. Très déçue. Une étoile pour le remboursement et les excuses.,1
36745,"Marche très mal, qualiré déplorable. Fuir ! Au bout de 10 secondes le son se coupe. Obligé de débrancher et rebrancher en permanence.",1
43423,Nul ne ce met pas comme ils faut il ce déchire Decu par ce masque,2
62557,"bonjour ,juste ,très juste ,m^me pour des ""barbie "",j'en avait pris pour des figurines 1/6 ,je suis déçu ,",2
68767,"Livraison rapide mais le produit n’est pas de très bonne qualité. Au bout de 3 jours, l’écran présentait déjà de multiples rayures... Alors que mon iPhone n’est pas tombé. Déçu...",2
71771,"Jolie, semble solide mais... Ne colle pas à ma coque ! (à tenu 10 seconde sur le support). Demande de retour effectué. Dommage !",2
79125,"Matériau corrects mais malheureusement trop instable si on veut remplir l'armoire selon la place qu'il y a. Penche vers l'avant. On va acheter une ""vraie"" armoire à la place.",2
66654,J'ai commandé des bleues et je reçois des oranges et rouges... et sans carton de présentation....,2
71397,"Les flacons sont bien pratiques et il n'y a pas de fuite pendant le transport. mais la trousse fournie avec est très fragile, il n'y a que deux jours, ça craque, elle n'est plus utilisable et à rejeter!",2
49613,Pas assez puissante pour fondre la cire de ma lampe à lavé. Des blocks se deplacent dans le liquide et pas des bulles,2
79518,je n' ai pas pu utiliser pour l'instant d'où les 2 etoiles pour cause la notice d'utilisation est totalement en allemand aucune traduction francaise absence de notice en francais,2
60372,"Dans la théorie ça devrait bien marché, mais en pratique pour les personnes qui ont des cils court ou peu, ce n'est pas la peine, c'est moins efficace qu'un recourbe cil pince classique. C'est gadget!",2
43701,"Ma meuleuse Bosch se place parfaitement dedans, en revanche les charnières et les fermoirs me semblent très fragile. A voir dans le temps...",2
60923,"Pas de chance à chaque reception de l'envoi les coques étaient en mauvais état , fêlées , donc pas pu les utiliser !",2
73050,"Déçue par cet achat. Les boites sont très petites et ne contiennent pas toutes les perles diamant d'une même couleur, éventuellement il faut au moins 2 boites si ce n'est plus parfois. De plus même si le paquet était intact, à l'intérieur il y avait des éléments de cassé. Je l'ai renvoyé sans regret",2
68332,un peu déçu car i n'y pas toutes les options de la télécommande d'origine.,2
58937,Je voulais faire l'acquisition d'un chargeur à induction à un prix convenable pour mon Iphone X et au bout de 3 mois il ne fonctionne plus. Lorsque mon iphone est dessus celui ci se recharge pour au bout de 5 secondes se déconnecter de la charge et y revenir par la suite. Ce qui fait que le chargement n'avance pas mais recule...,2
61580,Le bras n'est pas assez solide,2
72319,pas évident à manier et pas assez puissant.,2
69163,"Le clavier est conforme à la description et fonctionne correctement. Seul problème et de taille, malgré un clavier physique AZERTY, il est configuré en QWERTY. Il faut donc aller à la pêche à la bonne touche, ce qui va totalement à l'encontre de ce pour quoi on achète ce produit, à savoir un produit pratique. Il s'agit ici d'un problème logiciel, de mappage des touches, que le fabriquant se devrait de corriger via une mise à jour ! Payez un peu plus cher pour avoir un produit de meilleure qualité, passez votre chemin quant à celui-ci.",2
63322,je suis décue par la couleur du tapis car il fait plus bleu que gris. c'est dommage je ne peux plus le rendre.,2
75734,"Autonomie loin des chiffres annoncés.... Meme pas 10km, majeure partie du temps en charge. Contrôle qualité a revoir, il manquait un écrou....",2
41477,Je le conseille pas pour une souris d'imac... Déception,2
52097,Cette douchette à la fâcheuse tendance à envoyer des gouttelettes dans tous les sens et à mouiller toute la salle de bain.,2
45795,"Bonne qualité à 1er vu mais absolument pas les couleur prévu......dommage je suis un peu déçu car du coup les couleurs ne vont plus avec ma cuisine. J'ai reçu :marron,beige,blanc et bleu pâle.",2
61134,reçu assez rapidement!,2
78286,Je l’ai acheté pr remplacer une douche de cuisine je suis déçue il n’est pas tres costaud et bouge bcp,2
63253,Pile morte au bout d'un an et vendeur aux abonnés absents. Très déçu.,2
47299,Impossible de mettre une clé et son porte cle,2
58432,A PROSCRIRE ET A RETIRER DU MARCHé. AUCUNE NOTICE CLAIRE ET PRéCISE EN LANGUE MATERNELLE. TEST AVEC PLUSIEURS PC ET PAS DE SOLUTION ADAPTéE POUR RéSOUDRE LE PROBLèME.,2
55441,Y EN A POUR SON ARGENT,2
64993,"Très décevant, pour le prix le son est mauvais, d'autres marques ont de meilleur rapport qualité-prix Le son est étouffé et peu precis",2
70257,je suis trop novice pour que ce très bon livre puisse me servir ;e l' ai donné à une personne compétente qui est ravie,2
40450,trp petit et en plastique cet article ne me convient pas. j'ai voulu l'offrir à un jeune qui l'a à peine ouvert et cela lui a fait peur. je ne veux pas de cet article et je vous le renvoie pour un autre enfant qui sera surement ravi. Pourtant il est original. Je suis désolée et déçue. merci,2
46186,Prise USB HS au bout d'1 an de fonctionnement.,2
78025,"Super coque, qui a sauvé mon téléphone de nombreuses fois et que j'ai racheté ici pour mon nouveau modèle de téléphone... Mais sur mon Galaxy S6 le contour était en métal !! Pourquoi être passé à une version plastique faiblarde?!",2
41300,"Après deux mois d'utilisation, l'écran a commencé à déconner en s'éteignant de temps en temps quelques secondes, puis ces coupures sont devenues de plus en plus longues. Aujourd'hui après trois mois d'utilisation l'écran ne s'allume plus du tout. Il reste noir tout le temps. Je ne sais pas quoi faire. Un écran est essentiel pour moi. Je prends du retard dans mon travail, je suis très très déçue.",2
47647,Je viens de le recevoir et il me ma que 1 rouge a lèvre j'en ai donc que 11 au lieu de 12... un peu déçu Un geste commercial ne serait pas de refus!,2
78635,Se décharge très vite Se déconnecte sans cesse Mauvais son,2
70224,"pour éduquer un chiot et préserver la maison en notre absence,il a réussi à casser les lattes en alluminium",2
79382,"Les draps sont bien taillés, l'odeur de plastique à l'ouverture du sachet est particulièrement désagréable. Les draps sont espagnols, mais aucune indication de la provenance (made in ???)... Bizarre.",2
42810,Livraison rapide colis non endommagé par contre accessoires manquant pas de bretelles comme indiqué sur la photo va t on me livre séparément ?,2
61801,"Dimensions assez aléatoires, fragile",2
52658,doit rester branché constamment sur l'électricité autrement il se dégonfle. Pas de valve d'arrêt d'air. Prévoir un adaptateur pour prise américaine non fourni. Article sans grand intérêt,2
75822,Bonjour au bout de la 3ème utilisation la fontaine ne tourne plus!! Elle est bien nettoyée je ne trouve pas d’explications. Comment pourrais je contacter le service après vente,2
49565,J avais choisi ce cahier de vacances en pensant qu il serait ludique.... peut-être que ça vient de moi pourtant je travaille en école auprès des élèves et la je trouve les consignes compliquées à comprendre. Pourquoi faire des phrases compliquée pour des exercices au final assez simples. Perso j ai moyennement aimé et mon fils pourtant volontaire ne s est pas amusé du tout.,2
43956,"L'image se coupe si on bouge un tout petit peu le PC. Il doit vraiment rester posé, sans bouger.",2
50308,"Commande non reçue à la date prévue et donc à ce jour , je ne peux évaluer le produit. Donnerai mon avis plus tard.",2
58514,"Le port manque de confort. La moustache ne colle pas. Qualité décevante mais pour ce prix, ça reste accessible. .",2
44765,"Il semble y avoir des faux contacts, intermittence de l'alimentation arrivant au boitier. Les commandes du grip ne fonctionnent pas....",2
58485,Je trouve que l'article est trop grand et trop souple pour moi,2
51995,Le support fait vibrer le téléphone et ça peut être très désagréable quand on regarde quelques chose ou lis un message ce qui fragilise le support qui peut tomber ps j’ai une c3,2
51676,Oui peut mieux faire,2
50644,"Les vitres de protection se posent facilement et ont l'air plutôt bien, par contre j'ai reçu une coque déformée, donc inutilisable. Vraiment déçue.",2
69213,un jouet bas de gamme,2
44805,Une Qualité médiocre de plus le verre se pose avec difficulté et il n'adhère pas correctement à l'écran du téléphone,2
77217,Le porte carte est bien ajusté aux cartes bancaire mais il ne bloque pas le rfid de ma Visa et s'abîme assez vite ... c'est décevant...,2
45618,Déçu par ce produit. Il rajoute bcp d'encombrement au téléphone et les poches pour cartes laissent des traces sur l'écran du téléphone à chaque fois qu'on le referme. Sinon il protège correctement le téléphone et l'écran et permet de le poser pour regarder un film.,2
74782,"Decu l'air fonctionne mais le bac ou on met l'eau ne fonctionne pas je l'ai remplie a fond ,j'ai activer le climatiseur toute la nuit et au reveille le bac etais toujours aussi plein donc mauvais produit j'en prendrais un notre depuis un autre vendeur .",2
60642,Ventura monté sur un Phenom x6 en remplacement de celui d'origine. Pas de différence en terme de refroidissement ni même du bruit. Il est aussi pénible à entendre voir même usant avec son souffle permanent. Je crois que l'ancien va reprendre ça place,2
47923,"La tête ne tient pas au corps, normalement ça se clipse mais la pas de clips",2
53588,"bien au début, devenu fragile à l'uilisation Ne coupe plus franchement la coquille de l'oeuf",2
41285,"Mauvais produit, ne tiens pas sur la vitre de pare brise. J'ai essayé avec surface sèche, humide, chaude, froide... Bref, je regrette mon achat.",2
42943,Qualité et coupe moyenne. attention à prendre une taille au dessus sinon effet presse papier assuré,2
46128,"je viens de recevoir la lampe frontale que j ai commandée et je m aperçois que la sangle du tour de tête est abimée, je trouve ça minable quand même",2
42819,"Au bout de trois semaines, le vernis commence à partir et le bout de la brosse noircit. Dommage",2
130316,Reçu dans les temps . Antivol qui me paraît très solide mais je trouve que le cadenas est un peu léger.,4
140316,Conforme et résistant,4
152823,"désolée, je viens de m’apercevoir que la boite d'origine ne correspond pas au portable. Il s'agissait d'un Sony XZ.",4
145059,"Belles couleurs et le jouet est de bonne qualité (à part le bois un peu rugueux sur une des deux épaules). Le jouet roule bien avec une fine bande de caoutchouc sur chaque roue, le mécanisme simple fait que l'ours tape régulièrement et sans faute deux notes du xylophone. Une des deux notes est un peu trop forte... La ficelle qui permet de tirer l'ours semble par contre de mauvaise qualité, déjà un peu effilochée à l'arrivée, et il n'y a rien au bout pour que l'enfant la saisisse plus facilement : c'est à bricoler soit même... (la carotte sur ma photo est rajoutée)",4
155550,"Figurine jolie , conforme à sa description. C’est juste un peu cher",4
140803,"Ce berceau est conforme à ce que nous avons dans la description. Il offre de multiples possibilités d'adaptation, ce qui est très appréciable notamment sur les hauteurs. Côté matelas, il n'est pas assez douillet pour un nouveau né, nous avons rajouter un matelas très léger pour qu'il soit plus confortable. Petit détail, assurez bien que votre puisse l'accueillir (la ceinture de sécurité à accrocher) sinon ce sera vraiment galère. Perso je dois dire que je n'y étais pas très favorable car je ne vois pas son apport fonctionnel au vu de son coût, d'autant que nous allons investir pareil dans in vrai lit dans quelques mois.",4
127016,un peu déçu par les dimensions mais il suffisait de mieux lire l énoncé mais mon petit fils est heureux et c est mon principal.,4
132142,"Produit arrivé abîmé dans son emballage, n’a rien subi dans le transport. Pour le reste très bien",4
141688,Fait son job a voir dans le temp,4
139517,"Tabourets pour cuisine, réglables en hauteur, assez solide pour l’instant.",4
158657,"Pour faire de la carterie mais une petite déception, il n'est pas possible d'avoir une découpe en bord de carte comme le montre les modèles à moins de le coller, c'est la découpe de la matrice entière",4
135255,Conforme et envoyé dans les temps,4
154480,J’utilise pour des loisirs créatifs sur de l’acier (ustensile de cuisine par exemple). Livraison et emballage rien à redire. Pour le prix je ne suis pas déçu. Pour certaines lettres il faut insister mais si non un rendu fin et discret comme je voulais.,4
146354,"Produit conforme à la description , image de qualité même si on regrette une définition moyenne vu le prix à mon avis élevé pour le résultat ...mais correct",4
132425,bien compatible avec ma machine. Il manque juste quelques explicatifs,4
159794,j ai pas encore utilisé mais au touché ça m a lair tres solide et lourd dans les mais j ai hate de les utiliser,4
133118,"Cadeau, satisfaite du produit.",4
146603,"La qualité est au rendez-vous, mais malheureusement le raccord ne s'adapte pas sur mon installation. L'arrivée d'eau murale et le raccord de la cuvette sont placées perpendiculairement, alors que le raccord est prévu pour des arrivées face à face. J'aurais pu ajouter un petit flexible, mais esthétiquement étant donné qu'il y a déjà le flexible de la douchette, l'effet n'aurait pas été top. Si vous avez la chance que ça convienne à votre installation, n'hésitez pas, c'est de la qualité ! J'ai enlevé une étoile à cause de ce problème d'incompatibilité. Pour ceux à qui ça peut servir, j'avais traduit la notice (avant de m'apercevoir que ça n'irait pas :-(",4
139054,Je suis vraiment contente pour ma commande c'est comme dans la photo,4
145290,Matos pas encore testé mais il me semble être de très bonne qualité par rapport au prix et agréable à porter.,4
121716,"Je l'ai acheté pour mon lapin et mon cochon d'inde. Malgré la hauteur, la stabilité est bonne. Les bacs ainsi que les grilles sont de bonne qualité. Petits bémols, les rampes sont trop lisses et mon lapin glisse quand il souhaite descendre donc ne veut plus monter. J'ai mis sa cabane en dessous lui permettant de monter en 2 fois et il est beaucoup plus rassuré. De plus, le manque de rebord au niveau des ""trous "" fait que la litière tombe aux étages inférieurs à chaque mouvement des animaux sur les étages supérieurs. On se retrouve avec 5 cm de litière tout en bas et plus rien en haut.",4
133515,bon manuel pour aborder le concours et se familiariser avec les matières et la méthodologie. Il faut cependant s'appuyer sur d'autres ouvrages pour compléter,4
156390,Pesée de poudre noire pour revolver de tir.,4
135992,"Livreur pas sérieux, il a laissé le colis dans une boutique dans la rue, pour éviter de monter à l'étage.",4
124625,Bien faite manque une sangle,4
134031,Parfait tout à fait conforme à mon attente Esthétique efficacité sécurité Fonctionne parfaitement Demande surveillance Prêt à recommander pour les garden parties,4
121755,"Vraiment très compacte , je recommande",4
124713,"De bonnes ampoules à un prix défiant toute concurrence, elles sont vraiment très lumineuses [attention les yeux]. Peu encombrantes, ne chauffent pas du tout, à voir par contre pour leur efficacité réelle mais ça me semble correct. Bien mieux que les lampes au sodium qui consomment beaucoup d’electricite et qui ont une durée de vie bien moindre. Je valide et recommande",4
141585,Je récupère de vieilles bougies grâce à ces mèches . Toutefois la livraison a été un petit peu longue,4
143691,Filtre de bonne qualité qui n.affecte pas la qualité de l.image. Ne gêne pas le fonctionnement de l.autofocus,4
158685,"Effet significatif sur deux semaines de prise ; ma mémoire cognitive s'améliore, moins d'oubli mais je pense qu'il faudra en prendre sur le moyen terme pour juger de la nette amélioration car je suis tête en l'air de nature ; j'espère que ce produit va m'aider à être plus centré !",4
135351,"La réalité est identique aux photos, le montage est très simple .. et pour le prix, on en a pour son argent Seule petit défaut, la télécommande fonctionne à 1 mètre max sur mes deux modèles",4
120552,"Bonjour, Je l'ai reçu dans les délais, convient parfaitement à la description, très bon rapport qualité/prix. Merci, site sérieux Jacqueline",4
123721,Ai reçu ce produit hier Je tiens à dire que le son est excellent pour cette gamme de prix et très puissants Rien a dire top qualité pour le moment,4
129333,"Vous n'apprendrez pas la communication animale avec ce livre mais c'est un fabuleux roman , un beau voyage auprès des chevaux.",4
126792,"Beau rideau en chaines aluminium . D’aspect chrome , les mailles dénotent un peu avec la barre de maintien qui est d’aspect aluminium brut mais çà me dérange pas trop . Par contre il faut s’habituer au passage entre les chaines qui ont un certain poids surtout lorsque le rideau est pose sur la porte d’entrée comme chez moi ... Mais du coup le produit est assez solide et mon chien le laisse tranquille (raison de l’achat) donc je suis satisfait .",4
158413,Facile à installer sur une moto esthétique ce que j'attendais merci,4
130313,Très bon produit comme à leur habitude j’adore leur gamme et la robustesse de leur article juste un peu déçu du moule à cake qui est petit mes sera utilisé plutôt pour des entremet glacés,4
155950,j'ai adoré cet album. Cela fait chaud au cœur d'écouter un tel blues. les moreaux sont variés dans leur inspiration. C'est du grand art.,4
130054,Balance qui fait son job. Mais attention elle est petite !!!,4
132046,"Très beau coffret en métal, à l'intérieur un livret très agréable à feuilleter. Dommage qu'il soit difficile de savoir lequel des 6 cd correspond à quel contenu ...",4
132883,Je l’ai utilisés à l’occasion de la photographie très efficace dans son domaine...😉,4
157558,"facile à poser, à ajuster en dimensions, joli rendu: je suis contente de cet achat qui m'a été livré dans les temps et bien emballé",4
151586,Tres facile à employer Je le conseil vivement,4
132242,Je l ai achete pour compléter un achat de house de couette avec tracteur passion de mon pt fils,4
149734,"Tout serait parfait si la couleur correspondait à son intitulé. J'ai commandé la couleur 'chocolat' et j'ai reçu une couleur ressemblant vaguement à du taupe/beige. Je renvoie le colis en choisissant une autre couleur, grise, en espérant ne pas recevoir du blanc.",4
133749,"Livré dans les temps dans une petite mousse, correspond très bien à la description ; Il faut voir avec le temps si elles ne s'abîment pas. Le produit est très original. Sympa !",4
158622,"Parfums subtiles et différents c'est parfait Par contre un flacon de Coconut avait fuis dans le carton et tout est sale, je suis déçue sur ce point d'où ma note",4
157049,Cette tente est très pratique car se range dans un sac une fois pliée. Le pliage est simple. Elle convient en intérieur comme en extérieur. C'est un achat pour mes deux enfants en bas âge et elle convient parfaitement.,4
152311,"Correspond à la commande et livré à la date indiquée dans Amazon, pas de soucis concernant le emballage et fermée",4
131359,Remplis bien sa fonction,4
145926,"je l'ai utilisé,comme porte tableau,et j'en suis trés contente.",4
152580,"Bon produit Efficace, ça n'occupe pas de place pour les personnes comme moi qui veulent se dépasser d'une table Malgré les petits traits qu'il peut laisser lors du repassage",4
139825,ce produit est conforme pour l utilisation de mon imprimante,4
134883,Pratique et esthétique,4
153362,Pratique plutôt grand facile à ranger je suis contente. Y plus qu'as acheter des balles,4
151032,"bonjour comme beaucoup d'entre-vs. qui on fait des commentaire je dirais : correct, bon rapport qualité /prix, thermostat pratique, chauffe vite ,ne m'a pas déçu en travaillant sur circuit imprimé.",4
122794,Coque batterie très bon produit seul défaut le poids il reste un peu lourd une fois le Galaxy note 8 dedans.,4
135780,"Hyper facile à poser, colle (très bien) et décolle pas trop mal non plus. Attention, la couleur n’a rien à voir avec la photo. J’ai reçu les autocollants en argentés; mais c’est pas moche!",4
142258,Bon rapport qualité prix,4
122066,"C'est une tablette vraiment performante. Question visionnage films et séries c'est un plaisir pour les yeux. Mais !!! après 15j d'utilisation (2h par jour en moyenne) impossible de la mettre en charge : un joli message apparaît au moment de brancher le port charge ""humidité détecté..."". Du coup je fais mes recherches sur le net et surprise : c'est un problème rencontré dès les samsung S7. Beaucoup de personne sont impactées par ce soucis (mobiles et tablette). Au final c'est la loterie et faut pas tomber sur une tablette qui est ""touchée"" par ce problème. Je mets quand même 4 étoiles car c'est une excellente tablette. Je retourne la mienne et vais recommander la même en espérant que cette fois ci sera la bonne.",4
154175,"Le colis est arrivé en retard et endommagé parce que le carton n'était pas adapté à la taille de la balançoire. Heureusement, celle-ci était complète et en parfait état. La balançoire est telle que décrite, la qualité semble au rendez-vous. A noter qu'elle est livrée sans mousquetons pour l'accrocher au portique. Elle est tout à fait confortable pour un adulte (même en surpoids!). Elle donne une impression de solidité et après un mois dans le jardin, elle n'a pas perdu ses belles couleurs.",4
125386,"Un très bon produit,facile à mettre en service. Casque légèrement lourd.",4
124001,"Ma fille de 4 ans est super contente de sa poussette qui est comme celle des grands... Très maniable et facile à monter. Assise réglable face ou dos à soi, position allongé ou assise, en version poussette ou landeau et elle se plie. Le guidon est aussi réglable à plusieurs hauteurs. Ma fille pourra garder sa poussette encore plusieurs années...",4
