180481,運動不足を感じ運動用に購入しました！ 白ベルトが珍しくて可愛かったので買ってよかったです！ 発送も早かったので助かりました！,5
160748,購入してからもう五年になります。 車は変わりましたが、破けないし、丈夫です。デザインもシンプルなので、まだまだつかえますよー。,5
169394,これは最高傑作ですね 工事現場で働いているのですが中に扇風機が付いておりモバイルバッテリーと繋ぐことで体内を風で涼ませることができます 非常に涼しく風の中を扇風機が冷やしてくれるような感じですね。 熱気がガンガン服の中から逃げていくので本当に体温が下がります もっと早くに購入しておけばと思う位です 特に今年の夏は暑くなるので外で働いてる方にはお勧めします,5
199658,この包丁は、保守が容易で、それは料理がもっと楽しくなりますことは間違いありません。パンもお肉もいい感じに切れます。丸ごとカボチャも切ってみたいです。,5
191343,今まではわざわざ差し替えてゲームをしていたのですが、 この分配器が届いてからは差し替える手間がなくなったのでとても便利になりました。 画質も悪くなったりもしておらず、特に問題はありません。 値段のわりに、非常に良かったです。 ありがとうございます！,5
162265,ずっとパソコン作業をやっているから、肩も首も痛くなりました。 10月まで約2ヶ月で毎週一回整骨院に通院していたが、やはり毎日しないと解消できない。 この商品を買って、毎日家でマッサージする事ができます、本当に助かりました。加熱機能も付いてる、気持ちいい。,5
167293,高いミシンと比べると安っぽくは見えますが珍しいブラックでお洒落です(^^) 実際に持ち上げると思ってたよりも本体が軽くて驚きました。 下糸の巻き取りや、上糸のかけ方など説明書がわかりやすく助かりますし、 薄手の生地を4枚重ねてもとてもスムーズに縫えパワーを感じました。 コスパ最高です！,5
171172,お値段から考えると、充分な出来だと思います。取り付けも問題なくできました。,5
170538,先日発送してもらった物が全く反応せず、バージョンも対応してる筈だった為、問い合わせした所迅速且つ丁寧な対応ですぐに代品を送る手配をしていただきました。今回送っていただいた商品は充電もイヤホン接続の両方共問題無く使えました！個体差はある様ですが、結果的にこちらの負担は無く、ライトニングの泣き所であるイヤホンジャックが無いiPhone7以降でも光が見えたので感謝してます！,5
171346,小2、年中の男児が使います。 いろいろな鉛筆を試してきましたが、 三角軸+滑り止めで一番手になじみやすいのか、 一番使用頻度が高いです。 特に小2の長男は握力が弱いのか、文字がめちゃくちゃ汚いのですが、 この鉛筆だと多少マシになります（あくまで多少です。本人の素養は超えられません） 当分こちらの鉛筆にお世話になる予定です。,5
196593,梱包されていた、黄色の布地の使い方を教えてください。(紐状の先の錘の使い方),5
163933,早速使いましたが普段使ってる安い脱毛剤より伸びがいいです、多分一回じゃ毛はなくなりませんが何度か使ってればこうかありそうです。,5
161786,私の第一印象は想像より長くて、タオルの上に水が濡れていると寒くなるので、触感もいいと思います。今年の夏は、暑いので、このタオルに人気があります。,5
178838,すごい軽くてこれからの季節にピッタリの素材と思いました。 通気性もかなりありこれから着ていこうと思います。 デザインはシンプルで色合いもとても良いと思います。 発送梱包はいつもどうりのAmazonクオリティで最高でした。,5
180221,TPU製フィルムの両面に施工しました 施工方法は簡単で、施工後はフィルムがツルツルになり、ひとまずは指紋も付着していません 効果がどれくらい続くか様子見ですが、今のところは満足してます,5
195331,安定の品物だと思います。 体にフィットするので、ズレる心配はありません。夜も運動時も安心です。,5
8971,毛が挟まり動きが鈍くなっていきます。 あまり良いものではありません。,1
21656,全然使えません‼️‼️ 薄い、細い、反応したり、しなかったり 何回も力強く書かないと字が見えない ほんとに使えない、ゴミに千円も出したと思うと悔しい‼️,1
4496,結婚式で使用しようと思っていたフォトフレーム。ある程度いいものをと思い、価格も高いものを選び、購入しましたが失敗！画面は割れ、使い物になりませんでした。販売者に連絡しましたが、わけのわからない日本語で中国人だと判明。中国の粗悪品を受け取ってしまい本当に残念。これからは製造国を選んで買ったほうがいいなといい勉強になりました。皆さんにはこの商品だけは絶対おすすめしません。てかAmazonがこんな販売者に販売を許可していることがびっくりです。すぐにこの販売者のアカウントを停止してほしいぐらい。,1
7184,写真では【ブルー2】でしたが、届いたものはどうみても【ネイビー(紺)】です。 写真の色のブルー2が欲しかったのですが… あまりにも違うので、とてもショックで残念です。,1
26186,他の方がおっしゃるとおり、中国から届きましたが、真っ二つに割れてました(笑) そして、楕円もきれいな楕円ではないです。 まー、使えないことはないかも？,1
31964,システムがよく解らなかった。 電話で聞いて初めて理解できました。 はじめての人には分からんわ。,1
12155,映像途中で止まっちゃったり、 結局最後まで見れなかったです。 交換してくれないかな。,1
6310,車内の熱が原因なのか、しょっちゅうエラーが出て肝心な時に役に立たない感じ。 安いもの選ぶときはリスク覚悟しなきゃいけませんね。,1
36816,開封して1日も経っていませんが、買ってすぐに動作確認した際、ライトの半分がついたり、つかなかったりと動作が不安定でした。 再度電源を入れたときにはライトの半分は点灯しないままとなってしまいました...。 楽しみにしていただけに残念です。,1
22705,TANICA ハローキティ ヨーグルトメーカー YM-800-KT ...用だと思って買いましたが、他のタイプの大きな入れ物で使えませんでした。残念,1
30399,音質、音量、メチャ気に入って４台買いました 残念です！ 明日で丁度買ってから１ヶ月ですが １つが電源が入らなくなりました… ベッドの枕元に置いてるだけなので、水とか衝撃とかは無縁です。 気に入ってたのに残念です品質にムラが有るんですね。,1
9733,２０１８年７月に買った時は５０００円程度だったのが１年立って５８００円とかなりの値上がり。 印刷品質はとても良いが、ただでさえ高いのに、消耗品の値段がこれだけ変わるとちょっと参ってしまう。,1
16382,ペアリングができず、返品させていだだきました。,1
27295,使用して８カ月で壊れました。 CPUが触れないくらい熱くなっていたので、壊れたかと心配しましたがCPUは大丈夫でした。 レビュアーで見かけるようにモーターが壊れたようです。,1
37717,"過去のレビューにあった通り、角度が悪くそのままでは使い物になりませんでした。 自分で切って貼ってして角度を変えて使えるようにしてますがCD,SDカード入替えは外さないと出来なくなりました。角度を可変出来るような構造にしてもらうよう切に願います。",1
7844,要配線加工商品です。 説明書等もありませんので一つ一つ確認する必要があります。 装着後すぐにブレーキランプが着かなくなりました。 配線の緩みなど確認しましたが、原因はわからず… ブレーキランプが点かない物をお探しの方に是非。 私はサイン会も青い切符も御免なのですぐ別の商品を買いました。,1
77027,タイトルから私にも「やさしく学べる」という思い違いをしました。 私は一応、大学の工学部を数十年前に卒業したのですが、多くのことを忘れていて、内容が難しくて残念でした。 口調が女の子二人の対話で進むので、もっとやさしいと勘違いしますが、大切なところの説明（まずは微分方程式）が不十分で、不親切さが対象的に感じ、そこでこの本は閉じて、一般的なタイトルの他の本に変えて勉強中です。,2
58303,本体と箱に擦れたような跡がありました。 中身に影響はなさそうでしたが、箱と入れ物も含めてのこの代金だと思うと… Amazonを信頼していたのに 残念かつ、騙された気分になりました。,2
49399,商品箱が潰れていたり、果てには中身の付属パーツの袋がちぎって開けてあったりと商品としてはなりたたない。 まだ使ってはいないが、不具合がおきるんじゃないかと不安。,2
58169,1歳8か月でそろそろ断乳したいと思い、評判が良かったので買ってみました。 結局は「おっぱいおばけが来るよ」という脅しと、「おっぱいバイバイ」のフレーズの繰り返しに頼った内容だったので、ちょっと期待外れでした。 イラストはかわいくて、子どもも食べ物の絵には反応するので、もう少し読み続けてみます。 でも、この厚さで1080円は高いのでは…。 あと、新品で買ったはずなのに本からタバコの臭いが…。 返品の本をつかまされたんでしょうか？,2
60188,イメージしていたものより、かなり大きく、耳に装着しても違和感がすごくてわたしにはダメでした。落としそうで使えないので、返品しました。 レビューが良いのはサクラなんだろうなと思います。 あと、開けたらすでに充電もされていて、封のシールなどもなく、開封も簡単にできて元に戻せるので、使用済のものでもわからないなと。。。 音質等に関しては、一度試した感じでは、低音が弱いのかなと思います。音が軽く感じますが、ここは値段相応なのかもしれません。,2
65554,容量も純正の八割ってところですかね。更に膨らんできたので、取り換えました。,2
48149,テカテカして期待外れでした。リピはないです。,2
67741,マニキュアは綺麗に落とせますが、ジェルネイルをオフするには結構時間がかかります。香りはソフトで確かに爪にダメージが少ないように思います。,2
61317,レビューが値段の割に随分良かったので購入しましたが、安っぽかったです。レビューをよく読むとところどころ日本語がおかしいです。 レビューはもっとしっかり読む方が良いなと思いました。値段相応と思えばそうかもしれませんが、お得感はありませんでした。,2
54712,スムーズにスライドしません。シリコンスプレーを散布しましたが、スライド駒の一部が成形不良で変形している為です。,2
43244,同時に青と緑を購入。青はフレームをまとめるためのマジックテープが付属。緑は輪ゴムでとめてあるだけ。モノはそれなりですが、当たりハズレがありますね。,2
63480,ちゃんとオイル交換できました。ただ、個体差があるかもしれないが、私のものはポンプ内部からエンジンオイルが漏れだします。 動作には問題ないようですが周囲が汚れます。,2
77059,説明書どおりにやってますが、均等に炊けず、硬く、モサモサした部分が出来ます。 ちゃんと炊けている部分だけも炊きたてでも美味しくない。。。 すごく手軽にだけど残念です。,2
50373,吊り下げる部分のボタンの作りが甘く、到着時にはすでに外れかけていました。 なんとか使えているのでそのまま使用してます。,2
46922,液だけがすごく余って錠剤が足りなくなる、、,2
70454,孫が使う前に自分でやってみました。初期状態を任意に配置したいが、駒が枠から外れない。力を入れれば外れるかもしれないが、それは孫の力では無理です（外れなければ駒が紛失することはないというメリットもありますが）。,2
120533,偏光レンズの眼鏡ONクリップタイプのサングラスだ。 極めて安価で良いよ。 黄色いのは何に使うのかな？ 射撃？ ^^;,4
130342,珪藻土バスマットを厚手のバスマットの上にのせて使っていたら、体重で割れてしまいました。 再度購入し、今度は割れないように薄手の物を敷こうと考えた時に、滑り止めシートにたどり着きました。 同じことを考えるようで、他の人もレビューに書いていますね。 大きさは丁度良い感じですが、滑り止めとしての効果は、思ったほどではないです。,4
157658,ニトリで販売されています。3kほど。 実店舗に行けない人向けかな？,4
130330,ピントがあわせるのに苦労したが軽くて良い❗,4
150000,余り期待はしてませんでした、最初ウオークマンでクラッシックを聴きました、瞬間エッ何だこりゃでした。 音源がDSDと云うのも在りますが、音は澄んで明瞭度、音像はクッキリです。 コードを８芯銀泊に交換、様子見です。 私は余り低音が強いのは好きでなく、普通のヘッドフォン、イヤフォンを使ってます。 これはクラシック聴くには充分ですがポップス、ジャズ等は一寸疲れるかな。,4
154485,とってもしっとり使い心地がよくお安く買えてお気に入りです。,4
124385,お値段が高かったので迷いましたが、HPを見て思い切って買ってみました。 今まで色々試してみましたが、こちらは3日ぐらいですぐに張りがでてびっくりです。見た目大きくなったように感じます。 効果がすぐでて嬉しいですが、やっぱりお値段が少し高いかな、、、。 ということで星は4つにします。,4
140405,タイトル通りです、シャワーの勢いが特別格段に良くなるって物ではないですしシャワーヘッドとして安く買えるって事において良さがあるものだと思いました。,4
137589,半信半疑でしたが、肩こり解消されて来てます。軽くて付けている事忘れるぐらいです,4
131184,張り替え用フェルトと同時購入。一足分にはちょっと少ないかな…接着力は問題なし。,4
153591,iPad第6世代ですが、ピッタリサイズでした。全体をしっかり覆っているため、安心して持ち歩くことができております。キーボードの反応も良いので、良いお買い物ができました(*＾＾*)色は、ワインレッドを想像していましたが、少し明るめの赤でした。「貴方にしては、少し渋めのカバーだね。笑」と言われましたが、個人的には長く使えるので良いと思っています。,4
121657,色々使える用途があります。 バイクに乗る時だけじゃなく、キャンプの時や寒い時に食器洗うときなどにも使いました。 縫製が悪い箇所があったのと、匂いがきつかったので★4にしましたが、気にしなければ問題ないレベルです。 匂いは使ってるうちにマシになっていきます。,4
142611,訳ありとはいえ美味しくいただきました、今度は通常の商品を購入して見ようと思います。,4
136987,モノマックス初購入しました。 男女兼用のクロのトート、大きさたっぷり、肩紐もしっかり長くショルダーしやすいです。モノマックスというぐらいですから、 それなりのクオリティを期待していましたが、期待を裏切ることがなく、良品です。 合皮がマットな質感で落ち着いています。 永年人気の売れ筋商品など、本誌も参考になる内容でした。 男子受けの雑誌、表紙がダサい！？ いつもスルーしていました。付録だけは、これからも、チエックします。,4
148230,イメージ写真を見ると、コンパクトで、ポータブルで使えるような印象を受けますが、実際はずっしりと重くて、予想より遥かに大きかったです。購入を決めた方は、まず設置場所を確保して下さい。オン、オフが本体底にある為、いちいち重い本体をひっくりかえさなくてはいけないのが使いずらく、結果、繋ぎっぱなしにしています。アプリは日本語非対応な為、未だ繋げていません…。先に欠点から述べさせていただきましたが、本当に素晴らしい音です!小さい音量でも、離れていても、クリアに聴こえます!と、いうか、離れて聴いてるほうが良いです。2〜3万円のスピーカーを購入しようと思っている方、どうせ買っても更にいい音を求めて2本購入したくなるのは間違いありません。…私はそうでした。これなら、1本で充分です!買って損はありません！,4
133995,娘の合宿用に購入。結局ボストンバックで行ったのでまだ使用していませんが、いつか使用する機会があればいいなと思います。,4
102951,テレビ写りは良いけどナビのGPSの受信が少し悪いので★は３つです。,3
84606,業務で冷凍庫の温度を測定記録するために購入しました。基本的に使用は問題ありませんが、３つのうち１つは最初から使用できませんでした。（電池は問題なし） その分で星減らしました。,3
97283,発送日への質問をしたら、即レスで対応が良く当方が望む日程で取得できた。,3
103912,蓋の持ち手が真直で持ち上げようとすると手が滑って蓋を何度か落としました。 煮炊きしているときにはタオル等必要です。 吊り下げる輪が必要かと思います。,3
86874,角のあるものを置いておいたりすると多少跡が残りますが、まぁ気になりません。 滑らず、クッション性もあって、初心者の私には良いものが買えたな という印象です。,3
92209,サイズ感なには満足ですが、ちょっと重たく感じます。,3
109411,nhkの趣味の園芸に出てる人ですが、内容は特に「可も不可もなし」,3
104359,年少の子で背は高い方ですが少し大きかったです！しかし胸の前のベルトでずれることなかったので重たい荷物も持ててました！,3
118793,タイトル通りです。出先で隙間時間に目を通すにはあまりに使いにくいです。 せめて上下巻に分けてサイズを小さくしてもらいたい。 また説明が冗長です。つまり何が言いたいの？と思う点が散見されます。,3
82357,シルエット自体は細身ですが、ストレッチが効いているので問題なく履けます。 股上も深くなく浅くなく、お値段的には良いと思います。,3
85212,良かった点は持ち運びしやすく味や煙量は満足出来るレベルだった事です。 悪かった点は電池があまり容量が無く結構早く無くなる事とタンクがプラで蓋のゴムが悪かったのか閉めた時にタンクと蓋の間で噛んでタンクが購入三日の時点でヒビの様なきれつが入った事です、ゴムは交換用が5つ入っているので変えましたがタンクは即買い直しで頼みましたがリキッドと相性が悪かったのか粗悪品だったのか...悲しいです。,3
82218,良い点 ・ケーブルが細く軽い。配線が楽で保管も場所を取らない。 ・金メッキ塗装でノイズが入りにくいような気持ち的な満足感がある 悪い点 ・20ヶ月（実際の使用期間12ヶ月）で寿命。ちょっと早いかな... ・断線しやすい。剛性が無い為少し乱暴な扱いをするとすぐ壊れる可能性有り。 12ヶ月挿しっぱなしで運用しており、部屋のレイアウト変更等で不要となった為束ねて保管していました。 昨日久しぶりにHDMIケーブルが必要になり使ってみた所、接続してから1日で不調が。 モニターかPC側の故障かと思いましたが、色々試した結果このケーブルでした。 細く軽く扱いやすいですが、耐久性を求める方にはおすすめ出来ないかと。,3
81532,重たくて買いに行くのが大変だから、通販で頼んだのに、宅配ボックスに入れられてしまい、運ぶのに苦労しました。そのため次回からキャンセルしました。最悪！,3
111314,"値段が高いが玄関の中に付けるので仕方なく買いました。サイズは大きいが１系統のオンオフが2回しか出来ない。表面にPanasonicの表示が欲しいと思います。プラグを差し込む物は曜日も指定出来て1,000円程度で販売している。",3
104487,予想通りの品物でした。 使いがっては非常に良いと思います。 もう少し長持ちして欲しいかな。,3
102619,詰め替えがとても楽でしたが、ポーチの中で擦れてしまったせいなのか表面がすぐに汚くなってしまって所々黒くなってしまったのが残念でした。でも人に見せるものではないので便利さで言えばとても便利です。,3
