180481,運動不足を感じ運動用に購入しました！ 白ベルトが珍しくて可愛かったので買ってよかったです！ 発送も早かったので助かりました！,5
160748,購入してからもう五年になります。 車は変わりましたが、破けないし、丈夫です。デザインもシンプルなので、まだまだつかえますよー。,5
169394,これは最高傑作ですね 工事現場で働いているのですが中に扇風機が付いておりモバイルバッテリーと繋ぐことで体内を風で涼ませることができます 非常に涼しく風の中を扇風機が冷やしてくれるような感じですね。 熱気がガンガン服の中から逃げていくので本当に体温が下がります もっと早くに購入しておけばと思う位です 特に今年の夏は暑くなるので外で働いてる方にはお勧めします,5
199658,この包丁は、保守が容易で、それは料理がもっと楽しくなりますことは間違いありません。パンもお肉もいい感じに切れます。丸ごとカボチャも切ってみたいです。,5
191343,今まではわざわざ差し替えてゲームをしていたのですが、 この分配器が届いてからは差し替える手間がなくなったのでとても便利になりました。 画質も悪くなったりもしておらず、特に問題はありません。 値段のわりに、非常に良かったです。 ありがとうございます！,5
162265,ずっとパソコン作業をやっているから、肩も首も痛くなりました。 10月まで約2ヶ月で毎週一回整骨院に通院していたが、やはり毎日しないと解消できない。 この商品を買って、毎日家でマッサージする事ができます、本当に助かりました。加熱機能も付いてる、気持ちいい。,5
167293,高いミシンと比べると安っぽくは見えますが珍しいブラックでお洒落です(^^) 実際に持ち上げると思ってたよりも本体が軽くて驚きました。 下糸の巻き取りや、上糸のかけ方など説明書がわかりやすく助かりますし、 薄手の生地を4枚重ねてもとてもスムーズに縫えパワーを感じました。 コスパ最高です！,5
171172,お値段から考えると、充分な出来だと思います。取り付けも問題なくできました。,5
170538,先日発送してもらった物が全く反応せず、バージョンも対応してる筈だった為、問い合わせした所迅速且つ丁寧な対応ですぐに代品を送る手配をしていただきました。今回送っていただいた商品は充電もイヤホン接続の両方共問題無く使えました！個体差はある様ですが、結果的にこちらの負担は無く、ライトニングの泣き所であるイヤホンジャックが無いiPhone7以降でも光が見えたので感謝してます！,5
171346,小2、年中の男児が使います。 いろいろな鉛筆を試してきましたが、 三角軸+滑り止めで一番手になじみやすいのか、 一番使用頻度が高いです。 特に小2の長男は握力が弱いのか、文字がめちゃくちゃ汚いのですが、 この鉛筆だと多少マシになります（あくまで多少です。本人の素養は超えられません） 当分こちらの鉛筆にお世話になる予定です。,5
196593,梱包されていた、黄色の布地の使い方を教えてください。(紐状の先の錘の使い方),5
163933,早速使いましたが普段使ってる安い脱毛剤より伸びがいいです、多分一回じゃ毛はなくなりませんが何度か使ってればこうかありそうです。,5
161786,私の第一印象は想像より長くて、タオルの上に水が濡れていると寒くなるので、触感もいいと思います。今年の夏は、暑いので、このタオルに人気があります。,5
178838,すごい軽くてこれからの季節にピッタリの素材と思いました。 通気性もかなりありこれから着ていこうと思います。 デザインはシンプルで色合いもとても良いと思います。 発送梱包はいつもどうりのAmazonクオリティで最高でした。,5
180221,TPU製フィルムの両面に施工しました 施工方法は簡単で、施工後はフィルムがツルツルになり、ひとまずは指紋も付着していません 効果がどれくらい続くか様子見ですが、今のところは満足してます,5
195331,安定の品物だと思います。 体にフィットするので、ズレる心配はありません。夜も運動時も安心です。,5
174698,下から出ている金色の金属の内径が既存の物とは異なりましたが、一緒に送られてきてたホースを繋げば 終了。ホースの内部にパッキン風のプラスチック？シリコン?が内蔵されていましたので、普通に締め付ければ 問題ありませんでした。台座はプラスチックにメッキ塗装してありました。水によって侵食が心配されましたので コーキングをしました。後はどのぐらい持つかが心配ですが、現時点ではコスパ良し、使い勝手良しです。,5
194368,非常に綺麗な色で満足しています。問題なく使用出来ています。オススメの品物です。安くてよかったです たまに認識しなくなりますが ストレスになる程度ではありません 価格を考えると いいと思います,5
189276,私にはどんな美容液より、効きます。 コイズミのピーリング用にスモールサイズがついてきて、使ってたのですが、終わったあとすごく肌の調子がいいのは、このジェルのお陰かも…と、ある時、洗い流さずに、そのまま寝たら、翌日、目が空きにくくなるぐらい肌がふっくら。ほうれい線がなくなりました。 なので、美容液としてリピです。嫌味のない自然なローズのとてもいい香りで、癒やされます。 ちなみに、わたしは敏感肌で化粧品フリークではありません。ご参考まで…,5
190637,スマートフォンをカーオーディオにつないで音楽を聴いたりカーナビがわりに使用したりと運転中はほとんど使っています。オーディオにつなぐと充電ができないので自動でワイヤレス充電できるのはとても助かります。ホルダーとしても見やすいし充電速度も速いのでドライブがとても快適になりました。日光が当たっていても熱を持ちすぎず安心して使うことができます。,5
175146,純正品は段差が合って、反応がイマイチだったので、こちらのショップさんのフィルムに張り替えました。 透明度も良いです。 反応も良いです。 指紋もつきにくいです。純正品は指紋だらけでしたが、こちらのフィルムは使いやすいです。 とても大満足な買い物出来ました。,5
178218,ガーリック単品も美味しいけど、このシリーズのシトラスと混ぜて使うとより美味しい。,5
178736,暫く使用していなかった手回し式発電LEDライトが手回しした時だけLEDが光るので分解してみたらリチウムイオン電池が残量が無くて発電機からの電圧は手回しした時は発生するが電池に充電されない状態。（後で調べたらこの電池は2.6ボルト？以下になると破損するとの事）同じ型式のタブ付きをamazonで見つけたので取り付けて光るようになった。今後は電池電圧を２．６ボルト以下に低下させないように、まめに充電しようと思う。,5
171197,多機能や見た目のカラーよりも仕事が出来る物をと選びました。 見た目ほどの重みもなく使用感も満足しています。,5
165940,ｓ10+にぴったりとハマり、指紋認証なども問題なく動作する事ができます。くぼみがあるので、画面の破損も予防できると思います！,5
185624,旨いアイリッシュパンを楽しんでおります。値段を上げないでほしい年金生活者です。,5
193502,コンパクトで、バッテリーの容量もたくさんあり、互換機として、とてもいいと思います。こちらの商品をメインに使って行きます。ただLEDの点灯が、吸ってる時に見えないのが難点です。,5
197782,黒糖の味がいいです。 しっとり感があり続けて食べてもくどく無いです。 だから誘惑に勝てません。,5
179450,TAMRONレンズ150-600ｍｍを注文したためこのケースも注文しましたが、届いたレンズが注文したCANON用ではなくNIKON用でしたので、レンズは返品しました。従って、このケースも返品しようと思いましたが、CANON純正100-400ｍｍのレンズを注文したため少し待っていました。100-400ｍｍのレンズをEOS Kiss X7に取り付けてこのケースに入れたところ、カメラ本体まですっぽり収まりました。ケースは返品せず、そのまま使用しています。外ポケットがあるともっと使い勝手が良いと思いますが、この価格ですので欲張らず、レンズとケースの空いたスペースにSDカードやら、肩掛けベルトやら無造作に入れています。カメラ初心者の私にはピッタリのケースです。満足しています。,5
198932,この値段でとっても安いので全然文句なしです。しかも、2ポート差し込む口あり2台充電できるので、大変便利です。,5
177652,組み立ても簡単で自分のちょうどいい角度に変えることができるので、腰や首の痛みが減りました。 横にマウスを使うところもついているので、使いやすいです。 光のマウスも問題なく使うことができます。 冷却ファンがついているのでパソコンに熱がこもらなくなりました。 音も冷却ファンが回っていることに気が付かないくらい静かです。 パソコンの大きさプラスマウス置きくらいの大きさなので場所も取りません。 使わない時はそのまま端の方のしまえる軽さなのでとても助かっています。,5
162863,使い安い、濡れない!高くてない!毎回スキーも使っていた。,5
8971,毛が挟まり動きが鈍くなっていきます。 あまり良いものではありません。,1
21656,全然使えません‼️‼️ 薄い、細い、反応したり、しなかったり 何回も力強く書かないと字が見えない ほんとに使えない、ゴミに千円も出したと思うと悔しい‼️,1
4496,結婚式で使用しようと思っていたフォトフレーム。ある程度いいものをと思い、価格も高いものを選び、購入しましたが失敗！画面は割れ、使い物になりませんでした。販売者に連絡しましたが、わけのわからない日本語で中国人だと判明。中国の粗悪品を受け取ってしまい本当に残念。これからは製造国を選んで買ったほうがいいなといい勉強になりました。皆さんにはこの商品だけは絶対おすすめしません。てかAmazonがこんな販売者に販売を許可していることがびっくりです。すぐにこの販売者のアカウントを停止してほしいぐらい。,1
7184,写真では【ブルー2】でしたが、届いたものはどうみても【ネイビー(紺)】です。 写真の色のブルー2が欲しかったのですが… あまりにも違うので、とてもショックで残念です。,1
26186,他の方がおっしゃるとおり、中国から届きましたが、真っ二つに割れてました(笑) そして、楕円もきれいな楕円ではないです。 まー、使えないことはないかも？,1
31964,システムがよく解らなかった。 電話で聞いて初めて理解できました。 はじめての人には分からんわ。,1
12155,映像途中で止まっちゃったり、 結局最後まで見れなかったです。 交換してくれないかな。,1
6310,車内の熱が原因なのか、しょっちゅうエラーが出て肝心な時に役に立たない感じ。 安いもの選ぶときはリスク覚悟しなきゃいけませんね。,1
36816,開封して1日も経っていませんが、買ってすぐに動作確認した際、ライトの半分がついたり、つかなかったりと動作が不安定でした。 再度電源を入れたときにはライトの半分は点灯しないままとなってしまいました...。 楽しみにしていただけに残念です。,1
22705,TANICA ハローキティ ヨーグルトメーカー YM-800-KT ...用だと思って買いましたが、他のタイプの大きな入れ物で使えませんでした。残念,1
30399,音質、音量、メチャ気に入って４台買いました 残念です！ 明日で丁度買ってから１ヶ月ですが １つが電源が入らなくなりました… ベッドの枕元に置いてるだけなので、水とか衝撃とかは無縁です。 気に入ってたのに残念です品質にムラが有るんですね。,1
9733,２０１８年７月に買った時は５０００円程度だったのが１年立って５８００円とかなりの値上がり。 印刷品質はとても良いが、ただでさえ高いのに、消耗品の値段がこれだけ変わるとちょっと参ってしまう。,1
16382,ペアリングができず、返品させていだだきました。,1
27295,使用して８カ月で壊れました。 CPUが触れないくらい熱くなっていたので、壊れたかと心配しましたがCPUは大丈夫でした。 レビュアーで見かけるようにモーターが壊れたようです。,1
37717,"過去のレビューにあった通り、角度が悪くそのままでは使い物になりませんでした。 自分で切って貼ってして角度を変えて使えるようにしてますがCD,SDカード入替えは外さないと出来なくなりました。角度を可変出来るような構造にしてもらうよう切に願います。",1
7844,要配線加工商品です。 説明書等もありませんので一つ一つ確認する必要があります。 装着後すぐにブレーキランプが着かなくなりました。 配線の緩みなど確認しましたが、原因はわからず… ブレーキランプが点かない物をお探しの方に是非。 私はサイン会も青い切符も御免なのですぐ別の商品を買いました。,1
19722,夫用に購入。 あけてすぐに、股のところに糸なのか何なのかわからない紐のような塊が飛び出ていることに気づきました。 縫製が粗く適当な証拠でしょうし、ほんの少しの検品の手間すら省いているのかと思い、とてもがっかりしました。 生地は思ったよりしっかりしていそうですし、サイズも良さそうだったので残念です。返品の手間を考えると本当に面倒です。,1
5685,31000円で新品と記載があったのに 画像の通り説明書が汚れて 使った形跡があり多分中古です。 本体の梱包少し雑でした。,1
29395,1回だけ使えましたが2回目Bios画面すら出ない。PC壊れたと、ドッキリ確実な商品が欲しいです。,1
30774,1/9に注文、21までに到着予定となってたので届かないから連絡したら、1/16に発送したからそれから10日〜2週間かかるとのこと。 2月に入っても届かないから問い合わせたら勝手に返金扱いにされた。 呆れました。,1
37991,ここで買ってはダメ 商品の返品手続きができないし、プレゼント目的なら、商品到着がギリギリだと反応に遅れる。 今回は私もホワイトデーに向けてなので、仕方がないので他で探します。,1
12226,買ってから2ヶ月で電源が入らなくなりました。 購入しようか検討してる時はコストパフォーマンスが良いとか書いてありましたが、新品の購入なのに、度々起動しなかったり、電源を押したら雑音がスピーカーから鳴り出し電源が切れないとかもあり、2ヶ月した時には完全に電源が入らなくなりました。 安物買いの銭失いで買った事に後悔してます。,1
21765,デザインは薄いしカッコいいんですが、まず粘着力が弱い。背面ガラスフィルムに付けたせいかもしれませんが、油分を綺麗に拭き取り、貼り付けた後2時間固定しましたが当日の内にスマホの自重で外れました。 リングの180度回転部分も新品の状態から緩くスマホを立てかけようとしても倒れます。 他の方のレビューが良いので個体差なのかもしれませんが、自分は残念すぎてもぅこれは買う気になれませんでした。,1
12120,「従来のフチにのみ接着するタイプとは異なる全面吸着タイプです。」を信じて購入しましたが Xperia X compact用は全面吸着ではない。 フチだけで止めるタイプですぐに外れてしまいます。 数日間に集中している☆☆☆☆☆５の評価は何？,1
24353,すぐ壊れたイヤホンの方が使えなくなった！全く使えない、買わない事をおすすめします。,1
24016,一ヶ月ですぐ壊れて捨てました。 お金返して欲しい！,1
28281,買って乗ったが、まずベンチャーが弱い、板の柄は良かったが、その他は全部ダメ。持続性も無かったです。買うならしっかりとしたものがいいと思います。,1
13902,取り付けても、黒い部分しか接着部分がないので、すぐ剥がれますガラス部分も滑りが悪いです,1
13889,バランスは取れてないし、シャフトはガタガタだし、ハズレだったのかな。,1
15854,私には合わなかったです。しかも、値段高過ぎ,1
33385,商品写真が不適切です。 よく読めばカットしてあると分かりますが、メインの写真が巻きテープの状態なので、よく読んで理解しないと、届いた商品が割高なことに気がつきません。 タイトルにも工夫が必要です。,1
16490,買って2週間で使えなくなりました。 粗悪品ですね。二度とこのメーカーの商品は買いません。,1
77027,タイトルから私にも「やさしく学べる」という思い違いをしました。 私は一応、大学の工学部を数十年前に卒業したのですが、多くのことを忘れていて、内容が難しくて残念でした。 口調が女の子二人の対話で進むので、もっとやさしいと勘違いしますが、大切なところの説明（まずは微分方程式）が不十分で、不親切さが対象的に感じ、そこでこの本は閉じて、一般的なタイトルの他の本に変えて勉強中です。,2
58303,本体と箱に擦れたような跡がありました。 中身に影響はなさそうでしたが、箱と入れ物も含めてのこの代金だと思うと… Amazonを信頼していたのに 残念かつ、騙された気分になりました。,2
49399,商品箱が潰れていたり、果てには中身の付属パーツの袋がちぎって開けてあったりと商品としてはなりたたない。 まだ使ってはいないが、不具合がおきるんじゃないかと不安。,2
58169,1歳8か月でそろそろ断乳したいと思い、評判が良かったので買ってみました。 結局は「おっぱいおばけが来るよ」という脅しと、「おっぱいバイバイ」のフレーズの繰り返しに頼った内容だったので、ちょっと期待外れでした。 イラストはかわいくて、子どもも食べ物の絵には反応するので、もう少し読み続けてみます。 でも、この厚さで1080円は高いのでは…。 あと、新品で買ったはずなのに本からタバコの臭いが…。 返品の本をつかまされたんでしょうか？,2
60188,イメージしていたものより、かなり大きく、耳に装着しても違和感がすごくてわたしにはダメでした。落としそうで使えないので、返品しました。 レビューが良いのはサクラなんだろうなと思います。 あと、開けたらすでに充電もされていて、封のシールなどもなく、開封も簡単にできて元に戻せるので、使用済のものでもわからないなと。。。 音質等に関しては、一度試した感じでは、低音が弱いのかなと思います。音が軽く感じますが、ここは値段相応なのかもしれません。,2
65554,容量も純正の八割ってところですかね。更に膨らんできたので、取り換えました。,2
48149,テカテカして期待外れでした。リピはないです。,2
67741,マニキュアは綺麗に落とせますが、ジェルネイルをオフするには結構時間がかかります。香りはソフトで確かに爪にダメージが少ないように思います。,2
61317,レビューが値段の割に随分良かったので購入しましたが、安っぽかったです。レビューをよく読むとところどころ日本語がおかしいです。 レビューはもっとしっかり読む方が良いなと思いました。値段相応と思えばそうかもしれませんが、お得感はありませんでした。,2
54712,スムーズにスライドしません。シリコンスプレーを散布しましたが、スライド駒の一部が成形不良で変形している為です。,2
43244,同時に青と緑を購入。青はフレームをまとめるためのマジックテープが付属。緑は輪ゴムでとめてあるだけ。モノはそれなりですが、当たりハズレがありますね。,2
63480,ちゃんとオイル交換できました。ただ、個体差があるかもしれないが、私のものはポンプ内部からエンジンオイルが漏れだします。 動作には問題ないようですが周囲が汚れます。,2
77059,説明書どおりにやってますが、均等に炊けず、硬く、モサモサした部分が出来ます。 ちゃんと炊けている部分だけも炊きたてでも美味しくない。。。 すごく手軽にだけど残念です。,2
50373,吊り下げる部分のボタンの作りが甘く、到着時にはすでに外れかけていました。 なんとか使えているのでそのまま使用してます。,2
46922,液だけがすごく余って錠剤が足りなくなる、、,2
70454,孫が使う前に自分でやってみました。初期状態を任意に配置したいが、駒が枠から外れない。力を入れれば外れるかもしれないが、それは孫の力では無理です（外れなければ駒が紛失することはないというメリットもありますが）。,2
66584,白、黒、生成と書いてあったので購入しましたが、103が入っていました。ベージュ色です。生成は403だと思うのですが… もう間に合わないのでこれで使いますが。,2
55363,切るたびにつなぎ目のところの跡がうるさいし、指が痛くなる。動きがかたい,2
66870,生地が厚いと付きが悪いし、洗濯していくうちに剥がれる。,2
76796,貼ったら反応が悪くなりすぐ外した。特にエッジ部分。お金捨てたようなもんです。,2
63374,２匹飼っていますがトッピング用に購入。１匹は大好きでモンプチのトッピングの際は夢中で食べますが、もう１匹は好きではないようでモンプチトッピングの際は食欲が落ちます(^_^;)着色料も気になるのでリピートはしません。,2
71050,数回の使用でコーティングがボコボコ浮き上がって剥がれてきた。,2
40418,動いている間は、ウルサイけどそれなりに便利に使えましたが、壊れましたｗ まあ￥150だったんでネタでｗ 見た目、使用感、強度お値段なりでした。 後日USB充電型の3千円くらいのハンディ掃除機を買いましたとさｗ,2
74249,オシャレで購入したものの、とてもとても使いづらかった。 真ん中のリングが邪魔で描きづらいし、ペンホルダーの位置が悪いのか作りが悪いのか、ペンを指してると紙が折れる。 色々カスタマイズして楽しめ、自分だけの手帖に出来るのは良かったけど、急いでメモしたりするのには向いてないですね！ このサイズは仕事では使えないですね〜 日記とかではとてもいいかも！,2
72894,全体的に安っぽいですが、それは実際安いので問題ではありません。 ただ、斜めなのは気に入らない。 一番下から歪んでおり、完全に斜め！ 違和感を感じて日々悶々としている。 最低限ギターが置ければそれでいいかなと言う人は一番安いものを買えばいいんじゃないかな。 ほんのちょっぴり高いの買おうが、斜めのときは斜めなのだから。,2
77335,スライド式の構造なので、差込口に微妙な隙間が出来る。差し込むときにその隙間にカードが引っかかるので、使いにくかった。 なれるといいが。 形状、サイズは、問題ないです。,2
77161,サイズは良いけど 質感が悪い感じがします。,2
59896,どこでも充電できるように購入しました。ただ太いコードだと短時間で充電できるかと思ったけど、そんなに早くは充電できなかったです,2
76770,レンズに傷が目立つのでもっと高価なものにした方が良いでしょうね。,2
44512,半年くらいは問題なく使用してましたが、ノイズが出るようです。,2
68213,指を３６０度以内回転OKというのは全くの嘘で、登録時の指の角度を保てなければ指紋認証はされない。指紋認証に時間もかかる。,2
76199,私のサイズでは挿入すると動かなくなります。ちなみに身長185cmの標準サイズですので体格が同じかそれ以上の方は注意してください,2
120533,偏光レンズの眼鏡ONクリップタイプのサングラスだ。 極めて安価で良いよ。 黄色いのは何に使うのかな？ 射撃？ ^^;,4
130342,珪藻土バスマットを厚手のバスマットの上にのせて使っていたら、体重で割れてしまいました。 再度購入し、今度は割れないように薄手の物を敷こうと考えた時に、滑り止めシートにたどり着きました。 同じことを考えるようで、他の人もレビューに書いていますね。 大きさは丁度良い感じですが、滑り止めとしての効果は、思ったほどではないです。,4
157658,ニトリで販売されています。3kほど。 実店舗に行けない人向けかな？,4
130330,ピントがあわせるのに苦労したが軽くて良い❗,4
150000,余り期待はしてませんでした、最初ウオークマンでクラッシックを聴きました、瞬間エッ何だこりゃでした。 音源がDSDと云うのも在りますが、音は澄んで明瞭度、音像はクッキリです。 コードを８芯銀泊に交換、様子見です。 私は余り低音が強いのは好きでなく、普通のヘッドフォン、イヤフォンを使ってます。 これはクラシック聴くには充分ですがポップス、ジャズ等は一寸疲れるかな。,4
154485,とってもしっとり使い心地がよくお安く買えてお気に入りです。,4
124385,お値段が高かったので迷いましたが、HPを見て思い切って買ってみました。 今まで色々試してみましたが、こちらは3日ぐらいですぐに張りがでてびっくりです。見た目大きくなったように感じます。 効果がすぐでて嬉しいですが、やっぱりお値段が少し高いかな、、、。 ということで星は4つにします。,4
140405,タイトル通りです、シャワーの勢いが特別格段に良くなるって物ではないですしシャワーヘッドとして安く買えるって事において良さがあるものだと思いました。,4
137589,半信半疑でしたが、肩こり解消されて来てます。軽くて付けている事忘れるぐらいです,4
131184,張り替え用フェルトと同時購入。一足分にはちょっと少ないかな…接着力は問題なし。,4
153591,iPad第6世代ですが、ピッタリサイズでした。全体をしっかり覆っているため、安心して持ち歩くことができております。キーボードの反応も良いので、良いお買い物ができました(*＾＾*)色は、ワインレッドを想像していましたが、少し明るめの赤でした。「貴方にしては、少し渋めのカバーだね。笑」と言われましたが、個人的には長く使えるので良いと思っています。,4
121657,色々使える用途があります。 バイクに乗る時だけじゃなく、キャンプの時や寒い時に食器洗うときなどにも使いました。 縫製が悪い箇所があったのと、匂いがきつかったので★4にしましたが、気にしなければ問題ないレベルです。 匂いは使ってるうちにマシになっていきます。,4
142611,訳ありとはいえ美味しくいただきました、今度は通常の商品を購入して見ようと思います。,4
136987,モノマックス初購入しました。 男女兼用のクロのトート、大きさたっぷり、肩紐もしっかり長くショルダーしやすいです。モノマックスというぐらいですから、 それなりのクオリティを期待していましたが、期待を裏切ることがなく、良品です。 合皮がマットな質感で落ち着いています。 永年人気の売れ筋商品など、本誌も参考になる内容でした。 男子受けの雑誌、表紙がダサい！？ いつもスルーしていました。付録だけは、これからも、チエックします。,4
148230,イメージ写真を見ると、コンパクトで、ポータブルで使えるような印象を受けますが、実際はずっしりと重くて、予想より遥かに大きかったです。購入を決めた方は、まず設置場所を確保して下さい。オン、オフが本体底にある為、いちいち重い本体をひっくりかえさなくてはいけないのが使いずらく、結果、繋ぎっぱなしにしています。アプリは日本語非対応な為、未だ繋げていません…。先に欠点から述べさせていただきましたが、本当に素晴らしい音です!小さい音量でも、離れていても、クリアに聴こえます!と、いうか、離れて聴いてるほうが良いです。2〜3万円のスピーカーを購入しようと思っている方、どうせ買っても更にいい音を求めて2本購入したくなるのは間違いありません。…私はそうでした。これなら、1本で充分です!買って損はありません！,4
133995,娘の合宿用に購入。結局ボストンバックで行ったのでまだ使用していませんが、いつか使用する機会があればいいなと思います。,4
152982,2枚のうち1枚は細かい汚れや傷があり着用した際に気になった。 もう1枚は完全に綺麗とは言えないが許容範囲内であった。 フィット感も良く、操作感もそこそこだと思う。,4
154683,すぐ届いてまんぞくしています。 でも思っていたよりも小さめでした,4
127551,エバポレータークリーナーと一緒に買いました。フィルターはけっこう汚れているので定期的に交換した方がいいですね。,4
142625,すぐに到着し、使用中です。使用感はまあまあで、耐久性はこれからなので星４つです。,4
149857,オーディオ機器として、気軽にサラウンドを楽しむのに購入。 映像は未使用です。 コスパはかなり高いと思います。 手放そうと思っていたDVD -audio にも対応、SACD はもちろんほとんどのフォーマットに対応。 しかし…スマホやタブレット操作ができません！ ソフトがないので「音だけ」の方はご注意を！ ((T_T)),4
141083,質感が思っていたのと違った。 値段の変動がすごいね。 いいのではないでしょうかー,4
134936,気温３度でも、下道はほぼそんなに冷たくない。 しかし、高速道路に上って１００キロ近くで走ると、繊維の隙間を風が通ってジェットヘルメットの中を通り抜ける。 シールドを下しても関係なし。 臭いも無いし肌触りも良いので、我慢して使ってます。,4
132626,とても音質はいいけどコードの接続の仕方がイマイチわからないです。 誰か教えて下さい！,4
154264,ホームベーカリーでパンを焼いた時にクコの実を入れてみたのですが、パン全体が人参のような色になり、美味しかったです。15分程クコの実を水につけて、ザルにあげたものを使用しました。実は、ホロホロになり、形はのこりませんがキレイなパンになりましたよ。,4
136328,安いので二年くらいで買いなおす気持ちでいるといいと思います。 きちんと手入れすればもっと持つと思いますが、どうしても中の熱源の部分にカルキが付くので、 その掃除を失敗すると中の塗装が溶けます。 なので、カルキ等の掃除をせずに二年程度で買い替えと考えるのが掃除もコスパも楽でいいかも。 熱源に溜まってしまうカルキですが、これはタンクを使い切った時に毎回加熱部分にある水を捨てるだけでだいぶ回避できます。 我が家は面倒なので二回に一回くらいしか捨ててませんでしたが、それだけでかなりカルキは抑えられました。 カルキ掃除が面倒な方は毎回本体内にある水を全部捨てましょう。,4
157375,タイムセールで999円になってたところをゲット。 KZ-ZSRで使用しました。 エイジング後にリケーブルしたところ、音の傾向はあまり変わらず透明感が一段とアップして、今まで聞こえなかった音が聞こえてくるようになりました。 試しにと購入しましたが、ここまで良くなるとは驚きです。,4
157813,型番は違っても問題なく使えました。良い商品です。 後は寿命かな？,4
125792,他社製の１０連ポジション球が切れたので購入。 以前のはたまたま量販店で割引セールで買ったんですが、結構明るく２年もちました。 ただ、LEDが一つずつ切れていく状態で暗くなってきたので交換です。 T10のLEDランプってAmazonでは腐るほど売ってるのでどれにしようか迷いました。 評価が良く、レンズに干渉しない小型版で明るいのを探してこの商品に決めました。 明るさは満足しましたが、問題は耐久性かな？ 後、サイトの画像と違って全体が銀色に塗装された物に変わってます。 塗装だけじゃなく、耐久性とかも改善されてるといいのですが？,4
130689,上向きで使わないようになってましたが、 上向きだけで使ってます。 大変助かってます。 最初の方は、すぐ壊れたよ防水不足でした。,4
130751,シーリングファンの証明にパナソニックの昼白色を5年ほど使用していたが、経年劣化で光量が落ちてきていたのと希ちらつくことがあり買い替えを検討。 少し趣向を変えて昼白色と電球色を半々にしてみようかと思いレビューを見ると、昼白色の評判がさほど良くない。 上記を含み検討し、昼白色を必要数買ったうえで白さが目立つようなら電球色と混合してみるつもりで購入。 点灯させてみたところ、程よい色味であったため電球色の購入は中止しました。 現在白い昼白色を使われていて、ほんの少し自然な色味にしたいということであれば電球色ではなくこちらの昼白色で許容できると思います。 ご参考までに。,4
142057,安心と信頼のXperia 香港からの輸入品とてそれは変わりませんが、 技適は通ってません。 検討中の方はご注意を,4
102951,テレビ写りは良いけどナビのGPSの受信が少し悪いので★は３つです。,3
84606,業務で冷凍庫の温度を測定記録するために購入しました。基本的に使用は問題ありませんが、３つのうち１つは最初から使用できませんでした。（電池は問題なし） その分で星減らしました。,3
97283,発送日への質問をしたら、即レスで対応が良く当方が望む日程で取得できた。,3
103912,蓋の持ち手が真直で持ち上げようとすると手が滑って蓋を何度か落としました。 煮炊きしているときにはタオル等必要です。 吊り下げる輪が必要かと思います。,3
86874,角のあるものを置いておいたりすると多少跡が残りますが、まぁ気になりません。 滑らず、クッション性もあって、初心者の私には良いものが買えたな という印象です。,3
92209,サイズ感なには満足ですが、ちょっと重たく感じます。,3
109411,nhkの趣味の園芸に出てる人ですが、内容は特に「可も不可もなし」,3
104359,年少の子で背は高い方ですが少し大きかったです！しかし胸の前のベルトでずれることなかったので重たい荷物も持ててました！,3
118793,タイトル通りです。出先で隙間時間に目を通すにはあまりに使いにくいです。 せめて上下巻に分けてサイズを小さくしてもらいたい。 また説明が冗長です。つまり何が言いたいの？と思う点が散見されます。,3
82357,シルエット自体は細身ですが、ストレッチが効いているので問題なく履けます。 股上も深くなく浅くなく、お値段的には良いと思います。,3
85212,良かった点は持ち運びしやすく味や煙量は満足出来るレベルだった事です。 悪かった点は電池があまり容量が無く結構早く無くなる事とタンクがプラで蓋のゴムが悪かったのか閉めた時にタンクと蓋の間で噛んでタンクが購入三日の時点でヒビの様なきれつが入った事です、ゴムは交換用が5つ入っているので変えましたがタンクは即買い直しで頼みましたがリキッドと相性が悪かったのか粗悪品だったのか...悲しいです。,3
82218,良い点 ・ケーブルが細く軽い。配線が楽で保管も場所を取らない。 ・金メッキ塗装でノイズが入りにくいような気持ち的な満足感がある 悪い点 ・20ヶ月（実際の使用期間12ヶ月）で寿命。ちょっと早いかな... ・断線しやすい。剛性が無い為少し乱暴な扱いをするとすぐ壊れる可能性有り。 12ヶ月挿しっぱなしで運用しており、部屋のレイアウト変更等で不要となった為束ねて保管していました。 昨日久しぶりにHDMIケーブルが必要になり使ってみた所、接続してから1日で不調が。 モニターかPC側の故障かと思いましたが、色々試した結果このケーブルでした。 細く軽く扱いやすいですが、耐久性を求める方にはおすすめ出来ないかと。,3
81532,重たくて買いに行くのが大変だから、通販で頼んだのに、宅配ボックスに入れられてしまい、運ぶのに苦労しました。そのため次回からキャンセルしました。最悪！,3
111314,"値段が高いが玄関の中に付けるので仕方なく買いました。サイズは大きいが１系統のオンオフが2回しか出来ない。表面にPanasonicの表示が欲しいと思います。プラグを差し込む物は曜日も指定出来て1,000円程度で販売している。",3
104487,予想通りの品物でした。 使いがっては非常に良いと思います。 もう少し長持ちして欲しいかな。,3
102619,詰め替えがとても楽でしたが、ポーチの中で擦れてしまったせいなのか表面がすぐに汚くなってしまって所々黒くなってしまったのが残念でした。でも人に見せるものではないので便利さで言えばとても便利です。,3
82648,クレアチンは短距離走者にとって必要なものです。毎年本格的に練習はじめるときに購入しています。調子が良くなっていると思っています。,3
114594,しっとりしてまとまるが、しっとりしすぎって感じもする。ペタンコになる,3
105534,世界の格闘王ベガ様の活躍を十分に堪能できる内容です。今見ても視聴に耐えうる内容、さすがだと思いました。,3
86323,配送は早く、翌日の午前中に届きました。急いでいたのでとても助かりました。ただ、保護フィルムの粘着力がほぼなく、付けることができなくて、保護フィルムだけ急いで店舗に買いに行く事になり、保護フィルム付きという事で選んで購入しただけに残念でした。,3
80731,セイコーの小型目覚まし買いましたが一日に何時間も狂い新品から使い物にならないので買い替え。 カシオの旧タイプのトラベルウォッチ（文字盤がブルーＬＥＤで光るタイプ）が廃盤なので後継機種かな？と買ってみましたが小さすぎです。。。旧タイプ復活させてください！,3
81954,雪国への旅行できものを着ていくことになり、 友人からこんなのがありますよ 実際使って暖かくて良い と勧められて購入しましたが、使うことなく終わりました。ので評価は普通にしました。,3
91025,内容は良かったですが、量が少ないと思った。,3
107481,値段の割にはしっかりしてました。あとは、どれくらい長持ちするかなぁって感じです！まあこんなもんですよね！,3
83499,初めてBluetooth機能を使います。本体が届いてすぐにペアリングしようとしましたが、中々出来ず苦しみました。しかし、充電をしてから30分ぐらいして、レビューに書かれている方法でトライしたら出来ました。因みにiPhone8とペアリング出来ました！ あと、機能(音質)はこだわりが強くなかったら全然問題ないです。,3
118965,値段相応と言えばそれまでですが、台座部分へのねじ穴が一月足らずでなめてしまうのは問題があるように思います。 もちろん私は決して力が強い人間ではありません。 安物買いの銭失いとはまさにこのことかと勉強になった商品です。,3
107767,キシキシ音がなるのが気になります。 それ以外は使用していて特に問題はありません。,3
114035,古い家のフエルトのような毛足の短い絨毯の上にクッションフロアを敷く際に使用してみました。気休めかもしれませんが使わないよりはマシな気がします。,3
113245,他のレビューの通り表面の耐久性がそれほど優れてる印象は持てませんでした 20万回っていうのはテフロンが完全に剥がれ落ちるまでの回数では無いでしょうか ですが商品としては値段相応かと思われます,3
118957,興味を持って買ってみたのですが、読み始めようとしたら続き物だと分かりました。面白そうなのですが、かなり長いシリーズのようなので、一気にそれまでの巻をそろえるのも躊躇っています。出版社へのお願いですが、シリーズものであると分かるようにナンバリングしてほしいです…。本編はほぼ読んでいないので、文章の評価ではありません。いつか読んだら評価し直します。,3
91300,届いてからは飲んで見るのが直ぐには効果はなって足しように個数を増やして飲むのもいいですね。,3
90413,主人公がデリヘル店長〜！！！謎の失踪事件！！犯人が分かってるだけに歯がゆい！！ 気になったのなら観て欲しい。後悔はしないと思う。 しかし、歯がゆい！,3
