180481,運動不足を感じ運動用に購入しました！ 白ベルトが珍しくて可愛かったので買ってよかったです！ 発送も早かったので助かりました！,5
160748,購入してからもう五年になります。 車は変わりましたが、破けないし、丈夫です。デザインもシンプルなので、まだまだつかえますよー。,5
169394,これは最高傑作ですね 工事現場で働いているのですが中に扇風機が付いておりモバイルバッテリーと繋ぐことで体内を風で涼ませることができます 非常に涼しく風の中を扇風機が冷やしてくれるような感じですね。 熱気がガンガン服の中から逃げていくので本当に体温が下がります もっと早くに購入しておけばと思う位です 特に今年の夏は暑くなるので外で働いてる方にはお勧めします,5
199658,この包丁は、保守が容易で、それは料理がもっと楽しくなりますことは間違いありません。パンもお肉もいい感じに切れます。丸ごとカボチャも切ってみたいです。,5
191343,今まではわざわざ差し替えてゲームをしていたのですが、 この分配器が届いてからは差し替える手間がなくなったのでとても便利になりました。 画質も悪くなったりもしておらず、特に問題はありません。 値段のわりに、非常に良かったです。 ありがとうございます！,5
162265,ずっとパソコン作業をやっているから、肩も首も痛くなりました。 10月まで約2ヶ月で毎週一回整骨院に通院していたが、やはり毎日しないと解消できない。 この商品を買って、毎日家でマッサージする事ができます、本当に助かりました。加熱機能も付いてる、気持ちいい。,5
167293,高いミシンと比べると安っぽくは見えますが珍しいブラックでお洒落です(^^) 実際に持ち上げると思ってたよりも本体が軽くて驚きました。 下糸の巻き取りや、上糸のかけ方など説明書がわかりやすく助かりますし、 薄手の生地を4枚重ねてもとてもスムーズに縫えパワーを感じました。 コスパ最高です！,5
171172,お値段から考えると、充分な出来だと思います。取り付けも問題なくできました。,5
170538,先日発送してもらった物が全く反応せず、バージョンも対応してる筈だった為、問い合わせした所迅速且つ丁寧な対応ですぐに代品を送る手配をしていただきました。今回送っていただいた商品は充電もイヤホン接続の両方共問題無く使えました！個体差はある様ですが、結果的にこちらの負担は無く、ライトニングの泣き所であるイヤホンジャックが無いiPhone7以降でも光が見えたので感謝してます！,5
171346,小2、年中の男児が使います。 いろいろな鉛筆を試してきましたが、 三角軸+滑り止めで一番手になじみやすいのか、 一番使用頻度が高いです。 特に小2の長男は握力が弱いのか、文字がめちゃくちゃ汚いのですが、 この鉛筆だと多少マシになります（あくまで多少です。本人の素養は超えられません） 当分こちらの鉛筆にお世話になる予定です。,5
196593,梱包されていた、黄色の布地の使い方を教えてください。(紐状の先の錘の使い方),5
163933,早速使いましたが普段使ってる安い脱毛剤より伸びがいいです、多分一回じゃ毛はなくなりませんが何度か使ってればこうかありそうです。,5
161786,私の第一印象は想像より長くて、タオルの上に水が濡れていると寒くなるので、触感もいいと思います。今年の夏は、暑いので、このタオルに人気があります。,5
178838,すごい軽くてこれからの季節にピッタリの素材と思いました。 通気性もかなりありこれから着ていこうと思います。 デザインはシンプルで色合いもとても良いと思います。 発送梱包はいつもどうりのAmazonクオリティで最高でした。,5
180221,TPU製フィルムの両面に施工しました 施工方法は簡単で、施工後はフィルムがツルツルになり、ひとまずは指紋も付着していません 効果がどれくらい続くか様子見ですが、今のところは満足してます,5
195331,安定の品物だと思います。 体にフィットするので、ズレる心配はありません。夜も運動時も安心です。,5
174698,下から出ている金色の金属の内径が既存の物とは異なりましたが、一緒に送られてきてたホースを繋げば 終了。ホースの内部にパッキン風のプラスチック？シリコン?が内蔵されていましたので、普通に締め付ければ 問題ありませんでした。台座はプラスチックにメッキ塗装してありました。水によって侵食が心配されましたので コーキングをしました。後はどのぐらい持つかが心配ですが、現時点ではコスパ良し、使い勝手良しです。,5
194368,非常に綺麗な色で満足しています。問題なく使用出来ています。オススメの品物です。安くてよかったです たまに認識しなくなりますが ストレスになる程度ではありません 価格を考えると いいと思います,5
189276,私にはどんな美容液より、効きます。 コイズミのピーリング用にスモールサイズがついてきて、使ってたのですが、終わったあとすごく肌の調子がいいのは、このジェルのお陰かも…と、ある時、洗い流さずに、そのまま寝たら、翌日、目が空きにくくなるぐらい肌がふっくら。ほうれい線がなくなりました。 なので、美容液としてリピです。嫌味のない自然なローズのとてもいい香りで、癒やされます。 ちなみに、わたしは敏感肌で化粧品フリークではありません。ご参考まで…,5
190637,スマートフォンをカーオーディオにつないで音楽を聴いたりカーナビがわりに使用したりと運転中はほとんど使っています。オーディオにつなぐと充電ができないので自動でワイヤレス充電できるのはとても助かります。ホルダーとしても見やすいし充電速度も速いのでドライブがとても快適になりました。日光が当たっていても熱を持ちすぎず安心して使うことができます。,5
175146,純正品は段差が合って、反応がイマイチだったので、こちらのショップさんのフィルムに張り替えました。 透明度も良いです。 反応も良いです。 指紋もつきにくいです。純正品は指紋だらけでしたが、こちらのフィルムは使いやすいです。 とても大満足な買い物出来ました。,5
178218,ガーリック単品も美味しいけど、このシリーズのシトラスと混ぜて使うとより美味しい。,5
178736,暫く使用していなかった手回し式発電LEDライトが手回しした時だけLEDが光るので分解してみたらリチウムイオン電池が残量が無くて発電機からの電圧は手回しした時は発生するが電池に充電されない状態。（後で調べたらこの電池は2.6ボルト？以下になると破損するとの事）同じ型式のタブ付きをamazonで見つけたので取り付けて光るようになった。今後は電池電圧を２．６ボルト以下に低下させないように、まめに充電しようと思う。,5
171197,多機能や見た目のカラーよりも仕事が出来る物をと選びました。 見た目ほどの重みもなく使用感も満足しています。,5
165940,ｓ10+にぴったりとハマり、指紋認証なども問題なく動作する事ができます。くぼみがあるので、画面の破損も予防できると思います！,5
185624,旨いアイリッシュパンを楽しんでおります。値段を上げないでほしい年金生活者です。,5
193502,コンパクトで、バッテリーの容量もたくさんあり、互換機として、とてもいいと思います。こちらの商品をメインに使って行きます。ただLEDの点灯が、吸ってる時に見えないのが難点です。,5
197782,黒糖の味がいいです。 しっとり感があり続けて食べてもくどく無いです。 だから誘惑に勝てません。,5
179450,TAMRONレンズ150-600ｍｍを注文したためこのケースも注文しましたが、届いたレンズが注文したCANON用ではなくNIKON用でしたので、レンズは返品しました。従って、このケースも返品しようと思いましたが、CANON純正100-400ｍｍのレンズを注文したため少し待っていました。100-400ｍｍのレンズをEOS Kiss X7に取り付けてこのケースに入れたところ、カメラ本体まですっぽり収まりました。ケースは返品せず、そのまま使用しています。外ポケットがあるともっと使い勝手が良いと思いますが、この価格ですので欲張らず、レンズとケースの空いたスペースにSDカードやら、肩掛けベルトやら無造作に入れています。カメラ初心者の私にはピッタリのケースです。満足しています。,5
198932,この値段でとっても安いので全然文句なしです。しかも、2ポート差し込む口あり2台充電できるので、大変便利です。,5
177652,組み立ても簡単で自分のちょうどいい角度に変えることができるので、腰や首の痛みが減りました。 横にマウスを使うところもついているので、使いやすいです。 光のマウスも問題なく使うことができます。 冷却ファンがついているのでパソコンに熱がこもらなくなりました。 音も冷却ファンが回っていることに気が付かないくらい静かです。 パソコンの大きさプラスマウス置きくらいの大きさなので場所も取りません。 使わない時はそのまま端の方のしまえる軽さなのでとても助かっています。,5
162863,使い安い、濡れない!高くてない!毎回スキーも使っていた。,5
190483,対応も早く、満足しています。また機会がありましたらよろしくお願いします。,5
195103,耐久性はまだわかりませんが、問題なく使用できました。配送も、遅れることなく良かったです。,5
177792,重い頭を支えて頸部をしっかり固定し安定させることで、首にかかる負担を軽減してくれるサポーターです。,5
173553,スマホをのせていない状態でもデザインがいいのでオデッセイにマッチしています。運転席脇のエアコン口にもピッタリでスマホを載せても、しっかり固定されています。今度、砂利道を走ってみて、また報告したいと思います。,5
195627,襟ありでVネックなので首回りが綺麗に見えます。ポロシャツというよりカットソー的な生地ですね。黒なので洗濯してどこまで色落ちせず持つか気になりますが、ひとまず気に入って使ってます。,5
170459,とてもシンプルで良いと思います。 クリアを購入しましたが、手帳タイプと比べてiphoneのデザインの良さが再認識できる商品だと思います。 また利用させてもらいたいと思える商品です。,5
160426,他メーカーも何本か試しましたが私が使った中では これが一番音も抜けも良いと思います。 スペアの振動板も簡単に交換できるのもうれしい♫,5
193174,スティックタイプだからお部屋の隅にコンパクトに置けて、いつでも使える便利な掃除機だと思います。コンパクトで軽いので使い勝手が良く肝心な吸引力も大変満足です。,5
196611,丁寧に梱包されており使いやすい！ シンプルでおしゃれ！,5
176372,反応がよくて好き。 外観デザインがとてもいい。組み立てが簡単だ。 試してみたら、測定が正確で、価格が安い。 素材がいい。安心して使える。長持ちする。 いい。お勧め。,5
169183,問題なく使っています｡ コスパがかなりいいと思います｡ プレゼントとかにもできるかなって,5
173179,1ヶ月放置しても全く錆びない。これはすごい,5
189298,PCが古くなり、ケースの吸排気ファンを外してしまったので、 穴が空いたままになりホコリがケースに溜まってしまっていたので、この商品を購入しました。 ペタッと貼って見た目にも違和感なく使えています。,5
188959,今回初めてBluetoothのイヤホンを購入し使ってみました。箱を開けるとイヤーピースの種類がたくさんあり耳のサイズに合ったものを付けられるので疲れることなくずっと使用できます。見た目もシンプルなのでおしゃれで音質もかなり良いです。なにより1番よかったのは、ケースに入れるだけで勝手に充電してくれることですね。家事をしながらこのイヤホンで音楽を聴いていますが、濡れた手で触っても防水なので壊れないし充電の減りも少ないので結構愛用しています。いい買い物ができました。,5
175901,らしさから好きになり今に至っていますが、やっぱり良いですね！ 歌詞が優しく、あんなに楽しそうに歌うビーバーさん達にはいつも元気をもらっています。 これから先もずっと応援させていただきます。 ライブCD付きの方を買いましたが、ライブに行きたくなりますね笑,5
198158,私が寝ている間に自動的に閉じます。本当に思いやりがあります。この商品を手に入れることができてとても嬉しいです。,5
188555,職場の裏手が川になっているため、ユスリカ対策のために購入。 これまで、市販のぶら下げて放置する薬剤なども試しましたが効果なし。 こちらの商品ですが、日中はあまり効果はみられませんでしたが、暗くなる夜間には紫外線ライトのおかげか、かなり退治できました。 ユスリカ自体が川からなのでエンドレスです。なので、こまめに掃除しないといけません。 職場裏口の蝶番側に設置することをお勧めします。取って側ですと、ライトに集まっているため開け閉めの度に進入されます。,5
175128,165センチ65キロ S サイズでぴったりでした！ 少し袖が長いと感じますが許容範囲だと思います！,5
196583,今じゃあ子供達が取り合いするくらいハマってます。もう一つ買おうと思っていますが…,5
182459,材木の収集に使用。無線にしてから仕事の能率が格段にupしました。今回は２０ｍぐらいの距離からですが、離れて操作できるので安心、安全に操作でき、それに無線、有線の両方が使用かできるのはとても便利でした。配線がいらず、ただバッテリーとウインチに繋げるだけなので非常に楽でした。ただ今まで付いていた有線リモコンは取り外してください。,5
160565,職場でのデスク作業時に膝掛けとして使うブランケットを探しており、 どうせなら大きくて暖かいものが良いと思い購入しました。 四つ折りでちょうど膝掛けサイズになり、めっちゃ暖かくて大助かりです。 手触りも心地よく、とても気に入りました。 サイズの割に価格も手頃で言うことなしです。,5
177620,これまでパソコン付近のコードがまとまりがなく困っていました。 そんな中で、USB ハブを友人からお勧めされてレビューの高いこちらの商品を購入しました。 実際にコード付近はまとまりやすくなり、業務スペース拡大へと繋がり効率的に仕事がしやくなりましたね。 USB 3.0ポートなので、スマホやＰＣなどと接続でき、データ転送速度は最大5GMbpsです。 4つのポートを備えて、小さいのに多機能です。 思ったより軽くて、超小型でした。,5
175230,毎日仕事から帰宅後に荒川河川敷にウォーキングに行っています。この時期は河川敷すでに真っ暗です。無灯火の自転車や歩行者が多いので周りを照らすのはもちろん、自分の位置を知らせるためのポジションライトとして購入しました。 このライトはスポット配光ではなく、照射範囲をおおよそ均一に照らします。ハイでは予想以上に明るく普段はローを使用しています。 クリップライトでかつバッテリー駆動でこの値段ということでコスパはかなり良いと思います。他の商品はボタン電池などで電池代と買いに行く手間があり、使わなくなりました。,5
193771,手頃なPCスタンドが欲しくて購入しました 掃除の際に、PCスタンドがあれば楽に移動することができ、掃除の効率も上がると思い購入しました。とても助かってます。鉄製なので丈夫です。PCの排気口が３割くらい塞がってしまうので、そこが不満な点ですが、全体としては満足してます。,5
193919,低反発の枕を探していました。手頃な価格で見つけたのですぐに購入しました。毎日、心地よく使っています。,5
191813,親の耳が遠くなり、この機会に買いました。さっそく使っています。大変喜ばれました。,5
162915,肌がしっとりしてるのでわたしは満足しています。 カミソリより楽に部屋でできるので手軽だと思います。 毛の焼けるにおいは結構しました。,5
181231,１７０度に設定した髪用ストレートアイロンでバッチリ縮まりました。 （様子を見ながらペタペタ挟みました。ちょっとへんな煙が出ますが アイロンには何の支障もありませんでした） 問題なく使えてます。買って良かった。,5
195497,初めてのビデオカメラなので比較は出来ませんが、高画質で鮮明に撮ることが出来て満足です。 カメラ本体は軽く長時間持っていても疲れは感じにくかったです。 収納ケースが付いているので持ち運びにも困りません。 ケーブル類、バッテリー、充電器も付いていてお得です。 Wifi接続(アプリを使う必要あり)でスマホでの管理が出来て便利でした。,5
188972,友人からのリクエストで購入しました。「仕事で使うMacのテンキーがほしい」と聞いていたのですが、こういった知識には長けていないので、デザインとMacに使えるという点だけで購入。高級感が出てきます。シンプルで良かったですし、何より友人がとても気に入っていました。,5
180576,2回目のリピートです。 水を含ませるとフワフワに膨れます。 触れた感じも気持ちいです。 リキッドファンデーションの厚塗りを防いでくれます♪ 定期的に中性洗剤で洗っていますが、綺麗にファンデが落ちます。 変な匂いなどもありません。,5
195393,そのなめらかな曲線は壁や床に吸い付くような視覚効果を持っています。ありがとうございました。,5
8971,毛が挟まり動きが鈍くなっていきます。 あまり良いものではありません。,1
21656,全然使えません‼️‼️ 薄い、細い、反応したり、しなかったり 何回も力強く書かないと字が見えない ほんとに使えない、ゴミに千円も出したと思うと悔しい‼️,1
4496,結婚式で使用しようと思っていたフォトフレーム。ある程度いいものをと思い、価格も高いものを選び、購入しましたが失敗！画面は割れ、使い物になりませんでした。販売者に連絡しましたが、わけのわからない日本語で中国人だと判明。中国の粗悪品を受け取ってしまい本当に残念。これからは製造国を選んで買ったほうがいいなといい勉強になりました。皆さんにはこの商品だけは絶対おすすめしません。てかAmazonがこんな販売者に販売を許可していることがびっくりです。すぐにこの販売者のアカウントを停止してほしいぐらい。,1
7184,写真では【ブルー2】でしたが、届いたものはどうみても【ネイビー(紺)】です。 写真の色のブルー2が欲しかったのですが… あまりにも違うので、とてもショックで残念です。,1
26186,他の方がおっしゃるとおり、中国から届きましたが、真っ二つに割れてました(笑) そして、楕円もきれいな楕円ではないです。 まー、使えないことはないかも？,1
31964,システムがよく解らなかった。 電話で聞いて初めて理解できました。 はじめての人には分からんわ。,1
12155,映像途中で止まっちゃったり、 結局最後まで見れなかったです。 交換してくれないかな。,1
6310,車内の熱が原因なのか、しょっちゅうエラーが出て肝心な時に役に立たない感じ。 安いもの選ぶときはリスク覚悟しなきゃいけませんね。,1
36816,開封して1日も経っていませんが、買ってすぐに動作確認した際、ライトの半分がついたり、つかなかったりと動作が不安定でした。 再度電源を入れたときにはライトの半分は点灯しないままとなってしまいました...。 楽しみにしていただけに残念です。,1
22705,TANICA ハローキティ ヨーグルトメーカー YM-800-KT ...用だと思って買いましたが、他のタイプの大きな入れ物で使えませんでした。残念,1
30399,音質、音量、メチャ気に入って４台買いました 残念です！ 明日で丁度買ってから１ヶ月ですが １つが電源が入らなくなりました… ベッドの枕元に置いてるだけなので、水とか衝撃とかは無縁です。 気に入ってたのに残念です品質にムラが有るんですね。,1
9733,２０１８年７月に買った時は５０００円程度だったのが１年立って５８００円とかなりの値上がり。 印刷品質はとても良いが、ただでさえ高いのに、消耗品の値段がこれだけ変わるとちょっと参ってしまう。,1
16382,ペアリングができず、返品させていだだきました。,1
27295,使用して８カ月で壊れました。 CPUが触れないくらい熱くなっていたので、壊れたかと心配しましたがCPUは大丈夫でした。 レビュアーで見かけるようにモーターが壊れたようです。,1
37717,"過去のレビューにあった通り、角度が悪くそのままでは使い物になりませんでした。 自分で切って貼ってして角度を変えて使えるようにしてますがCD,SDカード入替えは外さないと出来なくなりました。角度を可変出来るような構造にしてもらうよう切に願います。",1
7844,要配線加工商品です。 説明書等もありませんので一つ一つ確認する必要があります。 装着後すぐにブレーキランプが着かなくなりました。 配線の緩みなど確認しましたが、原因はわからず… ブレーキランプが点かない物をお探しの方に是非。 私はサイン会も青い切符も御免なのですぐ別の商品を買いました。,1
19722,夫用に購入。 あけてすぐに、股のところに糸なのか何なのかわからない紐のような塊が飛び出ていることに気づきました。 縫製が粗く適当な証拠でしょうし、ほんの少しの検品の手間すら省いているのかと思い、とてもがっかりしました。 生地は思ったよりしっかりしていそうですし、サイズも良さそうだったので残念です。返品の手間を考えると本当に面倒です。,1
5685,31000円で新品と記載があったのに 画像の通り説明書が汚れて 使った形跡があり多分中古です。 本体の梱包少し雑でした。,1
29395,1回だけ使えましたが2回目Bios画面すら出ない。PC壊れたと、ドッキリ確実な商品が欲しいです。,1
30774,1/9に注文、21までに到着予定となってたので届かないから連絡したら、1/16に発送したからそれから10日〜2週間かかるとのこと。 2月に入っても届かないから問い合わせたら勝手に返金扱いにされた。 呆れました。,1
37991,ここで買ってはダメ 商品の返品手続きができないし、プレゼント目的なら、商品到着がギリギリだと反応に遅れる。 今回は私もホワイトデーに向けてなので、仕方がないので他で探します。,1
12226,買ってから2ヶ月で電源が入らなくなりました。 購入しようか検討してる時はコストパフォーマンスが良いとか書いてありましたが、新品の購入なのに、度々起動しなかったり、電源を押したら雑音がスピーカーから鳴り出し電源が切れないとかもあり、2ヶ月した時には完全に電源が入らなくなりました。 安物買いの銭失いで買った事に後悔してます。,1
21765,デザインは薄いしカッコいいんですが、まず粘着力が弱い。背面ガラスフィルムに付けたせいかもしれませんが、油分を綺麗に拭き取り、貼り付けた後2時間固定しましたが当日の内にスマホの自重で外れました。 リングの180度回転部分も新品の状態から緩くスマホを立てかけようとしても倒れます。 他の方のレビューが良いので個体差なのかもしれませんが、自分は残念すぎてもぅこれは買う気になれませんでした。,1
12120,「従来のフチにのみ接着するタイプとは異なる全面吸着タイプです。」を信じて購入しましたが Xperia X compact用は全面吸着ではない。 フチだけで止めるタイプですぐに外れてしまいます。 数日間に集中している☆☆☆☆☆５の評価は何？,1
24353,すぐ壊れたイヤホンの方が使えなくなった！全く使えない、買わない事をおすすめします。,1
24016,一ヶ月ですぐ壊れて捨てました。 お金返して欲しい！,1
28281,買って乗ったが、まずベンチャーが弱い、板の柄は良かったが、その他は全部ダメ。持続性も無かったです。買うならしっかりとしたものがいいと思います。,1
13902,取り付けても、黒い部分しか接着部分がないので、すぐ剥がれますガラス部分も滑りが悪いです,1
13889,バランスは取れてないし、シャフトはガタガタだし、ハズレだったのかな。,1
15854,私には合わなかったです。しかも、値段高過ぎ,1
33385,商品写真が不適切です。 よく読めばカットしてあると分かりますが、メインの写真が巻きテープの状態なので、よく読んで理解しないと、届いた商品が割高なことに気がつきません。 タイトルにも工夫が必要です。,1
16490,買って2週間で使えなくなりました。 粗悪品ですね。二度とこのメーカーの商品は買いません。,1
22241,これ難しいです。。 なかなかうまく撮影できず、 何度も撮影し直していたら、 精子が動かなくなり、測定できませんでした。。。 テンガの出しているやつのほうが安いし、 良いと思います。,1
17531,５箱注文したが、１箱しか届かない！ 配達予定では、５箱だった。,1
5362,皆さん色々と不備について記載されていたようで…先に見るべきでした。 ただ、皆さんは届いていますが、私は届きもしません。 梅雨に併せて6/21に注文しましたが約2週間で催促したら出品済で配送の責任だと。そして約1ヶ月が経過しようとしています。 製造者・配送者・販売者全てが…この評価でしょう。 小銭ですが詐欺ですかね？ ☆は「0」ですが入れないと投稿できないので仕方なく☆1です。,1
26561,多機能のためか？電池の消耗が激しい。毎月のように電池交換が必要。,1
32469,良かった点 ・素体の可動 ・素体のプロポーション 悪かった点 ・変形の際に差し替えが多い ・変形のために保持力が犠牲になっている ・色分けが全くできておらずシール頼み ・スタンドがない ・汎用の武器持ち手がない,1
12437,何もならない 数字が変わらない 熱くもない 返金、代替えすぐにして欲しい,1
27135,くそつまんねえ 退屈すぎ もうつまらなすぎてやりたくない 買わない方がいいよ 好評価してる奴なんなんだ マジで…,1
17161,サイズについて、約45*10*10cmとありましたが、実際は約55*10*10cmでした。また、商品の説明と異なることから、ビニールの包装を剥がすことなくすぐに返金したのに、返金額が当初の金額より４００円少なくなっていました。サイズについてのお詫びも弁明もなく、凄く不信感があります。,1
24582,ありえないくらい使えない商品。貼りにくい上に貼り直せない。付属のヘラで気泡を抜こうとするとフィルムに傷が付く。無駄な買い物でした。,1
30608,他社のはぼ同じ柄と合わせて購入しましたが、値段が約５００円高い上、しわが何ヵ所も入っており非常に質が悪く、返品しようかと思いましたが、作業を急いでいたためやむなくシワの部分をカットして使用しました。,1
12158,サイズ的には2サイズくらいの小ささ。何を基準にしたサイズなのか不可思議。,1
20028,他のレビューが高すぎるのが気になりますが自分が購入した商品は２週間ほどで壊れました 通常ボタンを三回押すとか自動クリーニングで充電満たん時に八回押すとか、個人的に信用出来ない商品でした,1
18202,家族用も含め５本買ったが、３本が先端から折れた ちょっと壊れやすいように思う,1
21981,箱を開けてみたら、全く別のただの大判タオルが入っていました… お値段も安く可愛かったので残念です。 返品します。,1
3412,ホルダー部がグラグラで保持できない。返品したい。,1
23035,ペラペラでちょっとイメージと違った。使わずに破棄でした。,1
35048,こちらの商品は、説明にPSでも使用できるとありますが、 実際にはPSでは実物のボタンの表示と反応するボタンが違い、使用できません。 本当にがっかりです。 これから買う人は気を付けてください。,1
11741,パッチテストも事前に行い、その後2日経っても問題なかったので使用しました。 当日や翌日は問題なく3日ほど枯草のような匂いが気になる程度でしたが。。。 4日経ってから耳の後ろや首の後ろの生え際にブツブツが出てきて痒みがあります。 化学染髪剤では痒みは出るものの湿疹は無かったので驚きました。 ヘナが合わないのか、不純物のためか、分かりませんが。 ネット検索しても純粋なヘナでこれほどひどい痒みと湿疹が出ることはないそうなのでヘナ以外の配合物が原因かなと思っています。 疑う根拠はヘナ100%の割には白髪が鮮やかで濃い赤オレンジ色に染まって落ちにくい点です。 私の髪は固くて太い直毛のため、化学染髪しても白髪はいつも染まりにくく、ジアミン配合でも薄茶色にしか染まらないのです。 それがほんの3時間放置しただけで真っ赤なオレンジに。。。 これを使うなら普通のヘアカラーの方が安全だと思います。,1
20411,粘着力、弱々、ずれる、浮く、液晶との反応薄い、後悔しますよ。,1
32291,周囲3mm程度が密着しないので浮き上がります。,1
25562,貼るのは比較的簡単にはれよっかたのですが、画面にすさまじく指紋の後が残ります。 あと画面の両端のフィルムと画面の隙間１㎜に線を引いたようにホコリが入り汚らしいです。 他の物に買い替えたいです。,1
36735,経年劣化した商品が届いたのか使い物にならなかった。,1
1743,付属のレンズキャップが入っていなかったのが残念です。アダプターは問題なく使用できました。ただレンズを外すレバーが多少ぐらつきがあります。安いからやむを得ないかもされません。,1
7426,中々吸着せずズレたりします。挙げ句貼って一日で割れました。これはちょっと… 説明書も入ってないので不親切な商品だと感じました。,1
7338,残念ながら我が家に侵入していたイタチに効き目があったのは最初の一日ぐらいで二日目からは。。。ほぼ効いてません!,1
5995,サイズが小さくて装着出来ませんでした。 サイズを明確にして欲しかったです。,1
36991,映像の処理落ち、発車メロディはベルに改悪。 あげくの果てに山手線内回りで恵比寿駅に到着するとエラーで強制終了,1
20535,到着後一晩で通電不良が発生しました。 コンセント抜き差しでなんとか通電しますが、すぐに再発。,1
15121,液晶が壊れていて謎の宇宙文字のようになっていたので返品しました。,1
21420,サイズが小さい 丈が短い モデルさんのような感じになりませんでした,1
19111,かゆらぎの、シリーズに対しては、否定はしません。良い商品だと思ってます。 しかし、このキンモクセイは、臭くて、不快な感じがします。シリーズは、リピしますが、これは、二度と買う気になりませんね。,1
34562,2個入りを２箱購入したがすべて不灯状態。 偶然なのかもしれないが信頼は得られないと思う。,1
77027,タイトルから私にも「やさしく学べる」という思い違いをしました。 私は一応、大学の工学部を数十年前に卒業したのですが、多くのことを忘れていて、内容が難しくて残念でした。 口調が女の子二人の対話で進むので、もっとやさしいと勘違いしますが、大切なところの説明（まずは微分方程式）が不十分で、不親切さが対象的に感じ、そこでこの本は閉じて、一般的なタイトルの他の本に変えて勉強中です。,2
58303,本体と箱に擦れたような跡がありました。 中身に影響はなさそうでしたが、箱と入れ物も含めてのこの代金だと思うと… Amazonを信頼していたのに 残念かつ、騙された気分になりました。,2
49399,商品箱が潰れていたり、果てには中身の付属パーツの袋がちぎって開けてあったりと商品としてはなりたたない。 まだ使ってはいないが、不具合がおきるんじゃないかと不安。,2
58169,1歳8か月でそろそろ断乳したいと思い、評判が良かったので買ってみました。 結局は「おっぱいおばけが来るよ」という脅しと、「おっぱいバイバイ」のフレーズの繰り返しに頼った内容だったので、ちょっと期待外れでした。 イラストはかわいくて、子どもも食べ物の絵には反応するので、もう少し読み続けてみます。 でも、この厚さで1080円は高いのでは…。 あと、新品で買ったはずなのに本からタバコの臭いが…。 返品の本をつかまされたんでしょうか？,2
60188,イメージしていたものより、かなり大きく、耳に装着しても違和感がすごくてわたしにはダメでした。落としそうで使えないので、返品しました。 レビューが良いのはサクラなんだろうなと思います。 あと、開けたらすでに充電もされていて、封のシールなどもなく、開封も簡単にできて元に戻せるので、使用済のものでもわからないなと。。。 音質等に関しては、一度試した感じでは、低音が弱いのかなと思います。音が軽く感じますが、ここは値段相応なのかもしれません。,2
65554,容量も純正の八割ってところですかね。更に膨らんできたので、取り換えました。,2
48149,テカテカして期待外れでした。リピはないです。,2
67741,マニキュアは綺麗に落とせますが、ジェルネイルをオフするには結構時間がかかります。香りはソフトで確かに爪にダメージが少ないように思います。,2
61317,レビューが値段の割に随分良かったので購入しましたが、安っぽかったです。レビューをよく読むとところどころ日本語がおかしいです。 レビューはもっとしっかり読む方が良いなと思いました。値段相応と思えばそうかもしれませんが、お得感はありませんでした。,2
54712,スムーズにスライドしません。シリコンスプレーを散布しましたが、スライド駒の一部が成形不良で変形している為です。,2
43244,同時に青と緑を購入。青はフレームをまとめるためのマジックテープが付属。緑は輪ゴムでとめてあるだけ。モノはそれなりですが、当たりハズレがありますね。,2
63480,ちゃんとオイル交換できました。ただ、個体差があるかもしれないが、私のものはポンプ内部からエンジンオイルが漏れだします。 動作には問題ないようですが周囲が汚れます。,2
77059,説明書どおりにやってますが、均等に炊けず、硬く、モサモサした部分が出来ます。 ちゃんと炊けている部分だけも炊きたてでも美味しくない。。。 すごく手軽にだけど残念です。,2
50373,吊り下げる部分のボタンの作りが甘く、到着時にはすでに外れかけていました。 なんとか使えているのでそのまま使用してます。,2
46922,液だけがすごく余って錠剤が足りなくなる、、,2
70454,孫が使う前に自分でやってみました。初期状態を任意に配置したいが、駒が枠から外れない。力を入れれば外れるかもしれないが、それは孫の力では無理です（外れなければ駒が紛失することはないというメリットもありますが）。,2
66584,白、黒、生成と書いてあったので購入しましたが、103が入っていました。ベージュ色です。生成は403だと思うのですが… もう間に合わないのでこれで使いますが。,2
55363,切るたびにつなぎ目のところの跡がうるさいし、指が痛くなる。動きがかたい,2
66870,生地が厚いと付きが悪いし、洗濯していくうちに剥がれる。,2
76796,貼ったら反応が悪くなりすぐ外した。特にエッジ部分。お金捨てたようなもんです。,2
63374,２匹飼っていますがトッピング用に購入。１匹は大好きでモンプチのトッピングの際は夢中で食べますが、もう１匹は好きではないようでモンプチトッピングの際は食欲が落ちます(^_^;)着色料も気になるのでリピートはしません。,2
71050,数回の使用でコーティングがボコボコ浮き上がって剥がれてきた。,2
40418,動いている間は、ウルサイけどそれなりに便利に使えましたが、壊れましたｗ まあ￥150だったんでネタでｗ 見た目、使用感、強度お値段なりでした。 後日USB充電型の3千円くらいのハンディ掃除機を買いましたとさｗ,2
74249,オシャレで購入したものの、とてもとても使いづらかった。 真ん中のリングが邪魔で描きづらいし、ペンホルダーの位置が悪いのか作りが悪いのか、ペンを指してると紙が折れる。 色々カスタマイズして楽しめ、自分だけの手帖に出来るのは良かったけど、急いでメモしたりするのには向いてないですね！ このサイズは仕事では使えないですね〜 日記とかではとてもいいかも！,2
72894,全体的に安っぽいですが、それは実際安いので問題ではありません。 ただ、斜めなのは気に入らない。 一番下から歪んでおり、完全に斜め！ 違和感を感じて日々悶々としている。 最低限ギターが置ければそれでいいかなと言う人は一番安いものを買えばいいんじゃないかな。 ほんのちょっぴり高いの買おうが、斜めのときは斜めなのだから。,2
77335,スライド式の構造なので、差込口に微妙な隙間が出来る。差し込むときにその隙間にカードが引っかかるので、使いにくかった。 なれるといいが。 形状、サイズは、問題ないです。,2
77161,サイズは良いけど 質感が悪い感じがします。,2
59896,どこでも充電できるように購入しました。ただ太いコードだと短時間で充電できるかと思ったけど、そんなに早くは充電できなかったです,2
76770,レンズに傷が目立つのでもっと高価なものにした方が良いでしょうね。,2
44512,半年くらいは問題なく使用してましたが、ノイズが出るようです。,2
68213,指を３６０度以内回転OKというのは全くの嘘で、登録時の指の角度を保てなければ指紋認証はされない。指紋認証に時間もかかる。,2
76199,私のサイズでは挿入すると動かなくなります。ちなみに身長185cmの標準サイズですので体格が同じかそれ以上の方は注意してください,2
72190,3本セットですが、木の長さが違い、ニスが塗ってなく、欠けていて、フェルト部分が剥がれていて、フック部分の形が微妙に違うものが1本ありました。 この1本はズボンを傷めそうなので、使わずに捨てました。 買ったばかりなので、他の2本の品質はまだ分かりません。 買い増そうと考えていましたが、別の商品にします。,2
53037,浅くしか挟み込めないため安定しにくい。 もっと深くガッチリ挟むことができれば…,2
65360,タイトルのアウトローが合ってないね･･･ 途中の元海軍が協力する辺りまでは良かったが、爪のラストがボロボロですね残念です！,2
45831,お揃いのボールと一緒に購入しました とっても可愛い❣️のですが.. ボールをセットした時に不安定なんです,2
77840,今回注文させて頂いた本商品の中に、本作品のキャラクター達を様々なクリエイターが描いたARTBOOKという本が同封されているのですが、商品を開封してみると、ARTBOOKの表紙の右上の方に何か擦れたような傷跡がありました。 本作品が好きで、鑑賞を楽しみにしていただけに、この様なことがあり、大変残念です。,2
71222,袋から出しづらいので、毎回溶かす容器に入れる時溢れる。,2
76217,生地はしっかりしていて色も使い勝手がいいのですが、とにかく「シームレス」ではない。タイトな服にはしっかりラインが出てしまい、残念な感じです。,2
58104,速度は問題ないけど熱が高くてびっくりした。みなさんのもこんなに高いのでしょうか？また返品対象でしょうか？,2
49730,何の役にも立たなかった。無駄銭を払ってしまった。,2
45417,レビューを書いたような気がしたが弾かれた…？ Xperia xz3で完全無線と有線Bluetoothを持っているが寝る前に動画を見るのでやはり有線のイヤホンは必要不可欠 xz3の発売直後に買いxzsからで元々変えるつもりでショップに行ったわけではなかったのですが一目惚れして家に帰ってきてからイヤホンジャックがないと気付き違う箱型？の物を使っていました そちらは音に若干ノイズが乗るもののしっかり2A出てたのですが最近差し込みが曲がってきて壊れる前にと探してました まずこの箱型が自分的に取り扱いづらくてあまり好きではなくこちらのような形の２個入りで1000円程度を購入しました 結果的に２個で2Aってシャレか？と思える程度に粗悪な物で再度検索したら600円程度の物を発見 安いしダメ元でいいやと思って商品が届き早速アンペアを計ろうと思ったらtypeCがささらない 軽くパニクってふとスマホに指す方を見たらライトニング…何でtypeC イヤホン 充電で引っかかるんや…と思いつつもまぁレビューだけじゃなく商品説明もしっかり見ないとと思いiPhoneの人に譲り気を取り直してのこの製品 まぁね結局充電できればいいんだよ…しかもこの形状ストレートな奴を使っててあまに不便だなと思うことがあり買い換えるならこういうL字？がいいと思ってましたがまぁまぁ扱いがそうじゃねーってと布団に100均のスタンドで横向きに置いてるんですが充電器の重さで固定が中々難しく別にゲームもせんからストレートでもよかったなと思います 2Aは確実に出ておらず1Aレベルでは充電されるだけましな方の製品です 音に関してはノイズもないような気がするのでその点はいいかと ただ、買い換えるならちょっと無理して最初のノイズありで2A出る物にします そんな感じでした,2
45056,パッキンがついてないのでつけられなかった,2
47177,国産というので買ってみました。確かに色は綺麗です。でも、削っても直接描いてもバラバラっと大きなクズが出てきます。それを伸ばそうとしても粉にはならず・・・。初心者なので使い方が悪いのかもしれませんが、他のメーカーのもので、このように感じたことはありませんでした。自分の描き方には合いませんでした。,2
70914,外観はとてもしっかりしていて良かった。小さい方のポケットの仕切りが歪んでいたのでファスナーのひっかかりがあった。大きさのわりに入る物（目的の）がはいらず、前回購入したお財布ポシェットの方が使いやすく、結果的に使用しておりません。,2
61500,安さに惹かれて買ってみましたが… 500g1300円位の他製品と比べるのが正しいか分かりませんが食感、味、匂い等々全てにおいて劣っているかと思います。 アブラだらけでふにゃふにゃ、しかし肉はフサフサした食感で味は甘ったるい市販のチャーシュー。 一本目から嫌悪感を覚える、そんな商品でした。,2
72696,取り付けて2カ月ほどたってフィルターを取替えようと思い開けてみたら、全部とれてました。 付属のテープ粘着力弱いです,2
73881,先端ノズルのクリアチューブが圧に負けて飛んでいくのはどうかと思います。 エンジンルームの手が届かない所に飛んで行き、余計な作業時間が増えました。 物が外れて飛んで行くのは問題ですので改良して頂きたいです。,2
42794,もこもこしていて、暑苦しい。冬なら良いのかもしれないが、そもそも蒸れないために指先のないものにしているわけなので、保温効果は必要ないと思います。,2
45292,配達されたとき開けた後が有りました日本郵便は信用出来ません。,2
41848,ナンチャッテ2重襟には笑えた。 生地もちょっとゴワゴワすぎ‼️ 縫製も雑すぎる‼️,2
76915,取り付けから三日程経った頃に浮いた部分から雨が入り、接着面が剥がれてしまいました。,2
50402,思ってたのと違う……… ピン先が細いものは、角質とかを抜く用にしようと思っていましたが、思いの外、ピン先が丸くはさむ精度も低めでした。 1本だけ、はさむ精度が良いものがありましたが、ピン先が平行で使いづらいです。,2
57004,ベッドに使用したんですが、畳に後が付いていました。 ちょっと残念。ゴムが薄かった見たいです。,2
48253,富野作品や他のサンライズロボット物もある程度見ていますが、その中でもザブングルはかなり個性的な作品かと思います。物語の中に寓話であったり哲学的な問いかけを感じて、好きになれる方もいると思うのですが、個人的には中盤はじめで嫌気が出たものの意地になって最後まで観きった感じです。 まず登場人物ですが、主人公達が属する人種は我々（つまり一般的な現代日本人）とは違った感性や常識、物のとらえ方を持った人々で、刹那的で他人への配慮が欠けているような人たちです。個性的なキャラデザインと相まって個人的には、あえて強く言えば嫌悪感を感じてしまい、主人公に共感であったり意気投合できず楽しめなかった主な要因だと感じています。 また、中盤の中だるみ。敵の拠点をつぶしては移動、その途中に敵が攻めて来たり仲間割れで揉めたりを繰り返して物語が進まずにダラダラと話が続いていくあたりが一番つらく、いっそ2クール26話ぐらいでカッチリまとめてくれれば良かったと感じてしまいました。 個性的というと、劇中でのメタ発言の多さも特徴で面白いのですが、お約束パターンでおんなじようなネタが何回も出てくるので、先に書いた中盤のダラダラもあって押しつけがましさを感じてしまいました。 と、こんな風にズラズラ悪く書きましたが、前述の主人公たちの性格も含めてしっかりと世界観や設定が構築されていて、決して手抜きであるというようなものではありません、他のレビューからもわかるように好き嫌い分かれる作品なので興味があれば見てみるのもいいと思います。,2
50089,ダイソンと思って買ったら違った。メンテナンス体制がはっきりわからないので心配。,2
72389,半年たった頃に２周回さないと切れなくなり、その後全く切れなくなりました。 ショップに連絡をしても一切返信がなく不信感でいっぱいです。,2
52945,他の購入者さんのレビューにもありますが、着陸時の痛みには全く効果がありませんでした。残念です、、、,2
69703,一枚糸がほつれて生地がのひていました。 二ヶ所あります,2
58686,焙煎具合がバラバラで、一瞬？ってなりました。 今まで均一に焙煎されてた珈琲豆しか見た事がなかったので…。 味も好みではなかったです。 珈琲豆選びは難しいですね！ それも楽しい事なんですけどね。,2
48117,朝の食事にトーストで焼いて食べています。,2
47277,ピンクを頼んだが白が来たので。商品が届くまで早くてよかったが返品のみ受け付けで交換はなしとのこと。自動的に交換に回して欲しかった。でないと改めて買う気にならない。,2
71776,まっすぐになりません。ちょっとガッカリです。,2
50841,肌触りは気持ちいいけど、期待したほど暖かくはない。のびて変形しちゃうし。,2
120533,偏光レンズの眼鏡ONクリップタイプのサングラスだ。 極めて安価で良いよ。 黄色いのは何に使うのかな？ 射撃？ ^^;,4
130342,珪藻土バスマットを厚手のバスマットの上にのせて使っていたら、体重で割れてしまいました。 再度購入し、今度は割れないように薄手の物を敷こうと考えた時に、滑り止めシートにたどり着きました。 同じことを考えるようで、他の人もレビューに書いていますね。 大きさは丁度良い感じですが、滑り止めとしての効果は、思ったほどではないです。,4
157658,ニトリで販売されています。3kほど。 実店舗に行けない人向けかな？,4
130330,ピントがあわせるのに苦労したが軽くて良い❗,4
150000,余り期待はしてませんでした、最初ウオークマンでクラッシックを聴きました、瞬間エッ何だこりゃでした。 音源がDSDと云うのも在りますが、音は澄んで明瞭度、音像はクッキリです。 コードを８芯銀泊に交換、様子見です。 私は余り低音が強いのは好きでなく、普通のヘッドフォン、イヤフォンを使ってます。 これはクラシック聴くには充分ですがポップス、ジャズ等は一寸疲れるかな。,4
154485,とってもしっとり使い心地がよくお安く買えてお気に入りです。,4
124385,お値段が高かったので迷いましたが、HPを見て思い切って買ってみました。 今まで色々試してみましたが、こちらは3日ぐらいですぐに張りがでてびっくりです。見た目大きくなったように感じます。 効果がすぐでて嬉しいですが、やっぱりお値段が少し高いかな、、、。 ということで星は4つにします。,4
140405,タイトル通りです、シャワーの勢いが特別格段に良くなるって物ではないですしシャワーヘッドとして安く買えるって事において良さがあるものだと思いました。,4
137589,半信半疑でしたが、肩こり解消されて来てます。軽くて付けている事忘れるぐらいです,4
131184,張り替え用フェルトと同時購入。一足分にはちょっと少ないかな…接着力は問題なし。,4
153591,iPad第6世代ですが、ピッタリサイズでした。全体をしっかり覆っているため、安心して持ち歩くことができております。キーボードの反応も良いので、良いお買い物ができました(*＾＾*)色は、ワインレッドを想像していましたが、少し明るめの赤でした。「貴方にしては、少し渋めのカバーだね。笑」と言われましたが、個人的には長く使えるので良いと思っています。,4
121657,色々使える用途があります。 バイクに乗る時だけじゃなく、キャンプの時や寒い時に食器洗うときなどにも使いました。 縫製が悪い箇所があったのと、匂いがきつかったので★4にしましたが、気にしなければ問題ないレベルです。 匂いは使ってるうちにマシになっていきます。,4
142611,訳ありとはいえ美味しくいただきました、今度は通常の商品を購入して見ようと思います。,4
136987,モノマックス初購入しました。 男女兼用のクロのトート、大きさたっぷり、肩紐もしっかり長くショルダーしやすいです。モノマックスというぐらいですから、 それなりのクオリティを期待していましたが、期待を裏切ることがなく、良品です。 合皮がマットな質感で落ち着いています。 永年人気の売れ筋商品など、本誌も参考になる内容でした。 男子受けの雑誌、表紙がダサい！？ いつもスルーしていました。付録だけは、これからも、チエックします。,4
148230,イメージ写真を見ると、コンパクトで、ポータブルで使えるような印象を受けますが、実際はずっしりと重くて、予想より遥かに大きかったです。購入を決めた方は、まず設置場所を確保して下さい。オン、オフが本体底にある為、いちいち重い本体をひっくりかえさなくてはいけないのが使いずらく、結果、繋ぎっぱなしにしています。アプリは日本語非対応な為、未だ繋げていません…。先に欠点から述べさせていただきましたが、本当に素晴らしい音です!小さい音量でも、離れていても、クリアに聴こえます!と、いうか、離れて聴いてるほうが良いです。2〜3万円のスピーカーを購入しようと思っている方、どうせ買っても更にいい音を求めて2本購入したくなるのは間違いありません。…私はそうでした。これなら、1本で充分です!買って損はありません！,4
133995,娘の合宿用に購入。結局ボストンバックで行ったのでまだ使用していませんが、いつか使用する機会があればいいなと思います。,4
152982,2枚のうち1枚は細かい汚れや傷があり着用した際に気になった。 もう1枚は完全に綺麗とは言えないが許容範囲内であった。 フィット感も良く、操作感もそこそこだと思う。,4
154683,すぐ届いてまんぞくしています。 でも思っていたよりも小さめでした,4
127551,エバポレータークリーナーと一緒に買いました。フィルターはけっこう汚れているので定期的に交換した方がいいですね。,4
142625,すぐに到着し、使用中です。使用感はまあまあで、耐久性はこれからなので星４つです。,4
149857,オーディオ機器として、気軽にサラウンドを楽しむのに購入。 映像は未使用です。 コスパはかなり高いと思います。 手放そうと思っていたDVD -audio にも対応、SACD はもちろんほとんどのフォーマットに対応。 しかし…スマホやタブレット操作ができません！ ソフトがないので「音だけ」の方はご注意を！ ((T_T)),4
141083,質感が思っていたのと違った。 値段の変動がすごいね。 いいのではないでしょうかー,4
134936,気温３度でも、下道はほぼそんなに冷たくない。 しかし、高速道路に上って１００キロ近くで走ると、繊維の隙間を風が通ってジェットヘルメットの中を通り抜ける。 シールドを下しても関係なし。 臭いも無いし肌触りも良いので、我慢して使ってます。,4
132626,とても音質はいいけどコードの接続の仕方がイマイチわからないです。 誰か教えて下さい！,4
154264,ホームベーカリーでパンを焼いた時にクコの実を入れてみたのですが、パン全体が人参のような色になり、美味しかったです。15分程クコの実を水につけて、ザルにあげたものを使用しました。実は、ホロホロになり、形はのこりませんがキレイなパンになりましたよ。,4
136328,安いので二年くらいで買いなおす気持ちでいるといいと思います。 きちんと手入れすればもっと持つと思いますが、どうしても中の熱源の部分にカルキが付くので、 その掃除を失敗すると中の塗装が溶けます。 なので、カルキ等の掃除をせずに二年程度で買い替えと考えるのが掃除もコスパも楽でいいかも。 熱源に溜まってしまうカルキですが、これはタンクを使い切った時に毎回加熱部分にある水を捨てるだけでだいぶ回避できます。 我が家は面倒なので二回に一回くらいしか捨ててませんでしたが、それだけでかなりカルキは抑えられました。 カルキ掃除が面倒な方は毎回本体内にある水を全部捨てましょう。,4
157375,タイムセールで999円になってたところをゲット。 KZ-ZSRで使用しました。 エイジング後にリケーブルしたところ、音の傾向はあまり変わらず透明感が一段とアップして、今まで聞こえなかった音が聞こえてくるようになりました。 試しにと購入しましたが、ここまで良くなるとは驚きです。,4
157813,型番は違っても問題なく使えました。良い商品です。 後は寿命かな？,4
125792,他社製の１０連ポジション球が切れたので購入。 以前のはたまたま量販店で割引セールで買ったんですが、結構明るく２年もちました。 ただ、LEDが一つずつ切れていく状態で暗くなってきたので交換です。 T10のLEDランプってAmazonでは腐るほど売ってるのでどれにしようか迷いました。 評価が良く、レンズに干渉しない小型版で明るいのを探してこの商品に決めました。 明るさは満足しましたが、問題は耐久性かな？ 後、サイトの画像と違って全体が銀色に塗装された物に変わってます。 塗装だけじゃなく、耐久性とかも改善されてるといいのですが？,4
130689,上向きで使わないようになってましたが、 上向きだけで使ってます。 大変助かってます。 最初の方は、すぐ壊れたよ防水不足でした。,4
130751,シーリングファンの証明にパナソニックの昼白色を5年ほど使用していたが、経年劣化で光量が落ちてきていたのと希ちらつくことがあり買い替えを検討。 少し趣向を変えて昼白色と電球色を半々にしてみようかと思いレビューを見ると、昼白色の評判がさほど良くない。 上記を含み検討し、昼白色を必要数買ったうえで白さが目立つようなら電球色と混合してみるつもりで購入。 点灯させてみたところ、程よい色味であったため電球色の購入は中止しました。 現在白い昼白色を使われていて、ほんの少し自然な色味にしたいということであれば電球色ではなくこちらの昼白色で許容できると思います。 ご参考までに。,4
142057,安心と信頼のXperia 香港からの輸入品とてそれは変わりませんが、 技適は通ってません。 検討中の方はご注意を,4
138980,中国製ではありますが、価格に見合う製品で、特に問題ないです。薄すぎず暑すぎずちょうどいいと思います。サイズ感も普通のMでした！,4
146677,以前、讃岐のそうめんを食べてからはまりました。 普通のそうめんよりコシがあってとても美味しいです！ これから暑い日が続くのでお昼にはかかせない食べ物なのでたくさん購入しました。 ほぼ毎日食べてます^ ^,4
145504,プレゼントにしましたが、サイズ22センチからの靴下が市販ではなかなかないので、すごく喜んでもらえました。足袋ソックスというのが、なお、喜んでもらえました。,4
129533,自分用です。毎日飲む物なので、たくさん入っている方がいいです。カフェオレは1回で出来るので、簡単で美味しいです。ドルチェグストを買ってから外でコーヒを買わなくなりました。経済的で節約になります。,4
129023,コンパクトで軽くで使いやすい。 この前に買った冷蔵庫が、重かったので買い替えで、いいもの見つけました,4
151818,8畳部屋を ちょっと加湿したくて購入 3〜5%上げれば 十分なので まったく問題無し,4
159370,ビタミンCと一緒に飲んでいます。 これを飲んでるからといって何かが凄く変わる、とは感じませんが、お守り代わりに飲んでいます。,4
146566,シルバーですから、白のワイシャツに合います。 多少模様が入っていても大丈夫な感じです。 光沢と艶消しで模様になっていますが、実際あまり目立たず、控えめなので使いやすいデザインです。 難点は、ケースの蓋が開きにくい点があります、軽く押さえる程度にしないと、開ける際に一苦労します。 概ね、満足。,4
154080,まだ使用しておりません。 また、レビューします。 ルアーに装置しましたが問題がなさそう？,4
143793,ラチェット機能は使い始め違和感あるが、慣れてくれば良さそうな感じ！ 切断能力20mmは他の製品に比べてやや見劣り不満で、思い切った剪定には不安。 各部品の組み立てがしっかりしてるのは好印象。,4
140624,普段M～Lサイズを着ています。小さめというレビューが多いですが、薄手のコート下に着用目的ですので、 ぴったりサイズを狙い、Lサイズを注文。予定通りの着用感でした。 しかし、７月１３日に注文、届いたのは、８月３日。 急いでいるわけではなかったので、良かったですが、急に必要になった方にはおすすめしません！,4
128075,イヤホンのケーブルがずれ落ちるので、それがちょっとウザかったり。,4
151270,孫が喜んでいます。従って、感想が書けれません。。。。。。。。。。。。。。。。。。。。。。。。。。。。。。。。。,4
120651,取り付けもうまくいき、無事稼動しています。,4
126520,キラキラ！可愛いしコスパ良し だが落としづらい,4
145788,このモバイルバッテリーが有ればケーブルを持ち歩く必要がない優れもの。Macbookも充電出来る。ただ、非常に重いので常時持ち歩くにはきついかも。,4
124751,金属製では無いので軽い。頭にセットしやすい。これは緊急時に、そして長時間使用するので、最小限必要なのでほぼ問題なし。ただ頭の形に対して問題無いかと言えばマイナス１。セットしてしばらくすると、何となく痛みを覚えるので、万人に対して、薦められない。耐久性については、時間と衝撃を加えないといけないので、評価無し。一応ＪＩＳ規格に合格している製品と言うことで、安心して使えると思う。内側に使ってあるプラスチック製品の劣化度で寿命が決まると考える（以前使っていたヘルメットがそうであったように）。,4
147843,洗濯物の仕上げに重宝だが、臭いが良い。使わなくてもよいかも。,4
125135,壊れていたり傷があるということも無く良かったです。 5歳の子供も大変喜んでいました。 ただ、缶の蓋部分がすぐに取れる割に元に戻そうと付けようとしてもなかなかうまくカチッと取り付けられず、外した状態で遊んでいます。,4
154216,チャックいらないかも でも書類がたくさん入るので助かります。 ペットボトルも横に入るので嬉しいです。,4
123212,JB5ライフに装着しました。 純正バルブからの交換でしたので、かなり明るく白くなりました。 後は耐久性がどのくらいかですけど、値段、明るさは大満足ですね,4
134679,2枚入りで安くて耐久性もあり、しっかりしているので、ずっと使えそうです。 一回り小さいのが、少し残念かな？,4
129021,可愛いので購入しました。今のところ問題なく使えています。使用中などライトが付けば、わかりやすくて良いのになと思いました。,4
120532,人生初の、こたつを買ったのですが天板がかなり重いです。あと天板表面は、もう少し艶があってもいいかなと思いました。組み立ては簡単で、ヒーターもいい感じです。天板の角がもう少し丸く処理をしていたら☆5でした。,4
123183,性能もいいし、何より猫を3匹飼っていても安心して使用できます。 再度購入も考えているくらいいい品です。,4
120664,初めてのスマートウォッチということで購入。 LINE受信時の簡単な表示 着信時、スマホ置き去り時にも震えたりするので 普段、スマホから離れる人にはそれなりにいいかも。 気になったのは 説明書の日本語がおかしい。 また、受信時に震えるだけで、履歴等は残らないため、すぐにスマホ確認ができない環境だと着信があったのを忘れる可能性がある。 二台買ったけど、一台は受信しましたと出てこなかったりする。 iOSの関係か？最新のiOSは今のところ問題ないのだが…,4
126205,側面の面取り等、作りは非常に好感度が高い。 コーティングが強すぎて、透かして紫、透過光は黄色過多。 撮影用のサーフェスなので、向かなかった。,4
130219,思ってた以上想像以上の大きさでした。でもよく見えます。持って使うには少し大きめです。,4
128477,多くの方のコメントにあるように本当にふわふわで暖かい感じです。脱着も簡単でいいです。,4
156083,届くのもはやく、思っていた通りでとても可愛らしく、レース使いもとてもよかったです！買ってよかったです！,4
132869,気に入ったこと------とても軽いこと 気に入らないこと------座っているうちに、自然と下がっていくこと(出来れば交換して欲しい),4
151791,軽くても強度はあり、便利に使うことができそうです。到着までに２か月かかったので、星一つ減らしました。,4
102951,テレビ写りは良いけどナビのGPSの受信が少し悪いので★は３つです。,3
84606,業務で冷凍庫の温度を測定記録するために購入しました。基本的に使用は問題ありませんが、３つのうち１つは最初から使用できませんでした。（電池は問題なし） その分で星減らしました。,3
97283,発送日への質問をしたら、即レスで対応が良く当方が望む日程で取得できた。,3
103912,蓋の持ち手が真直で持ち上げようとすると手が滑って蓋を何度か落としました。 煮炊きしているときにはタオル等必要です。 吊り下げる輪が必要かと思います。,3
86874,角のあるものを置いておいたりすると多少跡が残りますが、まぁ気になりません。 滑らず、クッション性もあって、初心者の私には良いものが買えたな という印象です。,3
92209,サイズ感なには満足ですが、ちょっと重たく感じます。,3
109411,nhkの趣味の園芸に出てる人ですが、内容は特に「可も不可もなし」,3
104359,年少の子で背は高い方ですが少し大きかったです！しかし胸の前のベルトでずれることなかったので重たい荷物も持ててました！,3
118793,タイトル通りです。出先で隙間時間に目を通すにはあまりに使いにくいです。 せめて上下巻に分けてサイズを小さくしてもらいたい。 また説明が冗長です。つまり何が言いたいの？と思う点が散見されます。,3
82357,シルエット自体は細身ですが、ストレッチが効いているので問題なく履けます。 股上も深くなく浅くなく、お値段的には良いと思います。,3
85212,良かった点は持ち運びしやすく味や煙量は満足出来るレベルだった事です。 悪かった点は電池があまり容量が無く結構早く無くなる事とタンクがプラで蓋のゴムが悪かったのか閉めた時にタンクと蓋の間で噛んでタンクが購入三日の時点でヒビの様なきれつが入った事です、ゴムは交換用が5つ入っているので変えましたがタンクは即買い直しで頼みましたがリキッドと相性が悪かったのか粗悪品だったのか...悲しいです。,3
82218,良い点 ・ケーブルが細く軽い。配線が楽で保管も場所を取らない。 ・金メッキ塗装でノイズが入りにくいような気持ち的な満足感がある 悪い点 ・20ヶ月（実際の使用期間12ヶ月）で寿命。ちょっと早いかな... ・断線しやすい。剛性が無い為少し乱暴な扱いをするとすぐ壊れる可能性有り。 12ヶ月挿しっぱなしで運用しており、部屋のレイアウト変更等で不要となった為束ねて保管していました。 昨日久しぶりにHDMIケーブルが必要になり使ってみた所、接続してから1日で不調が。 モニターかPC側の故障かと思いましたが、色々試した結果このケーブルでした。 細く軽く扱いやすいですが、耐久性を求める方にはおすすめ出来ないかと。,3
81532,重たくて買いに行くのが大変だから、通販で頼んだのに、宅配ボックスに入れられてしまい、運ぶのに苦労しました。そのため次回からキャンセルしました。最悪！,3
111314,"値段が高いが玄関の中に付けるので仕方なく買いました。サイズは大きいが１系統のオンオフが2回しか出来ない。表面にPanasonicの表示が欲しいと思います。プラグを差し込む物は曜日も指定出来て1,000円程度で販売している。",3
104487,予想通りの品物でした。 使いがっては非常に良いと思います。 もう少し長持ちして欲しいかな。,3
102619,詰め替えがとても楽でしたが、ポーチの中で擦れてしまったせいなのか表面がすぐに汚くなってしまって所々黒くなってしまったのが残念でした。でも人に見せるものではないので便利さで言えばとても便利です。,3
82648,クレアチンは短距離走者にとって必要なものです。毎年本格的に練習はじめるときに購入しています。調子が良くなっていると思っています。,3
114594,しっとりしてまとまるが、しっとりしすぎって感じもする。ペタンコになる,3
105534,世界の格闘王ベガ様の活躍を十分に堪能できる内容です。今見ても視聴に耐えうる内容、さすがだと思いました。,3
86323,配送は早く、翌日の午前中に届きました。急いでいたのでとても助かりました。ただ、保護フィルムの粘着力がほぼなく、付けることができなくて、保護フィルムだけ急いで店舗に買いに行く事になり、保護フィルム付きという事で選んで購入しただけに残念でした。,3
80731,セイコーの小型目覚まし買いましたが一日に何時間も狂い新品から使い物にならないので買い替え。 カシオの旧タイプのトラベルウォッチ（文字盤がブルーＬＥＤで光るタイプ）が廃盤なので後継機種かな？と買ってみましたが小さすぎです。。。旧タイプ復活させてください！,3
81954,雪国への旅行できものを着ていくことになり、 友人からこんなのがありますよ 実際使って暖かくて良い と勧められて購入しましたが、使うことなく終わりました。ので評価は普通にしました。,3
91025,内容は良かったですが、量が少ないと思った。,3
107481,値段の割にはしっかりしてました。あとは、どれくらい長持ちするかなぁって感じです！まあこんなもんですよね！,3
83499,初めてBluetooth機能を使います。本体が届いてすぐにペアリングしようとしましたが、中々出来ず苦しみました。しかし、充電をしてから30分ぐらいして、レビューに書かれている方法でトライしたら出来ました。因みにiPhone8とペアリング出来ました！ あと、機能(音質)はこだわりが強くなかったら全然問題ないです。,3
118965,値段相応と言えばそれまでですが、台座部分へのねじ穴が一月足らずでなめてしまうのは問題があるように思います。 もちろん私は決して力が強い人間ではありません。 安物買いの銭失いとはまさにこのことかと勉強になった商品です。,3
107767,キシキシ音がなるのが気になります。 それ以外は使用していて特に問題はありません。,3
114035,古い家のフエルトのような毛足の短い絨毯の上にクッションフロアを敷く際に使用してみました。気休めかもしれませんが使わないよりはマシな気がします。,3
113245,他のレビューの通り表面の耐久性がそれほど優れてる印象は持てませんでした 20万回っていうのはテフロンが完全に剥がれ落ちるまでの回数では無いでしょうか ですが商品としては値段相応かと思われます,3
118957,興味を持って買ってみたのですが、読み始めようとしたら続き物だと分かりました。面白そうなのですが、かなり長いシリーズのようなので、一気にそれまでの巻をそろえるのも躊躇っています。出版社へのお願いですが、シリーズものであると分かるようにナンバリングしてほしいです…。本編はほぼ読んでいないので、文章の評価ではありません。いつか読んだら評価し直します。,3
91300,届いてからは飲んで見るのが直ぐには効果はなって足しように個数を増やして飲むのもいいですね。,3
90413,主人公がデリヘル店長〜！！！謎の失踪事件！！犯人が分かってるだけに歯がゆい！！ 気になったのなら観て欲しい。後悔はしないと思う。 しかし、歯がゆい！,3
83090,保証書付きと記載されていましたが、保証書が付いていませんでした。注文確認メールが保証書の代わりですか？違うのであれば保証書を送付願います。,3
92674,作りやデザインは良い感じです。値段なりでちょっと寒いかな、インナー等工夫した方がよさそう。サイズですが成人男性で手が小さい方なのでMを購入しましたがかなりデカかった。,3
104113,秋に入ると乾燥で鼻や頬の皮が剥けるので、忙しい朝でも準備しながら保湿ができると思い購入。夕方でも乾燥して皮が剥けてることはなくなりました。ただ一回の枚数が4枚だと少ないことと、パックを5分くらい着けると頬がピリピリするから星は-2で。,3
90435,色、外見のデザインは結構満足しています。 内ポケットのことは、コメントを読んでちょっと心配でしたが、価格とデザインが気に入ったのでで購入しました。内ポケットは、2つ付いていますが、2つとも残念ながら、スマホ、名刺入れさえ入らない状態でした。使用していますが、内ポケットの意味が分かりません。どちらかでも、もうちょっとだけ、スマホがはいるくらいは大きくなったら、満足なのに、本当に残念です。,3
104203,3か月程度の賞味期限でこの数は・・・多すぎた。 いや、自分が悪いんですが。 近所のディスカウントストアで1袋づつ買ったほうがよかったかな。,3
113646,特に問題はありませんが、ふたの内側の丸いパッキンが外れやすく、中身が少し漏れてしまった。,3
80956,中身は良いけどケースが良くないです...,3
113199,商品説明には書いてあったと思うのですが、ペットボトル等を立てて入れておくポケットが一番大きな収入場所に両端に２つ付いているのが、邪魔です。手持ちリュックの大きさ的にはＬサイズが丁度良かったのですが、そのポケットが付いていないＭサイズにしておけばよかったかなと思っています。,3
115411,よいですよ。 曲が変わるときに「ピッ」ていうのがイヤだからマイナス１、あとはバッテリーの寿命がわからないのでマイナス1ということで。,3
101755,サイズの調整はできない。安い靴なら良いが、高い靴にはつけないほうが良いと思った,3
82029,ケースが割れていました。 DVDは多少の傷はあれども、映り音声に問題はありませんでした。,3
112607,少し大きいかなぁって思います。 肌触りはいいので気に入ってはいます。が、少し思ってるのと色が違う感じで星３つです。,3
104692,とても可愛いので見た目は気に入りましたが、後ろ側の金具が手に当たります。慣れるまで引っ掛けて痛い思いをしました。,3
115828,他のを使用したことがありませんがくせはなくダマにもなりませんでした。,3
106526,軽く持ち運びも良く、くっきりはっきり見えました。ただ視野が思ってたよりも狭くピント合わせもやや使いづらかったです。デザインもなんとなくダサく感じてしまい結局別のものにすぐ買い換え人に譲りました。ちょっといい双眼鏡欲しいなぁという人にはいいと思いますが、私にとっては高い買い物でした。orz,3
94206,半透明な商品を梱包する袋のみでした 大きさはレビューを参考に大きいほうを購入 丁度良かったです。 思ったより着心地がもっさりしていて夏場は蒸れるかもしれません。 雨の日に着てみたいと思います,3
85341,一つで良かったのですが、仕方がありません。配送料もなしですから今後の予備に置いておきます。 なかなか壊れる場所ではないのですが、今後は安心です。,3
94333,お届けものにオススメ。味も太鼓判。prime会員で、送料無料ですが、ただ商品価格に送料分上乗せされているので……,3
92637,あたたかく滑らない。ただ少し手首と手の甲の間が短かく感じる。,3
103250,ドラレコ用に内張り内に配線しました。 向きがどちらでも刺さるので便利ですが、ケーブルがやや太いので内張りが 少し浮いてしまいます。参考までに。,3
116490,使いやすく価格が手ごろで、がっちりしており、本格的な三脚として使える。もう少し軽ければ満点かもしれない。,3
106537,暑い日に重宝しております。短パンは【ちょっと】って方はいいんではないでしょうか 若干ズボンのボタンが弱く裁縫で補強しました,3
110203,なんの問題もなく使えてますよ。パナソニックさんありがとうございます。今後ともお世話になります。,3
82538,かなり明るいです。周りの人にビックリされるのでちょっと恥ずかしい。,3
119097,使い始めて一週間でf 9（再生と一時停止）が反応しなくなった！それ以外のボタンは正常に反応します。,3
113782,ライトとしては普通です。可も無く不可も無く。 この商品はボッシュのバッテリーを所有している事が購入の前提になります。 ライト本体とバッテリーの値段を考えればコスパは非常に悪いです。（合計で大凡10000円弱） この値段なら、他の１８５６０のバッテリーを使用したライトの方が安く、また明るいライトが多数あります。 もしくはライト本体の値段（アマゾン価格で大凡3500円）でもホームセンターなどに行けば同程度の明るさを持ったライトが あります。 ボッシュのバッテリーを持っていない場合は他のライトの方がいいでしょう。,3
87193,この商品を購入したが、説明書が無く未だにまだ利用できませんが、説明書を誰か譲って 頂けないでしょうか。,3
91332,布の折りが悪くきたなく感じます。せっかくの和風傘風が台無しです。とても残念です。持ち手のウレタンは持ちやすいが安っぽいすね。,3
103697,他の方のレビューにあるように音楽を楽しむモノではないと思います。 私はどこにいてもラジオを聞きたい、電話を逃したくない…の2つの目的で購入。両者の目的は果たしているので満足。でも音楽を聴くには想像以上にシャカシャカ安い音。スピーカーとして考えると★5つにはできませんでした。 操作も簡単で軽いので音楽以外には使いやすいと思います。,3
80804,届いて袋からピアス(黒い板についたまま)を取り出しただけで、ポロっとストーンが落ちてきました。 取れた方を良く見ると、ストーンをしっかり固定する形にはなっていなかったです。 ピアスの包装等は綺麗で良かったです。,3
86739,よかった点 加湿力は高い。すぐ湿度が上がります。 タンクが大きく給水する手間が少ない。 加湿ペースやタイマー、加湿方式などが設定できます。 よくない点 拡散力がイマイチなので床置きすると床がビショビショ。周りのものも湿ります。 タンクの作りが甘く、給水する時に水がボタボタ垂れます。 総合すると値段のわりに良い買い物だったかなとは思います。,3
110726,3話位同じ話が続いた所、はじめ印刷ミスの不良品だと思いました。 デジャブ的な事を描きたかったのだと思いますが、少ししつこい。 おもしろかったのは、ザワークラウトの話だけかな。 沼川が拗ねる話が、こういう奴めんどくさいんだよねと、イライラしました。 4巻まで比べると、ネタ切れ感がありました。,3
