85784,黒はPrimeになくてここで購入しました。,3
98749,リンゴの香りは、まったくないです。崩れやすい？かも。 コスパどおりかと、思います。3こ有るので娘は、好んでいるみたい。,3
87578,ジェイソンステイサムのイメージが崩れた。コメディーは役は今一つ。全体的には楽しめたが。,3
112066,デジタルの懐中時計は種類が少なく、さらにお安い商品となると珍しいと思うので購入しました。 表示としては、月日時分秒曜日が一目で見渡せるので便利です。 ストップウォッチやタイマーの機能もあります。 普段ポケットにこの時計を入れているのですが、意外と時報が便利です。 機能とお値段のバランスで評価すれば「星5」です。 「星3」の理由は、付属のカラビナが壊れていたからです。 代替のカラビナを探す手間がかかったので、「星3」の評価です。,3
96394,お米市場が分からないのですが、リピしようと思ったら高くなってました 残念、別のに切り替えです,3
93624,GSXR-600 k8に使用しました。 材質はナイロンのナップサックのような感じでしっかりした感じはありませんが、ここ2ヶ月ほど使用していますが劣化はなくしっかりバイクを守ってくれています。 おすすめです。,3
106525,目に見えないので捕獲状況は分かりませんが、効果を期待したいと思います。,3
108218,デザインはいいが動きが渋くスムーズに開閉しずらかった。切れ味はいいです。ストラップかそれを付ける為の穴が欲しかった。,3
104626,サイズが何処のサイズかわからず頼んだら小さかった。使えなくはないので使っていますが、よくある表品写真と→とサイズ数字。良くあるようなものがあれば親切だと。,3
102434,ボタン一つで開閉ができる優れものです。 ただ、大きさは、思ったほどではありませんでした。相合い傘だと、それぞれ外側の腕は濡れるでしょう。折りたたみ傘としては大きいという感じです。私としては、大雨のときは使わないようにする考えです。 太さは一般的なものよりもありますが、長さは短いので、カバンにはしまいやすい。 閉じたときに、折りたたんだ布の部分をひらひらさせて、先だぼだけを閉じるためのバンドがありません。 したがって、閉じたときは、取り出したときと同じ状態（完全にしまう状態）まで畳まないと、しまりがありません。 また、閉じてから中棒を短くする際、やや力がいります。,3
92390,この製品は出始めた頃から使用してますが、１ヶ月用、２ヶ月用と容器の容量は変わらず、薬品量が増減するだけ。 製品事態は効果があるように感じますが、正直分かりません。臭いはかなりしますが、ペットの猫は気にしていない様子です。,3
100737,期間限定で安く売っていたためこちらで購入しましたが、正直失敗しました。 写真では綺麗に見えますが、実物をよく見てみるといたるところに赤茶色の汚れが付着していました。 幸いだったのがウェットティッシュなどで強く拭けばその汚れが取れた事ですかね。 ここからは軽く商品に関するレビューです。 私は今回PS4proを購入したため、proにも対応しているこちらの商品を選びました。 良い点 ・様々なアクセサリやPSVRなどを1箇所にまとめられる ・本体にUSBをつなぐ事で各コントローラーを一気に充電できる 悪い点 ・PS4を置く所にあるUSBコードが商品よりはみ出してしまう(写真参照) コードがはみ出して格好悪いのと、今回商品がかなり汚れていたことからこのような点数になりました。 本当なら新品のはずなのにかなり汚れているという時点で星はつけたくないですが、商品が悪いわけではないので…,3
103352,配達(佐川急便)されてきたら箱の表面に穴があるとかで一緒に確認してくださいって、玄関外で寒いなか、確認しました。幸い、中に傷はなかったものの、冬に外で確認って。また他の方も書いていましたが、ネジの頭がつぶれたり、うまく穴にはまらないとありましたが、なんとかできました。収納力はなかなかですが、腑に落ちないことが多すぎ。,3
114677,皮やクレジットカード類が沢山入るのは素晴らしい、しかし小銭入れのチャックがちゃち、ストッパーが立たない、寝ないで使いにくいですね、まぁ使えない事はないので使いますけど、同じ緑色のの某社の財布が年明け迄欠品でこれに行き着いたのですが、トータルで後悔はないです。,3
107969,私は自分の排泄臭も苦手で、嗅覚が鋭いほうです。ですから夫が排泄したすぐ後にトイレを使用したいときに、即効性のあるものをジプシーしています。スプレータイプが一番なのですが、なんとなく漂う気配を消したくて購入してみました。こちらは開封時こそ、さわやかな香りがするのですが置いておくと鼻が慣れるのか香り成分が揮発するのか、かといってトイレが無臭になる強力な感じはしないし、試しに別の部屋へ移動してみたら、トイレには、あってもなくても意味がないということに。でも見た目が清潔感あるから置いておきます。,3
108464,メイクは確かに崩れませんが、 8時間後ぐらいにメイク直しをしたら、 本当に消しゴムのカスみたいにポロポロと… お粉でポンポンするぐらいが良いかも。,3
80936,美味しく焼ける。焼くだけだからこのくらいの価格で十分。,3
97262,たぶん、いいと思います。 実質無料とありましたが…金額を引き落としされているのは？？ システムに問題ありませんか？？,3
102408,中国から発送のため、なかなか日本に出発しなくて途中キャンセルしようかなと思ったほどでした。 納期は大分遅れて到着しましたが、郵便ポスト投函ではなく、ちゃんと配達員が届けてくれて、かつ品物自体も悪くなかったです。開封時に少しニオイが気になりましたが、すぐ抜けました。コスパの良い商品だと思います。納期遅延のため★３つにします。,3
83715,思っていた以上にパステルピンクでした！（笑）透明なところにボツボツとした加工？がしてあっておしゃれな感じ！ 明日iPhonexを受け取るのが楽しみです！,3
81445,女性一人でも簡単とレビューをよく 見ますが、重くて自分は一人では無理でした。 女性の場合は電動ドライバーを使った方が いいと思います。 自分みたいな取り付けに疎い人もいるので 取説はもう少しわかりやすくしてほしいです。 商品自体は満足です。 オシャレになりましたしペーパー2個も 便利です。,3
90467,まだ使ってないが、スーパーで買うより安い,3
80582,型番などで使えない場合があるので注意が必要。,3
97946,この価格帯では、まずまずの商品だと思います。 スマホと連動すれば、Nike+やruntasticでの心拍計測もでき、ランニング初心者にはもってこいのアイテムだと思います。 バッテリーの持ちと充電時間の長さがガーミンと比較して弱く、ディスプレイも無いので、上級者には物足りないと思います。 ライフログを取るという意味では最高のコスパだと思います。,3
94554,充電ができて便利な商品ですが、角度を固定する時に強く締め込みが必要です。 締め込みが甘いとスイッチの重みに負けてすぐにさがってきます。 指が痛くなるぐらい締め込みが必要です。緩めて収納する時も同じです。 もう少し固定する所が改善されるとよいです。,3
117947,人によるのかもしれませんが トングの開こうとする力が結構あるため 使っていると疲れてきます,3
102381,一羽だけ孵化に成功しました。孵化直前脂肪が一つと孵化しなかった有精卵が一つ、有精卵で無かった卵が三つでした。 自家卵の孵化は有精卵の判別機も欲しくなりますね。 自家卵は大きな卵もあるので、転卵が上手く行かなかった卵もあるようでした。 孵化後の育雛機も必要があるかもしれませんね？,3
99971,バッテリ自体は問題なく使用可能です。 ただ、個体差でしょうが、充電用の配線3本の長さが揃っておらず、交差してることもあり、 まっすぐに配線できず1本長く余った状態になります。,3
94263,ペットボトルも入るけど一年で破れましたw,3
113079,DISK２は山形弁でほぼ収録されていたが、全曲山形弁の収録を期待していたので残念。,3
99630,日本国外でスクーター運転時にかぶるハーフヘルメットと組み合わせ、顔面のホコリ除けとして購入。特に夜間や雨天時にメガネ着用を想定。取扱説明書にメガネはゴーグル側にセットしてから着用されたしとあり、確かにそれなら入る。しかしメインで使用しているメガネがセルフレーム型なので、少々キツい。おそらくゴムが伸びてくると良くなる気がする。,3
89531,本体の造りは結構きちんとしています。ところが、内臓磁石が１枚入っていませんでした。タイムセールで安く購入し、返品も面倒なので、そのまま使っています。冬季の凍結防止だけでなく、夏季のサンシェードとしても使えそう。ドアミラーにかけるゴムバンドの耐久性はまだ不明。この手の商品は多数あり、それぞれ創りや大きさが異なるので、よく調べてから購入するのが無難です。,3
106273,直し面が平らでなく、凸になっていて、すり合わせると平らにならない。 そういうものなのか、不良品なのか、正直わからない,3
113440,録画一覧画面で再生済みか否かが確認出来ない点を除けば使いやすい。 ただ何分にも中古品なのでリモコンのボタン表示が消えてて、早見表必須。 （付属品は全部揃っているので助かった）,3
92173,比較するものがないので、冷蔵庫を運ぶのに使用。取説は欲しい。あまり使いやすいとはおもえなかった。上手くやらないと転倒しそうで、きをつかった。,3
88652,まだ使えてない。ですがぁ先輩方が良いと言われて買いました。でも間違いなくちゃんとしてるとおもいます。,3
87379,手帳型のケースに入れた状態だと通電しない…只のスマホ置きになってしまった。,3
106497,サイズを全く確認せず釣具屋にあるタイプと同じかと思いこんでました。ワインドのワーム内にねじ込むやつくらいに細いです・・・しかもワインド用のはねじ込みやすいよう先端が尖ってますが、こちらは丸いからキリなどで穴をあけてからじゃないとねじ込むのは大変そう。 釣具屋のケミホタルには便利なホルダーが付属してますがこちらはチューブのみで、しかもこのチューブが細すぎてライトを入れようにもキツくてキツくて。ハリスに2つのチューブを通しておき、ライトの上下ををチューブで挟んで装着すればいいんでしょうがまじでチューブ細すぎる。サルカンも通らなそう。こんなにキツキツなんだから、ハリスもあればますますキツいのでは？ ちなみに、10袋中の1袋目を開けてみたところ、6本入ってました。 という事は4本しか入ってない袋もあるのかな？？？ 適当さ満載。が、意外にも明るさはけっこうありました。 ●追記● その後釣具屋で、このサイズのケミはハリスに通すのではなく、夜釣りの際竿先に付けるものだとわかりました。 でも釣具屋のは竿に固定するのに便利なクリップがあるのに、こちらにはクリップがありません。養生テープなどでくっつけると良さそうですけど。そうだとわかっていても悔しいのでハリスにつけたりワインドに無理やりねじこんだりしてみようと思います。たくさんあるんだから・・・,3
88438,AirPods2に適用ではないらしい:-)。,3
90945,物はいいですが、12.9インチのiPad Proを持ち運ぶにはちと狭いです。スリーブなどのインナーケースが必須のような気がしました。,3
105755,裾上げ程度にしか使わないのですが、使い切るまでの何年かかるか・・・ 糸の質は良くないですが、これだけカラーがあれば緊急時にたすかります。,3
119022,サバゲー用で購入。レビューにもメガネでも大丈夫とは書かれてたものも、装着したあと眼鏡の鼻パットが顔に押し付けられて痛かったです。zoffのスポーツタイプの眼鏡で少し大きいです。他の眼鏡も試してもレンズがまぶたに当たりました。 眼鏡なしも試した結果、安定してよかったです。 ですが求めてたものではなかったので返品。,3
82093,コンクリに設置、埋蔵用の設計なので、後から付けるのは難しい。セキュリティワイヤーみたいなので固定出来れば良かった。,3
94120,画像録画のソフトを探していて、やっとみつかり助かりました。 改善点は１．画像が鮮明ならよかった。２．録画に時間がかかる。 システム上、可能なら改善してほしい点です。,3
108988,scan精度が力不足です。音符を入れる際に音符の長さに合わせた個所に挿入する必要がある。使っていたソフトでは、順序立ててランダムの箇所に挿入したり、不足分を必要な個所にクリックすることで解消されるが、このソフトは以前から音符に合わせた個所にクリックする必要がある。従って、二重奏や重音の際には注意が必要。,3
114521,味は最高なのにリピート購入が出来ないのが残念。,3
103391,口臭が気になるときに数回シュッシュしますが、口臭が消えるのはシュッシュした瞬間だけです。数分経つと口臭が復活しました。私は3個セットを買ってしまいましたが迷ってる方は1個だけ買うことをオススメします。。。,3
114403,ヨメの立場からだからか、仕官前だからなのか、このイチャラブ男がもはや孔明である必要性を感じません、孔明に見えませんwwまぁ、展開気になるから、今後も読むと思うけど。。,3
97035,寝具は肌触りだと思うが、届いての感想は微妙。一度洗えば変わるとも思えないのでね。あと各コーナーにホツレがあるので早晩にほどけると思ったのでほつれ止めで固めました。重くはないですね。保温性はそれなり。 耐久性はほつれがあったので期待しません。 寝具は服のように買う訳ではないのでこの質と値段が相応なのかはちょっとわかりませんが、毎日使うので結局西川にしました。,3
90901,簡単なことには対応できるが、テレビなどの独自の機能には対応できない。,3
117080,スリガラスの爪研ぎを探してこちらを購入しました。爪を磨くのは、あまり効果はないです。 体調不良が続き食事が行き届かず、爪に縦の線が入ってしまってから、他の爪磨きも当てにならないのであまり期待してませんでした。 もう少し、爪研ぎが合えば良かったのだけど、少し物足りなさを感じてます。,3
105813,キーボードは小さいながら打鍵感も良く、キー間があまり詰まっていないため誤タイピングもしづらく、使いやすい。 Fnキーでホームに戻る、Undoやコピー/ペースト等の機能も利用できるので、これまで使っていたBluetoothキーボードの不満点が一気に解消された感がある。しかも非常に薄く、携帯性は高い。ちょっと強度が心配ではあるけど。 一方、カバーは思った以上にゴツく、重い。折角小さいminiなのに、このカバー付けると片手に持っているだけでずっしりとした感じがある。キーボードの滑り止めのために仕込まれている金属のせいか。そのせいで厚みはあるし、カバー二つ折り部分の分だけ余分とも言えるので、キーボードを外してiPadだけを持とうとしてもかなり邪魔である。スタイラスペンを使って絵を描いてみようと思ったが、このカバーを付けたままだと正直その気にはならない。無段階スタンドはとても良いのだが。 カバーしたらスリープする機能もなく嵩張るので、カバーはこれまで付けていたものを使い、キーボードには百均で滑り止めゴムでも買って来て取り付けて運用するのが良いような気がする。 何ならキーボードはよく似たウルトラスリムキーボードだけ買えば良かった…みたいに思わなくもない。 ただ、ゴツめのカバーとキーボードセットで3000円しないのは魅力。お絵描きはせず（スタンドさせたままでメモ程度に描くくらいならアリかも）、主に外出先でテキスト入力するみたいな使い方ならとても良いのではないか。いや、それよりアナログ派向けか。写真やタイムラプス動画を撮るのに無段階スタンドがかなり便利そう。,3
88517,嫁と合わせて、1年半で3つ壊れました。 今回は年末に購入して2ヶ月かからず反応しなくなりました。 使い勝手は良いのですが、こんなに頻繁に壊れるのなら、もっと安くして！,3
99447,空気を入れるのはかなり時間がかかる電動空気入れは必要！ また、抜くのも時間がかかります。 片付けやしまうのも一苦労かと。 新たに使用する時にキレイに洗うのも大変。 シンプルな物の方が使いやすい。 耐久性は使い方しだいかと。 子ども達は嬉しいと思う。 かなり大きい。広いスペースが必要。 プールの下にシートを敷いて使いました。,3
89681,中国版の本家を見ていなければおススメ。 見た方は、？？になると思います。,3
95918,場面によってはフォーカスの甘い画質 解像感のないボケボケ画質になるのは元からそうなのかな 値段はさすがに高すぎ ネット配信サービスが海外と同等の価格で上陸してるのに いつまで日本国内のみのぼったくり仕様でディスク売れると思ってるんだろう 異常な価格だけがさらに際立つ形になり大多数の消費者は買うのやめるだろう 適正価格で売らない限り今かろうじて買っている人間も振り落としてディスクメディアは急激な先細りしかない,3
81454,ケースの耐久はありそうですが ケースの厚みにより充電などが しにくいです 端子接続部分が小さいもので ないとできないのが残念です端子接続部分,3
113113,何がの間違いでプライム会員になることがあり１年間の会費を払うことになってしまったものの、利用することで分からないままです。,3
104461,革のかばんなどに使いたいと思い購入。ある程度は綺麗になり、ツヤは出ます。匂いもそれほどなく、重宝しております。,3
84860,サイズは通常履いている靴とほぼ同じ感じでした。,3
102444,真ん中に小銭入れて、免許証なども入れていますが、もう少し真ん中が広く使えると良いのかなって思う。,3
116180,海外旅行用に買ったのですが価格も安く大満足です。,3
85993,赤ちゃんのケガ防止のため、いろいろ選んでこれを買いました。やわからかくて貼り付けも簡単なクッションですが、取れやすくでこの値段でこんな物とは思わなかった。ちょっと期待はずれです。,3
111278,とても良かったのは、オーディオ機器で聴くと臨場感有って良かった。 1枚目の録画時間と2枚目の録画時間の配分を均等にして欲しかった！！,3
178096,とても使いやすい。Apple Pencilに非対応なので購入したが、大満足,5
182827,純正品と見た目や質感は似ています。 違いといえば、Apple Watch本体に嵌めにくい。マジックテープ部分の色が純正品と違うが止めた感じではこちらの方が剥がれにくいのでしっかり感がある。 これらは気にする人にとって大きな問題？となるかも知れませんがむやみに外れない安心感はあります。 しかし純正クオリティーを求めるには値段が値段なので純正品のバンドを汚したくない人や色を試したい人にはおススメです。 評価は購入後数週間使っての感想ですがバンドの折り返し部分の内側が擦れて潰れだしてきてますが切れる程の事はないと思いますがこの辺は使い方次第では純正でも同じかと思うので私はこちらを数本使った方が安上がりかと思います。タイトルでも書きましたが殆ど純正と代わり映えしませんのでお勧めです。,5
194470,一人暮らしの6畳間で稼働です。湿気を取ってくれてびっくりしました。買って良かったです。,5
163429,振動の向き（上下・水平・双方向）が選択できるのは良い。振動は速くて強いが動きの幅は少し狭い気がする。スイッチ(ボタン)の反応が過敏であり操作音がうるさい。直接座って使うとお尻でスイッチを押してしまう。色々と書いたが、揺れが下半身に効き足腰のコリもほぐれる気がするので総合的には満足している。,5
178462,値段以上の価値ありです。前使っていたアイロンよりも断然軽く、サラサラになり、友達にも褒められました。迷っていたり、新しいヘアアイロンが欲しい人は迷わず買うべきです。,5
178847,叩くと良い音がします。かなり響くので夜はやめたほうがいいと思いました( ・∇・),5
177911,ゲーム機自体異常なくらい軽いです。本当に作動するか不安でしたがちゃんと電源も入りボタンの反応もいい感じです。ゲーム機は初期設定で英語表示になっていますが設定で日本語に変えられるので問題なく使用出来ます。ただ説明書が英語記載のみなので使用しながら操作を覚えていかないといけませんがよくゲーム機をプレイされる方には違和感なく受け入れられると思います。ゲーム数は3000となっていますが恐らく同程度入っているとは思いますが多すぎてまだ全部を確認は出来ていないです。たぢ充分な数あるのは確かで子供の頃にゲームセンターでしていた懐かしいゲームが沢山あり子供だけでなく大人も楽しめる内容になっています。画面は4.3インチで大きくて見やすいです。充電に関しては2時間から3時間の間で切れる感じなので遠出する時には充電器を持って行った方が無難ですが充電しながらプレイ出来るので自宅や宿泊先では気にしなくて済みます。まだ使えてはないですが音楽プレイヤーにもなるし電子書籍にも対応しているとの事なのでゲーム機1台で三役してくれると思うと持ち歩くのも楽でとても助かります。この手のゲーム機はそんなに詳しくないですが個人的にはジョイスティックが想像していたより難しく慣れるのに少し時間がかかりました。レトロゲームばかりしていたからかも知れませんが。子供達は特に気にならないみたいです。対応しているゲームフォーマットも11種類と多いのでこれから色々試して遊んでみようと思っているので長く使用出来ると有り難いです。金額を考えるとお得なのでもう一台買って取り合いしないように出来たらと思います。,5
199561,思わぬプレゼント包装に ほくそ笑んでしまいました メッセージカードも 嬉しかったです 機会があれば同じショップで また別のアクセを購入したいです,5
181601,毎日、健康保持の為に、定期的に購入しています。かれこれ、3年以上飲み続けています。飲みやすいし、リーズナブルなのでこれからも飲み続けていきたいです。,5
175970,"""同じような物はみな高額です。 SurfaceGoできちんとBUFFALOのBRXL-PT6U3を接続してブルーレイ、DVDビデオが見れた。ソフトバンクの急速充電器からも充電ができた。 HDMI経由での出力もまったく問題なし。質感も良い。 4つのポートがあって、すべてのポートを同時に利用すると引っ張って落としにくいです。 作業スペースを広げ、効率を高めます。 耐久性は使ってみて。適当なケースがあればと思う。ともかく安いのが助かった。""",5
193744,サイズもちょうどよく、見た目もかっこいいのでいい買い物でした。,5
199639,購入してから、1ヶ月が経ちます。サロンには行ったことはないのですが、通う面倒くささと値段を考えればこちらの方が良いのかなと思います。,5
199744,さすがは専用のケース、エスビットとライターを入れてシンデレラフィットです。 また普段使いしていたコンドル製のナルゲンボトルポーチのサブスペースにぴったり収まります。 1リットルのナルゲンボトルとクッカー、エスビットがまとめて管理できるで満足しています。,5
160995,"""夜注文して、翌日着。 早速車載で使用。とても優しいミストで音もなく、 自分のいる周辺をしっかり潤してくれました。 小さいながらもしっかりと動いて、お値段以上に良いものを購入できました！""",5
179229,筋トレが日課なので購入しました 思っていたより幅があって、それによってガッチリ固定されます マジックテープが超強力で剥がしにくいけど、逆に強く巻いてもビクともしません！ 効率よく筋トレするために愛用して行きます,5
163178,作業効率が格段に上がります。 バイク整備にはいつもラチェット使っていましたが、Tレンチ使うと3倍のスピードでボルトを外せます。 買って本当によかったです。 ただ取っ手部分は回るは回るが、油が足りてないのか、ベアリング?のシャーシャー音が大きくスムーズに回ってない気がしたので、油指したらさらにスムーズに回りました。,5
197291,ペンダントトップに合う革紐を探していて、こちらの商品を購入しました。 太さも、自然な色が丁度良く、身に着けていても肌色に馴染んで良い感じです。 ただ通しただけなので、2つ分のペンダントトップに通しても長さも充分でした。 良いお買い物ができました。ありがとうございました。,5
161701,シンプルで伸びもよくて通勤用のパスケースにつけて使ってます！,5
167832,新しく配属された部署では海外出張が多くて、飛行機に長期間座ると首周りの筋肉が疲れやすくなった気がしたので、この商品を購入しました。 とても気持ちいいので、映画を楽々観ることができるようになりました。 コンパクトになるので、持ちやすい点も良かったです。,5
165462,洗顔だけでは落ちきれない毛穴の汚れや、ずっと気になっていた鎖骨のザラザラやプツプツした感じもキレイになってきました それにマッサージヘッドで内から外側に向けて数分軽くマッサージしただけでリフトアップするのには驚きです‼あきらかに目尻やほうれい線が上がります マッサージヘッドはおまけ程度に思っていたので、予想外の効果にとても嬉しいです‼ロングブラシ、ショートブラシ、マッサージボールの三つのヘッドが付いて、値段も2500円ぐらい すごくいいです,5
182421,札入れが二つに分かれていると、お札とレシートを別々に入れることができる。 また、小銭入れも間に仕切りがあると、1円・5円とそれ以外の二つに分けて入れることができて、こうしておくと端数のお金を簡単に取り出すことができる。これまでそんな二つ折り財布を使ってきたけれど、長年使ってきてボロボロに。自分のためのお年玉のつもりで同じような財布を買おうと決めていろいろ調べてみたのだけど、こんな風に札入れにも小銭入れにも仕切りがついているものはなかなか見つからない。こうなっていると便利なのに・・・ 二つ折りなので、カードと小銭が多すぎると、財布はパンパンに膨らんで見えますし、開けないうちからカードが顔をのぞかせたりします。取り出した時の見栄えを良くするためには、カードの数を厳選して、小銭をためないように気を配る必要があります。当然ながらの話ですが、購入されるときにはそんなことをご考慮されると良いかと思います。,5
173021,去年の夏で連載止まって作者のツイッターも月1ペースで打ち合わせしてますってツィートするだけでまてど待てど全然次の話が来ない、ストップして9ヶ月だけど1年以内に来るかなぁ…,5
195474,顔を洗うとき、非常に柔らかいシリコン繊維と肌に優しくマッサージすることは大きな喜びの感覚を与えます。にきびや敏感肌を傷つけることなく、肌に非常に優しい。デザインはフルサイズ版よりもはるかに小さいので、同じコーナーでの清掃ははるかに簡単です。ジェル、フォーム、メークアップリムーバーオイルなど、さまざまな種類の洗剤と組み合わせることができます。強くなる）多くの肌タイプに適しています。また、シリコンチップはさまざまな肌タイプ用に特別に設計されています。敏感肌やニキビ肌に使用して、はるかに柔らかい感触をもたらします。,5
198022,珍しいデザインで、単色でも2色づかいもできるので、何回もリピしています。大きさは表記通り、十分な大きさがあります。チクチクせず静電気も起きず暖かさもあります。ふんわり、優しい触感が、肌に良いマフラーとした、この寒い時期に必要品です。,5
172613,運転席につけたホットシートヒーターの電源ケーブルが短くてシガーソケットから宙ぶらりん状態だったので、本製品を購入しました。ケーブルはしっかりしています。シガーソケットから立ち下げて、フロアカーペットの下を通して目立たたないように配線でき満足です。保冷庫とスマホ充電用ですが使えてます。,5
176999,使いやすく、コストパフォーマンスが最高です。注ぎ口から静かに注がれます。,5
178408,仕事用に購入しましたが、今まで使っていた安めの商品より機能がいいです。通信速度も速くて便利です。付属品も多様についており、様々な用途で使えると思います。いろいろ賄えるハブの方が便利だということに気づくことになりますよね。MacBook Proと色目も、合うデザイン良いです。Iphone読み込み素晴らしいです。値段も比較的に安く、かつ対応可能な端子も多かった点とPD機能によりHUBとして使えながら充電もできるようでしたのでこれにしました。見ためもとてもシンプルで、すごく気に入ります。コンパクトなデザインなので、機能が多いほうが便利です。HDMIでスマホの動画をテレビに映せました。安定性も優れます。外観については、おしゃれです。満足です。,5
199963,すごくコンパクトで大満足です。設定が女性の私には難しく感じました。,5
168772,家でヨガをするのですがボールを使うと気持ちいいよと友達に言われたので今回この商品を購入しました。使用してみるとボールを使うことにより今までより気持ちよく体が使えることに気付きました。そして、思ってたより柔らかくで使いやすいので助かりました。,5
180317,リップの下地に物凄く良いです。ガサガサ唇が滑らかに塗れて、手放せません！,5
166274,なぜ純正の状態で装着されていないのか不思議です。重心が若干低く見えるし、 いいアクセントになるので必須アイテムだと思います。,5
183416,ミュートの楽しさ、マルチグループプレイ方法、いつでも一時停止、自動吸い込み、超快適さと衝撃。,5
199064,プロの製作過程を見られるいい本。昔に比べてこういうのが増えてうれしい。やってることの精度が高いので、そのまま真似は出来ないけど、同様の作業をするときの参考にできるのはありがたい。,5
180377,はじめて購入しました。まだ効果はわかりませんが 続けます。,5
173888,保護フィルムを探しており種類もいろいろあるので悩んでいたところ、こちらの商品が価格も手頃なので購入しました。 上手に貼れるか心配だったのですがキレイに貼ることができ使い心地もよかったです。 値段のわりになんてことはなく、コスパよしだと思います！,5
164144,説明書以外の部分は、シンプルで気に入りました。日本語の説明書を作成中との事なので問題ないと思います。,5
198110,一度座ったらわかりますが、座り心地は極楽です。 座ったまま眠れます。 立ったり座ったりには不向きです。,5
173595,地図を見ながら自転車運転する時に必要だなと思い購入しました。 子どもを乗せ電動自転車なので落ちてもさっと拾えないという事からしっかり固定出来るこちらの商品は安定性があっていいです。 取り付けも簡単に出来て女の人でも出来ます。 使い始めて数日ですがコスパ良いなと感じています。,5
180034,ぴったり 取り付け説明書も見やすかった 安心して使えます。是非！,5
173125,今までは、キッチンワゴンの上に27cmフライパンを置きその上（中？）に四角い卵焼き用フライパンなどを置いていましたが、このフライパンスタンドを買ってからはフライパンの分類保管が出来、整理整頓もできました。◎,5
187754,この毛穴吸引器は5階段で細かく吸引力を調整できます。敏感肌、乾燥肌、脂性肌などにもそれぞれお肌の状況に合わせたご使用をしていただけます。,5
160514,まずUSB-DACで電源ボタン付きなのがいいですね。数字のディスプレイ表示も判りやすくていいです。 音も好みでいい感じです。何時になるか分からないけど次に買うとすれば電源ボタン付きでMQAにも対応したDACかな。,5
180229,ネット通販で購入した衣類が折りシワが沢山あり、そのシワを伸ばしたくて購入しました。 届いてみて、説明書は日本語でなかったため、一瞬戸惑いましたが、 まあ大体の雰囲気で使えるだろうと思い使用して見たところ、問題なく使えました。 強さ？か3段階で選べるのもいいです。 気をつける点なども特になく、強いて言うなれは、スチームのために水を入れるのですが、 その水がMAXの水位を超えないように注意することが大切だと思います。 MAXの水位を超えていると動きません。 水を少し減らして見たところ問題なく動き、逆に色々考慮されてそうなっているのだろうと思うと、安心感があります。 シワ伸びは画像を見てもらえばわかると思いますが、スチーム強で綺麗に伸びました！,5
171026,仕事が忙しいですから、従来のハンガーで物干しするなんか苦手です。このピンチハンガーのピンチが多くて、たくさんの小物を干せますので、とっても便利です。 タオルを何枚同時につけてみました。ハンガーがしっかりして、丈夫です。角度を変えることもできますから、歩き回らずに簡単に付けられます。,5
199262,以前使用していたベルトが古くなったので新調しました。 色は黒にしました。スーツや私服に使用していますが、シンプルで大人っぽい感じが出て良かったです。 サイズの調整は穴に止めるタイプではなくバックルでロックするタイプなので微調整が効きとても便利だと感じました。,5
172725,重さは少しあるものの、傘ですので丈夫でないと意味がありません。安い折りたたみ傘は壊れやすいイメージでしたが、長く愛用できそうで気に入っています。 デザインとしてもシンプルで洒落てますので、ビジネスでもプライベート使えます。1つ持っておいて損は無いですね！！,5
162306,UVライトではないということで日焼けの心配もなく妻が安心して使ってます。 タイマー機能も便利！ ボタンを押しただけで簡単に切り替えれるので片手での操作が可能でした。 USBケーブルで充電なので出先でも使えてます！,5
195613,男らしさを取り戻したくてはじめました。手頃なのでこのまま続けやすいところがいいです。,5
194201,とても迅速な対応ありがとうございました。とても助かりました。梱包も丁寧でした。,5
185668,皆さん、超お薦めです。 グロー本体の値段と比較すると割高な感じしますが、この商品は全く感じさせません。喫煙所で他の人が格好いいの一言。レッド買いましたが、他のカラーも良さが想像できます。 また、付属品の巾着も良くて、最近は巾着に入れたまま使用してます。,5
172276,[[VIDEOID:e95b906be8d754cfc799cc60c51ff1c]] 車を運転する時に、スマホを置くところがあったら便利なのになぁ〜っと思っていた矢先にこの商品を発見し購入。 タッチ機能が面白いです！ 説明書には日本語の説明も書いてあったので簡単に取り付けることが出来ました。 両面テープタイプで取り付けしたい位置に貼り付けて固定できます。 車内、自宅やオフィスで色んな場所で使えます。 充電しながら車載ホルダーとしても使えるため、非常に便利です！ 360度回転するボールジョイントを採用しており、スマホを縦でも横でも自由に使え、好みの角度に調整して、見やすい位置にセットできます。 視線を妨げないで、安全に運転できます！,5
162904,薄めなので、縦に並ぶタイプの電源タップに挿しても両隣のソケットに干渉しないのがとても良いです。,5
179708,以前は100円ショップでも売られていたFOMAとソフトバンクのガラケーアダプターですが、すでに過去の産物になってしまったようで、街中では探せませんでした。機能もさることながら、今でも扱ってくれていることに感謝です。,5
198032,耐久性が優れ、このチェア長時間使用の腰痛防止にはとても良いと思いまいた。,5
182378,できることから備えようと思い、突っ張り棒では支えきれるか不安な大きな家具を家の梁ととめた。確実にねじで留めたので安心感がある。,5
168426,主人が説明書見ずに10分ほどで組み立てられました。 トイレットペーパー、タオル、洗剤を乗せていますが今のところ落ちてきません！,5
195622,保湿美白効果がいいです。全面的な保湿です。メイクの上から使用可能です。省エネ、環境にも優しいです。,5
194718,いい買い物しました★ 届いてからすぐ開けましたが、鼻の効く私でも臭いは全く気にならなかった。 一応1週間陰干しはしましたが、全く臭いありません。 ふわふわで軽くて、体があったまったら体温をほどよく調整してくれるので、暑すぎたりしません。 シングルと、ダブルを購入。 うちはシングル２つ並べてキングで、大人2人子供2人で寝てます。シングル掛布団２つだと、どうしても真ん中隙間風が入るので、片方を大きめにしました。ダブル大きすぎて、セミでも良かったかなって思ってます。 子供達が巣立ったら、夫婦2人でダブルを使おうと思います。 ただ、収納袋がちゃっちいです。開けてすぐにファスナーが壊れてしまいました。 そこは残念。 おまけの掛けカバーをシングルとダブルを同じカラーにしていただいて助かりました。,5
171039,プラごみを少しでも減らしたくて購入。 包装が少し雑ですが、商品には問題なしです。 ただ、少しうちにあるコップ達に対しては長いです。 結構本数入ってるので、長さが違うのが入ってても嬉しいなと思いました！,5
181047,このオフィスチェアは耐久性がたかい、、360度の滑らかな回転機能、非常に便利な、非常に良い回転感。,5
190518,思っていたサイズで使い勝手がよさそうです。握った感触も良かったですし、切れ味もいいし、とても良かったです。,5
163482,日焼けを防ぐ為に購入した。購入前に使用していたバイザーはカチューシャタイプだったのですがゆるゆるで風が吹くとずれてしまいとてもストレスになっていました。マジックテープだとしっかり被れて安心です。色もデザインも好きです。,5
190143,車に差しっぱなしではや半年、何事もなく使っています。測っていませんが充電も早いので高速充電出来ていると思います。,5
165454,すごく明るくて夜道も安心して走れます。他の人にも進めようとおもってます,5
25645,時間制限が邪魔で自分には難しく、攻略本を見ながらでもうまくいかなく、クリアできませんでした。 制限なしで発売してほしいです。,1
5388,ナット状の工具のスプラインの凸部が先端までないので、スプロケットのロックナットと噛み合わず使えません。先端部を2ｍｍ程度削り何とか使えるようになりましたがスプラインの精度も良くありません。高価なものではないので純正をお薦めします。,1
33491,こんなアコギな商法をしてるのか？ファンを舐めてるとしか、思えんな。,1
527,アイデア自体はいいですし、あると便利なのですが、きつすぎて入りににくいです。。,1
34229,2017/12/29 Apple Watch3用に買いました。真ん中は指で反応するけれど、隅の方は指で全く反応しなくなりました。Apple Watchは隅の方に「戻る」や「電話」のマークが出るし、パスワードロックのボタンも大きく出るので端が押せなくて困りました。,1
23982,靴の形の底の部分が靴よりも大きいのが気になります。リーボックのファンです。ブーツも買って気に入っています。,1
16712,ピンの直径が違ってた！ よく見て発注しましょう。 返品が面倒で、廃棄しました。,1
2012,指すべりもタッチも問題なかったのですが、汚れ落ちが悪く角に浮きがあり、サイドは覆われずAPPS EDGEの使用時にひっかかりました。虹彩認証に反応せず、センサーが覆われてるとかなんとかで毎回警告が出ます。iFaceのカバーからもはみ出た感じで、1週間足らずで外れてしまいました。とても残念です。,1
2431,ソール部分から音がなる。踏み込むたびに。周りにも聞こえる。音がでないように穴をあけてみたが、ダメ。やっぱりなる。ので別の商品を購入した。,1
34868,1ヶ月使用して早くも断線しました。3本あるとはいえ、耐久性なさすぎです。,1
15438,1ヶ月ほど使用。マイボーム腺炎とまつ毛が伸びたらいいなと思い使用しましたが、どちらも今ひとつ効果が分からず。 もともとアレルギー性敏感肌なので、目元にアレルギーが出やすいのですが、これを使用しても特に改善などは感じられませんでした。使用中は目に沁みませんし、刺激も特になく穏やかな使用感です。,1
5563,全くダメ。 皆さんと同じく貼り付け後の1回目ツーリングで無くなってました。,1
35548,駄目。 8本中4本が容量も電圧も記載より遥かに無い。 使い物にならない。 問い合わせをしても、ちゃんと計測しろとの主旨のカタコトの日本語で返信が来てラチがあかない。 最悪の買い物でした。,1
10646,でかすぎてガバガバ‼️最悪😞⤵️⤵️返品したらよかった。,1
22560,耐久性がなさすぎて収納用品なのにすぐにゴミになります。 芯材はボール紙で不織布を貼り付けただけ。 湿度や曲げ、汚れや重量にとても弱いです。 一方、無印のポリプロピレンケースは1200円送料無料なのに15年以上持ちます。持っています。 3個買っても3600円なので、カラーボックスとこちらを購入した合計金額と変わりません。 この商品の良い部分を強いて挙げるとすれば、すぐに可燃ゴミとして捨てられる点のみ。,1
24569,空気がすぐ抜ける。使い者にならない。買っちゃダメな商品だと思う,1
16733,届かなかったので、連絡したんですが返事は無いです。問題外でした。,1
26485,画面右下のタッチ感圧が足りなくなってしまいました Pixel3なので、他の方も言ってるようにサイズやエッジの加工にも不満です,1
22085,最後まで読めないほど単調で面白くない。絵柄かな？もちろん子供も興味を示さない,1
6388,不足しているアイテムの販売 とても気分が悪い,1
2962,とにかく、時間がずれすぎる、無駄な買い物をしてしまった。,1
19098,使い始めた時はiPadAirを充電出来たが、数日後iPadに「充電していません」のメッセージが出て充電出来なくなった。セットの他のケーブルでも充電出来ない。因みに手持ちのAnkerのケーブルに変えたら、ちゃんと充電出来た。他のレビューコメントでは交換してくれないそうだから、お勧めしない。少し高くてもMFi認定済みのケーブルがお勧め。,1
1162,ここの会社はろくでもないです 7.62mm用の物を6個頼んだはずなのに全部5.56mm用でした なんで星つけないとレビュー出来ないんですかね？ ここでは買わない方がいいです,1
1020,専門店で取り付けしてもらったけど全く作動しません。工賃5000円取られて大赤字です。,1
6268,指紋認証対応と書いてあったのに出来ない！ しかも貼り付け時の説明書も同梱されてない！ これはダメです,1
16308,醤油さしとして使用していますが、使用後の液だれが激しく持ち上げるたびに底に醤油がべっとり輪になっています。 お勧めしません。,1
10721,フィルムを貼ったことで写真写りが悪くなった。すぐに剥がれるし最悪。,1
35707,配送されてきた商品は、反応時間1\15000秒、視野狭い等の商品違いで低級品でした。配送管理問題あり、覚悟の上で発注を。,1
17250,中国製の偽物と思いますので一度調べたらなんと！！！元値段1500円くらいでした！,1
2418,ダックカールの力ごときですぐにちぎれ始めて半年もすると原型をとどめない形になります。何年も使う方は初めから少し高いものを買った方がいいと思います。紐がついているところも壊れやすく、金具も壊れてしまいました。,1
31510,16.5cm(日本サイズ15.5cm相当)って書いてあるけど普通に日本人の子どもの足で16.5cm相当でした。大きすぎ。ちゃんとサイズ記載して欲しいです。面倒なので返品せずもう一度買い直しました。,1
15048,先日、2月7日にそちらでKKmoon パッシブキーレス エントリーカーアラームシステム 2ドア遠隔リモートセンシングロッキングキット ショックセンサー付きを購入したんですがパッケージリストに載ってる 5ワイヤーモーターが箱に入っていませんでした。取り付け出来なくて困っています。至急商品を送って欲しいです。宜しくお願いします。,1
26024,取り付けて走っていたら 片方切れて ボンネット開けてみたら 煙が出てた すごく怖いです,1
19508,kindle版の購入はオススメしない。 2018年度版に比べクオリティーが低下し文字が大変読み辛くなっている。 またコンテンツの半分以上は縮小表示されており1ページ毎に拡大して読む手間がストレスしかない。これらは全て仕様とのことで前年度からのクオリティーを期待してはいけない。,1
39873,こちらの商品を注文してから20日が過ぎ、到着予定日も一週間過ぎましたが、一向に商品が到着せず連絡もありません。 こちらから連絡しようとしましたが、「受信先のアカウントがAmazon.co.jpの利用を終了したか、Eメールによる通知を受け取れない可能性があります。」というメールがアマゾンから届いて連絡も取れません。 未だにアマゾンで商品の販売は継続しているので、単純に受け取りを拒否しているのかもしれません。 この出品自体が詐欺の可能性もありますので、購入を考えておられる方は注意された方が良いかと思います。,1
28830,新品とは書いてありましたが、保護シールもめくれてる、取説も曲がってる。 とても不愉快の思いをしました。,1
8278,以前よりこの商品を気に入って使っていたので（カラーも同じ）、レビューも読まずにポチってしまいました。 ところが届いた商品を見て『ん？』、パッケージも違えば色味、質感まで違う・・ 取りあえず古いバーテープを剥がし巻いていくのですが、明らかに伸びが悪くて綺麗に作業出来ない、極め付けは長さが足りない！！ 作業終了時にはテンションがダダ下がりでした。 まぁ質感が違うと言えど使えないというほどの事もないですが、明らかに見た目がカッコ悪いのでこれは勉強代＋時間の無駄でした。 これを使ってスパカズに悪い印象を持った人がいたとしたら、残念な話だと思う。,1
30266,いつも通りのサイズより少し大きめにLを購入したところ、小さすぎて全く切れず、レビューを参考に大きめのXXLを再度購入したが、小さくて全く着れない。この手のジャケットはインナーにもある程度着込むと思うが、肌着一枚の上に羽織っても腕が肌着を捲り上げギリギリ通るレベル。そして全く動けない。,1
34637,開封後、ガラス面に5センチのヒビ割れ有り❗ 使えないのでもう一枚追加注文しました。 保証効くのかなぁ？,1
22610,書斎ようにピッタリだと思って購入し、失敗でした．通常のティシューよりサイズが狭く､箱からティシューを取り出さねば収納できません。,1
3972,瞬間的に浸水しましたー笑 洗い場の仕事で使っています。自分だけ立派な厚手のものをつけていたら悪いかと思い、あげることもできるこちらにしましたが、、、意味なし。 水場にはおすすめしません サイズ感は写真の通りで、私の手は女性の平均より少し大きいぐらい。とくに問題なく使えます。,1
22499,プロポの初期不良なのかはわかりませんが、充電を始めると約20分程で満充電の緑ランプ表示がして本体と接続を試すがスマホの画面上ではローバッテリーの表記、クレームを入れようにも日本の電話番号は書いていないのでアメリカに国際電話をするらしいです。不親切です！せめて国内の代理店なりの窓口は必要だと思います。,1
8049,接触が悪く使えません。 USBだけは使えるので USB専用として使います。,1
23434,髪飾りがついておりませんでした。 髪の色もそんなに良くない…。 買わない方が良かった。,1
39587,パーツの精度が低くて外側のソードが閉じれませんでした。 仕方ないので刃側の反りを直そうと炙って曲げてみたら簡単に折れてしまいました。 過去にもコトブキヤのプラモを作ったことがありますがジョイントが簡単にねじ切れたりすることが多かったので これがコトブキヤの限界なんだろうと納得はしましたが金を溝に捨てたようなものなのでこの評価です。,1
19369,送信機が使えなかった。 メーカーに直接入れ替え頼んだが待てど暮らせど入れ替え品が来ない。,1
20634,ふりょうひんでした。安物買いです。交換できないのかしら。何の役にも立たない,1
10265,スーパーや薬局なら半額近い金額で売られている。ネットの水は高い,1
10897,品質が非常に悪い. とてもがっかりしました.,1
17061,初回、着ようとしてファスナーを上げたら、動かず、ギザギザのレール部分が外れました。デザインも良く、着られたら保温性が高く暖かいと思います。いくら中国製品でも、ここは日本なのだからYKKレベルのちゃんとしたファスナーメーカーのものを使って下さい。修復不可能です。廃棄するしかなく残念です。,1
2705,公式の紹介写真の7枚目に、ちゃんとおまけの白いヘアゴムの写真がありましたね。糸ようじ数本でもおまけでついてくるのかと期待した私がアホでした。（ああ、結べるほどの髪がない…）,1
33902,充電できない 音楽聴けない 最悪の不良品,1
6404,室内から駐車場を映してますが、12度以下になると首振りも機能しないし、画像も静止画状態でかなり困ります,1
18222,壊れていて充電しても使えないです。 交換する事も出来なく、返品して再度購入、、。 とてもめんどくさいです。,1
8834,"サイズいつも23,5を買ってますが、今回なぜか小さく感じました… 歩くほどだんだんと痛くなっていくので残念です ！ でもデザインはとても気に入りました！",1
386,はじめは、タイヤがよく外れていたが、しまいにはタイヤの芯が壊れた。 今の時代ゴミに出すにも金のかかる時代、安物買いの銭失いである。,1
5790,メッセージを伝えようとしてるのはわかった。 しかし、童話としてもアニメとしても映画としても駄作。 なんとか見終わったが足掛け3日かかったのが私にとっておもしろくなかった証。 最初の耳をかじった羊のエピソードは一応回収できてるが それだけ。 ファンタジー映画の方がまだまし。 義務感でみました。,1
16894,購入後1週間で時計裏側の心拍センサー?のグリーンライトが点灯したまま消えません。 すぐにバッテリーが消耗し使い物になりません。 故障なのか、操作ミスなのか取説ではわかりません?! 何とかなりませんか!,1
8977,10個中最初に点かなかったのが2個 1週間で点かなくなったのが4個(ポジション灯 車内灯 バックライト に使用) 1か月で点かなくなったのが2個(ポジション灯 バックライト ナンバー灯 に使用) 耐久性無さすぎかと思います 最終的に2か月で全部壊れました,1
8894,アンチグレアのガラスのフィルムの上に施工と普通のガラスフィルムの上に施工しました。残念ながら最初より滑らなくなりました。非常に残念です。,1
35849,すぐにクッション性がなくなります。 おすすめ出来ないです。,1
29871,説明書が日本語でないことは百歩譲ったとしても説明がなさすぎる。オンオフスイッチすらわからない。充電時間が8時間以上かかってるかな。減るのは4-5時間でゼロ。安かろう悪かろう。,1
5502,到着予定日から2週間たって到着しました。包装は雜です。中々届かないので返金お願いしましたが返信はくれなかったです。Amazonプライム会員だったのでAmazon側が返金手続きして下さったので良かったです。,1
36745,一度目買ったのは新しいのかな？耳にかける部分が２つある方は暖かくなりますが２回目購入したのは全く暖かくならないしサイズでかいし、3つsetで買ったのに金を捨てたのと同じでした。購入おススメしません,1
43423,貼った時は、貼りやすくてとっても良かったんです。 でもそのあと、数時間で落としてもないのにフィルム…割れてました…なぜ…,2
62557,なんだか硫黄っぽい？ような匂いがします。 効果の程はよく分かりませんでした。,2
68767,NEOGEO mini本体だけとしては懐かしいゲームがたくさん入っていて良いのです（評価★★★★）が、自分としては本体スティックと2×2で並んだボタンではうまく操作出来ず、また、スティック型外部コントローラもない（2018/8/26時点）ので（評価★）実質遊べない商品でした。,2
71771,特にメインのチャクの開閉が困難、ベルトも１０ｃｍ長い方がいい,2
79125,購入から3日後動き出しましたが5日経過して止まっています。取り扱い説明書では、リュウズが2段引けるようになっていますが一段しか引けないので、日付・曜日合わせができません。対応方法を教えてください。,2
66654,以前購入した他社の製品が鳩目が破れて買い換えたのですが、以前の物は内側に入っただけではっきりと温度が下がっているのが分かりましたが、これは温度変化が感じられません。期待外れでした。,2
71397,想像していたより水着のページが少なく楓ちゃんのかわいさも半減見ていて つまらないし買わなきゃ良かった,2
49613,まず、ボールは不要です。好きなボールがあるので。それなら、スポンジのような別用途のボールを望む。マジックテープが弱すぎ。すぐにボールが落ちる。もっと強化下さい。期待以下でした。,2
79518,製品自体は悪くないけどトップチューブでつけると結局邪魔になるので外してます 位置によってはレーパンがあたる ペットボトルは完全には固定できませんね 薄くて小さいのでいざというときのために携帯しておくのはよいかも,2
60372,商品の評価といっても3月7日に注文した商品が4月18日現在到着しません。残念ながらキャンセルさせて頂きました。,2
43701,耐久性は、いいです。ゲームむきでわないです、感度が、よくないです。,2
60923,可愛らしいデザインだが、使って半年でチャックがきちんと閉まらなくなった。残念。,2
73050,ちょっと、思ったより小さかった！ でも、使う分には問題ないので、満足してます！,2
68332,サイズが、合っていません。フィット感が、有りません。,2
58937,ipadでKindle本を読むことが多くなってきたので、いい機会だとペーパーホワイトに手を出してみたのですが、 文字を読むだけであれば十分ではあるのですが，挿絵部分になるととタンにポンコツ、それがカラーであると倍ポンコツ 更に見開きカラーであると壊滅的です。 見開きカラーのページは見開きのために縮小がかかり，更にカラー情報も破棄、細部も見えなければ拡大表示もできず 白黒のサムネイルを見せられるだけかのような有様で，もうこりゃだめだって感じです ipadのKindleアプリであれば高解像度でカラーもきれいに、拡大も出来ていたので紙の書籍の代わりでもいいかと思えましたが，これでは落第点です，今後のアップデートを期待しますが、そういうのってあるの？,2
61580,リングの位置がど真ん中なので、操作の多い下部に指が届きにくい リングが1週間でゆるくなり支えることができなくなりました,2
72319,少し大きいかな？思ったよりですが 通勤では使いにくいと思います！,2
69163,俳優が合ってる合ってないに関しては、私自身ニコラスケイジ作品を見てきたわけではないので元の印象がどういうのかは下手に口出しできないので置いておきます。というかアメコミしか興味がないのでよくわかりません。 さて、ヒーローの話ですが、これは正義の味方というよりかはダークヒーロー。悪魔のヒーローであり敵にも味方にもなりえると思います。今回のこれ、あまりにもゴーストライダーが強すぎて敵がちゃちに見えます。全員強いはずなのにゴーストライダーの手にかかればちょちょいのちょいです。軽いおつまみ感覚でサクサクと四天王的なヴィランを倒してゆきます。トリを務める大ボスも案の定目を見られたら終了。もっとアクションが見たかったんですが…ライダーと言う割にはそこまでバイクアクションがあったわけでもなく… ただやっぱり炎を纏ったダークヒーローってのはかっこいいですね。でも１回見れば十分。,2
63322,価格から仕方ないと思いますが、やや雑な作りになってるのは残念。,2
75734,残念ですが、一番大きいサイズを購入しましたが小さかったです。がっかり,2
41477,いつもディズニーのパズルを作るときにはこの商品を頼んでいますが、こちらで購入したら枠の色が全体的に黄ばんでいました。 商品に問題なかっただけに残念です。,2
52097,ありがとうございます。妻に購入しましたが、予想より2センチ短い様に感じています。,2
45795,バイクの電飾として使用していたのですが1ヶ月経たずに所々がヒビ割れ、最後はLEDが点灯しなくなりました。 最初はリモコンで色を変えられたり、明るさも文句なしですごく良かったのですがはさすがに1ヶ月持たない耐久性はう〜ん…と言ったところでしたので星2とさせて頂きました。,2
61134,ぱっと見はカッコいいんだけど、手に取ってみると安っぽさがよくわかる。 レザー調の部分はシールで、到着時から剥がれてました… 1番の難点は重さです。超重くて、持ち運び用にはなりません。 ただ、機能的には全てが揃っているので、自宅などで置き用としては良いと思います。,2
78286,ふきんなどの代わりに使うつもりでしたが、流石にちょっと硬すぎですね。,2
63253,スマホの形状やボタン位置などを加味して購入された方が良いですね 基本iPhoneの形状になっていてサイドに電源ボタンなどあるスマホではセット後電源ボタンを押せません しかも私のは音量ボタンもあるため挟み込むとボタンが押しっぱなしになるのでスマホを変えるまで使い物になりません,2
47299,まだ使用していませんが、見た目だけで言えば ま、まかなと思ってます。,2
58432,他レビューを参照してから購入したのですが まずは本体の評価です。他レビューでは吸引力もある、とのことでしたが正直弱く吸ってくれてる感がしない。ブラシ等でゴミを掃くイメージ。車内掃除機ってこういうものなのでしょうか。 あとは商品梱包ですが、私の元に届いたものはダンボールで梱包されていた（Amazonさんではなく商品自体のもの）のですが、それが破れた状態で届きました。これはさすがに目立ちますね。あとは商品説明や中に入っていた説明書にも「収納バック」が同梱されてると記入がありますがそれらしきものはなし。 なにか商品として完成されてない感がありました。 もう1度使用もしてしまったので返品等はしませんが、リピートはないでしょう。,2
55441,色々な種類が入っていて楽しい＋安いと思って購入しましたが…、 どれも色も匂い薄く入浴剤を入れてる気がしない(苦笑 「がっつり入浴剤」「いい香り〜」を期待していたので…まぁ正直がっかりでした（；＿；）,2
64993,3日間使ってみたところ、スピーカーを使い(スピーカーとの相性が悪いのかもしれません)音楽を聞いているとたまに音楽が途切れてしまいます。,2
70257,e92 M3 クーペで購入したが 後部座席のフットランプに 適合しなかった😤,2
40450,今まで貼っていたフィルムを不注意で破損させてしまったので、前回と同じものを購入。しかし、前回の物より幅が狭いものが来ました。クリーニングセットのWETシートも乾いていた。前回買ったものが良かっただけに残念。,2
46186,母の補聴器のために購入しましたが、消耗が早いようです 電池自体の保管している期間の関係なのでしょうか,2
78025,某メーカーの折りたたみ電動自転車のタイヤの空気がすっかり抜けてしまい走れ生なったので、便利な品物かなーと思い購入したが、取り付けてしまうと、空気入れで自転車のタイヤに空気を送り込めなくなる。ので、１００円均一で購入の昔ながらのムシゴムで何とかタイヤに空気を入れることが出来た。空気圧確認には空気入れのメーターで対処した。,2
41300,多分、パっとしない映画本編の影響だと思われるが、全体的に音楽が旋律の主張のないただの効果音となってしまっています。 確かに近年ハリウッドはメロディーが無い系が多いですが、それにしたって「ただ鳴っているだけ」過ぎる。 特に前半はダメだわ。TR.7とかは良い感じかと思いますが。あと時々挿入される過去SWのメロディーでなんとか聴ける感じです。 TR.18は良かったです。 あとはJohn Williamsにしてはかなり薄味の作り。裏方の音楽ばかり。（以前はスピルバーグの宇宙戦争でさえも単なる裏方の音楽にならない工夫が見られたのに） やはり、総評価としてディズニーのスターウォーズ新3部作は失敗だわ。,2
47647,手触りは、いままで買ったソファーカバーのなかで最低でした。価格は安いので、まあこんなものでしょうか。,2
78635,十字ボタンの性能が悪い、日本語対応していないのが痛すぎます。,2
70224,「白髪オジサン」の言う通り シリコーンのダンパーが抜けます。 もう、１個無くしてしまいました。 使用前に瞬間接着剤等で固定した方が良いですよ！,2
79382,歩数計、心拍数、血圧測定等の計測値は目安程度だと思ってください 安っぽいので今は使ってません,2
42810,LED部分は接触不良が出やすいのか 全部は点灯しなくなりました(部分的の点灯)。2個使用していますがまずまず。アダプターと電池の両方ができるので便利。グースネックなのでありがたい。1列の数があるLEDタイプよりも明るく見やすい照らし方です。,2
61801,デザインは良かったですが、靴底が薄すぎる ので後、2~3㎜厚くしてほしい。,2
52658,帯に書いてある極論に惹かれて買ってしまったが中身は主に慶応大学の投手陣の紹介と筆者の経歴というなんとも見かけ倒しでガッカリ,2
75822,傷あり。完璧求める人には× × × 。 個人的には自分用のハンドメイドリメイク目的だったのでまぁ…いや、もっと安くても良かったかな？笑,2
49565,デザイン、素材、色合いは気に入りましたが、A4ファイルの出し入れがしにくいので、もう少し横幅があれば良いなって…,2
43956,若干重いので常に持ち運ぶのには不向きですが、鞄やザックがあればそこに一緒に入れておけば安心するグッズです。,2
50308,ギャラクシーに機種変更したので購入しましたが、 フィンガーリングを付けたら充電しにくいですね。 外して充電してみましたが、充電速度もあんまり速くない…。 急速充電には向いてないですね。 コスパはいいと思います。 自分には合わなかったのですが、USBをさすのが嫌な方には良いかもです。,2
58514,ショーワを取材した番組でこの手袋をものすごく評価していたので、農作業で包丁を使うのでぜひ試したいと買いました。が……包丁で試し切りしたらまぁ良く切れました。値段の割にはこんなもんかと、ガッカリしました。家の包丁が切れすぎたのかな？ 期待してたけど、ガッカリでした,2
44765,レビューを見て高評価だったので購入しましたが、まず、本体に取り付けたら、バッテリー自体が重い。しかも2時間くらいしかもたない。おすすめしません。,2
58485,特に無いと言いたいところですがこちらとしては素直に良いとは言えないです。,2
51995,片側が翌日から点灯せず。半額返金の申し出を受けましたが。 結構明るいので切れなければ星4ですが なんとなく残念な感じです。,2
51676,到着が早くて助かったのですが、説明に記載のないタバコ臭やケースの黄ばみがあったのでその辺はざっくり傷や汚れと書かないて欲しかった。残念でした。,2
50644,商品の入ってる箱がちゃんと閉まってなく、ユルユルでした^^;誰か開けたあとだな…と思いましたね。発泡スチロールがオカリナの穴の中に少し入ってしまっていたので取るのに少し苦労じした。見た目は画像通りでキレイです。 音が安定していないので楽器として使いたい人には不向きかもです。。値段なりです。,2
69213,2017年の４回分が掲載されています。回答と正答率が載っているだけです。間違いの選択肢はなぜ間違いなのか、解説がないので、自分で調べなければなりません。,2
44805,安いので覚悟して購入しましたが、内部に誤接続対策のための保護回路などは持っていないらしく、正しく接続しないとすぐに壊れます。ひょっとすると最初から不良品だったのかもしれません。電源まわりには特に注意が必要です。ネットに情報が多く載っていますので、（英語ですが）それなりに力のある方は使いこなせると思いますが、私は安定的に動かすまでにはかなり苦労しました。 補足：写真はモジュールに3.3Vの別電源（Amazonで購入）を使用していますが、Arduino NANO(UNOでも）から取る時は、安定的に動かすために、コンデンサを3.3VとGNDの間に入れる必要があります。私の環境では多くの推奨値10μFより１μFの方が良い結果が得られました。,2
77217,画像を見て丈の長さが気に入って購入を決めましたが、届いた物を見てみたら思ってたのと違う。ダボダボ感はありますが丈が…短い。やっとお尻が隠れるかな？位でした。大きなお尻を隠したかったのでオーバーサイズで購入したのでちょっとショック。余計に大きく見えちゃいます(笑) お値段が安価なので仕方ない事かもですが、縫製はイマイチ。糸の始末は出来てないし、ファスナーは上げ下げしにくいです。,2
45618,一ヶ所、目立つところにバリがあった。中華製なので仕方ないですが。,2
74782,まあまあです。 体用と分けるのは面倒ですが、 血が出たり赤くなったりしないので良いかと。,2
60642,設定でも１枚撮影の設定にしてるのに勝手に連写されるので返品しました。中古品購入しました。おそらく新品は大丈夫なんだろうと思いますが。中古の販売業者であれば、きちんと全部の機能をチェックして欲しいです。,2
47923,思いのほか、小さく使いずらいので置き物となりました。 でもかわいい。,2
53588,コイルの5個中2個が交換してすぐに(15分ぐらい置いてある)変な味がした どちらも違うリキッドなのに薬品か何かを吸ってるような味だったので気持ち悪くなってすぐに捨てました,2
41285,二股に分けられるのはいいのですが、もうこの手のソケットはもっとオシャレなペンダントソケットもあるし、 この製品は真下と斜め下の中途半端な方向に電球が来るので見た目も古臭く部屋の照明にはイマイチです。,2
42943,評価が割と良かったので期待しましたが、まず肌色の下地の周り（枠）が、うっすらと見えてしまいます。少し髪が動いただけで、その境界が肌色と自毛で分かってしまうので商品としては厳しいのでは？毛量が少なめなので、その肌色の境界部分にもっと毛があったら分かりづらいかもしれませんが、こちらは毛量が少なめなので分かりやすいです。つむじ部分は非常によく出来ていて近くでもバレないくらい質は良いと思いましたが、サイドがダメでした。また毛が細くかなり綺麗なキューティクルなので自毛が細くて綺麗な髪質の人じゃないと馴染みません。あと私はショートカットではないので、こちらはふわふわした癖も付いていて、とにかく自毛と馴染みませんでした。,2
46128,防犯の為に購入しました。価格などは普通ですが、商品はビニールで包んだだけの状態です。取り扱い書もなく、雑な対応と感じました。,2
42819,匂いはいちごのまんまでした。牛乳で溶かして飲みましたが、味が薄くなる程度で不味いわけではありません。 ですが、ものすごくダマになります。ちゃんとしたシェイカーを使っていますが、数多くのダマになり、飲むのが嫌になりそうです。 コスパはいいかもしれませんが、飲む時の感じを考えたらやめておくべきかと思います。,2
130316,軽くて、持ち運ぶのを考えると良いものと思います。 耐久性に若干の不安がありますが、問題ないのかもしれません。,4
140316,振動強めのが欲しくて見つけたのがコレ シッカリと強めの振動で直ぐに起きれます,4
152823,色々なモノの値段が上がってしまったせいか 綿100製品はお高くなってしまいましたね… ひと昔前なら近所のスーパー等でお安く 売っていたような商品なのですが ネットで探し回らないとこういう商品は 見つけられなくなりました。 膝がすぐ出そうな感じではありますが 年中はける厚みと素材感です。 某有名メーカーのルームパンツと比べれば こちらの商品のほうが肌あたりが優しいですね アトピー体質の私でも気にならないです。,4
145059,気に入った点 ・暖かいタオルで少しお肌を温めてから適量を手のひらに広げてなでるように顔全体をマッサージしたら 冷たいタオルで冷やす感じで軽く拭き取れば驚くほどしっとり。 ・抜け毛などには指先に少量を取って地肌にすりこみ頭をを蒸しタオルすると髪がとてもつやつやしてきます。 勿論抜け毛も収まります。 気に入らない点 ・臭いが嫌い・ ・かなりべたつく。でも良い点ン方が勝っているから我慢して使える。 ・少し温めないと使いにくい。,4
155550,生地は薄めです、生地に伸びが無いので少し指を折り曲げにくいです、とくに親指は硬いのがついてて曲がりにくいです、使っているうちに馴染んでくるのかもしれません。 価格から考えて十分かと思います。 あと黒を買いました、デザインもなかなか良いですね。,4
140803,バイク自体をフルカバー出来るので従来のバイクカバーの風などで外れたりメクレたりがありません。 脱着に多少の面倒はありますが、それも盗難、いたずらなどの安心感に繋がります。 生地自体をもう少し頑丈そうにして欲しいところ。 ロックを通す穴や通気穴から多少の雨水の侵入があります。 改善出来たらまた買います！！,4
127016,持ち運びも軽く電池の持ちはまだそんなに使ってませんがいいと思いました。,4
132142,自宅には理想サイズの為使用中。 稀にネットが袋の中で絡んで出し辛いものがあるが、今のところこちらの製品はそういったストレスも無し。,4
141688,オシャレ感があってなかなか良いです。ポケットがひとつなのですが電波遮断しないポケットがもう一つあるとさらに良かった。,4
139517,5個セット中 1つだけ破損していました。交換できないので あきらめるしかないです。,4
158657,ビスが初めから止まっていたら尚良かったです。,4
135255,３本の内1本のスイッチが入らなくなり★マイナス1 初期不良だがめんどうなのでほったらかし。,4
154480,前作「エンド・オブ・ホワイトハウス」は傑作だと思った。 本作「エンド・オブ・キングダム」は、まあまあだと思った。 本作はよくまあロンドンの有名な場所場所でロケできたなと感心した。 橋や建物が爆破崩壊炎上する場面は特撮ながらよく出来ている。 ただし本作の後半部分は少しダレた感じがある。 最後のシーンで多くのテロリストと主人公がたったひとりで銃撃戦で勝ち抜くところは不自然だし、 ビルのガス爆発のシーンでは、ガス爆発の火炎よりも早く大統領を連れた主人公が逃げるところも 物理法則からしてありえない。 前作が傑作だったので見たが、 本作は「まあまあ」と言える出来だった。,4
146354,体重増加と関節に水が溜まってしまい病院からの勧めで購入しています。体重はなかなか現状維持程度ですが関節も良好でこのまま続けていきます。,4
132425,デスク上にもう一つ監視用のモニターが欲しくて購入しました。 PC用のモニターで1万円以内のものがなかなかありませんでしたので希望の値段で購入できました。 10.1インチだと小さいかと思いましたが、置くスペースがあまりなかったので置いてみると丁度よかったです。 幅広い接続に対応しているのが魅力でした。 PCともつなげたかったので選びました。 画質などは私はよくわかりませんが、普通のモニターと大差ないように思います。 監視用なので問題ありませんが、気になる方は安いものはやめておいた方がよろしいかと思います。 ケーブル等もセットでありますので、別途購入するものがなくて良心的だと思いました。 ただ、スタンド等、組み立てる上で、正直いつ壊れてもおかしくなさそうな感じはしました。 スピーカーも付いていますという程度です。 PCを接続出来るミニ監視用モニターとしては十分に機能しています。,4
159794,値段も安く、しっかりとした素材で気に入ってます。かわいさはあまりないので☆４つにしました。 若干、男性向けかなーという感じです。 私的には気に入っています。,4
133118,必要なものは、必要な時に必ず得る。エゴじゃなく、心に従って導かれる大切さを教えてくれる本でした。,4
146603,会社の暗い階段に置いています。今までフラッシュライトを持っていましたが日中は点灯せず、夕方付近の薄暗くなってからしか点灯しません。なので、バッテリーの持ちが良く、とても便利に使用しています。もっと早めに購入すれば良かったと思っています。,4
139054,少しずり落ちるが価格と製品 このようなものです。。。。。。。。。。。。。。。。。。。。。。。。。。。。。。,4
145290,吸い上げも良く継続してミストが出ます。 用途に応じて空気圧を0.4~0.8で使用しております。日本製で作りも良かった。 付属しているプラグはホース直結用のものなので別途 雄ネジプラグが必要でした。,4
121716,チョコの味の羊羹に興味があって買ってみたのですが、長期保存できて甘さも抑えめですから、飽きが来ないと思います。一口サイズよりやや大振りですが、非常食としてなら十分な量ですよ。,4
133515,子どもの伸ばしたいところを中心に活用できてよい。,4
156390,期待していた通り。 それ以上でもそれ以下でもないシンプルさです。,4
135992,セットで頂いた イヤリング落としてしまったので ピアス頼みました サイズ小さかったので 大きさわかる写真だと良いですよね？,4
124625,身長172 体重62 少し小さめ見たいなのでXLを注文して丁度良かったです 下は裏起毛じゃないから寒いです,4
134031,商品は不良品でない限り値段なりには便利に使用できます。 クリップの力は強力でアクションカメラなど軽いカメラを固定するには、少々オーバースペックな感はあります。 クリップのゴムの滑り止めが抜けやすいのでそこは注意が必要かと思います。 接着しちゃってもいいかもしれません。 重宝したため再度購入したのですが、以前と違う業者（yulinmeiling(beijing)kejifazhan LTD）で購入したため 4月に注文して現在に至るまで商品が届かないトラブルが発生しました。 業者とはメールでやり取りするものの「郵送事故と思われるので再度商品を送る」と追跡番号も明記せずに返答され続け現在に至ります。 流石に悪質なのでマーケットプレイス保証にて返金はされました。 購入する際にはよーく業者のレビューを確認して、それでも心配ならAMAZON.CO.JPの配送センターより発送される商品を買うのがいいかと思われます。,4
121755,·煙が思ったより出た。 ·思った以上にお香が長かった。 ·香りは、余計なものが混ざっていない感じ？,4
124713,イヤホンを使いながら充電出来るので便利です,4
141585,孫が自転車の練習を始めたのでプレゼントしました。安かったのですが、しっかりガードできてます。 素材も悪くないです。,4
143691,小ぶりのサイズを探していたのでサイズは満足です。 色々モールに装着して楽しんでいます。 臭いもほとんど気になりません。,4
158685,メイン素材がウールであるため、とてもあったかいです！ また、柔らかい素材を使っているので、履く人に快適な感じです。暖かくておしゃれなスリッパで、秋、冬の季節に活用できるルームシューズです。 靴底にはTPRゴムを使用し、滑り止めと静音を備えて、弾性抜群なスポンジを使って、耐震減圧、クッション能力が高くて、簡単に変形しません。 おしゃれなデザインなので、室内、旅行、来客、参観日、入学式など幅広く使えそうです！！,4
135351,他のレビューで臭いがきついとありましたが、思ったほどではありません。このタイプの雨具は初めてです。裾がタイヤに当たっているのか、汚れてしまいます。キャップ部分は大きくて、前が見えなくなる事があります。,4
120552,手で持った感じよりも着用時の方が少し重く感じました。 ですが、プレー時は全く気になりません。 前はニューバランスを履いていたせいか、 とても軽く感じます。 グリップはとても良いと感じています。,4
123721,173cm60kgでMサイズを購入しました。履き心地いいですし圧迫感なく使えます。,4
129333,安価だがとてもシンプルで機能的。 挽きの粗さは経験と勘での調整になるが、アウトプットは満足の行くものになっている。,4
126792,カバーはスライド式で使いやすいです。価格も安いのでウインドウズの起動ディスクとして購入しました。,4
158413,ニジマスの解体用に使用してますが大変使いやすい。購入後自分好みに研ぎました。特に皮引きが楽になりました。,4
130313,金額の割には質感が良いです。 色もブルーで正解だったと思います。 但し、少し表皮のしわの部分が黒いのが気になりました。 使い込んで薄黒くなったような感じですか？ 全体にもう少し明るい色合いに仕上がっているともっと良かったと思います。 それと、背面のアップルマークの部分は開口にして欲しかったなぁ？,4
155950,値段相応かもしれませんが，LEDリングのアクリルの質が悪いです．全体的に少し黄色味がかかっており，所々細かな傷がついています． ファンの音はうるさくはないですが扇風機の弱ぐらいの音がします． 値段相応の商品なので高品質なものを望む方は避けたほうが良いと思われます．,4
130054,鉄鍋で調理した後、そのままでは錆びるので移し替えておくために購入しました。使い勝手がいいので移し替えだけなんてもったいない！普段の煮込み料理にも愛用しています。 大きいすぎないので冷蔵庫にも入るし、洗いやすい。何より見た目がとっても可愛い！あとは、白なのにカレーを作ってもトマトソースを煮込んでも全く食材の色移りがありません。さすが野田琺瑯です。,4
132046,カートリッジ式ではないので経済的で良いです。スタイリッシュですっきりしたデザインも気に入ってます。ただ、2日で満タンになります。これはしょうがないのかも？臭いもふたをあければプンプン臭うけど、想定内かな、といったところです。結果的には買ってよかったです。,4
132883,夏場は暑いの使用しませんが、冬場は海上がりの防寒用にもなり重宝してます。,4
157558,ヘアオイルは高い物から安いものまで、色々試してきましたが、こちらは値段以上の効果があると思いました。 タオルドライ後の髪に揉みこむと、しっとり柔らかくなります。 香りは甘い感じで、私はあまり得意ではありません。嫌な香りではないです。,4
151586,前にも購入しましたが甘味香りマズマズと思います。,4
132242,普通に楽しいです＼(^_^)／普通にですけどね ボス戦は適度に難しいです 昔ながらのRPGですね＼(^_^)／,4
149734,主にトレーニングで使用してます！専用の充電BOXがあるので、充電がとても楽です。装着や取り外しもとても楽です。以前使用してましたイヤホンだけのタイプですと、充電BOXは大きいですし、イヤホンを取り出すのも掴みにくいので大変でした。防水機能もありますので、気にせずトレーニングできます。トレーニング中は移動がありますので通信距離がもっとあればいいと思いました。,4
133749,ずっとベースメイクはBBクリームです。 レシピストのシリーズで一度揃えてよければ使い続けてみたいし、ついでに買ってみました。 塗り心地は伸びがいいのに、塗った後はBBクリームらしからぬさらっと感がお気に入りです。 カバー力はそんなにないので、星マイナス1です。 ニキビ跡などは資生堂のコンシーラーで隠してから利用しています。,4
158622,マウスピースは私には合いませんでしたが、楽器本体は問題ないです。 当初スライドは固く感じましたが、使っている内にスムーズになりました。 持った時のバランスが若干下向きな感じですが、これも慣れました。 音色もよいと思います。 コスパのよい商品と思います。,4
157049,自分の境遇と似ている部分などもあり、何よりもノンフィクションという所に人の人生のあり方などを考えさせられる良い映画で、おすすめです。,4
152311,スイッチを入れて直ぐに暖まります。とてもあったかいです。ホットカーペットの中以上の暖かさがあります。ON.OFFは手元のスイッチを確認しないといけないのと温度調整が出来ないので☆一つマイナスです。このお値段でとても暖かく大変満足しています。,4
131359,10年使っていたティファールから買い替えです。 内側がステンレスのも良かったんですが、最低でも1リットル欲しかったのと蓋の取りやすさでこちらのレッドにしました。 テカテカの樹脂なので安っぽさは否めませんが、余計な文字もなくスッキリした見た目です。 底部と電源プレートがマットな質感なので、本体も全体的にマットならもっとオシャレになるのではないかと。 実際に使用して気になったのは、メモリ窓の位置が外からだと見づらい、沸かしてるとミシミシ音がする点でしたが、他の方のレビューで把握済みなので特に問題なし。 メモリは注水の際内側で確認できますし。 盲点だったのは、静電気でホコリが付きやすく目立つこと… グレーだったらもっと目立ちますね。 使い勝手は思った通り良くて満足です。 蒸気レスだから棚の下で沸かしても問題なし。 注ぎ口が前のものより細めですが、湯切れがよくポタポタ垂れることがないのでつかいやすいです。,4
145926,◯コンパクトなところがいいです。 ×ブラケットに本体を取り付けたら、取れなくなりました。,4
152580,キャパ以上のお酒を飲まないといけないときには事前に飲んでおきます。前は隙を見てコンビニ行くか、諦めて飲まないかだったのですが、やっぱり飲まないと死ぬ。恐ろしいくらい悪酔いしないし、二日酔いもなし。ポーチの中にあると安心します。でももう少し安ければなあ。,4
139825,気に入った点は柄がとてもきれいでした。質感も上質な感じでした。私は小柄なのでサイズが少し大きすぎでした。 家で着るのでまあいいです。九州のものより中綿が薄めです。,4
134883,収納のし易さ、セカンドバッグがかけられる便利さは有難い作りです。また23キロの荷物を入れても問題無く取り回しがききます。 ただ、初めて使った海外旅行の帰りで一部持ち運びに影響のないパーツが破損しましたが、元々値段が安いのでまぁそんなものかなと思ってました。一部破損したとレビューしたところ、わざわざお店から新品が送られてきました。申し訳ないです。アフターサービスがあると言う安心で、星を一つ増やしました。,4
153362,お気に入りのドラマがまとめて観れるしかさばらないのがいい。,4
151032,東京のスーパーでは手に入りませんので、通販で買えて助かります。 お刺身の他、すこし甘めの醤油なので、餃子、冷奴なども美味しいです。 故郷で買うより大分高いのでマイナス1です。,4
122794,厚めの生地なので、長時間歩いても足にかかる負担が軽減されそうです。 今の季節でも使えそうだと思いました。,4
135780,パソコンで深夜にMVを視聴するさいに使用しています。他のレビュー通り、低音はかなり良いです。高音域も個人的には全く問題ががありません。価格を考えればかなり優秀ではないでしょうか。一つだけ気になったのが付属のイヤーパットが3種類の大きさと記載があるのですが最初にセットされているパッドと予備のパット2種類のうちの大きい方がどう見ても同じサイズです。,4
142258,ベンチプレスをするときに、ラックにプレートが当たり外れ死にそうになりました。 慣れれば大丈夫です。セーフティバーは絶対使いましょう。塗料がいびつな部分もありますが俺は気になりません。,4
122066,が、我が家は好きです。 しっかりと無花果の香りがします。 洗い上がりは石鹸シャンプーですね。 さっぱりしますが、さっぱりしすぎという方もいらっしゃるかもしれません。,4
154175,削り器が、色が残念でした。(笑)普通の削り器が欲しいと思います。 鉛筆自体は満足です。ダブりも無しで。OK 臭いは、広げて乾かせば、取れる気もします。これは、鉛筆ホルダーの布地が匂うのだと思います。皮っぽいところかなぁ？と思います。 入れ物は替えられますから、良いと思います。,4
125386,サイズもデザインも気に入りました！ただ静電気が発生しやすいかもしれないです。,4
124001,なかなか取れないイボ～気になるイボ～使用したいと思い購入しました。,4
