127855,今までコードをベッドの上に引っ張てくるのが大変で、下手したらスマホを落としてしまうこともありましたが、本製品は十分な長さがあるため、ベッドでゆとりもって使えています。,4
152307,159センチの48キロ体型でもギリギリウェスト引っかかる感じでスカートはけてます。 縫製にやや不安がありますが値段も値段なのでそんなもんだと思ってます。Bカップの私はボリュームないのでボタンもきっちりしめられます。もし細身でバストが大きい方はきついかもしれません。,4
120267,北国暮らしなので暖かいタイツがほしいなーと思い購入。丈夫で暖かくて重宝しています。加圧効果？はそんなに高い感じはしませんが、履くときは普通のタイツよりは少しきついかもしれないですね。でも特に気になることはないです。これで長持ちしてくれれば大満足です(^^),4
130126,保々満足ですが一個だけ点滅しちらつきがありましたがお安かったので良しと致します,4
156282,今まで使っていた手桶はフックをかける穴があいてなかったので、頻繁に浴室の棚から落ちてうるさい音を立ててストレスになっていました。この商品はフックでタオルハンガーにかけることができ、しかも折りたためるので狭い浴室でも邪魔になりません。ストレスが解消されてとても気分がいいです。,4
133660,以前にも他のショップで購入したことがあります。この価格なら満足。自分的には十分描けますが もっぱら練習用に使っています。,4
157316,バイクシューズとしてはよくできている。履き心地よい。耐久性もありそう。 ただし、真っ黒けで無骨。おしゃれじゃない。,4
141204,デザインそしてコスパ 使い勝手がいい 太いパイプにも対応してる,4
153551,大きくて何でも入るし値段も安い。コスパ最高。,4
153131,値段のわりに雨の日でも見えます、個人さがあると思いますが。,4
141379,レンジ周りに汚れたら気軽に捨てれるので。水回り、鏡の吹上に綺麗になります。,4
147747,長年のメーカーで安定してます。 昔から使用しているが特に問題はありません。,4
144727,防水になってるものを始めて買いました。防水という意味では服がしめることなく、結構吐いた時には全部染み込むわけじゃなく弾く感じか、液体がスタイの上に止まる感じで、あまり交換が面倒な方にはオススメ。 ただ、色がシンプルだから合わせやすいという感じではなく、白でも若干ベージュ色と茶色なので、可愛いタイプの洋服とは合わせにくい。,4
136619,期待通りのあたたかさで満足です。買って正解でした(^o^)/,4
140855,しっかりと砥石を固定してくれるので研ぎやすさがあがります。 砥石屋さんの合成砥石を固定してみましたが申し分のないホールド感と固定のしやすさがとても満足です 滑り止めがもう少ししっかりと机等にくっついてくれると☆5かな？私が研ぐ場所はどうも滑るので別で滑り止め(100均)を敷いてます,4
128778,今まで色んなプロテインを試しましたがとにかく美味しい。キロ2千円のコスパもいいですしリピートしたいと思います。,4
128391,足首が痛みが出て、購入しました。上側が少しチクチクするので巻き方に工夫が必要です。,4
148765,ごみ袋が見えないことが、大満足です。 李フォームした、洗面所地ピッタリです。,4
150547,大小とも切れ味は良い。特に小の方が良い。大の方を足用として使おうと思っていたが、刃先のすきまが小の方より少なかったので、大小とも手専用として使わざるを得ない。いままで使っていたのを捨てずに、足用として残すことにした。,4
124668,惜しい、目覚ましがわりのAMラジオがノイズを拾います。 それと、ベッドサイドでスマホ充電に使うので、もし暗い準常夜灯モードがあれば満点でした。,4
137341,互換バッテリだけどいい商品で、確実に早く月使用になんとか間に合った。,4
137402,この形状の類似品はたくさんありますが、土台の印字(社名ロゴ？)が銃のホワイトマーキングを邪魔しない感じが良い。 ピーカンでも十分にドットが見えました。 外観、機能は最高ですが、他よりも少し価格が高かったので－1です。,4
155376,小分けがたくさんできるのが気に入りました 大きすぎずでもしっかり色々入るし 何よりも気に入ったのが、かばんの中でごちゃごちゃにならない事です,4
120130,娘のために購入しました。値段相応の品だと思います。とても喜んでいます。,4
131492,サイズが、少しだけ大きめでした。履き心地は、とても柔らかくいい感じです。トイレ用にと購入したけどもったいないかな？,4
159639,21×21の四角い椅子の足に装着。 問題なく使えています。,4
138131,見た目がシンプルで見栄えが良いのと、作りがしっかりしてて安定性があったので、買って良かったと思いました。 ただ、板の一部に少し傷があったので星1つ減らしました。,4
131197,質感が良く、また生地がしっかりしていて、使い心地がとても良いです。,4
120335,まずは、この値段で、アルコールストーブ、ガスバーナー付きは価値があります。くり抜いた穴はバリがあり、ヤスリがけが必要ですが、全体的に作りはいいですね。風防効果が高く熱効率もいいですね。ソロキャンプには、少し大きいかなあ。,4
129935,早く届いて良かったです‼️コスパも最高。娘が手袋にとてもテンションが上がってました😊 脱着時に気を付けたら数回着れそうです！ 残念なのは、届いた時にスリットのところが破れてました… それ以外は納得、包装も綺麗でした。,4
136014,スーパーで買うより割高ですよね…。でももう私の周りにはどこにも売ってないので助かりました！大好きです、美味しくいただきます！,4
123297,職場に持って行く小さめのものを探していました。バックに入れてもじゃまにならずとてもいいと思います,4
155661,スマホ、LED照明などのGoods充電に活用。,4
125507,E11ノートのヘッドライトでは、ポジションランプは前方より上方に光が上がってしまう為、今まで使用していた豆電さんのT10/T16ではLEDチップがぐるぐる巻きなので、明る過ぎて運転席から見ても光り過ぎだったので、先っぽだけ光るタイプに変えるため本品を購入した。 明るさは豆電さんの方が明らかに爆光だが、今回の目的には本品は適していて概ね満足。 最初注文時、4個での表示になっていたが今は直してあるようだ。,4
138976,もう少しカード入れが多い方がいいと思います。なんせカード時代ですから。,4
140632,なかなか良いです。 さほど重くなく、扱いやすい。 見た目も良いです。 被せのマグネットがつけづらいので、 カバン本体側から、短い布地にて浮かせ、そこにマグネットを取り付けると良いかも。 後、型崩れしやすいです。,4
147442,テーブルを低い状態で使う時にも高さの微調整ができるとなお良いかな,4
130874,入院中の父が使用するものとして購入しました。小さすぎす大きすぎず丁度良いサイズで喜んでいました。,4
139913,着心地はとてもよく、ストレッチもきくので とても良いと思いました。夏には最適です。,4
126197,とっても手軽に使えるのが何よりです。まだ買って間もないので、これからに期待してます。,4
141460,完全にパケ買いでしたが、すっきりと飲みやすくてあたりでした！コンビニコーヒーよりコスパもいいので毎日飲む用にリピート決定です。,4
151287,FORZA(2018)では、ディスクの穴を選びますが装着できました。 しかしながら、PCX(2018)には装着できませんでした。 商品の品質はよかったです。,4
144299,素材が柔らかいので、装着も充電のための脱着も楽です。色もベルトの色と同じなので本体と見分けがつきません。4色を買ったのでベルトの色に合わせられるのがいいですね。,4
152763,まあ、ほかの皆さんもおっしゃっている通り、値段が最大のネックですね。特に値下がりした風でもなし… ただ当方は画像を印刷することが多いので、多少お値段は張っても定番・推奨品にしています。結局プリンタで印刷するようになって以来ウン年、ひたすらこの商品を購入しています。 商品の状態・到着の速さについては文句なしです。,4
148564,昔好きだったDr.マーチンの8ホールを、最近また買いました。 ウキウキで履いたのはいいものの、昔は全く気にならなかった毎回ひもを結ぶと言う行為が、今ではとても面倒に感じました。 もはやお蔵入りかというタイミングで、この靴ひもを見つけて購入。 早速使ってみたところ、脱ぎ履きし易い！ もう、じゃんじゃんブーツ履いています。 オリジナルのひもは丸いタイプなのでちょっと違いはありますが、充分な長さがありスタイル的には気になりません。 まだ使い始めですが、来シーズンまでもつかどうか分からないので☆4にしました。,4
122279,よい取引ができました。比較的良い状態でした。,4
133981,PRIMUSの赤いのを使っていましたが、折れてしまったので今度はこちらを購入。 OD缶の110、250の両方に対応していることと価格の安さで買ってみました。 コンパクトさはPRIMUSですが、収納できない程ではないので、まあ良しとします。 強度はPRIMUSのよりありそう。 この価格で考えればコスパはかなり高いと言えます。 中国からの国際郵便で発送なので、届くまで数日掛かります。お急ぎの場合はご注意を。（追跡は可能です）,4
140536,大家さんに修理依頼せずに直接交換してしまいました。,4
120299,CPU交換のため、本製品を使用しました。注射器型で使いやすく、内容量も3回分有り、お得感○です。 耐久性はこれからの検証になります。,4
120440,ホームセンターより圧倒的に安くて助かります。 １８mmの合板に使って問題なし。 ２つ刃があると安定していて良い。,4
136634,サイズと値段がよかったので購入。 期待通りでしたが2回目リピート購入いようと思たら値上がりしてました… なので☆マイナス1,4
138637,車から電源を取らなくて良くなったのは良い。,4
155686,今まで推理小説は読んだことがないのですが、 テンポ感が良く、楽しんで読むことができました！,4
130060,最低限の荷物は入ります。形もしっかりしています。カギがついているのですが、それがカバンと擦れて少し色がつきます。黒い色に黄土色っぽい色が少し。使わない人は最初から外してしまった方が良いかも。,4
154537,質感も高くて、とても軽くて使い易いので、会社用に２個買いました。 久し振りに大満足の商品です。,4
158117,ミューズリーに入れて牛乳をかけて食べていますが味もニオイもクリープに似ていると思います クリープに似ているならコーヒーにもあうかと思ったのですが思っていたより溶けずに粉っぽくなってしまったので少量の牛乳を入れて混ぜてから使用しています,4
130784,出かける時便利です。子供が気に入って、遊びに行く時自分で用意する意思高くなったのです。,4
143442,私はここ数年ドクターアッシーだけをビジネスシューズとして使用しています。 軽くてビジネスはもちろん、カジュアルでも使用出来ます。,4
124522,説明書には、日本語表記ありませんでしたが、それ以外はカッコよく満足です。,4
158467,締め付け力が調整できません。頭大きめの人は耳が痛くなります。音質については素人感想ですが良いと思います。,4
151715,いや、ちゃんと詳細欄に書いてあるんですけどねw 価格からして当然のように隣国製だと思っていたので驚きました 立派にブリスターパックに入っていますし、このまま量販店の店頭に陳列出来る品物です 品質も減点されるようなところは見当たりませんし十分でしょう いまだにS端子ケーブルを製造してくれているだけで有り難いです 商品名に「日本製」と表記したほうがもっとアピール出来てよろしいかもしれません,4
125100,値段も非常に安いし、使用しても普通に使えるので問題ないです。,4
140771,S204に使用しました。 プラスチッキーで、気に入らなかった部分が、漸く多少マシになりました。 商品はメタル素材で作られており、しっかりしていい感じです。 ただ、今あるスイッチにカバーするので、当然ですが、一回り以上大きくなり、メタル化したスイッチの存在感がかなり増しますが(笑)…。 両面テープが同封されてましたが、貼付面のシートがなかなか剥がれず多少苦労しました。,4
155054,野菜サラダのトッピングには、とても良い。,4
6468,スクリーンに擦れる状態で金具セットの袋が梱包されていて、当然スクリーンは傷だらけ。 傷の無い商品を買った人は奇跡です。 返品後に再度来たのも同じ梱包で傷だらけ。 着ける以前の問題です。 買ってはいけません。,1
14064,現状手差し給紙でしのいでいます。 動作も遅く、使い勝手も悪いです。 安い製品でしたのであまり期待していませんでしたが、予想を下回るクオリティです。 初期不良として返品するのも面倒くさいので新しく買い替えます。,1
20862,取り付けは洗車後に取り付け箇所をシリコンオフして取り付けました。 半年後に両面テープからモールが剥がれました。両面テープはドア側に残っている状態です。 両面テープが耐候性が弱いか、モールを両面テープを付ける作業が雑かどちらかが原因で剥がれたと推測します。 耐久力が低くて残念です。,1
35994,缶の蓋をマイナスドライバーなどで外す手間が必要です。 そして何より、 直径約10cmで、 洗車箱に整理する時、 かさばって邪魔です。 今までは液体コンパウンドを使用していたため、 こちらの商品の固形タイプより便利でした。 液体コンパウンドと比較しても、 商品の品質の差をあまり感じられませんでした。 これなら利便性が良く、 場所もかさばらない、 液体コンパウンドが良いので、 次回からはそちらを購入します。,1
27746,装着して2ヶ月でスエード部分がハゲハゲです。それにスパルコのプレートが非常に分厚くハンドルを回すたびに手のひらに当たって大変不快です。粗悪品にスパルコのワッペン付けただけのろくでもない商品です。,1
37654,形は良いですが、しばらくしたら 中から、カラカラ音がしてきました。,1
15250,それなりに名の知れたメーカーのメカニカルキーボードがこの値段で手に入るなら買いです。 唯一の欠点としてエンターキーの小ささには注意が必要ですね。 追記 めんどくさいので返品はしませんがｚキーが光らなくなったので代理店に連絡しましたが今なお連絡はありません。,1
18387,計っている途中で電源が落ちます。 小数点以下の数字も信用できません。はかり直す度に数値が変わります。これでは0.1g単位で計れるクッキングスケールを買った意味がありません。,1
28565,以前Amazonの別の業者から購入したものは接着面以外の部分がダメになるまでくっついていましたが、こちらは3Mみたいですが、翌日には取れてしまいました。くっつかないので、別の店のを購入します。,1
29449,説明書はありません。YouTubeで動画を見ながらやると一発で修理完了して、感動しました！高いお金払って待たされずに済むとなると断然セルフ修理した方が得です！ この画像プラスもう修理は終わったので写せませんが、新しい替えのスティック部分とカバー？が２つついております。 １つ１つの物の名前もわからないので、ちょっとした役割などを教えてくれる説明書きなどあれば良いなと思いました。 Y字ドライバーは同じ物が２つ入ってました。 プラスドライバーではなかったので残念です。,1
32921,表側のポケットの底が切れていました。 こんな物かとガッカリです。,1
33703,全くもって写真と違う 最低な商品だった,1
17740,小さ過ぎて、インカメと指紋認証の位置が合ってない 買って損した,1
32096,80mm~180mmと書いてありますが115mm196mmのタブレットがダメでした 実測しましたが使える範囲は120mm-185mmです ついでに連絡しようと出品者を見たら中国の連絡先だったので18ヶ月保証（ただし中国語必須＋海外送料負担）というオチだと思います,1
33990,不良品。 10時間もつと記載があったが4時間で消沈。 問題外 あと、写真では１色が点灯しているように見えるが、実際はカラフルに高速点滅するので、下品なイメージ。 商品の説明不足 なんにしても買う事はお勧めしない,1
2880,レビューが高評価なので、即買いで取り付け致しましたが、点灯しませんでした。何度も何度も箱の説明書通りに、やり直しましたが、ダメでした。残念です。他のものに買い直します。,1
34605,小銭入れなのに500円玉が考慮されていないのか、斜めにしか入りません。 硬貨をきれいに並べて入れると、500円玉が入りません。(ファスナーが閉まらない) 入れたい硬貨が入らないので、小銭入れとしては0点ですね。,1
18357,配達の方から、ダンボールがテープで止めてあるので、本数など確認してください。とのこと。 本数はあっていましたが、賞味期限が外箱と違う商品も入っていました。缶も傷があったり、ベトベトしていり。どんな管理をしている商品なのか気持ち悪くなりました。本当は返品したいくらいでしたが、主人が缶の中身は大丈夫だろうというのでそのままにしました。 二度とここでは購入したくないです。,1
36068,最悪すぎます。 2回履いただけでそこが外れました。,1
4829,二度も違う商品が届きました。 非常に残念でなりません。 その都度返品処理をして再度購入。 うんざりです。,1
39208,アルマイト加工されていないナットはスムーズにいきますがアルマイト加工されているロックナットは確実に引っかかってアルマイトがハゲます これじゃアルマイト処理されているナットでは使えません あと引っかかりますのでナットが抜けない,1
18947,YouTube見ても、画像が荒れて実質見てられないコンテンツがあります。 三日でＵＳＢコネクタ部分が通電しなくなり故障してしまいました。 やっぱり、信頼あるメーカー品を買えばよかった。 本体もめっちゃ熱くなる。 非常に楽しみにしていたが残念だ！,1
36291,中のパッキンはゆるゆるでたるんで所定の位置にはまらない状態で送られて来ました。 欠陥品だから安いのか〜 SHIMANO好きだけど、これでは買って損したような気分です。 みなさん要注意です。,1
19947,チェーン装着が必要なほどの降雪はないためちゃんと使用はしていないのですが、物はちゃんとしていると思います。 ただ、本体以外の付属品が入っていませんでした。,1
543,自分でもこのメーカーの商品を使っていて、嫁に買ってあげたところ全体的に縁の部分が浮いてしまいとても残念です、,1
4108,水通し1回して破れました。 安物とはいえ、それは無い。 写真で見るほど柄の色も鮮やかではありません。,1
2740,パズルの難易度が大幅に緩和されています ps3のキャサリンではイージーのみであったやり直し機能がノーマルに搭載されており 自身で操作せずとも死ぬと自動で戻ります 落ちたら無かったことになるし 罠にはまっても無かったことになるし 適当に動かしてもなんとかなるので化け物に追いつかれることも無く スリルや緊張感が無くなり作業となりました,1
16742,商品説明写真にはない縫い目がフロントに入っています。縫い目なんて普通、真横に入るもんじゃない？正面を向いて立って左足の真ん中あたりに縫い目がくっきり。不良品ですか？,1
31332,粘着力弱すぎる。46gのドライブレコーダーが耐えられなくすぐ落ちる。,1
35172,ファスナー式の物が届きました。残念な買い物になってしまいましたが、仕方ないと諦めます。返品もめんどくさいので、このまま使いますが、すぐに処分する気がします。,1
36402,この値段だから仕方ないかもしれませんが底部ネジ山がつぶれています。たたきこんだのでしょうか？とりあえず使えましたが 底部ビスは自分で改造する予定です。,1
26723,バイクに取付ようとネジを回したらネジがバカになり使用不可能になりました。 もっと強度が欲しいです。,1
26,購入時から蓋を閉めた時に隙間があり、不安ながらも使用してみたところ、漏れました。,1
8401,艶肌に見えて化粧したては気に入りましたが、時間がたつにつれて肌がつっぱってきて、粉を吹いたようになってしまいました。 おまけに化粧を落としても肌がピリピリして、私の肌には全く合いませんでした。 あまり化粧品で肌が荒れることがなかったので残念です。,1
30436,思ったより大きかったです。見た目は想像していたより綺麗ですが、とにかくニオイが気になります。とても体に悪そうなニオイで、お米などを入れるとニオイが移り、味も変わります。食べてもいいのか不安になるほどなので使うのをやめました。,1
15168,自分の使い方が悪かったのか、半年で接触が悪くなり電源がすぐに落ちるようになりました😭,1
25405,全体として作りはよかったのですが、背面カメラレンズの穴横に、目立つ傷（凹み）がスジ状に入っていました。 ガラスフィルムなどを貼った後に気が付いたので、返品も出来ず。 熱い蒸しタオルを押し当ててなんとかごまかしましたが、本来なら返品したいところでした。,1
31839,在宅しているのに、勝手に宅配ボックスにいれられていました。 デリバリープロバイダ最悪です。 本の内容は、最高です。,1
37419,購入してから、一年すぎてから、発覚したことであるが、、、 使用していて、ある日、バッテリーで稼働していて、残量、３３％になったので、充電しようと、電源に接続しても、充電しない。一見、充電しているようにみえるが、電源つないだままで、次の日みると、３２％。”え？これって、充電してないじゃん。むしろ、減ってるじゃん。充電しないんじゃ、使い物になんねーじゃん。”と思いました。 高容量で、長持ちするかな？と思い、無い金はたいて購入したが、大損した。もし、購入を考えている人がいたら、言いたい。”やめとけ、損するぞ。”と。,1
13665,サイズ24.0なのでレビューを見て24.0を購入しましたが小さかったです。以前に他のお店で似た商品を購入しましたが安いので今回はこのお店にしましたがやっぱりワンサイズ上にしたほうがよかったです。レビューの履き心地とかはあまり当てにならなかったです。サイズが小さいので娘にあげましたが２日目にソールが剥がれて使えなくなりました。返品のため電話をしましたがつながらないです。日本人スタッフが対応と写真で説明していますがまったく信用ができないです。,1
38631,朝日しかKindleでは見れず速削除しました,1
12671,一番大きなサイズのカップを今日初めて使いました。洗い終わり、取手を持って全体を拭いている時に取手部分が外れてしまいました。そんなに負荷もかけていなかったと思うのですが・・・取付の溶接？もかなり薄いです。 今日はしゃぶしゃぶを食べるために少量のポン酢を入れ、取手は持たずにテーブルに置いて使ったので大丈夫でしたが、熱いスープなどをカップ一杯に入れて持ち上げていたら、取手が外れ中身がこぼれて火傷したかもしれません。 それと、以前から持っていたキャプテンスタッグのシェラカップの方が全体的に厚みがあります。 やはり値段相応ということでしょうか、取手も無くなったので今後は家の中でボウルとして使おうと思います。,1
27630,充電のみでイヤホン使用できず。 商品説明にある通り、充電ケーブル、イヤホンをつないでからiPhone7 plusに接続しましたが、充電のみでイヤホンは使えませんでした。。 イヤホンを直接iPhoneにつなぐと問題なく使用できることから、商品の不良と思われます。 やはり、純正品ではないことと安かろう悪かろうですかね。,1
10922,決して不器用な方ではないはずなんですが、、、どれがフィルムでどこが裏シートかはっきりせず、3枚使っても貼ることができず、使用をあきらめました。,1
4135,すぐ壊れてしまい！ 買うのはやめておいた方がオススメです,1
1005,1日で割れました。携帯を落とした記憶もないのに。。。汚れが気になって拭いた程度。フチにパシッと。。。 とても残念。星はつけるほどの価値が無い商品だが、無いとレビュー出来ないため星は１つ。,1
28178,うちのハリネズミさんは食べてくれませんでした いつものご飯に混ぜてもこれだけ避けて食べています うちの子はペットショップの餌も食べず、スーパーの安めな餌を好んでます なので、貧乏舌かも知れません 舌が肥えているハリさんにはいいかもしれないです,1
6973,評価が非常に良い、使用感が無い新品同様のことで、購入したのですが、届いた品物は多数の塗装剥がれ、表面のベタ付き、読み込みエラーといった具合で、完全に使い古されたジャンク品でした。 どういう基準で品物の評価をしているのでしょうか？ 詐欺被害にあった気分です。,1
11121,ホームボタンとカメラの穴が合っていない。,1
15716,全然期待してたのと違って、風が弱すぎて暑い夏には、涼しいと思えない、,1
3889,XLを購入しましたが、Mサイズくらいの大きさでした。生地もあまり伸縮せず着にくいです。,1
12858,HDでは全く問題ありません。4K60pはいけるともダメとも書かれていませんが全く使えません。,1
21575,なぜかイヤホンをしないと通話が出来ない?,1
36406,購入して、一番ガッカリしたのは、チャックの開閉がスムーズでないこと。 ２つあるうちの１つは大丈夫だが、ひとつは金具がゆがんでいる。 写真の1枚目に載せたが、左右からチャックを押さえて並びをみてみるも たるんでいるし、金属が違う方向を向いている。 チャックが、途中で突っかかってしまう。 たぶん、この製品はあまり長く使うことはできないだろうなと感じた。 ２０００円ちょいで購入できるので、そんなものなのでしょうが。 あとは、おすすめとしては、チャックはYKKとかのものがあったら そちらを選んだほうがいいのかもしれない。 中のつくりは見たかぎりはしっかりしていると思った。 あとは、色がブルーという表記であるが 実際の実物をみると『モスグリーン』のような色に見える。 写真も添付したが、これよりも実際には緑色をしている。,1
11846,ハンガーパイプのスリーブが閉められないので幅が移動する。 購入目的が幅が固定出来るハンガーパイプだっただけに不満。 固定出来ないので全く使えない返金してほしい！,1
20919,アルミ素材なので輸送中？に衝撃が加わったのか、封書でポストに投函された際の衝撃なのか、梱包が甘く商品自体歪んで使い物にならない。返金引き取ってほしい。,1
7807,傘のデザインがかわいいけど、作りが粗い。 届いてすぐに傘を開いたところ、真ん中のビニールがすこし裂けてました。 使って３回目で壊れました。 ショッピングセンターで商品を確認し、改めて購入しました。,1
1963,軽く拭いてもすぐに剥がれてしまいます。 買って損しました。 そうならないようにレンズの耐久性を上げて欲しいです。,1
8068,商品タイトルに200v対応と書いてありますが送られてきた商品は125 V までしか対応してないそうです。どちらが本当でしょうか,1
13805,カビ臭いです。少し食べて耐えられず、残念ながら廃棄しました。,1
18976,使用開始後、数分でノイズが入り始め使い物になりません。捨てまして。,1
27257,フィルターに付いている保護シートを外したらフィルターが剥がれました。品質問題あり。それと隣にいると画面は丸見えです。,1
11104,届いたら割れてました、きっと包装が悪いんですね、返品を申請してますがずっと返信は来ないし最悪ですね。,1
29635,最小音量でも音が大きい。 なぜか音出してないのに、音がイヤホン以外のどこからか漏れる。 他にレビューが見当たらないので私のだけおかしかったのかもしれません。,1
83787,凄く良い商品ですね！ 商品名に右利き左利きと書いてあったので左利きでも使えると思いました。 自分は左利きなのでハンガーに吊るしておこうと思います！,3
107394,普段は24cm を履いているが余裕をもって履きたいので24.5cm を発注。 足幅が人より細いのでいいかなと思ったが、なんて小さく作ってあることか。 返品処理して、類似商品で25cm を注文してみた。 足幅の広い人にはきつめかも。,3
119023,タイトバレルに組んでます。 かなりじゃじゃ馬ですね。 なかなかストレートには飛びません。 気密もしっかりやらないとエアー漏れします。,3
115646,購入後5ヶ月程で繋がらなくなりました。 1年保証を謳ってたのでAmazonを通して販売元に問い合わせしたところ、新しい製品を送るとのことでしたがその後1週間経っても連絡無しです。 やはりというか、中国の業者は信用できませんね。保証は最初からないものとして考えざるを得ません。 追記 業者から連絡あり、商品を再送してもらいました。,3
115171,ディスプレーに直接ジョイントする部分が少しユルイ感じがする以外は満足です。特に多くの製品がデスクの底面でねじ止めをする中で、この製品はデスク上部で締めるので底面がすっきりしていいと思います。,3
104384,サイズ感が少し大きめです まあ小さいよりはいいですけど…。 こういうものはネット購入は難しいですね,3
95389,デザインがシンプルで気に入っています。シュレッド中は流石に静音とは言えませんが、うるさいとは思いません。表示では3分とありますが、5分以上頑張ってくれます。,3
105667,見た目はいいですよ。ただ問題はいつまで故障なく使えるかだね？,3
108393,幼児期の病気の影響で、片足が数センチ短いので、その補助用に購入しています。商品は何度も購入しているので可もなく不可もなくですが、9月17日現在、未だ配達されていません。別に、急ぐわけでもありませんが、「15日までに配達されましたか？」とamazon から評価依頼のメールが届くと、？？？ 何を管理しているの？ と思ってしまいます。,3
107849,何方かのレビューにあるとおり、可動部が緩く、ネジを幾ら締めても頭が下がってきてしまいます。ゴムシートを切り取り、パンチで穴を開け、ワッシャー状にして、挟むことで何とか動かなくなりました。その他、スイッチの位置が本体直近にあり、商品紹介写真のそれと異なります。それ以外は価格もお手頃で、何ら問題ありません。,3
101944,フード早食い防止にとあったので購入しましたが、ボーロも蓋がひっかかるほどに穴が非常に浅く、フードはほんの少ししか入りません。Mダックス１日２回食でフードの1/5入るかどうか・・。食事使用には向かないと思います。 ただ、ひっくり返ったりはしないし、牙を当てても割れる様子もないのでワンコの暇つぶしには良さそうです。,3
118027,大きさの割には軽くて使いやすいです！ 子供の多い髪も、まとめやすく助かります。 仕様していると、黒なのでホコリが付くのが目立ちます。,3
91302,品物は記載のとおりでした。 ただマグネットなので直ぐ外れてしまうため、ついているか気にしていないと、直ぐなくしそうです。,3
117890,スプレーが効いているか実際分かりにくい。当然、雪道やアイスバーンには、スタッドレスタイヤ等を履くことが前提である。なので、このスプレーがあるからと、安心してはいけない。 ただ、滑る道を走る際に、スタッドレス＋スプレーで、若干雪道への不安は減るし、「ここまでやって滑るなら仕方ない」と思える。 その他、手についたらベタつくので、吹きかけの際は、軍手等推奨。 押したときに結構ノズルの隙間から液が漏れるので。,3
111706,渋みや苦みがなく、ジュースのようにガブガブ飲める。ただ、ワインとしては深みにかける。,3
81044,はんだごては重いものは挿せません 倒れそうです クリップに挟んでルーペをつかってはんだ処理… 一度だけでした。意外に面倒なんですよね。一つの機能に特化したもので、値段は高くてもいいものを買ったほうがいいのかもしれません。使えなくはないんですが…,3
114311,デザインの古くささはありますが、値段の割に画質はいいです。ただ、説明書の付属がないので設定メニューが手探りで調べるしかないことと、イヤホンマークがステレオジャックに書いてあるくせに入力専用でイヤホン、ヘッドホンの類が使用出来ないところでマイナス。,3
112078,デミタスって、こんなもんですか？もう少しコーヒーらしく、！何か足りない！,3
89969,純正品で馴れているため少し使いにくく感じますけどボタン配置的に場合によってはこっちのほうが使いやすかったりもする,3
81532,重たくて買いに行くのが大変だから、通販で頼んだのに、宅配ボックスに入れられてしまい、運ぶのに苦労しました。そのため次回からキャンセルしました。最悪！,3
109392,思った以上にデカくとても良いが、ペロンペロンの鏡部分の耐久性が心配。耐久性が有ればコスパは良いと思う,3
98485,好みが別れるカード。 私は合わなかったが、天使が好き、天使の歴史や、能力が託さんのっているのはおもしろい,3
106294,低音が出にくく感じました 初心者には値段の割には クオリティ高いと思います,3
96606,商品はものすごく気に入りました。が、日にち指定したのに早く来過ぎました。母親に取りに行ってもらい迷惑をかけてしまいました。何のための日にち指定なのでしょうか？,3
113144,前に買った同じものはもう少しやすかったのですが、売り切れているので しょうがないかなと思います,3
110686,一週間ほど使いました。 耐久性に関してはまだわかりませんが、期待値です。 使いやすいさですが、正直つけてない感覚とまではいかないですね。やはり一回り弱大きくなった気がします。ただ横のボタンなどは凄く押しやすいし、押した感覚も柔らかくいいです。 後ろもつるつるしてて摩擦が無いところでは滑るくらいです。一度それで机から落ちました。 軽量に関しては、先程書いた通り少し大きさ感じる程度です。重くはないな。 一番気になったのは、クリアを買ったのですが、既に変色してきました。四隅から茶色に、、、これを知ってれば黒とか買っていたんですけどね。こればかりは分からなかった。 結構目立つので購入される方はクリア以外をオススメします！,3
105691,ソケットとの接続部分が動きやすいため直角にしても重さで倒れてきます。その他の機能は問題ありません。,3
85307,購入して使いましたが変化はありませんでした。 リピはしないと思います。,3
107112,商品説明の画像でもわかりますが、バルブを開けていくと不完全燃焼の赤い火が出ました。 バルブはあまり開かずに使った方が良さそうです。 バルブ開度小、半開、全開の画像を添付しておきます。,3
95572,添付した画像にあるのは座面のレザーを留めている鋲ですが、使用しているうちにいつの間にか脱落します。他にタッカーの針も使用しているうちに抜けてきます。購入したのは一昨年の8月上旬ですが使用開始から1ヶ月以内に数本脱落しました。 小さいお子さんやペットのいるリビングなどで使用する方は踏んだり飲み込んだりする恐れがあるので要注意です。 強度としてはドラゴンフラッグ対応とありますが座面の板が結構しなるので正直怖くて思い切りできずドラゴンフラッグには強度的に不安があります。ちなみに私の体格は178cm75kgです。 ダンベル等を用いた通常レベルのプレスやフライ等のエクササイズには必要十分な強度があります。私は60kgセットのダンベル(片側30kg)でトレーニングしますが気になるガタや角パイプの曲がり等は皆無で普通に使えます。 ドラゴンフラッグのようなてこの原理的な荷重を掛けなければ十分に使えると思います。 タッカーの針や鋲が抜ける前にビニールテープなどで補強すると良いかもしれません。,3
101463,色がとっても綺麗で、お酢ですか⁉って感じでした。飲んでみるとやっぱりお酢っぽく無くてもうちょっとお酢感が欲しいかも😣,3
82725,ミラーをたたむ動作だけで良いならば取り付けも簡単なので良いと思います。,3
108222,伸びないので脱ぎ着しにくい。 スケスケで長いペチコートが必要。そのままでは、前から歩いて来る人が、通り過ぎるまで膝あたりをジロジロみて嫌な気分になりました。,3
87568,1月ぐらいほぼ毎日使用してみて、安っぽいしでかいけど普通に使えるっていうのが感想。まあ携帯するのには向いていないね。キッチンとかでタブレットを置きたいっていう人にはオススメできるかも？,3
91090,デザインと防水（一部？）に惹かれて購入しました。他の方が言われている通り、各所に荒が目立ちます。特に気になったのは内部の繊維片？です。「え？散髪後の床？」と思うほど沢山の繊維片が付着していました。掃除機等で吸い取りましたがやはり気になります。また、ベルトの固定部分の縫い付けが斜めに曲がっていました。地味に気になります。商品画像では真っ直ぐなのでたまたまかな？デザイン、容量、防水という良い部分を意識して使っていこうと思います。お値段も安い方ですしネ。今後の期待を込めて★３です。,3
112733,思いの外重いです。開閉の操作が難しいです。,3
83285,皆さんのレビュー見て、サラッとして吸いやすいのかなぁと思ったら味が薄い。人の好みによりますが、私には物足りませんでした。,3
84544,紙の質は予想していたより上質でした。普通に書きます、学校で助かりました、いい買い物でした。,3
111060,uvカット用に購入しました。フィルターは使用していませんが、息苦しさはありuvセンサーの上におくとセンサーが若干色が変わって反応しました。,3
103555,色合い、手触り良かったです。後どのくらいでかすれてくるか？ 買って3日でストラップを掛ける鳩目の金具がとれてしまいました あまりにも早く残念,3
92791,機能的には十分満足でしたが、一年程度で突然スマホ認識しなくなりました。ドライブレコーダーUSB接続してますが、そちらは全く問題なく使用出来ます。,3
84236,パナソニック製が長持ちせず、老舗メーカーに引かれて購入。 脱臭機能は良いですが、一番弱にしても水圧が強く感じます。 元々INAXが設置されていたせいか、こちらはガタつきを感じます。 耐久性については、まだ設置間もないので期待する所です。,3
102689,つくりはしっかりしていますが、仕様の最大電流が低いようです。 配線が非常に細いことから50W程度の製品が常用の限界かもしれません。 コンパクトなドラレコやLEDアクセサリ照明などの利用なら問題ないでしょう。 用途が合えばお勧めです。 ただし固定させて利用する製品ではないようなので、底面は平らではありません。 無理して固定するなら両面テープは自前になります。,3
116075,コスパはかなり良いほうだと思います。 画面は文句なし 音の部分は、まぁ想定内 操作も慣れればまったく問題なし！！ 残念なのはマニュアル 日本語のマニュアルがついていたのだけどとにかく読みづらい、、、（写真参照） 文字ばかりなのでこの辺りをもっと見やすくしてくれたらもう一つ☆増やしてもよかったかな 読みづらいけど、しっかり説明は書いてくれてるので好感触 そしてこの商品の目玉であるゲーム機能 はっきり言って期待してたよりは遊べる 実機とくらべると体感的に７０％くらいのスピード 処理が遅いので、せっかくの音楽も動きも、もっさりで残念 ためしに無料配布されてる みんなでまもって騎士のゲームは見事起動♪ 動き、音楽はもっさりしてますが。。。 全体的にとてもよい商品なのでちょっとしたプレゼントやネタ景品のひとつとしても おすすめです！！,3
104583,段ボールをまとめるのに購入しました。不器用なのか上手く巻きつける事が出来ず、くっつき具合もゆるくて、ゆるゆるになってしまいます。 他の物にに使用していないので段ボールを巻くだけの評価です。もっと上達すれば上手くいくのかもしれませんね。,3
89643,夏の疲れに購入。効果ははっきりとはわからないが剥がした後はスッキリ。,3
110599,"油性インクとあったので、紙以外のものにも転写できるのかと思いましたがダメでした。 食品の開封日や調理日などを記すために、タッパーなどに、日付印を押したマスキングテープを貼って整理したかったのですが、マスキングテープの印字がいつまでも乾かず、翌日になっても指で触るとついてしまうので、これは使えないな、と思ってしまいました。 プラスチックなどならともかく、マスキングテープのような素材でもダメなの？と、ちょっとびっくりしました。 油性マッキーなどなら普通に書けるので、その要領でこちらの油性インクの日付印も大丈夫かと思っていたのですが…。 やはり紙だけなのですね。 あと、他の方もレビューしてましたが、間隔が広いので、文字サイズが5号と小さくても、横に長くなってしまうのが少し気になります。 価格については、Amazonで買うのが1,000円くらい安かったので大変助かりました。",3
113917,漏れないようにゴムバンドがかなり堅いので、力の弱い自分ははめるのに少し苦労する・・・。 ドーム型の蓋なので、中身がつぶれずに入るのでその物自体は良い。,3
119314,きいているのかわからない。 脇が痛い。,3
119776,速かったのでとても喜んでいます毎日はめています。有りがとうございます。,3
110158,安くて数が入っているので買ってみました。,3
98511,質感は良いですが、今では一般的ではない高さのあるティッシュボックスに対応していますので注意してください。,3
100804,多少振動吸収が弱いようですが、こんなものでしょう。,3
119356,LEDの明るさはこの値段では妥当かと思います。 テープの粘着力がライトの重さに対して弱いです。 車内に付ける際は別のもので補強する必要があります。 3つの点で、総合して☆３つです。,3
116811,デザインは申し分なく、視界も確保出来ますが、角度調節のナットが弛みやすいのが難点で、ツーリングに行った時に、ヘルメットを掛けていたら弛み、六角レンチがなく苦労しました。その辺りを改良してもらえれば最高です。高速はさすがにぶれますが、許容範囲です。,3
91164,思っていたより小さかったのと、保温持続時間が短かったので星３です。,3
81862,紫色のパッケージのモイストよりも、香りが爽やかで好みです。 髪は硬めで乾燥気味ですが、このシャンプーだとふわふわしっとりです。パーマのカールも柔らかく出るので気に入っています。,3
110821,足のサイズは25.5cm。3Eの靴は26.0cmを履いています。25.5cmだとキツイ。 のですが、この製品の25.5cmは4Eなので少し大きい?かも。 【良い点】 ・軽い ・安価 ・足先が楽 ・脱ぎ履きし易い 【悪い点】 ・靴のシルエットが超不細工 ・生地が若干テカテカしている ・色がお調子者の様に軽い,3
86426,いちど絡まったらあきらめるしかない。 以前はもっと安かった気がする。 どれだけ持つかは扱う人の注意次第の商品,3
87748,高温設定の温度が高すぎる、そして中温側は低すぎる、中間の温度設定が欲しかった。,3
98708,汚れはよく落ちるけど、いかんせん量が少ない❗️ コスパは良くないかな。,3
89842,商品の写真と実物の色合いが違いすぎるので星－１しました。,3
86151,X1Tと比べると、音はこちらの方が好みでした。 ケースの持ち運びには、コチラのスティックタイプの方が断然便利ですね。非常に残念な点として ボタンの反応がすごく鈍い。オンオフにだいぶ手間取る。X3Tのが良いかも,3
106044,そろそろ物忘れなどなどが心配で飲むようになりました。効果のほどは分かりませんが無いと不安になって困ります。,3
193078,機能性も良く、軽くて使いやすかったです。また購入をしてみたいと思いました。,5
166523,主人へのプレゼントとして購入しました。前々からワイヤレスイヤホンが欲しいと言っていたので、こちらを購入。見た目もよく、ケースでも充電ができるのでとても喜んでくれました。,5
184007,もっとものことが、書かれています 正しい歩き方、ジョギングの仕方は、専門書を買えばいい 医学的見地からの、本です 買ってよかったです,5
164688,強力な磁力でいろいろ便利に使用しています。,5
164368,今回購入する事が出来、本当に良かったです♪,5
161787,暗くなったら自動点灯する機能がいい。まだ雨がふらないので耐水性は確認できていないが楽しみ。,5
173895,サイズがいい感じ！履き心地もサラッと気持ちよく、履き口の締め付け感もありません。,5
196665,初心者のわたしでも洗いやすい形状で、一つで二度味わえるのがすごくいいです。2穴貫通タイプの使用は初めてでした。挿入すると内部で包み込まれる感じが最高です。往復のたびに刺激され本物の膣に近いと思います。唇と舌の感触は本物みたいにやや弾力があります。,5
163751,ﾏｲｸ付きのﾍｯﾄﾞｾｯﾄ初めて買いました、ｺｰﾄﾞについているｽｲｯﾁでﾏｲｸのｵﾝｵﾌ、音量の増減が調整出来ます。ﾒｶﾞﾈを掛けながらつけましたが、干渉せず、締めつけ感も気になりません、現在夏場でないのでわかりませんがｸｯｼｮﾝも蒸れにくそうな材質です。また思った以上に軽いので長時間つけても疲れません値段も安くｺｽﾊﾟの良い物だと思います。,5
192343,柄がお気に入りです。 今までは転がり使いづらかったけど立てて使えるので使いやすそうです。,5
191382,パウダーファンデーションはこれで塗ってます。 付属のパフよりキレイに塗れるので有り難いです。 再販感謝です。 洗っても色残りが気になる。,5
179846,形状が平らなため、握ってでは回しづらく、手のひらで回す感じです。 その分主張過ぎず、デザイン的には良いと思います。,5
198580,色もいいし、品質も良い！(^^)シンプルだけど自然な感じで、良い買い物ができました！おまけも満足！また買い替えの時はリピします！,5
170545,安いがこうかあります。コーティングがどれくらいもつのかな？？,5
198505,昨年の携帯なのでないと 言われ 番号だけ教えてもらいました 流石アマゾンさん すぐ検索 助かりました やっぱりですね,5
178148,キャンプ用に買いましたがとてもいいですね。値段も安いしスペックも十分です。ステンレスではないので手入れは必要です。濡れたら必ず拭きましょう。厚さも3.2mmあるので多少無茶な使い方をしても大丈夫です。バトンもできますよ。,5
195778,イヤホン自体は非常に軽く、耳に負担がかかりません。自宅でも屋外でも使えるブルートゥース機能が強く、ヘッドホンの音質を楽しむことができます。,5
191946,家族全員使えるように、家に置いて準備します。突然の雨に困りません。傘を買う必要がなくなります。ある意味節約です。軽くて、携帯便利こともよいところです。,5
172095,サイズが小さいとレビューがありますがそんなことはありませんでした。GEL、ターサー、スカイセンサーなどアシックスのシリーズを履いてきましたがサイズ感に違いはありません。軽いですが、靴の中で足がずれずしっかり足を包んでくれます。,5
178701,朝早く起きるのが苦手で、改善したいと思い、購入してみました。見た目がシンプルでおしゃれですし、置いておくだけで素敵です。,5
162881,スマホ、タブレット用で購入しました。フィット感良く、一度Bluetoothに接続すると電源オンだけですぐ繋がり、接続、ちょー簡単︎相手の声、とても良く聴こえます。この前、似たような商品をいくつか使用しましたが、この価格帯の値段の中では接続の安定感・聞こえ方と比べるとこれが一番いいです。電池も長持ちでオススメ！！,5
162760,妻のプレゼントで購入しました。化粧乗りがよくなり、手放せないようです。毎日、使用しています。,5
197902,子供が喜んで使っています。 色もきれいで、扱いやすいと言っています。,5
172805,3ヶ月の6kg、61cmの女の子ですが、頭がしっかり固定されるみたいで、子供の為に買いました。 真ん中に凹みがあるため、赤ちゃんを寝かせるだけで,5
194311,ボタン配置が変わったため最初は戸惑いましたが、慣れれば問題ないと思います。 人間工学に基づいて設計されているため、非常に持ちやすいです。 値段も、安いとは言えませんが買う価値はあると思います。,5
161074,まだクーラーまで必要なさそうなので携帯扇風機を探していました。充電式で台座が付きデスクに置いても使えるので重宝しそうです。風力も3段階で調節できるので気温に合わせれます。夏はイベント＆旅行など控えているのでプライベートにも大活躍間違えなし！買って正解でした。,5
177119,おたまなどキッチンツールをかけました。 磁力もけっこうあって造りもいいです。,5
174228,長時間立ち仕事ですが、疲労が減少されました。,5
198161,アプデきて変わったかもしれないですが ヘリから飛ぶボタンだけ唯一押しずらしですw 押せないことはないので他のてんで言えば 慣れれば確実にキルレ上がります！ かなりいい買い物をしたと満足しております！,5
169585,以前は赤を購入して良かったので、再度の注文です。残念ながら赤はありませんでした。動きやすく足音もしないので、仕事で夜勤時助かります。疲れにくいので、足への負担軽減さているのでは無いかと思ってます。,5
176354,「背面の方が聞こえ過ぎを通り越してうるさいレベル」の19インチ液晶テレビに EIVOTOR製サウンドバーを接続しようとテレビ背面を見たらUSB差し込み口がない！ あわてて購入、使っています。 使い始めて時間が3時間が経ちますが、普通に使えています。,5
161239,とくに不良もなく正常に動いています。ただ僕は１万円以下で買ったので、もしそれ以上の値段なら買い時ではないのかもしれません。 ここのレビューにメモリエラーが出たという方がいたので、いちおうメモリチェックしましたが、エラーはありませんでした！,5
161670,前から靴箱の中が一杯で、もう少し工夫しておいたら片付くだろうにと思っていました。この靴ホルダーを使って見たところあんなにごちゃごちゃしてた靴箱がスッキリしました。もう1セット買おうか検討中です。,5
164022,以前自転車を乗るときにサングラスがかけていたのですが、取り外した時に落としたり、やり場に困っておりました。 それで使用しないときは逆さに付ければじゃまにならず、取り外しがイージーなマグネットタイプのヘルメットを探していました。 このヘルメットの価格は全然高くない 満足です。,5
171199,子供にも安心して使用できます。とても満足しています。おすすめです。,5
179050,[[VIDEOID:1ee488a00a522b3427f1a73ff3f5d4c0]] ・最近流行りの完全コードレスのヘッドセットなので、左右を繋げるコードがありません。首にも服にも触れる物が一切ないので、運動などは勿論、なにをするにも快適です。 ・このヘッドセットで音楽を再生すると、バッテリーの持ちは3時間を超える程度でした。完全コードレスのこのタイプでは一般的なバッテリー持ちだと思います。概ね2時間30分～4時間と言ったところで、4時間以上持つ物はまずないとのジャンルです。この辺りは今後の技術向上に期待するしかありません。 ・ケースのバッテリーが内蔵されているので、ヘッドセットをしまうと自動的に充電が開始され、満充電になると充電が止まります。また、ユニークな機能としては、ケースの充電を完全に止める、オン／オフ出来るスイッチが付いていることです。充電が必要ないときは止めることが出来ます。 ・このケースに内蔵されているバッテリー容量は350mAhで、ヘッドセットを約6回充電出来ます。なので、ケースとヘッドセットを合わせると、最大で21時間程度外出先での使用が可能となります。 ・ペアリング方法は簡単で、両方のヘッドセットのボタンを7秒長押しし、スマホ等の端末でBluetooth機能をオンにし、検索して出てきた『K5』をタップするだけです。誰でも簡単に使用出来ると思います。 ・音質は必要十分だと思います。スマホで音楽を聞く用途で不満は感じません。高音でも低音でも大きな破綻は感じません。上を見ればキリがないのですが、少なくとも音質が悪くていやになるような物ではないことは確かです。 ・受信感度は8mの距離で一切音が途切れることがなかったので、日常生活で問題になるようなことはないと思います。 付属品にイヤーフックありのイヤーチップもあるので、装着感が不安定なら、こちらに変えることも出来ます。しっかりした造りをしているので、耳へのフィット感が特、カナル型の特徴がよく出ています。遮音性が高いので、雑音を入れたくない方に向いていると思います。ただ、カナル型の特徴は、しっかり耳の穴の中に入れる装着感との面でも出ているので、カナル型の耳の穴に入れる異物感が苦手な方は注意した方が良いかもしれません。,5
164200,到着後、早速車のダッシュボードの上に装着しました！違和感なくインテリアに溶け込んだ感じです。そしてメタルプレートをスマホカバーの中側へ装着しましたが磁力が強いので十分保持されています。これは買って良かったです。,5
186820,授乳のために購入しました。肌触りもよくて安定感も抜群です。授乳疲労がすごく減りました。 カバーも本体も洗うことができてとても良いです。,5
183226,キャンプに行くため、寝袋購入しました。 まだ友人が来た時に使います。 期待してます。,5
174747,初めてのドローン 最初の設定はよくわかりませんでしたが、YouTubeの動画を参考にして設定飛ばしました。画質はあまり期待してたよりは落ちますが、角度が変えられるのでいろいろな所を撮影できます。ホームボタンで素早く帰っ来るのがなかなか可愛いです。お手軽な値段なので入門用にはおススメします。,5
163987,失敗知らずです。 パン屋さんより美味しいと とくに、 お友達来た時は焼きます。 部屋中にパンの香ばしい香りがするので、 玄関から、お年寄り臭い我が家は、 加齢臭対策にもなります。,5
182642,iPhone7Plus用を購入。欲しいハードケースが見当たらなかったので、とりあえずのつなぎとして注文しました。少々小さめに設計されているのでしょう、装着がかなりキツイです。最後のカドをかぶせる時は「伸びちゃうかも…」と思ってしまうほど。,5
199296,ラジオの生放送中に台本を書き換える奇想天外なコメディ。 三谷作品の常連とそれ以外の有名俳優が見事に融合。 各々のキャラにしっかりとした役割が有り、細部まで作りこまれている。 有り得ない話なのに演技力と流れの良さで、ついつい引き込まれてしまう。 メインのストーリーを軸に終始、笑いの要素がちりばめられながら、 各々の人間らしさが光るハートフルな作品。,5
166894,良い感じです。ただ、大きいです。重さも60kgくらいあると箱にありました。配送業者様が設置までして下さいました。ありがとうこざいました。 子供の陸上の練習に使用します。早速走っています。私はスポーツジムに行ったことがないので、参考にはならないかもしれませんが良い買い物でした。配送は佐川→アート引越しとなり予定より3日遅くなりました。,5
168417,充電しながら音楽を聴きたいと思い購入しました。 iPhone7plusで届いて数日使っていますが、断線の心配もなく通話中も問題なく使えています。 思っていたよりもコンパクトで、iPhoneを持つのにも邪魔にならずよかったです。,5
163880,純正ではないのですが しっかり使えました。 半額くらいですが、問題ないです。 今後もこちらで使い続けたいと思います。,5
183316,以前から体の冷え性が気になっていて、色々調べたら金時しょうがが良いと知って、探してみたのがこの商品でした。初めて味わった感想は、ほんの少量でも辛みが強いこと。普段飲んでいる紅茶に、ティースプーンの半分くらいの量を入れてみたら、思った以上に辛かったです。でもその後は、しばらく体がポカポカして暖かいです。100gという内容量は、しばらくの間使えそうなので、とりあえず飲み続けようと思います。あとスプーンが付いてるとなお良いと思います。,5
174932,低反発にしては硬めに感じます。高くはありませんが低くもありません。首をがっちりガードする感じす。横向きがいいですね。深い眠りになっているのか、早く目覚めます。そんなにばっちりスッキリでもありませんが、日中は眠くなりません。,5
161839,小児喘息治療の為購入しました。注文した翌日に届き、迅速な対応が大変ありがたかったです。気になっていたモーター音の音量も気にならない程度でしたので満足です。,5
190268,これまで 医療業界、健康本、治療本、ヒーリング本、治った人の体験本 など 50冊以上 読んできましたが １つの病気に対して ここまで 細かく 経過と 治し方を患者目線で具体的に書いてある本を初めて読みました。 知識はある方でしたが 知人の子宮頸がんが再発し、苦戦しているので 打開策を探し求めて たどり着きました。 手術や抗がん剤で 健康な人までガンにさせられているのは知っていましたが、まさか、検査だけでも うっかり受けてしまうと 子宮頸がん、子宮がん の検査では 取り返しのつかない ことになるなど 衝撃的でした。医療業界のウソを徹底的に用心している私でも 認識がまだとても甘く、ここまで 緻密に健康な人達をガン患者にしていく 医療業界の計算し尽くされた患者製造&売上増大のやり方にア然。 これほどまでに 抗がん剤は危険と 言われているのに 医療業界とマスコミによる 早期発見、早期治療 という掛け声に騙され、洗脳され、白衣の医者を前にして 自ら お願いします。と 言って 検査、手術、抗がん剤などを希望する 人達がいかに多いことか。 子宮頸がん、子宮がん のシンプルな治し方も マネしやすいので とてもオススメです。 ウィルスは温めつつ消毒する、ガンは温める いたってシンプル 簡単だが、あとは ちゃんとそれを実践するか しないか。 この本の明確な知識があれば 誰でも簡単に治せますね！！ 補足 子宮内のウィルス殺菌は この本の著者は 自己流でチャレンジし凄いですが、エドガーケイシーの最新本の1巻 2巻には、普通の人でも安全に気軽にできる洗浄方法を図解で分かりやすく書かれています。「ケイシー療法の全て」は予防にも良いのでおススメです。ケイシー療法は良さそうと思っていましたが、 やり方が 今ひとつ 分かりませんでしたが、この最新本は画期的です。特に 体力が弱っている高齢者でも 取り組める 内容も多いです。,5
185774,強力な低音域ドライバーによって迫力ある低音が楽しめるとともに、高音域の細部も綺麗に聞こえます。原音の再現を極めて重視しており、高感度でノイズが少なく、通話品質はよりクリアであるといった特徴があります！,5
161869,職場での筆談のときに使用しています。 細字で書きやすく、とても良い商品だと思います。 収納ケースが付くので、画面の保護だけでなく鞄に入れて持ち運ぶときや、使わないときは袋に入れて保管するなど何気に便利で愛用しています。 また購入します。,5
195276,長時間つけていても不自由ないので、毎日使ってます。 別の集音器と比べてから、これはもっと快適に感じています！,5
162289,チョコレートカラーがすごくかわいいです！ 秋の洋服に合わせて外出が楽しみです！,5
164972,至福のリラクゼーション！ 最高と驚きの最新モデル。 他社の旧型を持っていて、仕事場用にと探していたら、こちらに遭遇！なんと奇跡の周波数528Hzの音楽を搭載しているとの事、これを買わずしてなにを買うのか？すぐに購入！届いた最新モデルはすばらしい。さすがのフジアンドチェリー社だ。細部にわたり心配りがされており感動した。ヨゴレ防止のカバーが付属され、携帯用の収納袋もしっかりしている。もちろんマッサージは目もとを温め、ほどよい加圧、何より流れる528 Hzの優しい音楽が目もとだけでなく脳までリラックスさせてくれた。 ひどい眼精疲労や脳疲労まで癒される傑作だ！至れり尽くせりで心までリフレッシュできた。感謝！,5
181853,商品も良いですが、お店の対応が素晴らしいと感じました。 丁寧な説明書もあり、 商品ももちろん問題なく、とてもきれいに貼ることができましたし、万が一、破損した場合の保証まであります。,5
199265,しっかりしていて、良い。 コスパが良い,5
162141,耐久性に優れていると思います。硬い物に当たったら、フィルムは割れますが、携帯のスクリーンは壊れません。これは素晴らしいです。,5
188120,ダイニングのお菓子や細々したものを片付けるために購入。 今までテーブルに置いていたものもすべてワゴンに入り、スッキリしました。,5
171672,到着後即テストしましたが、非常に明るいです。地面に差し込むだけで簡単庭に設置しました。 夜暗くなると、人を検知するとパッと明るく点灯くれます、思っていたよりも、長い時間ついているので大満足でした。,5
193205,以前別の方のレビューを参考に購入しました。サイズ感としては取り回しもよく、角度の付き方が絶妙に思えます。 見た目がゴテゴテしていなくて 用途を知らなければ美容器具って言い張る事で 多分誤魔化せます（笑） 使用感としては振動のバリエーションも多様でパートナー を悦ばせるアイテムとして非常に有効です また発送時の梱包も丁寧にされており 万が一第三者に開封されても即座に何か分からないでしょう,5
165109,商品説明に音質的なことは触れていないのですが、音が良いです 他に各種プラグ対応があれば音用に揃えたいと思いましたが、今はまだ種類が少ないようです,5
165662,とても明るくて良い商品だと思いました。有難うございます。,5
187877,軽に乗っている人の運命か、遅くもないのに煽られまくっていたのですが、これつけたら最初寄って来ても離れるようになりました。 無用な煽りから解放されて良かったです。,5
71782,光が広い範囲に拡散すれば良いとの思いで購入して使ってみましたが、結果的には暗くなり目的を達成できなかった。,2
75206,お得なセットと思い注文しました 配送が早くて助かりましたが、試しに使ってみた着物付けベルト（コーリンベルト）の金具が２回の開け閉めで壊れました 交換できないようなので返品しますが… セットで返品するのが面倒なので星２つ。 日にちに余裕があるのが不幸中の幸いでした 浴衣を着る日に壊れてしまっては大変なので、届いたらすぐに着物ベルトの金具を確認した方がいいと思います,2
65709,いい感じのサポート感で大変使いやすいです。たまたまタイムサービスで見つけたのですが、本当にお買い得でした。 ＜追記＞ 他の方も書かれてましたが、一度洗ったらマジックテープが弱くなり、スポーツ中に容易にはずれてしまい、使い物にならなくなりました。たまたまかどうかわかりませんが…大変、残念です。,2
62893,実際に持ってみての第一印象は細い針金みたいなフレームと プラスチック感際立つレンズがちゃちい感じです。 特にフレームの重要性には気付かされました。 ドライブや釣りに使えたらと思い買いましたが、 よくよく考えると私にこのようなハードボイルド的なデザインは似合わないｗ 私の骨格や、持ってるどの服にも合いませんでした。,2
79853,マグネット式なので、手にフィットしやすいですが、8インチをずっと持つことはないので、どうなのかな、という感じです。 アマゾンのプライムビデオ専用でHD8を利用しているですが、横置きが非常に難しい！ 電車でもなんでも、不安定な時がありますので、星を2としました。 ただ、簡単に装着はできますので、好き好きですね。,2
47356,水圧が合わないのか、接続部分が合っていないのか。。。使うと接続部からちょろちょろ漏れるので我が家では使えない,2
47801,似たようなバンパーが、いくつかありますが、こちらのバンパーは、サイド部分に厚みがありすぎて、左右サイドにあるボタンが普通には押せないです。 また、下部も厚みがありすぎて、モノによっては充電できなかったり、イヤホンが刺さらない事もあります。 ですので、私は背面パネルのみ使用し、枠は今まで使用していた類似バンパーを継続使用する事にし、今回購入した枠部分は新品ですが使えないので捨てました。,2
75100,無理に折り曲げて使用したことはありませんが、使用２か月で電源コードの被覆が写真のように切れました。電源コードは非常に硬いものとなっています。,2
66019,ガラスケースが歪んでるしサイズがあってなくて使えない｡これでこの値段は高すぎる｡返品したい。,2
63580,部品が欠けているしネジのところにヒビが入っているし、最悪。 でも組み立てれば普通に使えたので星2です。,2
77178,購入してからすぐザーッという音が聞こえてきました。また使用から2週間後くらいに片方のイヤホンから音が聞こえなくなりました。 この価格だからと割り切りました。,2
42840,固体差があるかもしれませんが、付加が軽すぎて、運動になりません。8段階で付加調整できますが、最高の8でも昔買った同じメーカーの似たような八段階調整エアロバイクの2-3程度の付加しかありません。自分少し歩くだけでも、息切れするようなデブの運動不足ですが。ただしすごく静かで、頑丈そうではあります。自分にはフィットネス目的としてはかなり速く漕いでも息切れすらしないため、ほぼ無価値です。,2
74486,持ち運び用の予備として買いました。見た目がオシャレというか目立つので、バッグの中でも見つけやすいです（笑） コードの質感も好きです。 【2018/12/23追記】 旅行に持ち出したら使えなくなっていました。 充電中のマークは出ますがさっぱり充電されず… デザインが好きだっただけに残念です。,2
64412,ひんやり感は 大変良いのですが お湯で良く洗った後 水洗いし 結構きつく絞り 首に掛け 白色シャツの内側(胸板に直接)垂らして使った結果 白色シャツの首筋と胸から腹にかけて 青色に染まりました。 漂白剤で脱色し 元に戻しましたが 使用するたび 漂白剤では 使い物に成りません。 小さく畳んで頭に載せる 位しか使い道が有りません。 しかし頭の上は 思いの外 良いです,2
57524,安いので、諦めも付きますが。 重厚感なし、ベルトに何かを剥がしたようなものがついてる。 正確に動いてくれればいいのですが。 予定通り届いたので、よかったです。,2
45348,デザインや素材は安っぽいです。 サイズは身長と体重から選んだのですが、大きく、コンプレッションウエアとしては機能しません。 目安より一つ小さいサイズにすればいいのかもしれないですね。 梱包はとても丁寧でした。 （翻訳に色々と誤訳があり、少し笑ってしまう部分があります。どうぞ、お楽しみに）,2
67333,色はとても綺麗です。レリーフも可愛いですし、大きさも3合分でちょうど良い大きさです。 が、蓋が歪んでいます。 閉めようとするたびに蓋と本体が引っかかって、きちんと閉まったことがありません。 デザインは素敵ですので、とても惜しいです。,2
43084,レビューが良かったので購入しました。 確かに味は、醤油が丁度いい感じで香りも香ばしく美味しかったです。 ただ…割れ煎餅ぎ多いです。緩衝材の使い方が悪かったのか、段ボールの底に面した煎餅は、ほとんど割れ煎餅、しかも細か目に割れていました。真ん中は２～５位に割れていました。袋前面は緩衝材があったのでほとんど割れていませんでした。,2
43543,コンパクトでいいです。 グリップの表面がベタつくのは、すでに加水分解が始まってる？,2
58349,電池の残量が少なくなると、自動で点灯しボタンを押しても消灯しない。不良品だと思われます。,2
67782,コスパはいいと思いますが、ファイバーグラスの繊維が服やポケットにつき痛い思いをしました。 全身に繊維がつきづらい装備をしてから取り付けすべきです。,2
75651,他の方のレビューの通り、めちゃめちゃ折れやすかった（笑） 3本セットでよかった。一本は犠牲になったけど、職場用と自宅用で分けて使ってます。,2
54732,なぜ電源コード用の穴が中央にあるのか理解できない。トレーの隅にあればすんなりと収納できるのに。,2
45813,充電器はそれなりにいいと思います。ただ頼んでもないのにタッチペンがいょに届いたのにはどうかと思います 値段的には400くらなのでまあーいいですがもっと効果だとえとおもいます。こちらもかいふしてしまいよくみなかったの悪いのですが非常に残念です。,2
54549,以前乗っていた車に腰のサポートクッションを付けていたので、 今の車にも腰の疲労を和らげる目的で購入。 乗用車のシートには合うかもしれませんが、安い商用軽自動車のペタンコの シートにはクッションが飛び出ているため、上体が後方にのけ反りすぎます。 中のウレタンを止め、ホームセンターのスポンジで好みの厚さに調整して 使っています。値段的には満足です。,2
78954,使用して1週間もしない内にファスナーの金具が取れてしまいました。とても安くてデザインはいいのですがファスナーの金具をもう少し強化してもらいたいです。あと他はとても良い,2
68249,バソコンから付属のケーブルをバッテリー本体に接続し充電しましたが、9時間以上もかかります。これって不良品では?,2
70247,送られて来た時アマゾンの箱に入っていて、持った時に少し斜めになったら、何となく中身がガサッとしました。 あれっと思いながら開封したことろアマゾン段ボールへはシュリンクで固定されていたけれど、製品の段ボールケース内でガサツイテいる感じでした。 今までHDを何台か購入してますが、ここまでガサツイたのは初めてでした。 設置したところ、箱内のガサツキと関係あるかわかりませんが、今までになく振動が大きかったので交換依頼をしました。 一応返送の手間などかかりますが、交換して頂けるようなのでこの評価にしました。,2
58152,昔の曲の方が良かったかな？どの曲も特に歌詞が洗練されてない印象です。,2
61163,サイズ感もぴったりで、使いやすいです。でも、タブレットをはめて使ってみて数日。左側のゴムが斜めについていることに気づきました。どうみても曲がってますよね？せっかくお金を出して買ったのに、だいぶがっかりです(-_-),2
65545,私が日曜始まりに慣れているから だと思いますが 月曜はじまりは使いにくい。 そこもチョイスできるといい。 解りやすく、種別をわけてほしい。 カバーは他のメーカーよりチープでした。,2
67028,使い始めて1カ月、気に入らない事が…マークに合わせて真っ直ぐ押せるようにしていたが、だんだん中のシャチハタが動くのか、押印が斜めになります。 これって…商品としてどうなん？ シャチハタタイプでキャップレス一体型商品希望します！,2
67944,ぺニス増大を期待して購入させて頂きました。また、一箱購入するともう一箱頂けるので、高価なサプリメントですが購入しました。 約2ヶ月服用したのですが、2ヶ月で服用し終わる頃に舌と口腔内に痺れが現れた為、服用を中止しました。 商品として、各成分が何mg含有されているのか分からないので不安になりました。 私には、合わなかった商品でした。,2
79696,アイホン専用のヘットホン使用出来ない。 IPHONE 専用ヘットホン使用出来なかった、困りました！これで5星あげられない。,2
43699,購入して使用してみた感想としては、値段相応の効果かなと。 静穏性はないと思った方がいいです。 冷却についてのグラフはブラフだと思ってください。 2019/10/18 なんか、異音がしてるなと思い、傾けてみると雄叫びを上げてくれました。 意味不明すぎて笑いがこみあげてきています,2
65184,普通に組み立てただけで、接合部分が壊れた。他にも、高さ調節の時は全然スムーズに出来ない。さすがに酷い。,2
40478,思ってたよりも薄いマットです。 寝つきが良くなった気がします。,2
45567,2セット購入 対応は早かったが、「発送しました」から約22時間で到着。 テトラ３匹死着。 運送会社が悪いのか、生き物と分かりきってるのに‥ 小さな命が無念でした 自分が県内のアクアリウムショップに出向いてればまた違ったのかと‥ ネットショップで楽した自分が‥ それでも他の個体は元気に泳いで居ます,2
61512,たった3回目使ったのに壊れまして充電しかできないハーブになりました。。ほんまにもったいないと思います。。,2
48050,袖丈が短く、手首周りが寒々しい。 肩パッドが80'sな感じで仰々しいかな。,2
66475,イヤホンが入りませんでした。あと臭いがきついです。ファブリーズをして日陰で3日干しても臭いは取れませんでした。,2
65690,届いて驚いたのは、バリだらけ、先もタイヤに傷が付くほどの切断状態でした。 急ぎで使いたかったので、返品はせず グラインダーで角を取り使用しました。 今後の為に、工具屋で再度購入！,2
58578,中にインナーバッグがあり、貴重品等持ち運ぶとき便利です。まずまず容量もあります。 ただ、シートポストにサドルバックをベルトで固定するんですが、固定した際ずれにくくする為ベルトにゴム加工が施してあります。初回使用時、シートポストにゴムが付きベトベト&黒っぽくなりました。シートポストに模様有りの為汚れが目立ちます。どうにかしてください。,2
79296,何度か張り直しても部分的に浮いてしまう マイクの部分の穴にルーペを使い合わせてもどこが浮く マイクの穴わ無視してもマイクの穴周辺が浮く 当然反応も鈍いしぺこぺこ音がする もう返品じゃーい！っと手続き中にスマホが地面に落下 フィルムはひびが入るが本体は無傷 最後にええ仕事してくれたから なので返品は辞めた 旭硝子だから間違いないと思ったのに やられた,2
62019,注文してすぐに来たのは良かったけど箱がかなりボロボロで加戸は破れていた。 子供へのクリスマスプレゼントだからまだ中身はあけてないから、壊れてない事を願うしかないです。,2
64790,写真で見る分にはいいが、実物を見るとそのクォリティの低さに愕然としました。 フタを止める留め具の精度が悪くて締め難いのと、内蔵の引出しの出し入れに難儀します。 全体的にプラスチックの肉厚が薄くてチャチな印象。 救急箱として使うレベルの品質では無い。 子どものオモチャ箱です。,2
72237,毎回購入していますが、前回から値上げになっており、他社で購入した方が安いのかと疑問を感じております。 注文増えれば段階的に値上げしているように感じます。。,2
69099,履き心地は、よい すぐに股がやぶけた,2
53517,購入して2ヶ月既に左スティックを離していても下入力されている 放置しているとキャラクターが下がってくる 正直この値段でこんなに早く壊れるのは早すぎる ただ保証書を紛失したためどうしようもできないため困っている,2
41781,ボール自体は子供も持ちやすく色もかわいくて気に入りましたが、ボールが99個しか入っていませんでした。たった一つではありますが、100個購入したので、このようなことがあって残念です。,2
74198,ジップロック コンテナーの正方形を愛用しています。今回初の長方形。重ねてもすっきりして気に入っていたのですが、しっかりフタをしたあとに、開けようとしても開かない…。結構な力でようやく開きました。それだけ密閉されているのかもしれませんが、固すぎです。長方形なので、フタの一部分にのみ力が加わり、あまり使用していないのに、フタの開閉部分がまがってしまいました。白く筋が入ってしまったので、壊れるのも時間の問題……。ジップロックシリーズはお気に入りなだけに残念です。リニューアル前の物とは重ねられません。ご注意を。 追記 程なくしてフタが壊れました。長方形でなければ、壊れなかったと思います。フタを開閉するときに、一点に力がかかりすぎます。 すごく良い大きさでしたが、二度と買わないと思います。,2
77200,ネクタイとチーフは良いですが、ネクタイピン使おうとしたら一発で壊れました。 せっかくセットを買ったのに、簡単に壊れるとは残念です。,2
73706,鯖の匂いが残っており、オイル、水を捨てて食べました。意外と塩気が強いのも気になりました。,2
75817,話題作だったので見ておこう、と見始めましたが…途中途中で休憩をはさみ、結局3日かけて見ました。見ていけば最後に感動のエンディングになるのかな？と思いきや、自分には最後まで良くわからず。途中途中の小ネタで面白かったところはありました。次回作は普通の？映画にしてほしいです。,2
79163,色や型はとても気に入りました。 ズボンのウエストがゴムなのも着用し易い。ただ縫製が雑な点があります。袖付けにズレやシワがあります。,2
46782,ミラーを調整すると、固定が緩んで絞め直しがいりました。 グランドマジェスティに取り付けしましたが、ハンドルの形状が悪いのか？視野が狭くて視線の移動が大きくて、使い辛く元のミラーに戻しました。,2
70052,添付写真、上が筆記・文具メーカーとして著名なS社、下が本製品でありますが、S社製品の目盛り面がクリアなのに対し、本製品が薄青なのがおわかり頂けますでしょうか。 格子状の目盛り部分に着色が施されていると折角の目盛りが見にくいです。何の為の格子状目盛りなのか、メーカーさんは考えて頂きたいですね。 また、格子状目盛りの太さもS社さんのものに比較して太いのも評価を低くした理由です。 カッター定規とはいえ、定規の役割は垂直水平をピタリと計測することにありますので、S社さん並の太さや定規面の明度でないと使いにくくて仕方がありません。,2
63695,今までのスマホに慣れているせいか 動きが意思に反して変わってしまいます。もう少し慣れてからゆっくり勉強します テキストは高齢者にもわかりやすくてすごーく安心です。,2
69687,使い初めて何日かしたら右下が欠けて、左下が欠けて…サイズがぴったり過ぎるのかな…,2
54851,ケツポケにいれる使い方をしてたためか、ボタンが３日程度で取れてしまい返品しました。 財布と合体と思い買ったのですが、カード、小銭、お札、スタンプカードを入れるとはちきれんばかりにパンパンになって使い辛かったです。 コンセプトはいいと思うので、もう少し容積が大きめのものを作ってほしいです。,2
40412,５g単位で調節可能ということでしたが、ロイヤルカナン室内猫用のフードでは量が安定しません。 ２ポーションで設定すると、16~20gと誤差がひどいです。フードの大きさは適応内ですが、割と大きめの粒なので安定しないのかもしれません。フードの形状にもよると思うのですが、細かく設定できることを期待して購入しただけに残念です。 デザインはシンプルで、大きさも良いのですが、値段の割には機能が十分でない気がします。 お皿も取りにくいし、お知らせの音もすごく変です。 他の方もレビューに書いてありましたが、日本後の説明が一切ないので不親切な感じはありますね。 容量は３L程度でコンパクト、デザインはシンプル、細かい量の設定が可能なやつを日本のメーカーで開発してほしい・・・・。,2
53402,処理性能が低くゲーム等は難しい。 何世代も前のiPhoneより劣る,2
41267,基本的には登場人物の少ないシチュエーションサスペンス。 一見広大な砂漠の極めて狭い範囲での物語。敵味方の間にはレンガの壁だけ。それ以外は灼熱の砂漠で脱出不能。 ストーリー自体は先が読める部分が多く、意表を突く出来事は無く淡々と進んでいく。 一方で、物語を盛り上げるはずのサウンドトラックが皆無という、ある意味実験映画的な表現に徹する。 たしかにいくつか知的な駆け引きはある。ただそれがどれも消化不良な盛り上がりの連鎖。 いわゆる映画における「静」と「動」の幅が少ないのだ。 舞台は違えど「ミザリー」の様に、閉鎖的主人公と悪役のヒートアップを期待していた分、 描き方、見せ方さえなんとかなれば、それなりのストーリーだっただけに残念。,2
64003,いっぱい荷物を入れて閉めようとしたら、チャックが外れました（笑） 何度か往復させるとなおりましたが、旅先だったので焦りました。 あんまり沢山の荷物を入れるとやばいかもしれません。 とりあえず一回使ったら捨てました。,2
