55460,湾曲部分が覆えないという話は見てましたがどのぐらい気になるのかは個人差かあると思うので試してみましたが、流石に両側もう1mm伸ばして欲しいかなと思う横幅でしたね(^_^;) 幅による使いにくさで大幅減点ですが、それ以外は五点でもいいかなというレベルです。 覆えてる部分は操作しやすいですし。,2
46956,アプリが中国なのかな？日本語にはなって使えるけど中国アプリは嫌なので使ってません,2
65690,届いて驚いたのは、バリだらけ、先もタイヤに傷が付くほどの切断状態でした。 急ぎで使いたかったので、返品はせず グラインダーで角を取り使用しました。 今後の為に、工具屋で再度購入！,2
71874,すぐ鼻が出ます。もう少し一体感があったほうが良い。ネックウォーマーとしては首が重くなるし、いまいちでした。,2
50365,中古で使用ができるものの、かなり汚れが激しく、これならいらなかった。,2
66019,ガラスケースが歪んでるしサイズがあってなくて使えない｡これでこの値段は高すぎる｡返品したい。,2
71981,ペラペラで丈も寸足らずで、ディスカウントストアで一枚100円で似たような品質のが売っていました。 裾も丸まってしまいます。 でも、ペラペラなので着膨れせず、なんだかんだで重宝しています。,2
70528,"4,5回トライしましたが麺の表面だけが茹でられ、中は粉っぽく食べれた物ではありませんでした。 後悔しております。",2
43311,正規品より時間が短い気がします。 コスパは良い。,2
53966,保管には、いいが持ち運びで重なり使いにくい。,2
43942,パラソルが固定されず、ぐらつきがあり、風が吹いたとたんパラソルが飛んでいってしまい、穴が空いてしまいました。きちんと固定されていれば飛ばされないのかもしれません。,2
44691,いつも買っています。 購入してちゃんと確認しなかったのが悪いですが、後ろの灰色の紙とその前の2L版などを入れるポケットが剥がれていました。 買ってから時間が経っているとはいえ、これはアルバム。 保存しておくことが前提なのに！と思いました。,2
44934,デザインはよいが、逆さ構造からか？畳んでも太く大きいが、広げた大きさは小さく肩とか背中が濡れる。バックパックを背負っているとカバンはびしょ濡れ。もう一回り広いものが欲しい。,2
71227,喜んで遊んでいました。 耳や角、前足と噛みつきやすい 部分があり、引きちぎられてしまいました。,2
58521,とにかく、本体から化学薬品の臭いがきつく、リフト1本乗っただけで、装着をやめました。 また、ミラーレンズの外縁部がオレンジ系から青色に変化している部分が、使用した際に、不自然な光の変化をして、左右の外側部分が見にくくなってます。 バンドも写真では丸い囲みにL7のロゴがあしらわていますが、ロゴは無く迷彩柄のみとなっています。 救いは、付属のハードケースがしっかりしていので、評価は1点を加算して2点としました。,2
65253,良いんだけど、すぐダメになる！ 樹脂の中を金属の玉が水圧と共に回転するんですが、樹脂が削れてすぐダメになります。これは純正品でも同じ事なので、本体の金額がいくら安くてもパーツが高いので、高いパーツ買わなきゃ使えないのは大不満です！！,2
56864,洒落にならないレベルの粘着力でうっかりしてると明後日の方向にくっついてしまうこともあるくらいの接着剤です。 強力です。優秀です。 接着剤は。 その接着剤が強力であるがゆえにスプレー糊としては噴霧しきれず糸を引きながら飛んで行き対象物に斑に網掛けのように付着します。これってどうなんでしょう。均等に糊がのって欲しいペーパークラフトの工程でコレは向いてないかなぁと思います。 その辺の安っすいヤツか７７が使い勝手では上かと思いますのでご注意ください。,2
69311,シルバーが緩くて外れやすいです。 落としてないか気にしないといけないのでめんどくさい。 交換してほしいです。,2
40478,思ってたよりも薄いマットです。 寝つきが良くなった気がします。,2
49027,新品購入なのにシリンダーを回した後が・・・。こんなもんなんですか？,2
58060,上の部分は気に入りましたがスカートの部分は自分の体型と似合わないので返品しました。生地も良いしオシャレです。この値段ではなかなかない商品ですねー,2
58738,"手間取ったとかはなく問題なく貼れました。 付属品は、説明書（手順記載）、wet（アルコール）とdryのクロス、ホコリがついた場合の粘着性のあるシールと、あったらうれしいものが最低限入っています。 もの自体は問題ないため、あとは経過による変化で評価したいところですがそれよりも気になる点が。 画像右下ですが""made in china""の文字があります…。 商品ページには国産の記載があった気がしますが、これはどういうことなのでしょうか。 ページ記載の内容が嘘であれば他の記載も良いように書いてある可能性があるので、疑ってかかることをおすすめします。",2
59327,安物です。すぐに折り曲げ部分が剥げてきます。当方は極力鞄に入れてますが、もう少し綺麗な状態を保って欲しかったです。ズボンの尻ポケットなんかに入れていれば１か月も持たないうちに剥げるかもしれません。,2
69015,添付取説通りに操作しましたが、うまく作動しません。 そこで、電話でオペレーションの問い合わせをいたしましたが、YouTubeにマニュアル掲載中とのことで、 そちらで試すとにしました。 しかし、それに従っても未だ正常な作動をいたしておりません。 YouTubu画像の動画速度と実際の動作速度が同じでないため、何度かやり直さなければならない。 両方のスピードをシンクロさせて、音声も入れば使いやすくなる。 もう少しやっても合わなければ、再度コールを入れます。,2
77873,購入したものの、まだ少ししか使用できてないのでなんともいえません。,2
63669,長いこと勇気がなくて観ていませんでしたが、多くの人が言うとおり映画としての出来は役者含め最悪でした。冗長でテンポもよくありませんしそのほかのダメ要素も枚挙にいとまがありません。 しかし、あの原作にあった醜悪な人間の行動を技法はともあれ表現しきったとも言えると思います。 特に牧村家の惨劇についてはその描写含め最小限のデフォルメでよく頑張ったと評価して★を２つにしました。原作のあれをあそこまで映像化するのは相当勇気がいることだと思います。子供の頃に原作をリアルタイムで読んで未だに頭に焼き付いているあの美樹のシーンはさすがにマイルドにはなってましたが、それでも十分に永井豪の残酷表現を感じられるようにはなっていたと思います。,2
55812,flacに対応していない為、自分の使い方では買った意味がなかった,2
52666,12月2日到着予定でしたが、12月13日に受け取りました。届くか心配にぬりましたが、無事届いて良かったです。,2
78610,リモコンで切り替えが出来るのはとても便利なんだけど、スピーカーの切り替え表示用の画面が点灯しなくなりました。 返品しようか考え中です。切り替え時のリレー音が大きいすごく 耳障りだ。,2
54784,確かに細く削れます。でも結構力いるし、細く削れたから塗りやすいかと言われたらそうでもない。使い方の問題かもだけど言うほど感動的なものでは無いように思う。,2
79303,見本写真で1枚目の写真と、サイズが書かれた２枚目の写真では違うモデルですが、１枚目の物が届きました。 旧モデルでしょうか？,2
54206,子供用電動カーのバッテリー充電のために購入しました。 バッテリーの容量自体が空になっていたためか、充電するのに3日ほどかかりました。 まぁ、こまめに充電をするのにはいいかな？っと思ってます。コンパクトなんで場所もとらず良いです！ ただ急いで充電したい人にはオススメいたしません。,2
69634,もう少し、長くないと、周りの景色が入りきらない。 「帯に短し、たすきに長し」といった所。,2
59043,今までは、ディスカウントショップや、作業用ショップで 冬、防水で雨に強く暖かいの使ってましたが、 自転車で20分は、とても指先がかじかんでしまっていたので この商品を購入しました。 やはり、防水です。歩きには暖かいです。待ち歩きにも恥ずかしくないです。 が、自転車通勤には不向きでした。,2
41895,デザインも音も問題ないと思ったのですが、イヤホンと充電を同時につなぐと片方の音が全く聞こえない。ケーブルを少し動かすと聞こえる、という現象でした。前に買った別の製品はプチプチとノイズが多かったが、この製品にはそれが無く、いいなと思ったのですが。。。 接続不良なのでしょうか、交換をお願いしました。返品して別の承認にした方が良いかな？,2
48354,全面が欲しいと思い、ご購入しましたが黒い部分はプラスチックで出来ており使っていくとだんだんプラスチック部分がカパカパしてきました プラスチックだとちょっと心配でした,2
54557,3シーズンに最適！ダウンなので肌寒い時は暖かく、暑い時は涼しく使用出来ました。 軽くてコンパクトに付属のスタッフバッグに収まるので移動時の持ち運びにもとても便利です。車に積んで置いて急な温度変化の時に毛布代わりにも使えます。馴染んで来てからの使い心地はとても良いです。 ただ、初使用の時の羽毛の匂いがキツかった事と虫が混入していたのか、、 洗濯せずに使用し始めた際、内ももなどに複数の虫刺されがありショックでした。>_< 直ぐにビニール袋の中に熱めのお湯と洗剤を入れて口を締め30分程置いてから手洗いして天日で乾燥させました。 以後はダウンがフワフワになり、羽根の匂いも取れて、虫刺されもなくなりましたが、 ショッキングでした！ そんな事があり星２つにしました。 クレームして良いものか迷って、結局は自分で処置しましたが、たまにクリーニングした方が快適に使用出来ると思います。,2
76164,ポケットラジオのアンテナとして購入しましたが、付属のイヤホン兼用アンテナの方がノイズも少なく聞きやすいです。何もないよりはマシ程度のレベルでした。,2
64299,使い始めて約1ヶ月経ちましたが軽くぶつけただけで角から割れました。 コツンと当たった程度で割れてしまったので残念です…,2
64965,買った時は使えたのですが、久し振りに使おうと思ったら両側とも使えず。 試しに開けてみたら、筐体の片側は溶けて、もう一方は焦げていました。 数回しか使っていないけど危険なものだったのかな？,2
48779,品物が2品届いた。私のミスだがメールして問い合わせしたが返事がなく同じ商品が2品ある。 まだ使ってない。でも庭の芝、植木に使いたい,2
53188,可もなく不可もなくってところ。 ただ、頭が折れやす過ぎる。,2
79258,ハーネスを通す部分に切り込みがなく、ハーネスを完全に外してからではないと通せません。 つまり、使えませんでした。,2
41961,すぐに使えなくなって4本あっという間に使い切った。安いから仕方ないかと思うけど早すぎる。,2
58135,商品の枠部分に小さなヒビが入っていた。 そろばん自体は普通のそろばんだが玉がプラスチックなので安っぽく軽い,2
59993,写真からもわかるように、かなりスペースを取る商品。電源ケーブルは１メートルほどのため、設置する場所も結構限られる。 ２点気になるというより、人によっては致命的な内容が、機械油の匂いがきついこと。パンに匂いが移るというレベルではなく、周囲に漂うレベル。もう一点が４枚切りに対応しているため購入したが、かなりギリギリのサイズ。入らなくはないが、パンのタイプによっては引っかかって跳ね上げられない可能性があるので、火災の原因にもなりうる可能性あり。,2
49987,一月ばかり使用してからの投稿です。 モードは５つありボタンを押すたびに変更しますが BGMが邪魔で仕方ない BGMの音量やOFFにしたいが音量変更はできず OFFは５つのモードの切り替えによってOFFになりますが 暖めとマッサージを使おうと思うともれなくBGMがついてくる・・・ ちなみにBGMは内側（目が当たる辺り）から流れます。 そのため塞ぐことも難しいです。 まぁ、操作が一つのボタン押して切り替えるだけなのでお年寄りにはいいかもしれません。 ちなみにマッサージの効果は余り感じませんでした 暖めなら蒸しタオルの方が優秀なのでそれが使えない場所での利用を考え中,2
47250,値段が安く見た目も無難かと思い購入しました。 長所と言えば安いこと無難なデザイン 短所は全体的にクオリティーが低い このケースを購入される方へ見た目はそこまで酷くないですがクオリティーは低いと思ってください、一時的や短い期間仕様するなら問題はありません,2
65719,テープを剥がすのに一苦労しますが、時間的に余裕がるなら、安いし良いと思います。,2
67535,最初に戸惑った以外は普通に使ってますが、お金のある人は普通に新品を買ったほうがいいですよ。,2
74227,電源が勝手に落ちる、画面が固まって操作できない、画像が悪くなる,2
78130,狐のお嫁ちゃんと優しい主さまのほんわか日常漫画だった前巻からガラッと趣を変え、この巻から猟師漫画へと舵を切りました。 猟に関する蘊蓄は某山賊漫画の二番煎じ感がぬぐえませんし、ケモノがヒトの武器を使ってケモノを狩り、ヒトのカネを得るという一連の行動に釈然としないものを感じました。 何より大事なパートナーである主さまの存在感が激減し、(多少の見せ場はあるものの)大部分で記号的な解説役、驚き役になってしまっているように感じます。 この漫画の主題や主軸となるテーマがぶれているように感じるのは私だけでしょうか? 次巻への期待を込めて星２つとさせていただきます。,2
59905,泡立ち、泡切れはとても良いですが、匂いがキツイです… 柔軟剤の様な匂いで、気持ち悪くなります。 それ以外は良いだけにとても残念です。,2
48950,使い勝手は良く、いい製品でしたが買って7ヵ月で、バッテリーの持ちが悪くなりだし、その後、充電できなくなり、画面が真っ暗になり、故障しました。買った後は保証書を保管することをおすすめします。,2
49175,質感安っぽさが無くて他の品より作りも優れている。風の強さは弱め。写真の青い物の方が明らかに強い風が出ます。その分静かな設計です。羽が本体に対し小さすぎるせいな気がします。 思っていたよりデカく思いのでしっかりしたところにした固定が難しい。ベビーカーのフードは無理でした。比較写真を載せました。 初日に接触不良なのかライトはつくが羽が回らないという故障が発生。本体を羽を回すように大きく振ると動き出したりします。これでは使えません。,2
54813,軽量と書いてあって買ったのですが、重かったです。,2
62768,この時期のせいもあるが、一部腐ったもの、傷ものが数多くあり、冷所においても2〜3日でカビ発生したみかんが数個、又数をサービスで余計に入れた為、数の重みで潰れたりで残念な事に,2
75589,素材や構造は最高でしたがワイヤレス充電ができない！,2
45467,風で骨がねじれるようにグンニャリ曲がりました。全体的に耐久性が足りない気がします。,2
53168,フィルムの吸着力よりも、フィルムを保護しているフィルム（伝わりますでしょうか？）の吸着力が強いので、貼り付けた後に保護フィルムを剥がすと本体フィルムも一緒に剥がれてきます。最初の1枚はそれでダメになりました。 また、貼った直後はかなりヌルヌルとした手触りなのですが、1週間ほどで指が引っかかるようになりました。,2
52673,iPhoneからAndroidに機種変し、lightningケーブルが勿体ないなと思って探してたどり着いた商品でした。 接合部の ガタツキが酷いのですが、新しいケーブルを買い足したりせずに済んだのでよかったです。,2
62465,開けた瞬間匂いがキツイです。 妊活のため購入しました。葉酸サプリを購入するのは初めてで、レビューも高いしお値段もお手頃なのでいいなと思いましたが味、匂いともにキツくて続けられる気がしないので星二つです…,2
64245,値段が高い割に耳が痛くなります。 サイズは大きい方がいいです！,2
45640,通常使用３日で折れて使えなくなりました。大破しました。 Amazonで返品＆返金してもらえました。 Bluetoothでブチッ！という音が頻繁にします。 重くてずり落ちて来るので、歩行中には使用できません。 光が一定ではなく少し強弱があるので可愛いです。 ボタンが多いので手にとってよく確認しながら使うかんじです。 実用性はとてつもなく低いです。,2
191859,目的は様々なケーキを作る為に購入しました。ロールケーキやガトーショコラ、シュークリームにチョコレートケーキ、ショートケーキなど作りましたが底が見えるので湯煎などで使っていて安心感があります。 4セットでそれぞれの大きさが違うので収納も便利だし、ケーキなどを作らない時は家族も便利に色々な料理に使っています。 ※追記 最近になって、療養食関係も作り始めました。するとこのボウルのセットが非常に意味がある。 一つ一つのボウルが軽いです。だから１番重いボウルでも計量器に載せても狂いが殆どない。だから便利。 そして日常で使うに当たってボウル類をセット外で揃えると保存スペースを以外に持っていかれると思います。 大きさが段々で４セット。これがヤバい。スペースの整理とクッキリしているので気持ちもクッキリして料理に前向きになれます。物忘れしにくい気分になりますので、買い物に行ったときに思い出しやすくなっている事だと思います。更にサラダをしてもボウルのまま出しても当たり前のように感じるので、楽さが違う。物にもよりますが、ボウルから移し替える手間が大分解消されるので、スペースがすっきりして、綺麗なボウルで軽いので扱いやすくて、余程の無理な力をかけない限りなかなか壊れないような物ですので、少しでも安くなった時に１回買っておくと便利です。計量器、この”セットのボウル”、新しい菜箸の３つでどれを優先するべきかというとこのボウルのセット。 そんな感じの体感になります。 以上です。,5
173793,屋根に登るために購入しましたが、もうちょっと長いのにすればよかった。ズッシリと重量感があり、安全性は高そうです。,5
193528,この商品はすごく良いです！ Insta360 ONEの性能を生かそうと思ったら必須です,5
176656,ちゃんと動いて良かったです。コードも細いので最高です!!!!持ち運びに最適です！,5
165435,写真通りのリュックでした。厚生地でしっかりしています。 デザインもシンプルなのがお気に入りです。洋服に合わせやすく、長く愛用します!,5
178649,タバコは吸わないが、色々な臭いがしている、特に足の臭いが臭くて。車に乗って靴を脱いで乗っているが この商品を使ってからは、エンジンをかけてしばらくすると臭いが消える。 お陰で不快なおもいをせずに快適に車に乗れます。,5
166660,事務所のPCにUSBポートが２つしかないので増設用に探してました。 カードリーダーまで付いていてとても便利です。,5
185575,近所のマラソン大会に子供と一緒に走るので購入しました。本番まで練習に使用してます。生地は薄手ですが意外にサポートはしてくれます。モタモタせずひざ周りに生地が溜まることもなく私的にはいい買い物したなと。,5
192924,脱着もしやすく、BB弾があたってもそこまで痛くないなど、お値段以上の性能で、良い買い物をしたと思います。ただ、写真にもあるように、皮膚が一部露出してしまうため、気になる人は注意が必要です。,5
166022,単語を覚えるために買いました。 書き込みやすく、手に取りやすいのでよく使います。,5
160214,自転車チェーンの注油に使用しています。 これまでオイルの付属オイラーを使用していましたが、出し過ぎになってしまい、 オイルの消費量がどうしても多くなってしまい、注油後の余分なオイルの拭き取りも面倒でした。 本製品はおよそ一滴分だけを容易に供給することができ、オイルの消費量や拭き取りも軽減出来ます。 一コマずつ注油することが面倒だと思われる方には向きませんが、トータルで楽になりますので、是非検討を。,5
189585,色も汚れが目立たず良かったです。品質も価格の割にしっかりしてました。,5
187013,一歳の子は3度の入院をしていて、吸入器が家にあれば入院しなくても治してあげられると思い、今回購入に踏み切りました！,5
160297,スマホかなり使うので、常に携帯充電器を手放せないタイプの私ですが、こんな機能が付いてるリュック見たことない！！ 黒字に金色のロゴマークにチャックがかっこよくて気に入ってます☆ 色違いも欲しくなっちゃう！！,5
175765,小2の娘の誕生日にプレゼントしました。コンパクトサイズで持ちやすい。 反応も遅くない。wifiを繋いで動画を見れます、娘もう喜んてた。この値段でタブレットが手に入るとはびっくり。 半信半疑で買ったが何の不自由もしていない。 とても良い買い物をした,5
186932,欲を言えばもう少しバイブレーションが欲しいが 問題なし コンパクトでリーズナブル,5
193237,筋肉をリラックスさせやすくなります｡ありがとうございました。,5
183554,これはおそらく私がAmazonから購入した最も完全なiPhoneスクリーンプロテクターキットです。インストールは簡単でした。私は間違いなく再びこれを買うだろう。,5
196710,2015年1月に購入し、BMW5シリーズで使用し、その後、日産車で使っておりますが、問題なく使えてます。iPhoneとガラケーを同時に充電できるのですごく便利です。,5
189688,しっかりと作られており、安心して使えます。大変満足しております。,5
165648,このライトはとりあえずめちゃくちゃ明るい この値段でモード三つもあります しかも軽い 作りは普通だと思いますが 使うには問題なし,5
181328,準拠したサーバルです。 かばんちゃんとジャパリバスの発売が待ち遠しい。,5
190600,箱を開けた瞬間！思った以上の精巧な作りで、クラフトの造花よりも本物の花に近かった。花びらは薄く、石鹼とは思えない可愛い花束です！ギフトにオススメです！,5
178446,過去には、四点で吊るすタイプや、一点で吊るすタイプを使って見ましたが、この骨組み式からみたら、なんてストレスの感じる無駄な時間を過ごしていたのだろうと思います。この商品は今シーズンを過ごす相棒にする価値ありです。ありがとうございます。,5
164672,早速使用したところとても音が静かでビックリしました。切れ味も悪くなく、良い物を買いました。,5
167470,届いた際はしっかり梱包されました。また、使い勝手がとてもいいです。,5
173477,ボロボロになるまで読んでました。何度も首都のクイズをせがまれました。私自身も思い出に残る絵本になりました。,5
162720,今日は靴を受け取りました。履き心地もいいし、軽いし、価格もとても満足しています。満足できる買い物をして、また来ます。このブランドの商品は信頼できます。靴のサイズ基準は、履き心地が良く、軽く、通気性があります。コストパフォーマンスの高い靴。,5
169971,今まで使用していた体重計はアナログな計りの体重計でした。流石に誤差が大きくなってきた為今回購入に至りました。 スマホを基本ずっと触っている事が多いので、Bluetoothでスマホに情報が飛んでくるがとても便利です。項目も日本語表示なので安心しました。 スマホなのでスクリーンショットを撮って家族や友人と共有したりするのも簡単でした。 良くも悪くも光沢のあるデザインで汚れはすぐ目立ちます。几帳面な方なので、汚れがすぐわかって有難いデザインです。 この値段でこの機能なら十分すぎるアイテムです。,5
193052,とても生地が軽くて柔らかくフワフワとして 写真通りのシルエットでした。,5
196565,スマホケースを探していて、ランキング上位になっていたので購入。色はブラックにしました。値段も安いし、あまり期待はしていませんでしたが届いてみて素材もしっかりしていて値段も以上の品質でした。2週間使ってみて、剥がれや色落ちありません！！,5
172660,軽量でコンパクトです。見た目もシンプルで気に入ってます。この商品は多機能で色々使えます。SDカード、色々あるのでいいと思います。,5
180955,長さ350mm直径30㎜というプロ仕様のコンサートライトです。 カラー15色を簡単に変更できるので、ライブ会場では効果抜群でしょう。 使い捨てのケミカルライトは環境には悪いし、寿命もありません。 今まで女性陣はケミカルライトを折って発光させていましたが、 これには喜んでいますねえ。 とにかく簡単に15色ですから、まあ我を忘れてはしゃいでいます。 買って良かったと思います。,5
163256,色もステキ。素材もバッチリです。汗の吸収も良いです。,5
179419,さまざまな切り方ができて、プロのシェフにも愛用されているシェフナイフです。サイズはちょうどいいです、重さはちょうどいい、キッチン用使用に非常に適しています。,5
187368,簡単な商品ですし、昔からある商品で特にコメントする内容もありません。商品購入についても問題はありませんでした。,5
160500,操作しやす過ぎる！ そもそもゲームがそんなにうまくない僕が14キルできたのは、コントローラーのおかげです。 視点を変えながら打つとか、動きながらエイムを合わせるのとかは本来ならすごく難しいです。 しかし、コントローラを使って4本指で操作できるようになってからは非常にスムーズにエイムを合わせれるようになりました！ また、コントローラー自体の重さも感じないほど軽いので、手も疲れません。 今後もゲームをする時はコントローラーを使っていこうと思います！,5
183653,思ったよりずっとよかったですね。ただの応急買いで、あまり期待していなかったのに、とても使いやすくなりました。充電コンセントがしっかりしていて、外国のコンセントと似合います。アイフォンとアンドロイドのどちらのタイプも使えるので、同時に3つの装置を充電することができて、とても便利です。本当に素敵です！,5
182333,商品が到着して早速使用しました。使用する前の包丁は、刃が少し欠けていましたがこの商品で研いだところ欠けは無くなり切れ味も良くなりました。価格の格安になっていて満足です。日本語の説明も記載してありました。,5
172665,割と見た目オシャレな感じがしました。USBで充電できるタイプなので、パソコンなどから簡単に充電することができます。,5
171905,使っていたものが壊れたので取り急ぎ欲しくてこちらを購入。 この価格でなら大満足。とにかく軽くて使い勝手が良い。風量も温度も問題なし。 むしろ冷風モードで風量が落ちるものも多い中、これは強いままなのでありがたい,5
188898,A4サイズ弱のまな板で調理をしていたのですが、みじん切りした野菜が端からこぼれたりして不便でした。大きなまな板なので重さが気になりましたが、思ったより重くありませんでした。真っ白で綺麗なのでこれを維持できるように大切にしたいと思います♪,5
186366,始めてラジコンカーを買ったことですね。ずっと昔から期待していました。いまでは家の中で気分転換に遊んでいますが、少なくともＰＣやゲームなどをやりまくるより目にやさしいから、適当に性能もいいです。,5
198991,プレゼントで買いました。肌触りもよく、すごく伸びるのでサイハイソックスのようで気に入っています。絶対領域はやっぱり正義ですねｗ,5
191601,録画時間が短い、反応が鈍いですね、ただ抑止力としては十分ですね。あと、電池切れるのが早すぎます、ただでさえ反応が鈍いのに節電設定にしたら、何も役に立たないです。,5
183974,安さとサイズ、品質も良く大満足。 以前はイエローを購入したのですが、洗濯をしょっちゅうしないといけないので色違いにしました。大好きなピンクでテンションアップ。,5
199493,1kgでこの値段はとてもお得！量はたっぷりあるけど、ちゃんとおいしいです。砂糖を纏って表面がサクサク、そして噛み締めるとパインのジューシーな甘みが唾液と混ざってまるでジュースのように口に溢れます。あっという間に無くなってしまいました！,5
195769,軽くてコンパクトなので出掛けにトートバッグに忍ばせてますが、とても便利ですね。ワンボタン式で押すたびに風量が変わる仕組みです。持ち歩きスタイルで使ってもいいし、スタンドが付いているので机の上などに固定しても使えます。 持ち手のところにリチウムイオン電池が入っていました。充電は付属のUSBケーブルを使います。PCのUSBポートやハブのほか、スマホで使っているACアダプタが使えます。充電しながらでも動作しました。 これからの季節は、特にキャンプや海などアウトドアでも大活躍しそうで、今から楽しみです。内蔵電池だけだと足りない場合は別途、大容量のモバイルバッテリと組み合わせて使用すると長時間使用できるようになるのでお勧めです。,5
162083,チョイ使いにとても便利である。しかも、この値段での機能は十分果たしている。,5
174023,ブルートゥースのイヤホンは三つ持ってて、これを入れて四つなんですが、 同価格の商品の中、これに方が音質で勝ってる。 つけ心地もよく、耳に圧迫しないタイプです。 買って良かったですね。 お気に入り,5
180062,部屋の電球の4分の3が突然死したので購入 調光機能 & E17口金対応の昼光色LED電球が非常に少なかったので満足,5
186600,お店は品切れだったから注文してお届けして良かったです。,5
177564,厚みのある生地で肌触りもよく、そして靴ズレしやすいところまで（かかとからアキレス腱付近まで）覆っているので最高です！ 耐久性はこれから確認していきます！,5
176754,吸収性が良くて、一晩換えなくても大丈夫です。,5
174927,いつもお世話になってる人にあげましたが、喜んでもらえました。急ぎだったので早く送ってもらえてよかったです。,5
183326,思ったより小さくて使いやすいです。壁の角や家具の角などっ清掃しにくいところを綺麗に掃除できます。,5
161844,お値段が少々しましたが、明るさや質は問題ないです！値段優先で探しましたが、質もそれなりに要求したのでこちらに至りました！やはり値段と質のバランスですね！満足です！,5
176947,今日で3日目ですが好転反応らしきものが出てきてます（軽い筋肉痛）操作は簡単ですがレベルを上げるとかなりの刺激が有ります、価格の事ですが安価の物も、多く出品しておりますが、4000円弱良しとしましょう、このまま続けて使用します。,5
187828,散々言われていますが、フローティングキーボードはキーボードが高くなるのでパームレストを使わなければならない事が多く、TKLでも結局大きくなり、スペースを占有しがちです。これは、後発モデルで有線にも係わらずLEDが赤のみですが、キーボード土台が薄い。ここに価値があります。土台が薄く、単純にキーボードが低い為、パームレストを使用せずとも普通に常用に耐え、打ちやすさ、疲れにくさに貢献しています。 TKLなのにパームレスト必須という矛盾をシンプルに解決しています。土台はスチールで堅牢性が高く、重さもしっかりしており、ずれません。なおかつ、ドライバーレスという素晴らしいメリットもあります。ドライバーレスだと余計な常駐ソフトをインストールする必要性がなく、挿した瞬間使える為楽です。ケーブルも取り外しできる為、断線で泣く泣く買い替える必要性すらありません。オススメします！ 追記 WIN側で英語配列に変えないと正しく使えません。文字の再変換はWINボタン＋/です。,5
172494,デザインがオシャレなだけでなく、焦げや汚れなどが全然つかず、お手入れがしやすく、大満足です‼,5
169034,正に男の腕時計というようなゴツさ。他サイトでは既に販売中止で、ここで見つけたので思わずポチりました。,5
174712,音は静かでとても良いグッズです。私はそれがとても好きです。,5
193208,迅速な対応ありがとうございます。デザインや色などとても気に入りました。ありがとうございました。,5
180481,運動不足を感じ運動用に購入しました！ 白ベルトが珍しくて可愛かったので買ってよかったです！ 発送も早かったので助かりました！,5
18672,呼び出し購入し、最近開封しましたが、 2本とも使えない。安いケーブル買ったら 逆に出費が多くなりますね。,1
9669,こりゃまいった。いっこうに品物が到着しません。,1
7129,取り付けベルトが短すぎるのでグリップ部分には巻きつけれません。使えない。長いの出して欲しい。,1
17480,体重を掛けて押し込まないとプッシュ出来ません。子供には無理かも。 コンパクトで、デザインもシンプルで良いのですが残念です。 硬さの調整が出来ないかな？,1
19476,1年程度使用。規定トルクで締め付けてもすぐにずれました。 軽自動車程度の加重では問題ないかもしれませんが、普通車では強度不足のようです。 最終的には調整後の締め付けでナットの根元から破断してしまいました。,1
4599,商品が先程届きましたが、自在金具が一つも入っていませんでした。 今週中に届かないと間に合いません。急いております。至急発送をお願いします。,1
11396,レーダー探知機の〇〇無線常時受信状態に PDで20Vきちんと出ただけに残念,1
2167,レビューがそこそこ良く、価格との質のバランスがよさそうなBluetooth5.0なので購入しましたが、 全く手荒い扱いはしていないにも関わらず、3日で音が出なくなり、返品となりました。 音質は普通で、操作ボタンが見なくても触り心地でできないのは改良した方が良いと感じましたが、 耳へのフィットが良く、長くお世話になると思っていたので、至極残念です。 また探す手間がかかり、とにかく面倒です。。。,1
1508,サイズが一回り小さいです。ガラスとシールの間にゴミが入ってました。取り除こうとしたらパリっと割れてしまいました。,1
23224,お盆の時期なのに、注文から到着まではすごく早くて助かりました。しかし、不良品なのか、マジックで書いてある部分がありがっかりしました。裏だから諦めて使いますが…,1
29913,全くキレイに印刷されない。レビューを見て買っものの安物買いの銭失いになりました。 正規品を買い直すとキレイに印刷できたのでこのインクがハズレでした。残念です。,1
28000,夏の害虫対策として期待して買いました。 説明書には、効果が出るまで３．４週間かかるとか書いてありました。 本当に効果があるかわかりませんが、ネズミとかにはいいかもしれませんが 蚊のような小さな害虫には即効性もなく、いつもより刺されました。 アマゾンの商品で初のイマイチ商品でした。,1
13439,充電端子の錆び？変色？が気になるようになったので今は使っていません。,1
34750,特にHDMIを接続時、他のレビューにもあるように低温火傷しそうなぐらい熱いです。 カードリーダーを接続してデータを取り込むと、データ破損が起こるようになりました。 PC側まで熱が伝わってる感じなので、使うのを止めました。,1
29406,デザインはいいし、物はしっかりしていますが、とにかく重たいです。 レジャーシートで重たいものがあると思わなかったので、チェックしていませんでした。 アウトドア用品で重たいと持ち運びが大変なので、使わないと思います。,1
24841,しばらく使っていると周囲のゴム部分が剥がれてきて紙が出てきました。 こんなに弱いケースは初めてです。 ちょっとひど過ぎです。,1
534,海外製品は辞めた方が良いです！ 壊れてました。 他の方のレビューにもありましたが、返品せれた物をそのまま送ってきたようです。,1
27202,何度か使用しましたがあまり効果があるとは思えず、今は犬の侵入防止用に引戸の突っ張り棒として使用しています。,1
33058,iPhoneXRで使用しましたが、サイドボタンに干渉、5本指状態。 しかもホールド感なく使用中ずれていく。 背面レバーは押しっぱなしになり戻ってこない。 これは商品ですか？いいえ、違います。,1
11507,トイレタンク用洗剤買ったのですが、種類違うの２つ頼みました。開けてみてびっくりw２つとも商品同じで、一方は値段1500円、一方は880円。違う種類買ったのですが、一つは明らかに誰かが適当な箱に印刷したわけのわからない洗剤を手詰めしてます。最悪に気分悪い,1
26361,届いて、開封→長さ調整して切る→穴を空ける→バックルに付けようとネジで留める→ネジ折れる 仕方がないからリベットで留める,1
22945,王様に取り付いた魔王との戦闘もギャグ仕立てで読み疲れました。 セリフは同じでも漫画ならではのメリハリある展開にできると思いますが、 絵に動きが感じられないのが致命的です。もっと表現の幅を広げて欲しい。 これ２巻で終わりかなと思ったらまだ続くんですね・・・。,1
25932,ゴム素材の違う部分が二ヶ月で剥がれて亀裂が入りました。両方です。ＯＧＫは一流かと思ってましたが、この製品については生産管理の甘い二流でした。,1
21176,犬の毛に通したところ、詰まって当ブラシが抜けない 普通のブラシで詰まったのと同じ感覚です んん？と細めの糸を用意してステンレス刃にかけて何往復させても糸が切れない これで動物をブラッシングするのは酷です どの刃もこんな調子なのでハズレ個体とかありますかね,1
24223,最初は普通に使えていましたが三週間で壊れました、品質はかなり低いかと,1
18125,女の子用を注文したのに、男の子用が届いた,1
4113,最初の設定以降開かなくなりました。 ゴミです。何もできません。,1
6531,楽しみにしていたが、内容がとても薄っぺらくて読みにくい。視点が定まっていないせいで読んでいて頭が痛くなる。 しかも肝心の挿画が下書きレベルで酷い。 がっかりしました。,1
2115,他のかたも書いているように汚れがついていて消えません。 工場で汚れた手で組み立てているのでしょうか。,1
10679,そのひにゎ届いてません 2日も過ぎてます！,1
19864,直ぐ壊れました。 部品取りの為に買ったような物になってしまった。,1
6829,使いにくく、思った以上に大きかった シガーソケット使えないってのは後で知った。,1
19566,何度か購入し美味しく食べていましたが、こないだ買ったもの(未開封)に虫が大量発生してました。 二袋買ったので、一袋開封して米びつに虫が湧いているのに気づき、未開封の袋も確認した所発見。 ネットで調べたら、おそらく健康上問題ない虫であると記載ありましたが、あまりにも沢山いるので食べる気がしません。 少しくらいなら取り除いて食べる程度にはこういうのは平気な方ですが、ちょっと…。 もう買いません。 写真の黒いのが虫です。 わずかな袋の表面のスペースから見えるくらいだから開けたらどれだけいるやら… 生産側の問題と考えますが、とにかくもう買いません。,1
10681,全く持って送信モードにならず、不良なようなので、返品します。他の方のレビューにあるとおり、高評価のレビューはどれも日本語が怪しいですし、USBを差し込むとメス側の差込口が削れます。 星はシステム上、1個付けないと投稿できないためつけますが、ゼロです。,1
26569,iOSをバージョンアップしてから、電話やメールの着信は反応しなくなった。あとは接続は繋がっているみたいです。前まではちゃんと着信があったらちゃんと反応があったのにできなくなった。,1
25476,買って一週間たたないうちに故障しました 突然電源が落ちリセットされてしまいます 安く買ったのでしょうがなく諦めましたが,1
26436,煙の出方は爆煙タイプの一歩手前レベルかと思います。サイズはコンパクトで良いのですが、リキッドの燃費が結構悪い印象です。コイルが直ぐ焦付きます。使用初日、２個。2日目の本日、１個焦付きました。対策あれば教えて欲しいです。,1
1293,到着して直ぐに使ったところが、自動で止まりませんでした。 停止にスイッチを切り替えないとずーっとガーッ…でした。 直ぐにアイリスさんに電話。 取り替えに来ました。 新しく来たものもやはり同じ結果でした。 結果お金を返してもらい、返品しました。,1
1085,使用して2ヵ月で発熱。液晶がつかなくなり使用不可となった。返品期限も無い。気にいってたのにとても残念！,1
15650,使って3回目で熱くならず、冷たいまま。ガッカリです。星もつけたくないぐらい。,1
21906,とても安くなっていたので購入したのですが、私は匂いがダメでした。クレヨンのようなものをぬったような匂いで気持ち悪くなりすぐに口をふきました。他の方のレビューをみて期待していただけに残念です。,1
33815,使用後1か月もたたないうちに測定を行うフィットネスバンド裏側の緑色に光る部分が１か所しか光らなくなり血圧測定と脈拍測定が不可能なりました。また画面の液晶が半分ほど見えなくなってしまいました。使用状況はゴルフのラウンド等でつけたままでしたが入浴中には必ず外しており全く問題なかったと思います。以前使用していたものは一年近くもったのに残念です。,1
26260,勝手にボタンが、押される。 一部のキーボード押しても、反応が、無い。,1
1155,商品は、壊れている。 メールはこない。 連絡は遅い。 唯一救いは、交換してくれた事だけ。,1
27001,プレミア会員でないのに発注の翌日届いたのは良かったのですが・・・ ティルトをすると雲台からギイギイ音が出て、ビデオカメラが全て録音してしまいます。 シューのストッパーもきちんと効かず、カメラ落下の危険が。 これでは使うことが出来ず、直ちに返品しました。 Amazonさんの返品案内は迅速で、それがせめてもの救いです。,1
27435,お値段通り、安っぽ過ぎてビックリしました。 いかにも、合成… 安かろう悪かろうでした。,1
7787,ビール好きで、一番搾りの47都道府県ビールも買っていますが、今回の買い物は最悪でした。 ビールは大事扱わなくてはならないはずなのに、6本の缶に10cmの筋状の凹みが付いています。一番ひどいのは10cmの凹みが3本に小さい凹みがついています。これで新品とは思えません。2月に購入で、11月中旬の製造。お歳暮の解体品？ 特にひどいのを撮影しました。 家庭用で助かりました。贈答品にしたら、こちらが疑われます。,1
11000,吸引力ありません 1ミリくらいの小さなゴミや、1センチ以下ののティッシュの欠片すら吸い込みません。 交換保証の連絡しても、返事なし。 この会社のサポートの電話番号が書かれてないので、察してくださいということですか。,1
2554,靴下ではなくティッシュが届きました。詐欺のようですね。返品しました。,1
7043,有線が希望でしたのでiPhone8用に購入しました イヤホン自体は前に使用してたiPhone6の物でApple純正品です このアダプターを使用した感想は音 悪！ イヤホンに付いてるボリュームの調整も使えませんでした もう少し音質が良ければ使おうとも思えるのですが iPhone本体に不具合が出たら嫌なので自分は使うのは止めました,1
2163,ワイヤレス充電がまったく反応しませんでした。返品して、同じメーカーの新しいものをと思いましたがサポートの対応から、このメーカーはダメと判断しました。高評価はやらせじゃないですかね。,1
33078,今回人に贈った本が指定時間外に配達されたと苦情が来たが、聞いてみるとこの本の時も指定時間外だったとの事。 特に贈り物の品物をいい加減な対応をされると単純な問題ではなくなる! amazonしっかりしてほしい！,1
19882,半額位で購入できる型番違いの代用品を販売してる業者が多数いますので気をつけた方が良いです。私も代用品を高い価格で売りつけられました。,1
8958,コンビニで購入した祝儀袋が入らなかった。,1
15272,自転車でも動作しますか？ 私の無知のために申し訳ありませんが、新しく購入した自転車で測定することはできません！,1
27777,確かに厳しい評価もあったがトイレ用に試しに購入。 到着後60ワット型にしては暗い、チラツキがある、点灯・消灯のタイミングが不安定、一度消えると再点灯の反応が悪い。 そして一夜明けて。 全く反応せず。 検品をしているのか、設計は大丈夫か、疑問だらけです。 ただ、センサー反応後２分程着いているとされる製品は少ないので残念。 即、返品する事にしました。 これも勉強と思うことにします。,1
11132,人に寄るのかも知れませんが私には何も変化なしでした。残念です。,1
6281,最初からおかしいと思ってました。分量を計っても多すぎたり少なすぎたり。 3日目くらいで気づきました。同じものを計っても、計るたびに重さが変わるのです。 スケールの役割を果たしません。 7日くらいにものを載せても、０グラムから動かなくなりました。 ゴミ箱行きです。,1
27390,蛇口に付けるゴムのひび割れから水が漏れて1ヶ月弱で使えなくなりました。耐久性が問題点の商品かと思います。,1
5257,うちのフォグには 後ろが出っ張りすぎで 蓋が閉まらず… 使い道がなく、ゴミに,1
32304,物は良さそうなのですが保存用台紙がボコボコで試してみたが明らかに引っ付きが弱い、この状態では直ぐにジェルパッドが乾燥してしまいますが？ 返品しました。,1
35755,商品開発の人はこれをはいてみたのか？はいてすぐ虫が這うような感じがしてとても無理。 今迄メディキュットのファンで色々買ってきて、夏用にと買ったけど全くダメ！ いまどき見ない昔のナイロンの安物の靴下でもここまでひどくはない。これはゴミ箱行きでした。,1
15679,一度の使用で蓋がダメになりました。 お湯を入れ、お茶を煮出している間に 蓋が熱で溶け出し、中からは何かが溶け出していました。 一度も使用できずゴミになるなんてショックでし。,1
10284,磨いて うがいしても、歯が炭で黒くなった。なんか うがいした後、ちゃんとキレイにうがいできてないのかな？って感じるのが嫌でした。 それと、洗面台が めっちゃ黒く汚れます。終いには親に商品を捨てられました。笑,1
151975,Ma2さんがサラリーマン達の表情をうまく描きました。,4
144997,値段相当なものだと思います。 ただ自分にはサイズが結構大きめだと思いました。,4
129442,明るいです。他の方のレビューにもありましたが、まぶしいくらいです。こんなに明るくまぶしいとは思っていなかったです。設置する高さに気をつけてください。明るさを変更するやり方が分かりづらい、というか私がうまく出来ないのかもしれませんが。,4
157208,価格も安いので失敗覚悟で買いました。 今まで革ベルトだったのですがこのベルトに取り換えたので高級感が出ました。 ピンや工具も付いてるのは親切ですが説明書が付いてません。 ベルトの長さの調節方法を知らない人は考えこむかも知れません。 内側の固定金具をマイナスドライバー等で隙間に差し込み、てこの要領で外して下さい、それで調節可能です。 それでも止める位置はどこでもと云う訳では無く、前後探す必要があります。 腕にベルトをはめる金具も固いので星一つ少なくしました。,4
122724,正確なところは、判りません。オシロスコープが無いので波形確認はできてません。５０Hｚ６０Hzファンを回したところ、回転数が変化したので、切り替わることを確認しました。計測機器の電源として使用しました。計測値に問題は無さそうでした。,4
120957,これまでは、掃除機で吸引していましたが、先日掃除機をコードレスタイプにやりかえました。 結果、吸引パイプの口の形が丸でなくなり、圧縮袋の口の形状に合わなくなりました。そこで見つけたのがこのアイテム。 小さいので心配していたのですが、結構吸ってくれます。 できればアイテムの吸引口の直径があと2～３ｍｍ大きければよかったかな。,4
156140,以前V7を購入しましたが。車の中を掃除するのに便利かとさがしてました。もう少し安ければ最高でしたがほぼ満足しています,4
142884,150センチのクリスマスツリーのオーナメントとして買いました！ 赤とゴールドで私の好きな色合いでかわいいです。ラメ等は手で触ると結構ついてくるので、ラッカーで塗装してから飾り付けをしました。フックをかける金具部分はややチープな感じで、乱暴に扱うとすぐに外れます。 壁付けなので後ろ側は飾ってませんが、とても素敵になりました。もう少し豪華にしたい場合は追加で買い足すと良いと思います。 ちょこっと残念な部分もありますが、この量なので満足できると思います。,4
153555,引っ越した玄関が狭くシューズラックを置いてしまうと大きな荷物搬入時 都度ラック移動が大変だったので こちらを購入してみました。ドアに掛けて靴を収納したらドアが靴の重みで閉まらなくなりましたが壁に吊るすとスッキリして良かったです。,4
121493,軽い！もう一回り小さければ最高。 前にどこかで買った折りたたみ傘がこの重さでもっと小さかったのでw 世の中、探せばどこかにある・・。,4
129694,思ったよりも薄かったが、持ちやすく便利です。色は写真よりも鮮やかではないが落ち着いた色でした。スマホをはめやすく、使いやすいです。,4
155657,熱収縮チューブやホットメルトを加熱するのにターボ式の100円ライターを使っていた。ガスが無くなるので複数個あったがこれを購入してから全部捨てた。強力で使いやすくちょっとした加熱にはすごく便利。購入時ガスを入れてしばらくになるが今のところガス漏れなどはなく安定性は良い。普通の共用ガスボンベで使えます。,4
130384,直接肌に付けるとマジックテープが痛いのでやらない方がいい。転けないと安全性(耐久性)はわからないけど、オフ車で林道走行してる時、気持ちにゆとりができて安心して走れてます。,4
137590,装着して１か月程経ちますが、目立つため、後続車のほとんどの車は、車間距離を装着前より開けており、効果を感じます。ただし、中年の女性ドライバーは、ステッカーを見ていないのか? 意味が分かっていないのか? 車間距離を詰めてくるのが何台かいました。 これで反射式であれば、夜間の効果がより上がるのではないかと思います。 (当方、現在の処、ドライブレコーダーは、前方のみ装着していますが、追突事故・煽り運転遭遇時の証拠等対応のためにも、早期に後方にも装着したいと思っています。),4
155178,以前購入したものは、本体は使えているのにバンドが３ヶ月で切れしまった。修復不可能だったため、今回は、少し高いものを購入。バンド部分が柔らかく、長く持ちそう。本体の液晶部分は、以前より大きくみやすい。丸形のデザインも気に入っている。,4
159751,しっかりした作りです。その分、重さはあります。まだ１回しか使っていませんが、役に立ちました。,4
139852,息子の通学の為購入 身体が大きいので大きくて動きやすい商品を探していて これなら制服の上から着られるかな？と購入しました。息子もこれなら大丈夫だと言ってくました。,4
121449,カバーも可愛いし、キーボードも打ちやすい！,4
144257,線をむいた後のカスがあちこちに散乱するのが痛いです。クリーンルームで使うには、ちょっと向かないかな。,4
131530,裏に磁石が付いているので、下に置くことなく横に付けられて埃にならず床がスッキリ！,4
143929,父の最期の贈り物として送り届けられたペンギンと暮らすという映画です。 ありえないシーンもたくさんありますが、コメディとして見て充分楽しめます。 字幕で見てもジムキャリーの演技は笑えますが、山寺宏一さんが吹き替えをするともっと笑える映画になりそう。 ペンギンが好きになるきっかけがちょっと薄いかなぁと思いました。,4
138328,以前これとよく似たものを持っていて使いやすかったのでタイムセールで安かったので購入…何ら問題なく使用でき大変満足(*^o^*),4
136007,17歳のジャックステリアの愛犬とてもよく食べてくれます。小袋が衛生的で使いやすい。,4
147242,使用感はgood。耐久性がどうか？これから使ってみることとします。,4
133417,価格がお安いのと後からちゃんとメールが来てました。湿らせて使うと滑らないとあって、霧吹きも付いていましたが、それでもカサカサになってしまうので、ヨガの前に濡らして脱水を5分ほどして使用します。 目安となる印が付いているので、とても良いです。,4
139979,KZ ES3用に購入。 10pro にも使えた。 有線ケーブルに比べて使い勝手は非常にいい。 ただ音質は、サーといういわゆるホワイトノイズが目立つのが玉に瑕。 それさえなければ星5つであった。 ただ、値段を考えると十分すぎる性能だと思う。 もはや中国製品は最高だと言わざるをえない。 追記 外で使うと音飛びが気になった。 値段を考えると仕方ないが、少し多い。,4
122771,スキンケアの保湿液として購入。保湿液としての効果は十分だったものの、あまりにサラサラしているため時間が経つと下に垂れてきて目に入るなど使いづらさもあった。使用後はすぐに寝ることをおススメする。ココナッツの匂いが付いており、これも人を選ぶと感じる。匂いが気にならない、あるいは好きな人には総じて良い商品だ。ココナッツの油は非常に肌に優しいので、他の製品がだめだという人は試してみてはどうだろうか,4
126122,天板角が欠けている。。。外装には傷がなかったので、配送中の問題ではなく中国ならではのクオリティですね。 販売業者では輸入即販売で検品していないと思われますが、最低限のチェックはするべきかなあと。 これを再梱包、交換は面倒すぎるのでこのまま使いますけど、価格と商品は良いだけに残念。,4
158089,商品到着も迅速な対応で商品自体も期待通りでした。 次回も利用したいと思います。,4
137359,単価が納得できるものでしたのでインクの品質が心配されましたが品質は良好で純正品と比較してもCMのとおり甲乙はつきません。賀状や業務資料及び総会作成等に使用してます。3か月間使用の経過報告です。,4
120219,カーポートの柱に強力両面テープで取り付けました。試しに一つ付けたところ十分明るいです。夜間の、犬のフンや煙草のポイ捨てに悩まされていましたが効果ありでした。 ライトの背面が少し凹んでいるため、両面テープは2､3回重ねて貼ったところ上手くいきました。,4
136912,薄いシートで、貼っても気になりません。発汗作用でお腹は熱く感じます。サイズダウンしたかと言うと、細くはなっていません。お腹が直接冷えなくてとてもいいです。肌に対しては、とても粘着力があるので、他の方も書いておられるように、肌の弱い方はかぶれると思います。私は、剥がす時に剥がしにくく赤くなってしまいました。,4
158848,市販品より綺麗に落ちます。特にコンロ周辺の受け皿等は光沢が戻りました。,4
158151,皆さんの口コミ通りサッパリよく落ちました。伴ってトイレの臭いも無くなって気持ちがいいです。 ただ以前ヤスリをかけて尿石を落とそうとしたことがありました。そこにこれをかけると黒っぽくなった気がします。もしかするとヤスリで出来た細かな傷と関係あるのかもしれません。,4
139445,音が左右逆になってました。 音楽を聴くだけなら問題はなく、ゲームをするときは逆につけなきゃならないですが違和感はないので☆4です また買うかと言われたら「買わない」と答えると思います,4
133103,値段のわりに高性能だと思う。肌ざわりよく、全体に刃が当たっている感じで、剃り残しがないように思う。しかし、日本語のマニュアルを付けてくれたらもっとよい。,4
155404,価格もリーズナブルで仕様も概ね満足しましたが、ビニールの梱包に引っ掻いたような傷がいくつもあり、ビニールが一部破けて本体の金属に大きな傷がついていました。 返品まではしませんが、やはり新品で届いてこの状態だと少なからずガッカリするのが正直な気持ちです。 在庫管理をする際にもう少し売り物を大切に扱って頂けるとお客の満足度もより上がると思います。,4
142642,ジグに使用。 魚によっては目を狙って来るとゆう事で使っております。,4
154649,車の作業に使ってます明るく小さい所がとても良い感じでしょうか!,4
124551,毛布って掛け布団の上にかけて使用が正解って聞いたので、やってみてます。室内犬が主に最近丸めたりして、枕がわりに使ってます。伸ばして拡げても軽いので、すぐにまた塊になってます。人間だけで利用すれば良いと思う。真冬は気休め程度かもしれないですね。,4
156042,私は基本的に無糖派ですが、クラフト物はボス・ジョージア・UCCと色々なメーカーのもの微糖・無糖に拘らず殆ど口にしましたが この伊藤園のタリーズコーヒーが一番美味しかったです。 元々、缶の時のタリーズコーヒーは嫌いだったので敬遠していたのですが、このスムーステイストになってからの無糖カフェラテは本当に美味しかった！（未だにブラック・微糖は苦手ですが） 薄味のボス微糖カフェラテも好きでしたが、タリーズコーヒーのこれを飲み始めてからは断然こっちですね。 が、星４にした理由は販路が小売店に限られているのかネットで箱買いをしようとしたら、とても高いのでAmazonレビューでは星４にさせて頂きました、味がとても良いだけにそこだけが残念です・・・まあ、それでも買うんですけどね！,4
126523,ブラックはアイライナー不要で、強力な接着力〜ちょっとやそっとじゃ取れません！ 多めにつけてしまうと、つけまをオフする時に自まつ毛ごとベリッと持っていかれたり、透明なら多少つける場所をずらしても大丈夫ですが、ブラックはやり直しがきかないと言うか…黒いグルーがつくので、少々難易度高いかと思います（笑）,4
139156,取りあえず作ってみました。！！ って感じ。(^_-)-☆ 意外と手触りが良い。,4
136566,純正品と同じ様に交換することしか知識の無い自分も、爆光とまでいかないまでもledの白い光に憧れて購入。 交換は本当に純正品と入れ替えるだけの単純作業。 明るさは純正より明るくledらしい白い光で満足してます。 ただ、ごく稀に点灯しない事がありますが、値段的にもあれなので、何を取るかだと思う。,4
156160,リピートです。 最初はサバゲーで利用していましたが、今は毎日の農作業に利用しています。 当初購入した際は皆様がおっしゃるように、ジッパー部分の破損で使えなくなることが何度かありました。 金額とインソール、丈夫さに惹かれてリピートして行くうちに、ジッパーに負担をかけないやり方を習得しジッパーを壊さずに使い潰すことが出来ました。 防水スプレーをすれば水弾きも良いですし、この金額でこれだけの物はなかなか出会えていないので、ジッパーさえ慣れればオススメです。,4
124133,少し古い機種の空気清浄機なので合うフィルターがあるか探してました。この季節どうしても必要なやつで新しく買い換えるか迷ってましたがフィルターのみですんで助かりました。,4
122539,他の方のレビューにもありましたが、加糖です。甘いですが過度な甘さではなく、100gあっという間に食べきってしまいそうな手が止まりません。 お安くはないかな。,4
150888,思ったよりもしっかり、ずっしり。これとU字と組合せて使うと良いかと思います。,4
153535,脚が180度に反転して折り畳めるので、2㍑ペットボトルよりちょい大きい？コンパクトに持ち運びはできますが実物思ったほどは小さくない印象です ワンポイントで入ってるゴールドはオシャレな感じ、アルミ合金なんで値段の割りにはかな 伸縮はロック式で簡単に伸縮可能でしたただキツイ箇所があったりしますがパチンと止めるロック式は個人的に好きです 2段階の角度のみしか開脚できないのでもう少し開けば安定性いいかな コンパクトで安いし軽いカメラなら買って失敗はない感じです,4
122050,子供が部屋でお絵かきをするように購入。 子供の手が汚れない為、非常に助かりました。 -1にしているのはキャップの色で白または透明がないため。 子供がキャップの色でチョークの色を判断するため、上記のどちらかがあれば分かりやすいかなと思います。,4
159778,洗濯機トレーの枠と排水パイプが干渉するので購入しました。 意外と大きいのでしっかり乗り、振動対策にも効果あるようです。,4
134755,手持ちのジルのハンドミラーのミニサイズが欲しかったので、完全に付録目当てで買いました。 ミラーの写りは、付録としてはまぁまぁなクオリティ。分かりやすく言えば、100均の鏡っぽい。 大きさは、カバンや少し大きめのポーチに入れるにはちょうどいいサイズ。 よく見たらスワロもどきのストーンや、持ち手の下にパールがついていたりとなかなか可愛いです。 本誌の方も充実した内容で読み応えもあります。,4
143996,やはり、リモコンの配列が駄目過ぎるので別売りのリモコンは必須です。,4
157791,今まで使ってきたPCに載っているi3と比べて、ベンチマークのスコアやゲームのFPS値がかなり向上しました。i3とは思えない性能です。,4
157808,使い慣れないとキレイに作れない。 と感じた。,4
159794,値段も安く、しっかりとした素材で気に入ってます。かわいさはあまりないので☆４つにしました。 若干、男性向けかなーという感じです。 私的には気に入っています。,4
122365,原作がそもそも夏休み編のおまけみたいな物でしたので、多くを望んでも無理でしょ？これならOK。特に文句はありません。原作では最近出てこないですが、あーちゃんは可愛いと思うけどなぁ・・・ 、,4
148204,輝きがあって綺麗です。チャムスのマークも右手でずっと持っていればちゃんと見れるんですが、左利きの私が左手で持つと逆さにマークが見えちゃうんです。マークを90度どちらかに回転していてくれたら星一つ追加です。,4
152058,105センチの子が使用しましたが、背中周りの紐が短く感じましたので星を減らしました。全体的には可愛くてとてもいいと思います。,4
134886,厚みもいいですし、ズレないし色合いも明るい感じでした,4
127278,ガンガン床に落としまくってますが、壊れることもなく、値段の割によくできていると思います。,4
148507,まず使い方についてですが、ペアリングするのに電話マークのボタンを5秒以上長押ししてください、すると青と赤の交互の点滅になると思います、そしたら例えばスマホならばBluetoothをオンにしてペアリングが完了すると思います。動画や音楽に関してですが、電話マークのボタンで再生、停止ができますし、音量調整ボタンを長押しで次の曲に送ることもできます。 音質については2000円という値段にしてはいいほうだとおもいます、マイクはまだ使用していないので性能はわかりません、これから試してみようと思います。 なれれば使いやすい商品です。説明書は英語でしか書かれていませんので注意してください、また充電ケーブルも特殊な形状をしていますので、なくしたり壊してしまった場合は替えが効かないと思われます。2000ほどで私は購入しましたが、その程度の値段と思えば充分に満足できると思われます。,4
139702,髪の毛の量が多いのですが、これはしっかりとめられます！暑い時期、重宝してます。,4
128766,購入して約二ヶ月。 不具合も無く、装着感も説明書を見て正しい付け方をすれば耳が痛くもならず、外れそうな不安定さも無く。 最初は周りの音が入りすぎて音が聞こえづらいと感じたが、スポーツ時の使用を考えたら完全に遮断するより安全かも。 以前使っていた安物中華イヤフォンは直ぐに片方が駄目になったが、これは大丈夫かな？ 高価なものなのでレビューは参考させてもらったが、低評価のコメントは文脈や言い回しがおかしくない？ なんで低評価だけ？(笑) 星5にすると埋もれるので星4にしてますが、本当は5ですよ。,4
115248,話の内容はともかく、コン・ユさんが間違いなくカッコいい。 目の保養で観たら案外よかったね。くらいが良いのではないかとおもいます。,3
104630,掛け時計の梱包方法ですが、大きい箱に緩衝材なしで時計の箱が入っていました。 配送時箱の中で時計が自由に動き、衝撃を受けたのではと思ってしまいました。 故障していないことを祈って使用したいと思います。,3
110316,23.5を普段履きますが、仕事で使う為24㎝を購入。少し大きめですが、靴下履いて馴染みだすと問題無し。ただ、通気性が悪くむれます。 テカリはあまり無い方だと思います。,3
97860,黒革丁のものを使わせていたのですが、要所要所が剥げてきて最初は黒いビニールテープでごまかしていたのですが、思いきって購入し使わせています。気に入っているようです❗,3
109746,動作はしましたが、ボタンのゴムが一部ちぎれていました。ちょっと残念。,3
107813,ピンチが取り替えやすく劣化しづらそうだと思い購入しましたが、ウチには不向きでした。 まず、持ち手部分が短く低い方の竿に引っかかる。斜めの配列は干しづらく、左右のバランスも取りづらい。何より非常に揺れやすい、これは風が強い高層階には不向きです。もう少しよく考え、コメントも読み込むべきでした。一応 持ち手にシリコンストッパーが付いているので、上から竿用のピンチで止めてなんとか使っています。,3
91757,サイズ感は イメージ通りでしたが ガタガタして 頼りない感じです。,3
117219,コンセントタイマーや、明るさセンサーで電源の自動オンオフをコントロールしてイルミネーションの代わりになると思いましたが、電源はフロントのボタンのみでオンになり、所定の時間後にオフになります。その状態で上記の自動点灯をしようとしても自動オンになりません。この商品は常にフロントのボタンでスタートです。,3
85356,友人に送ったのですが、お店の名前しか書いてなくて、誰からもらったのかわからなくて困ったそうです。 ギフトで注文しているのだから、送り主の名前も記載して欲しいです！ というより、記載しないお店があることに驚きです。,3
95722,デザインと価格で購入しました。 いざ組み立てるてなった時 力技でかなり疲れました。 座り心地は良いです！,3
88455,少しやっただけなのに、かなり期待が、持てたみたいです。ありがとうございます。,3
82238,おにぎりに絵を書くことはありませんが具材やコメントを書けるので便利です。ラップを使った時は購入日時や調理日を書いて使ってます。マジックのように臭いが気にならないので安心して書けます。,3
101885,飲食業の仕事ようにと思って購入しましたが にしては‥重いし ぴったりしてて 蒸れる 冬や雨の日ように変更します ぼてっとしてて デザインは好き,3
97292,甘過ぎて、煙草好きの私には、無理ちなみにニコチンリキッドと混ぜましたが甘い派の方などコーヒー好きには最高😃⤴⤴かもね🎵,3
83966,なかなかの物ですね。 使い勝手が良く、期待どおりでした。良く延びます。,3
90234,値段を考えれば普通です。 可もなく不可もなく使えます。 電話とSNSくらいなら特に問題ないです。 ただ一つ気に入らなかったのが 1年前に購入し、不慮の事故で大破してしまったので 先日、同機種の2台目を購入した際の事 1台目のバッテリーは2016年製造に対し 1年後に購入したバッテリーが2015年製造だったのがちょっと...,3
112986,邪魔にならない大きさ！ でも可動域も小さくミラーの直径も小さい為、夜はほとんど使えない！ 夜間、安全に通勤する為、もっと大きなミラーの商品に交換しました。 日中ならいけるかも！？,3
83687,縫い目が雑…糸が出てたりしました(^_^;)ふわふわなので着け心地ゎ良かったです♪,3
80358,早々の配送ありがとうございました。見た目は思っていた通りでした。,3
102300,Apple pencilでお絵かきしたりしています。 以前使っていたものよりだいぶスッキリしました。 ペンシルを収納するところだけ出っ張っていたりむき出しになってるなどはなく、スマートに収納できるのもシンプルで良いです。 ただ1点、カバーをスタンドにする際のマグネットが弱すぎます。 卓上で使うなど、折りたたんだ三角形の底面が机に接する場合には安定しますが、 三角形の頂点が接するようにするとパタンと崩れてしまいます。 わかる人はわかると思いますが、ソファーなどに膝を立てて座り、そこで使おうとすると三角形の頂点を底にした方がちょうどいい角度になるんです。 ここが絶望的にマグネットの保持力が弱い。。 不満はただそこだけですね。,3
102523,口に含んだ瞬間強烈なうま味が広がります。お茶というよりはお茶風味のスープのようです。 しかし抹茶のうま味ではない。このうま味はなんだ？・・昆布茶・・そう昆布茶のうま味だ と裏面を見るとアミノ酸の文字。なるほど、そういうことかと合点がいきました。 私の求めていた「ほっとする味」ではなかったのですが、この強烈なうま味はお茶漬けに すると良いのかもしれません。 追記：お茶漬けにしたところなかなか美味しかったです。 永谷園のお茶漬け海苔などでしっかり味をつけるのが好きな人には合うかも。,3
86662,一部、本当に自分で試したことがあるのかな と思える部分があったのは残念。 独学の価値を伝えているところは読む価値あり。,3
104263,最初、加減が分からなく髪に付けたら何日も洗っていない様な髪になりました。手に少しだけ付けて髪に伸ばすだけで充分だと思います。,3
113634,USB充電ポートは、使う間もなく死亡したので☆2つ 電源タップとしては、風通に使用できています。,3
113361,梱包はきちんとされてましたが 保証書が入ってませんでした,3
107010,ちょっと安定感が悪いけど安いのでオッケーです。店頭で買うより安いです。,3
92534,もう少しというところ。 文字数強制は必要無いと思うが如何なもんか？,3
109393,小5の甥っ子のクリスマスプレゼントで購入しました。 青を注文したのですが写真より暗い感じがしました❗,3
104505,バラせて掃除はしやすいけど、タバコがそのままはまると嬉しい。 気にせず買ったんだけど。,3
89520,表現の自由ですからね、皆さん割と悪く言う人がいますが私はガチCGで視覚で訴える内容の無いSFを見るのならこれからの若い人達にオススメします 役者の会話の間合いやその場の空気を読むには素晴らしい雰囲気を持った作品ですね 俗に言うＢ級であっても中途半端なA級を凌ぐことは結構ある,3
111425,主人に頼まれて購入。 商品はとても良かったようで、息子と使っています。 届くのも早かったです！ たーだ、、配送業者がクソでした(^o^) インターホン何回鳴らすねん！？てなくらいに鳴らします^_^ 愛想無い、態度悪い。 商品は良いのに配送業者が最悪です！,3
109514,手っ取り早く輸入車にobd2でレーダー探知機を付けるために購入しました。 後期E90・コムテックOBD2-R3を使用。 配線加工しなくて良いのは助かりますが、 スイッチが大きく収まりが悪いのがマイナスポイントです。 因みに利用可能な機能は全て使えます。,3
107965,蓋を閉めるとうちの子達はトイレしなくなるので・・蓋を開けて使ってます。,3
86307,男の胸には吸い付きますが、女性の乳首にはフィットしません。 振動は結構いい感じなので残念です。,3
80472,１の穴はとても削りにくいです。ハンドルか電動ならより良いと思いますが、鉛筆を最後まで使いたいという気持ちでナントか頑張って削っています。,3
119376,鞄の中に入れてましたが、わずか2ヶ月の使用で割れてしまいました。ガラスだから仕方ないんですかね。,3
116281,ドラレコ接続用に購入、ドラレコのシガーソケットがテーパーの場合、きちんと奥まで入りきらず、接触不良を起こす場合もあります、製品はエーモン製なので品質にまったく問題はありません。,3
90305,上映直後は非難轟々でしたが、そこまで酷くなかったです。 声優補正もあるかも・・・またこの声優９課が聞けたのは嬉しかった。,3
93048,色が変わるての事でしたが、さほど変わらずちょっとがっかりでした。,3
105756,3度めの購入。 届いたものを食べてる時に量が少ないことに気づきました。 画像には140グラムに変更になったとありましたが、商品名は180グラム。 気づかなかった私のせいですが、詐欺にあった気分です。 コスパ良しの為購入しておりましたが、この質、量でこの値段だとリピはもうしないでしょう。,3
106176,まだ使い始めたばかりなので長持ちするかはわからない。 軽くて使いやすい、良い買い物でした。,3
100698,保湿効果を実感でき、かかとが柔らかくなりました。 ただ、汗をかいてしまうのと足が小さいせいなのかかかとにあまりフィットしません。,3
80447,二年目使用です。 使い終わったので水を抜こうと思ったら水抜き周りから破れてしまいました。 屋根も空気が抜けて倒れるので、ちょくちょく空気入れて使用してました。 屋根付きでこの値段はお手軽なので使い捨てで2個目を購入するか検討中です。,3
86713,ファスナーの滑りが悪い。それだけが不満です。商品はトータルで見ると良いと思う。,3
109051,それまでとても固いマットレスで寝ていたので、柔らかすぎて眠れませんでした。今は少し慣れてきたせいか、眠れるようになりました。,3
81257,静音性にちょっと期待してしまいましたが、それなりの軸音と風切り音がしました。よく考えてみれば、16cmのファンで1000rpmは決して超低回転ではなく、夜間の静かな部屋では近く(机上)にあるだけに気になります。まめにON/OFFしようとしても、電源スイッチは背面中央の奥まったところにあるため操作するのは大変です。まぁ、全力回転しているノートパソコンのファンよりは静かですし、オフィスなどのそれなりに背景音があるところで使用するのでしたら、動作音は気にならないと思います。 念のため、改造して対策できないかと思い分解してみましたが、ファン自体が筐体と一体化しているため、ユニットの交換などができる構造ではありませんでした。 なお、2つあるUSBポートは、ただパラレルに繋がっていて途中で電源をとっているだけのようです。,3
81949,いきなり右側から音が出なくなりました。特別乱暴な使い方をしていたわけでもなかったので残念です。１年間使ったので納得するしかないか・・・,3
118619,思いのほか小さかった… そして、型が崩れやすかった,3
115504,サラサラ系のシャンプーがお好きな方には合うと思います！,3
113705,お経の本は自宅にあったのですが 古くなってきたのでちょうど良かった。CD挿入歌をもう少し増やしてほしい,3
110297,本皮だと思っていたが本皮では無いような感じでした。 デザインや機能的には満足。,3
87882,親に頼まれて購入。 配達してもらえて助かる。,3
102434,ボタン一つで開閉ができる優れものです。 ただ、大きさは、思ったほどではありませんでした。相合い傘だと、それぞれ外側の腕は濡れるでしょう。折りたたみ傘としては大きいという感じです。私としては、大雨のときは使わないようにする考えです。 太さは一般的なものよりもありますが、長さは短いので、カバンにはしまいやすい。 閉じたときに、折りたたんだ布の部分をひらひらさせて、先だぼだけを閉じるためのバンドがありません。 したがって、閉じたときは、取り出したときと同じ状態（完全にしまう状態）まで畳まないと、しまりがありません。 また、閉じてから中棒を短くする際、やや力がいります。,3
94299,内容は映画で観ていたので知っていましたが、非常に素晴らしいです。 自分はガーデニングが好きでターシャの美しい庭が観たくて観ましたが、庭に興味がない人でも楽しめる内容だと思います。 日々せわしない時間を送っている人には特におすすめです。 しかし、パッケージングが非常に微妙です。 表紙はそこまで悪くないですが、背表紙と中身の画像がとにかく荒いです。 えっ、これって海賊版？と思ってしまうほどの荒さです。 永久保存BOXということで、愛蔵本も付いてきましたがそちらも荒い画像で微妙です。 ターシャ好きでいつでも見れるように購入しておくのは良いですが、通常版で十分だと思います。,3
91202,自分には肩紐が短いです中身がいっぱいだと背負うのにちょっと苦労します。,3
80731,セイコーの小型目覚まし買いましたが一日に何時間も狂い新品から使い物にならないので買い替え。 カシオの旧タイプのトラベルウォッチ（文字盤がブルーＬＥＤで光るタイプ）が廃盤なので後継機種かな？と買ってみましたが小さすぎです。。。旧タイプ復活させてください！,3
101594,靴底がゴムではなく、少し滑りやすい印象を受けました。 履き心地は、中敷きもしっかりしていて、軽いですし、長時間歩いても疲れにくいです。,3
101442,組み立ても簡単で、30センチまでのマットレスに対応しているので、良かったです。ゾウの絵がついているので子どもが喜びました。 が、、肝心のガードとしては10キロ超、1歳半の子どもが寝ぼけて転がったところ、ガードがズレ、ベッドとの間に挟まってしまいました。 固定用のネジもついてくるのですが、使い方の説明も今ひとつ分かりにくく、どうしていいかわからず…。 ベッドの反対側に部品を伸ばして固定するタイプの商品ではなく、マットレスの間に差し込むだけなので、どうしてもずれやすいようです。,3
116271,商品はお値段なり 海外からの発送でゆっくりやってきます。 軽くでも刺激があるとピカピカ光ります 輸送中も揺れなどで刺激され続けているので、到着時に電池切れかひとつ光らなくなっていました。 返品交換を連絡したところ、まず光らないボールの画像を要求され、やり取りの末に新しいボールを送っていただけることになりました。（一個単位の返金でもとリクエストしましたが） しかし現在約3週間経過しましたが.その後の音沙汰もなく 送られても来ずでしたが、レビューを上げた翌日帰宅したらドアノブにかけられていました。 他のボールに関しても 一時間犬と遊んでまた一つ光らなくなり、電池切れがとにかく早い。 次々と電池切れになるのではと勿体ぶってその後特別なご褒美タイムとしてしか遊んでません。 商品自体の評価はある意味お値段なりで納得できるようなできないような 個人の価値観に大いに左右されると思いますが 梱包がかなり簡易的で常にボールが刺激されてピカピカ光りながら到着するため 消耗が著しく早いのではないでしょうか。 それを踏まえた上で購入する分には、届くまでに軽く2週間以上かかりますが良いのではないかと思います。,3
104623,現在使用している PENTAX 8X24と比較して見た感じ倍率が同じなのは？ もっと大きく見えるかと思っていたが、見る対象の細部などが PENTAX と変らない。本当に２０倍なのか疑問。 対物レンズが50と大きくなったことで目的の対象を双眼鏡を覗きながら探しやすくなったのは便利。このお値段でここまで見えるということはやはりお得なのだろうな。 重さがあるので手持ちでも、小型の軽い双眼鏡よりは安定して見えた。重さもメリットだ。ただし三脚に固定できた方が良い。 天体観測で星が２重に見えるので悩ましい。月はなんとか見ることができたが。,3
107018,モノも仕組みも素晴らしいけど、ダメだわこれ慣れないし、寝られない。,3
97591,素早い発送ありがとうございました。 梱包も丁寧でした。無事装着できました,3
106834,パパが飲んだけどいまいち効果わかりませんでした。,3
97371,繰り返し使えるのがいい。 ただコンセント繋ぎっぱなしじゃないと使えないのが不便。あとサイズ小さすぎ。ふわふわの部分はめっちゃ肌触りいいし遮光性も◎ 温度調節ができるので使いやすいです。,3
