119737,ハロウィン用に購入しました。ピンがついたふかふかの耳でかわいいけれど、つけた時に安定感がなく難しい。付属のカチューシャにピンを差し込んで併用してもどこか明後日を向いてしまう感じ。使いづらいけれど、かわいいので何とか工夫して使っていきたいです。,3
84660,他の商品よりも安いので、試しに購入。高いのは可動部分が二か所だが、これは一か所で安い。とりあえず、つけてみたい人には入門用としていいのではないか,3
117167,ドローンは初めてでしたが、操作はしやすいと思いました。以前、小型のラジコンヘリを購入したことがありましたが、安定させるのが難しく、本ドローンはそれに比較すると断然安定していると思います。 今の技術はすごいものだな。。と感心しました。 搭載のカメラは残念ながら期待はずれの画質でしたが、「もっといいドローンが欲しい」と思わせてくれる商品でした。 小2のこどもは、喜んで使っています。,3
110852,とても良いセットですが、こんな色々はやっぱり使いませんでした＾＾； そしてボタンの品質は他コメントにもある通り不良品も混ざっているので要注意です。,3
105000,思ってたよりよかった。写真で見るよりデザインがイマイチでしたが、値段が安いので。,3
113503,柄はイメージ通りで、可愛かった。サイズがやや大きめだったのが少し残念。,3
90858,短くて滑らか。酷暑の夏に向いてるかどうかはこれからです。,3
112316,激的に早く解凍できるのかと思い購入しましたが プレートに当たる部分が面だと確かに溶ける時間は早いです。 ただ、肉等は平らな状態で凍ってないので面でなく点でプレートに接するので 激的な解凍はできませんでした。（自然解凍よりは早くなりますが） メインはタコ焼き用の冷凍タコの激的解凍が目的でしたが タコは点での接地が多いので時間的には期待過多でした テレビショッピング等でよくやるように氷を置けば あっという間に溶けていきますよ。 詐欺みたいなもの(笑) 解凍汁は確かに少ないのかなという感じです。 汁が少ないというのは旨味が抜けないという事なので利用価値はあると思います 他のレビューにありますが2枚購入して上下ではさめば早く解凍できると思います,3
89986,ワンタッチ開閉の折りたたみ傘の使用は初めてでしたが、開く時便利でした。耐久性はまだ分からないので星3つです。,3
101072,迅速な対応していただき、梱包も問題無かったのですが…開けたら以前のデザインで現在のではなくてどうしようかなとちょっと困ってます💦,3
106473,失礼は承知ですが値段相応といったところでしょうか。 店頭で600円程で売っていたものと比べて見るとBNC側を機材に接続したときにややグラグラしてしまう感じです。,3
112234,ライザップの純正品は高すぎるので、これを使ってます。ななめに貼ると何とか使えます。4ヶ月ぐらい使ってますが、問題無いです（たぶん）。ちなみに、sixpadには使えません。ひとまわり小さいです。,3
98625,この台の上に空気清浄機（SHARPのKC-G50-W）を乗せ、その下をルンバが走れるようにしています。 台の幅も丁度、ルンバが入り込めるようになっており、空気清浄機がルンバの邪魔をせずリビングを掃除できるようになりました。 最初、ルンバに何度もガンガンとぶつかられることで、空気清浄機が転倒しないか心配していましたが、その様な事態もなく安定しています。台・脚共に滑らかな木の手触りで、ナチュラルな感じの家具になら合うと思います。 1点問題点として、脚の底に滑り止め用に黒いゴムが付いているのですが、これが剥がれやすいです。私の場合は接着剤でくっつけ、今のところは問題なく機能しています。この部分の強度を改善して頂けたらと思います。,3
112812,使ってみるとまあ意外に綺麗な青を使っており気に入ってはいる。ただ少し手で持つ時、滑りやすいのが欠点。リング無しだと落としそうだ。,3
92596,硬いっすね。ちょっと柔らかいコンクリの上に寝るような感じです。 ヨガポールは他に買ったことがないので、いいのか悪いのかなんともいえないです。,3
100163,もう少し低いところからお湯を注ぎたいのだけど、首の形状のせいか102サイズのドリッパーでも真ん中に低く注ぐのが難しいです。 個人的にはもっと細く出したいので、このあたりは自己責任でカスタマイズする必要がありそうです。 金属臭は全く気になりません。,3
112903,予想よりも古さを感じさせられました。昔観たものですが懐かしかったです。,3
88986,保湿力はさほど無いと感じました。乾燥肌の方にはオススメできません。私も夏のみにして、冬は変えます。 ただ、ピリピリする感じは一切なく、敏感肌には良いと思いました。,3
96761,革が硬すぎて折り曲げても戻る力が強いのでスタンドとしては機能しない。,3
80569,権利とかの関係ですぐに前巻電子化ってのも難しいかもしれませんが、紙版のように完結まで30年ってのは勘弁してください。 電子版は完結まで1～2年くらいで何とかなりませんか？,3
107074,手軽に使えるがペンカバーの先の内部がインクでよごれる。仕事で１本ポケットに入れている。便利,3
85450,サイズは厚手のソックスを履くならワンサイズ大きいほうが良いと思いますが、作りがしっかりしていて履くとホールド感が良いです。 ただアイスバーンの上は異常に滑ります。ソールのゴム質が固いせいだと思います 雪国の人は購入を考えたほうが無難です 作りもデザインも良いだけに残念です,3
107681,他のレビューの通り，音が大きく，閑静な住宅街で使うのはためらう 機能的には問題ないし，ストレートと拡散を切り替えられるノズルは便利,3
113760,期待はずれか？飽きてるのか？さらっと読め過ぎて、物足りない感もありました。,3
100677,一作目が面白かったわりにという感じ。 設定に無理がない？ この手の作品に、必然性を求めてはいけないか........,3
107244,ガソリンランタンのスタンドで使ってみました。片側だけの使用でしたが、 重みでポールが曲がります。 強度的に少し不安です。 ただ、風が強めの2日間では倒れる事も折れ曲がることも無かったです！ 付属の(スクリュー)ペグは使いづらかったです。,3
115626,縫製が少し甘いように思う。右肩の前後2箇所が到着から2週間足らずで敗れた。,3
113697,交換も簡単だし、サイズの微調節が可能でとても使いやすく、お気に入りです。 でも、調節場所がズレやすいと思っていたら、使い始めてたった3日目に磁石が外れました。うまく接着されていなかったのかな？ 自分で接着剤を使ってくっつけました。 他の方のレビューにはそのような記載がなかったので、当たり外れがあるのかも。,3
101935,写真だとカッコいいと思ったのですが実際は女性向けだと思います。またボタンが押しずらい。,3
101238,チンチラ用に購入 網よりはいいかと思いますが枠の隙間に色々たまってしまうのでやや掃除の際面倒に……,3
117568,攻略本で、モンスターの解説を読んだあと、わくわくしてプレイしました。プレイ中は、目先にわたわたして、キャラの背景への思いいれも何も、追いつきませんな。,3
108864,一人暮らしでも、気軽に1合炊きの手巻き寿司が楽しめる,3
103758,雨ｎ中ででの利用は未経験。雨にぬれたあとでも帽子の役目をはたしてくれるか？,3
93810,ずっと欲しいと思っていたものが安くなっていたので即買いました。 ブラウンのケースに入って見た目は悪くない感じです。 切れ味は文房具のハサミに劣ります。髪は滑らず切れました。 以降、何度かカットをしてみて、段々使いやすさに気づきつつあります。 所定の位置に指を置いて、上達もしますし、素人に親切な仕様だと思います。,3
84370,気に入った点は、バッグの色合いとサイズとコストパフォーマンスです。 収納も結構入りますが、手持ちでない為とても便利です。 但し、色々な物を入れて持ち歩きたいので、以下の点を改良願えれば嬉しいです・・・ポケット（仕切り）類が、バッグの下側に位置していることと、その数が少ないことで、収納物のバランス良い整理がし難く、取出しにも少々不便を感じます。,3
97861,お札の二つ折りがはみ出す。カード専用か。」,3
93378,冷凍用に使うには便利だけど、丈夫ではないので知らないうちに破れていた。,3
99577,シリコンの為、ほこりがつきやすい。それ以外は使いやすくてよい。,3
104044,水や砂を入れる様に記載があり、水にて使ってみた。風等にも持っていかれる事無く必要十分である。 だが、製造の問題か角の部分が薄い様で移動して置く際に少し荒く置いたら角が割れて水が漏れてきてしまった。(投げたとかではない）当方はそれ以降両手でそっと置く様にしている。,3
108228,素早い対応で助かりました。純正バッテリーが膨らみ諦めていましたが試しにお取り寄せさせて頂きました。すぐ起動いたしました。,3
87441,商品は気に入ったのですが、使い捨てライターの使用が煙草を買うともらえるサービスライターも使えると思っていたのに使えなかったので残念でした。,3
118764,はじめてケーブルバイトをかいました。こういうものとは思うのですが、iPhoneケースによっては、充電する時に邪魔になり結局コードの間でぶら下がっています。,3
93429,オゾン効果??もう少し遣わないとわかりませんが??良さそうです｡,3
96288,最近では店頭のワゴンセールとかの方がお安い場合が多々あります。 やっぱ紙パックは便利です。,3
107695,可もなく不可もなく 毎日履いて年に数足消費する人にはちょうどいいコスパ的にちょうどいいです。 デザイン 古臭さはなくよい 履き心地 悪くありません 耐久性 不明 サイズ 少し小さめ これまでは履いていたものと比較すると若干小さかったので 次回購入時はもう1サイズ大きい物を購入します。,3
83227,直射日光で長時間充電できないと数時間で消えてしまいます。 なので曇りの日は夕方点灯しても23時ころには消えていることも。 上の部分だけ取り外して陽の当たるところで充電も出来ますが、すこし陰になっているところに設置したい場合は要注意。,3
96796,大きくて暖かいのですが素材のせいか、肌触りが少しコワゴワしています。もう少し触り心地が良いといいと思いました。,3
96423,かわいいです ただ、ご飯入れにくいかな… ご飯つぶが上の方についてしまいます,3
109057,納得して読みました。おっしゃる通りだと思います。気を楽にして日々、日常の事に誠実に対応していくことが大事だと感じました。,3
106638,【気に入った所】 ぷにぷに曲がる。 【気に入らなかった所】 ちんちんの大きさだけど、初めてのディルドで4cmは太すぎると思う。 ガバガバな人向け。先っぽを入れたらちょっと痛かった。,3
106524,個人的にはそこまではまりませんでした。 ミカンジュースっぽい何か、という感じです。 ミカンを期待すると、あれなんかちがうぞ と思われるかと思います。 駄菓子のミカン味が好きな方には良いかもしれませんね。,3
104094,扇風機としての性能はまあまあ良い。 コンパクトの割に風力もあるし、静かだし、リモコンで首ふりまで出来てべんりです。 ただ、届いた製品がまるで中古品に見えてしまいがっかりでした。 カバーには傷やすりきれたような跡などが沢山あり、モータカバー付近には沢山の鉄粉が付着していました。 まるで、展示品か何かを分解して送ってきたのかと思える商品でした。 製品の性能が気に入っただけに非常に残念です。,3
101160,ゆでたまごを持ち歩くのに使っています。とても良いです。 変な匂いがありましたが安いので我慢でしょう。,3
115988,値段的に正確性はダメかなぁ、ぐらいで購入してみましたがテスターとほぼ同じ数値を表示します。 ハードルが低かった分、いい買い物でした。 角度によっては全く見えなくなる画面でしたので残念でした。 取付場所を検討することをお勧めします。,3
90906,知人のための代理購入のため、特に商品レビューのコメントはありません。,3
88858,使い勝手は非常に良かったのですが… 2ヶ月位で細かなクラックが多数入りました。使用は別段問題ないのですが、なんか壊れそうで嫌なんで違うのと付け替えました。,3
81918,5個中、正常なのは3個でした。 黒はまったく認識せず、青は読み書きには問題ありませんが光らない。 赤、紫、緑は正常。,3
104231,つけやすく、そのままベースで使ってもよさそう。固まり具合もちょうどよい,3
96369,ガタつきがあったがチョッとねじったら直りました。 細かい事を気にしなければ普通に使えて良いスタンドで安定感はあります。,3
95720,たまにはこういうのもいいかなぁ……と思って買ってみました。 髪の毛が中途半端に伸びてくるとサイドが邪魔になるので……と思ったんですけれども、美容師さんがびっくりするほど毛量が多いので、本当に少ししか止められません＾＾； とはいえ、可愛いのとそれなりにしっかり止まるのでよしとします。,3
99804,ポロポロでてきます。 ですが使った後鏡見たら角質取れてません ですが、肌はワントーン明るくなります。,3
103686,とりだしたらとてもタバコのようなくささでした。 まあ、今はほとんど臭いませんが最初が本当にくさかった。,3
89107,ピンセットの作りは良い。 角栓取り用のアイテムは微妙,3
82308,純正ストラップがくたびれてしまったので買い換えました。良くできていますが、悪くいうと値段なり、薄っぺらくチープさを感じます。,3
72272,雨の日に使ってみました。 27cmのスニーカーでも装着はたやすく、たしかにクツは濡れません。 ただ、これで歩くととても滑ります。砂利道などでは大丈夫だと思いますが、舗装路やコンクリートなどを歩くときはかなり注意が必要かと。,2
65426,作中に籠池が出てきてなんだこりゃって思ったらあとがきによると作者の政治への不満をぶつけたのがこの漫画だってなことが書かれてた。 最初からそういう内容なら買わなかったので、そういうことは作品紹介に書いておいて欲しい。,2
74456,変換ネジが入っていませんでした。 送り返すのも面倒なので変換ネジは別で買います。 本体の方は特に問題なく使えそうです,2
48710,外のビオトープに設置して、作動後30分でプッツリ動かなくなりました。太陽光はちゃんと当たっていたので、ポンプが逝った？残念な商品でした。 (追記 ) ポンプとソーラーパネルのプラグを外し、両手に互いに持って、がんがんシャッフル。駄目もとで設置し直したら、何故か生き返りました。今は曇りでも弱めに噴水が出てます。とりあえずよかった。,2
60151,目元ふっくらにはならなかったです。 一度使って試してみたかったので、良い経験になりました。,2
64047,匂いがキツイ！人と会う時に使用できません。,2
54783,アームレスト両方の外側の裏、プラスチック成型時での接合面だと思いますが鋭利な部分があり高齢者や小さなお子さんがその部分をなでることや滑らせることで怪我をする恐れがあると思います。当方、カッターとヤスリで削り、滑らかにしました。出来ればメーカーサイドでの対応が望ましいと思います。それ以外はおおむね良好だと思います。,2
77726,と思ってしまうくらい刃が弱い。上質紙を何度か切っただけで刃がまるくなっていることに気がつきました。そしてこのケース、刃をどうやって取るの？どうやって折るの？とっいったパッケージ、そしてその説明も超〜小さい文字と図で本体に貼ってありました。が、MADE IN JAPAN。OSAKA。とあり…。あまりにも悲しすぎる。,2
66400,エアークッションは良かったけど、かかとの部分がとても重たかった,2
65429,本日届きました。 発送は大変早く嬉しく思います。 商品の方ですがストッパーが緩く、すぐずれてしまいます。 また、ケースを装着したままだと反応が悪く使いにくいです。,2
68411,どこで作っているのか、足を調整するための部品を付けるためのネジ穴があさってをむいている。 フレーム自体が歪んでいるため、力業で組み立て必要なこと。頑張って作成しても左右とアール部分の高さの差が吸収できない。 ただ、机としては使用できるのでまだましかな？ もう少し安ければ良い品かも知れませんね。 あと、メールの対応とかは早かったかな。 男一人で一時間はかからず組み立てできますよ。,2
72464,炊飯にすごく時間がかかります。 期待が大きさかったせいか、 いまいちでした。 安い炊飯器でもちきび入れた方が、 美味しく炊けます。,2
66176,茶色を注文したつもりが…。きたのはピンクでした。商品はとても安く送料、手数料の方が高かったので交換はあきらめました…。,2
54402,基本的にはしっかり貼り付けられていいです。 しかし一つだけパーツが組み合わせられない 不良品が入っていました。最悪です,2
41259,MacBook Air（2017）とiPhone7では使用できましたが、Mac側でaptXを有効にしてもSBCでしか接続できませんでした。 Windows10タブレットやXperia XZでは検出すらできませんでした。 SBCでも他のレシーバーと比べたらそれなりに音は安定している感じですが、プリメインアンプからヘッドホン経由で聞くと無音時のノイズがかなり気になります。 他の方のレビューも参照しましたが、全体的にApple製品との相性はまぁまぁ良いようですが、Apple製品以外との相性に難があるようです。 この製品だと実質的に一ヶ月のAmazon返品しか保証がなく、後で接続できなかったデバイスが出ても泣き寝入りです。 また、この製品にaptXが入ってるのか、疑問すら感じます。 aptX対応のレシーバーをお探しであれば、2倍のお金を出してでもメーカー保証のあるメーカー品を買うのが無難です。エレコムあたりからだと比較的安価なレシーバーが各種出ています。,2
78446,610Aの樹脂製被り面がイマイチだったので買いましたが、こちらの紙製面にも問題点があります。 それは取り付け金具。 以前から使っている物とは厚みと横幅が微妙に違い、太く厚いので既存の受け金具に入りません。一応これの純正の受け金具(610Aと共通)も持っていますが、固くて着脱が非常に困難です。特に外したい時に全然外れないので純正品なのに使えません。 取り敢えずグラインダーで削って既存の金具に容易に着脱出来るように調整して使っています。 面自体はオーソドックスですが、内側のガラスの板バネを固定する部分に樹脂部品が使ってある物と比べると熱で溶けたり変形してガラスが入らなくなるような事がないのは利点でしょうか。ただ外側の開閉窓が若干操作しにくく、ハネ上げた状態もキープしにくくすぐにパチンと閉まりがちですね。 あと念のために書いておきますが、遮光ガラスも透明ガラスも付属していません。面本体のみです。 追記 廃棄処分にした古い別メーカーの金具を移植しましたが、問題なく使えました。もっと早くやっとけばよかった。,2
69028,あれ、って思うほどの僅かな衝撃（というほどの力でも無いのですが）で、全面にヒビが入ってしまいました。購入して、2ヶ月に満たないのに、残念,2
70579,とても軽いし、どこへでも持っていけるけど、それほど暖かくないです。 当たっている足だけです。 それから、首振り機能しません。,2
52780,締め付け感は、ちょうど良かった。最初に履くのに時間がかかる。慣れれば大丈夫です。ただ、肌が弱い所に生地のせいかわからないですが、被れてしまいました。,2
43736,安いからか装着する際に何度も空気が入ります。BCもぴったりなものを選んでこのようになったのは初めてです。次は買わないです。,2
56899,正像と鏡像もガイドラインも切り替え可能でした。細い線が2本出てるので、それぞれを切断する事で切り変え可能です。詳しくは説明書に書かれてますよ。とカスタマイズQ＆Aに掲載されていましたがガイドラインを無くす細い線が無く取り付けしましたが安かったので仕方ないと諦めです、まあちょっとした安物買いの銭失い的な感じですかね,2
44127,柄わ写真通りです！ですが、手に取ってみるとブランドにしてわ素材が柔らかすぎると感じました！安っぽさがあると言えるでしょう同じ値段でも、この財布より良い財布わいっぱいあるでしょう！期待していたぶん、なんとなく落ち込みますね！,2
62579,色々な婚活手段について書いてくれてますが、結局、質が良い出会いは結婚相談所と言いたげ。結婚相談所の価格はそんなに高くないんですよー。って事が何度か出てくる。 筆者独自の計算方法が、ちょっと違和感。,2
67774,手首部分が浅いので、もう少し伸ばして手首まで有ると良いのだけど・・・,2
70504,この商品を好きな子にプレゼントしたところ喜んでもらえましたありがとうございます ですがその後告白したら振られてしまったので関係ないですがこの評価にさせていただきました,2
78057,h31.5購入、h32.5が期限でした。豆から買いました。 香りや苦味が少なく、酸味が強い味です。好みではありません。(直前にとても美味いコーヒー豆を飲んでいたせいかもしれませんが) ただ量は多いので好きな人にはいいかもしれません。,2
41268,ずっとこのタイプを４個買い替えてますが、今回のはファスナーが 反り返るクセがついていたので直して閉めています。 軽いし価格も安いので次もエレコムのバッグでしょう。,2
51623,梱包の箱に穴が開いていて補修されていた。製品そのものにも傷がかなりあった。使用することに支障はないが、やはり新品を購入していると思うと気が滅入る。,2
46601,以前販売されていたものに、最近のシーズンの情報を追加しただけ。 これでこの値段は高すぎる。,2
69085,製品が届いたので視聴しようと再生を始めたら、日本語字幕も日本語音声も選択できなかった。音声も字幕も英語・スペイン語・ポルトガル語の製品が届いていた事が判明した。盤を取り出してレーベルを確認すると日本語と日本語字幕が選択できる仕様になっていることが確認できる。結局、返品交換の手続きをとっている。荷造りしながら思ったのは、盤にレーベルを張り付けるところで、米語・スペイン語・ポルトガル語の製品に日本語レーベルを張り付けて出荷したのだろうと思った。ほかにもこのような製品がロット単位で出回っているかもしれないと考えてレビューを書いています。しかしこんな製品が出回るのか本当のところは、わかっていません。私の1枚だけの間違いなら良いけど。,2
56610,可愛かったですが使用2回目でショルダー部分が破れてショルダーに出来なくなりました。残念です。,2
79093,久しぶりに遊んだゲーム、Dark Soul 3(DS3)が面白かったし、Dark Soul(DS1)がリマスターされると聞いたので、シリーズを遡ってプレイしてみようと思い、購入してみました。 ゲームとしての完成度は問題ないのでしょうが、リマスター作品ですのでDS3と比較してグラフィックスやSE等いたる点で見劣りします。逆に、先のハードでの本作から次作(DS3)へのグラフィックス等の点の関する進歩においては驚きを感じました。 もちろんゲームの面白さはグラフィックスやSE等で決まるものではありませんが、多くの場合古いハードのゲームを発売当時の人々と同じような気持ちで楽しむことが出来ないように、本作も十分楽しめない可能性があると思われます。本作や本シリーズに特別思い入れのある方は別とすれば、より新しく楽しいゲームを探すことも検討されることをおすすめします。,2
45723,軽量かつ折りたたんだ際には非常に薄く平らで、バッグの中身が折れ曲らない支えにもなってくれるので持ち運びにはとても便利な商品だと思います。 ただ、開閉にはそれなりの力が必要で地面に置くなどの支えを作らないと開き難いこと、開ける時も閉じる時も周りの人が振り返る程度の大きめの音が出ることが気恥ずかしく、気軽に持ち歩きたい…とは思えなかったのが正直な感想です。 何度も開閉を繰り返すうちに落ち着くのかもしれませんが、10回程度の開閉ではあまり変化はありませんでした。,2
42854,子猫はすぐに興味を持ったのですが、両側がダンボール1枚のため、かじり始めるとすぐに破れました。食べるといけないので今は使わせていません。残念です。,2
49011,俗に言う格安SIMを使うために購入しました。 端末側との相性もあると思いますが、3つの端末で試したうち2つでSIM認識エラーが頻発します。 アダプターからSIMが外れやすく、若干製作精度に問題があるかもしれません。 この値段ならこんなもの、と納得して使うべきモノだと思います。,2
75583,日本語の説明書が欲しい。鼻毛カッターの長さが後5mmくらい長い方がいいのでは？,2
73843,使いやすいと評判だったので購入してみましたが・・それほどでもない。 悪くはないが良くもない。どこが良くないか？わかりにくい、省略しすぎ、結局 使いにくい。アドビのチュートリアルのほうが、とても分かりやすい。残念,2
47926,"タッチの感覚はとても良いと思います。 タッチ音も静かで快適でした。 ただ、突然「R」,テンキー部「3」,「6」が使用できなくなりました。 使用期間は10日弱。外れ商品引いたかな？？",2
51451,テレビの買い替えに合わせて購入しました。 作りは安物っぽくもなくしっかりしています。 肝心の音ですがイマイチです。全体的にモッサリしています。特に高音が微妙です。テレビのスピーカーよりはマシといったところですね。,2
53620,取付説明書等は同梱されていませんが、簡単に交換出来ました。 延長された分で〜梃子の原理？ですかね、タッチが緩くなり（カチッと決まらず）違和感 … 。 ノーマルに慣れている人には、少し使い難く感じると思います。,2
67901,画質は特に問題は無い 問題は本体なのかPC用のソフトウェアなのか分からないが再生時に 分割画面が両方共に前になる事がかなりの確率で起こる まだ証拠として利用する機会が無いから良いがいざという時にこの問題は非常に困る 1台のカメラのみ暗くなる症状が購入2ヶ月ちょっとで出た(画像を参照、同一位置での前後カメラ画像) (ケーブルを繋ぎ換えると暗くなるのが前後入れ替わるのでカメラで確定) サポートに連絡したところきっちり有料でカメラ本体を購入させられた 保証に関して1年とあるが適応されるには本体のみでアクセサリーは30日保証である まさかのカメラ本体もアクセサリー扱いである (保証書にアクセサリーは30日との記載はあるが何がアクセサリーかの記載は無い 少しでも問題があれば30日以内にサポートに連絡される事おススメします また本体の故障はメーカー送り(送料購入者負担)での修理(現状確認やらで時間が掛かる模様) 国産メーカーに対して不具合時の対応が基本的に良い中国メーカーの中では 珍しく面倒な手続きや費用が掛かる様ですし、その間ドラレコが無くなる事も有り 現状ではサポートの問題と再生時の問題があるのであまりおススメは出来ない。 追記 購入後2か月で故障した単体カメラを2900円にて再購入し、10日後に届いたが… 薄手の段ボール箱にクッション材も無くカメラを入れ精密機器の表示も無い国際郵便にて送られて来た。 サポートを含め残念なメーカーと思わざるを得ない。,2
59477,充電できなくなりました。振動ももう少し弱い設定があれば完璧です。,2
43806,壁の素材を調べる術がなかったのですが、購入してみました。残念ながら我が家の天井では使用できませんでした…。 取り付けができら良かったのですが…残念。,2
78425,サバゲー初心者です。一度の使用で耳カバーのメッシュと布の接着が剥がれました。,2
71363,服がかけにくいと言われました。省スペースになるので季節物の収納に使ってます。,2
69038,トイレのリフォームをしたので、タオル掛けを変えて良い感じになったのですが、似たようなものが 百均にありました。,2
65507,1日1粒、ひと袋分飲みましたが効果は感じられませんでした。長期間続けることが大切なのかな？ 気休め程度に飲んでいました。,2
49851,装飾はいいのですが、開け閉めの所の紐が少し気になります。,2
46884,本体が壁のコンセントからはすぐ抜けるのですが、これに接続したものは全然抜けず、一度壁からとりはずして一所懸命に引っ張っているのですが、抜けずに困っています。 今回接続したものは iPadProの純正充電器です。（電源→USB-C）,2
60000,早速25センチのものをモバイルバッテリーと共に使おうとしたらいまいち接続が悪くて失敗したかなあと思いきや一メートル二メートルのは使えたし充電も早い 安いものを買ったし多少の初期不良は仕方ないかなと思う,2
67589,時間かかる上にそんなにまつ毛上がらない！ビューラーでグッとあげた方が早い,2
60685,旅行に持ち運ぶには便利だけど、やっぱり簡易式。物足りないかな,2
55960,二個セットで正規の一個分より安かったので、タブレットと携帯用に購入しました。一個は問題なく使用できていますが、もう一個は数回の使用でプラグとのはまり具合が悪くなり、カバーも割れてしまいました。残念です、、、,2
78307,開封してさっそく荷物を移していたら1箇所ほつれてました。 そのままその部分はほつれて全部糸が取れてしまうと思うので自分で縫うことにします。 値段は値段かな。 でもそれ以外は軽いけど程よくしっかりしてるし収納が沢山あるし思ったより入るし良かったです＊ もう一回りA4サイズが入るのがあれば通勤で使いたいな＊,2
62418,手頃な価格なので購入しましたが、実物は細めで長さも短めです。 ハンドルの間につけるとネジ部分が結構出ますし、細いのでスマホホルダーもゴム等を挟む必要があります。,2
78562,別メーカーの3000円位のハンドル取り外し可能なフライパン&小型鍋のハンドルが破損し、取り付けてもグラグラして不安定になってしまったため、折角ならとこちらの商品をプライムセールの際に購入しました。…が 購入してから1週間も経たないうちにハンドルの中央部分が欠け、数カ所にヒビが入ってしまいました… 保証してもらえるなら良いけど、ティファール製と期待して購入しただけに残念でならないです,2
40551,３０００円で購入した直後の７００円値下げ。きつい。今しなくても…,2
76091,厚みのあるしっかりとしたフィルムをお探しでしたら良いと思いますが、私は薄手を探していたので失敗でした。 四隅も、最初はフィットした感じでしたがすぐに浮いてきてしまいました。 指紋認証が出来る凹みかと勝手に思いこんでしまいましたが、厚みがあるので指紋認証出来なくなってしまいました。残念です。 追記:四隅が浮いて、タッチ操作もイマイチでした。,2
62761,楽しみにいていた商品が届き早速使おうとポンプをプッシュ…プッシュ…出てきません、コンディショナーが凍っていました。 ガッカリです、品質には変わりないでしょうか…,2
43208,今は使えるけど一ヶ月もしないうちに電源がはいらなくなった❗,2
68458,髪がバサバサになりトリートメントをしても修復不可能になります。気になっている頭皮のにおいにも特に効果はでなかったです。 泡立ちはとても良いです。 パッケージも小さくて可愛いです。,2
53689,油もＯＫなので購入しましたが、すごく漏れます,2
78665,思ってたより、安い匂い。 もっと純粋にローズの香りがするのかと 思ってたので使用してません。,2
51821,他のレビューにもある通り画面両サイド1mm程が隠れました。 またLEDが黒いフィルムの厚みで見にくくなる為、着信等の確認が遅れます。 そして確かに気泡なく貼れましたが、黒い部分と透明部分の境、下方隅からシリコン？なのか粘着性の糊が染み出てきました。 保証書にお問い合わせくださいと書いてはありますが、製品のどこにも店名は書いてありません。 次剥がす時この糊が画面にどう付いてるか、 想像したくもありません。,2
158154,バックに丁度でした。バックの上部まで効率よく利用したかったので便利です。,4
134858,純正のワイパーゴムなので安心して購入しました。 長さもバッチリでしたので、そのうち交換する予定です。,4
132467,配送の速さに、とても感心しました。製品につきましても、説明書もきちんと添付してあり、着たらすぐに使うことができました。満足です。また機会があれば利用したいと思います。,4
142133,開くと階段状になるのでツールを取り出しやすいです。 でもその分広い場所がないと完全に開けないので使いづらいというデメリットも有り。,4
156518,2017ipadで使用しています。今までにいくつかのこの種のケース（耐衝撃、防水）を使用しましたがこれは本当に防水です。一度浴槽に落としましたが他のケースではすぐに水が浸入するところ全くありませんでした。ただし2017ipadには基本的に対応していないので、他の方のレビューにもあるように音量ボタンが押されっぱなしになるため、わずらわしいので干渉しないように内部を少し削って使用しています。カメラ位置も少しずれがありますが撮影には問題ありませんでした。値段的にも機能的にも満足できます。,4
130690,実家のエアコンが古かったので、付け替えしました。弟が喜んでいます。工事も年末で心配しましたが、予定通り取り付けしていただき、感謝しています。,4
132176,コネクターの圧着には欠かせないツールです。 ラジコンのサーボやAMPのコネクター（BEC）やバッテリーのエアーコネクターの打ち換えに 重宝します。,4
129625,美味しいけど 少ししか入ってない もっと食べたいのに…,4
129464,カフェインが色々と支障があり、最近はもっぱらデカフェにしています。澤井コーヒーも飲みましたが、さっぱりし過ぎていて、またこちらに戻りました。今回おまけに希釈用のデカフェリキッドをいただきましたが、ミルクとの相性が良く気に入りました。売ってないところを見るとまだ試作？値段が気になるところです。,4
142387,177cm77kg70才です。L・ｸﾞﾚｰを購入しました。サイズ・色・生地等良好でした。 チャックが引っ掛かり使用？前後に毎回苦労しています。 何故こんなに低品質のチャックにしているのか疑問です。 もったいない品物です。,4
142234,ゴルフを初めたので、買っておいた方がいいと言われ購入。 当方女ですが軽くてとても良いと思います。 デザインは好み別れますが真っ黒より多少カラフルの方が可愛いかなと。 女性物のクラブだとちょっと大きく感じるかもしれませんが小さすぎるよりマシ。 値段の割りにとてもしっかりした作りです。 画像で見ると派手に見えますが背負ってしまうとそこまで派手には見えませんよ。,4
139136,子供用というより、大人用www全てひらがななので読みにくいが読んでいて楽しくなる本,4
150191,デザインはとても綺麗です。 耐久性はしばらく使ってみないと何とも言えません。 値段の割に作りがいいです。 この値段なら、しばらく使って壊れても文句はないです。,4
128744,一枚づつ取り出すのが不便でしたが 効果はバッチリです。 乾燥肌も一度で潤って プルンプルンになりました。,4
129878,コブクロのベストが欲しかったので、良かった。,4
145012,じゃがりこはどの味も大好きですが、サラダ味はお湯を入れるとポテトサラダになるので、災害時の非常食としても役立つと思い箱買いしました！ 箱買いなので、もうちょっとお値段が安いとありがたいです。,4
134552,充電、速いです。 今までのはアダプター部分がやたら熱くなり怖くて。 こちらはまるで熱くなりません。 充電速くなったし、安心なんですが、、、。 癒しの顔の絵が見えない、、、。 節電タップ？を使っているためアダプターの線の付け根が真上に。 つまりせっかくの可愛い顔の絵が真横を向いて逆さまになり見えません、、、。 そこまで考えてなかった。ちょっと反省。 あとはどれだけ持つか？ですね。 概ね満足です。 顔の絵、普通に見える差し込み方をすれば ホっと癒されそうですよ。,4
146321,macbookair 11inch Mid2011で使用していますが、上手く充電できません,4
137859,純正のインクカートリッジと同等であるのに、安価で購入でき気に入っている。次回も購入したい。,4
143390,最初の頃は、そこまで良い音はならなかったのですが、使い込むうちに「あれ？こんな音もしてたんだ」と新しい音に気付くレベルで聞こえ方が変わりました。 ただ、ちょっと重たいので長時間の使用は厳しいかもです。 質感は、このお値段なら十分かと思います。,4
145114,仕事でよく動くので、この靴は軽くて楽チンです。この靴履いたら、リーガルとか履かなくなります。デザインも良くカッコいい靴です。ヒールも高いので少し背が高くみえます,4
153367,中々軽くてデザインも気にいってます。まあまあ値段的にこんなものでは！,4
146279,確かに甲虫に見えますが感度は良好。 星一つ減点はスパークに取り付けるマグネットの座りが悪く、走行中にズレてセンサーと接触することがあります。 私のつけ方がイマイチなのかもしれませんが。,4
138794,初めてIC レコーダーを買いました。良い感じです。おすすめします。,4
123495,取り付けとっても楽でした。部屋に雰囲気でました,4
126838,違った方法で、使ってます。洗濯機に３個入れて、洗ってます。洗濯物干すとき、絡まって無くて便利です。,4
121244,屋内で使う分には雨による浸水や風などによる劣化は考えなくていいので、特に欠点は見当たりませんからコスパは良いです。,4
141312,アトリエシリーズは初プレイで他作品と比べることは出来ないので簡単にレビューさせて頂きます。 ほのぼのとした雰囲気の中にある冒険と大人と子供の中間にいる少年少女達の成長物語。と言った感じでしょうか？ 子供と大人のせめぎ合いの中、自由奔放だった主人公達が段々と周囲に認められて行く流れは、とても自然で良かったです。 最初、主人公ライザは無鉄砲でちょっと強引な所がありましたが、冒険を重ね、錬金術を学び、人々を助けて行く中で柔軟な考えを持つように成って行きます。そんな彼らの住む島と周囲に大きな災害の前兆が･･････。 ライザの態度や友人との険悪な関係でネガティブに捉えられた方もおられるようですが、お互いの態度が根っからの犬猿では無い節は所々見え隠れしているので、そこを読み取れば彼らに何があったのか興味が持てると思います。 舞台になっている島の人達の暮らしも、大人の表と裏が垣間見れて意外とリアルだったりします。 単純にプレイの感想ですが、とにかく素材の獲得方法と戦闘システム、そして調合の馴れと理解が必要です。 どの項目もチュートリアルはアッサリ流れてしまうので、マニュアルは小まめに目を通したほうが良いと思います。 プレイ時間はノーマルモードでクリアまで約３０時間前後、４２レベル。サブイベントをちょくちょくこなしていたので、トロフィーは５０％。 最初は色々と解らず右往左往して時間を食ってしまいました。村の中を歩くキャラクターとの会話は、マップでの吹き出しがあるキャラとしか出来ず、素材を探しても見つけられないと思ったら、獲得するための道具を代えて同じ所を探さなければ見つけられないなど、その時点で半日は迷ってしまった。 調合で作ったアイテムも、ただ作れば良いと言うものでも無く、必要な効果が付属されないと意味が無かったり、イベント条件クリアで必要な品質数値に満たさないのに作ってしまい、素材を無駄にしてしまうので注意が必要です。 ただ、ストーリーだけに集中すれば、もっと早くにクリア出来ると思います。 あらすじを確認すると、次ぎに行く場所や目的が書かれ、マップにはマーカーが表示されます。 なので、採取道具の切り替えなどをしながら素材を集めていれば、ストーリーの進行に関してはそうそう迷子になることはありません。調合をミスると結構面倒くさいので、調合前にセーブしておくのはオススメします。 戦闘システムは中盤まで命令できるキャラを切り替えられるとは知らずに、どうやったらアイテムとかスキルを使ってくれるのだろうと首を捻ってしまいました。 またAPの役割とか気づいたのが終盤で、それまでは何でスキルが使える時と使えない時があるのだろう？と不思議に思っていました。 ターン性と言うよりも、リアルタイムで流れるので最初は少し戸惑いますが、キャラクターの切り替えに馴れると戦略の幅が一気に広がるので戦闘が楽しくなります。 キャラクターの３Dは柔らかな感じで良いです。ライザとクラウディアは可愛らしく、リラは物静かで妖艶な雰囲気とは裏腹に中々挑発的でカッコ良いです。 発売前は女性キャラがエロい。と話題でしたが、お話し的,4
122529,BOSE QuietComfort25のイヤーパッドが左右共に破れてきたので交換用に購入しました。見た目はほぼ純正と変わりません。指で触った感じは純正より若干ではありますが、安っぽさと硬さを感じました。着け心地も純正より少し硬めで、長時間の使用では少し耳が痛くなりました。耐久性については、まだ付け替えたばかりなので経過観察となります。ちなみに純正のイヤーパッドは毎日3〜4時間使用して約2年で破けました。なのでこの値段でこのクオリティーなら買っても損は無いと思います。,4
147696,カメラ、指紋認証部、一番はフラッシュ部がかなりズレがあったのが残念。フラッシュ部はフラッシュ下部をかすめている位でしたが、何とか支障ないかというレベルでした。手触り良く持ちやすく、その他の点は大変満足していますので総合4点としました。,4
129028,一般的な男の手でLを買いましたが、 指がほんの少しきつくうっ血します。 男ならLLです。 小さい男はLで、,4
159377,シーンの幾何学的な構図、平面的なカメラワーク、こういう映像が好きな人には良いかと。ピンクの表現もとても良いです。 ストーリーはまあまあでしょうか。悪くはないですが、来月には忘れている、そんな映画だとおもいます。 ストーリーを通じて世界観を体験する、それくらいの期待値が良いかと。世界観が合わなかったら仕方ないです。その時は上から目線のレビューで周りにマウンティングしましょう。,4
142051,写真を見ても分かることですが、お部屋の大きさに対して、ソファが圧倒的な存在感です。 なので、私は他のソファと取り換えて遊んでいます。 附属していた手すりのようなものは、パッケージなどをよく見ていなかったので、 どこに挿すのかわからなかったのですが、 サイドの出入り口のとこなのですね。 屋上に挿しちゃってました(^_^;) 外観も立派なので、ドアの外の情景なんかでも遊べたりしていいですね。,4
152038,冬のアウトドアが寒くてキツイですので、区民スポーツセンターに通うようになりました。卓球をやってみて、はまりました。ボールを売っている店があんまりなくて、ネット検索でここまでたどり着いた。数量が多くて安いし、これだけあればしばらく持ちそうですね。配送も速かったし、いい買い物でした。,4
120595,レビューにあった通り、少し大きめなので、ワンサイズ小さいので、ぴったりでした。 見た目も安っぽくないので、価格パフォーマンスは、良いかな。,4
141969,とても安かったです。まだ数回しか使用してませんがこれからも使用したいです,4
155349,いいですよ。 起動が速いのが何より好感です。 何分も待ってられません。 30秒強で起動します。 しばらく使いましたが、 今のところ壊れてません。 ただ、起動時はかなり強烈に加熱するので、 その辺が、長期的に見たら劣化・故障の一因にはなってくるでしょうね。 個人的には、値段も考えると「2年持てば、良し。」と考えています。,4
140993,母にプレゼントするため妹と共同で購入しました。 喜んでもらえましたよ。,4
140570,友人の香典を送るのに一緒に入れて送りましたが、レターパックに丁度入り助かりました。,4
121773,何だかんだたくさん使うのでまとめ買いの方がいいと思いました。,4
152848,早い対応ありがとうございました。もう少し高さがあってもよかったですが、ほぼほぼ満足です。,4
134683,映画館で上映当時、周りからあまりいい評価は聞きませんでしたが、 実際見てみると、そこまで悪いものではないんじゃないかと思います。 再現度は高い方だと思います。 CGも悪くない。 ロケ地も海外で、杜王町の雰囲気が出てる。 ただ…テンポが悪い。 アンジェロ自体はいいけれど、アンジェロで尺使いすぎでは…？,4
149023,なんかついてたストラップがダサいのとケースがあまり役に立たないが、傘自体は使いやすくていい。,4
141647,腕の傾けた際に表示がオンになる事もあればならない事も。 当てになりません。 歩数計も、わずかな振動も捉えているようで こちらも当てになりません。 スマホアプリは日本語がおかしい所があります。 バッテリーは2週間以上持ちます。,4
126670,注射式になっていて出し過ぎてしまいがちなんですが、それ以外は素晴らしいと思います。少量で伸びも良く、お肌にピッタリとフィットしてファンデを乗せても浮きません。ニキビの上に付けれて、悪化しないのも嬉しい。使いやすさで言うとザ・セムの方が上だけど、お肌にいいのはこちらですね。,4
147138,風圧が強くてすぐ乾きます。 気になる点は、髪が少しパサつくところです。,4
138412,たくさんポケットがあって分類でき、使いやすい。,4
129241,会陰切開しないようにマッサージに買いました。 塗り心地、匂いいいと思いました。 最終会陰切開になってしまいましたが、、 個人差なんだろうなぁと思います,4
155995,大きめの折りたたみ傘ですが、その分少し重めです。箱を開けた時匂いがすごかったです。 丈夫で強風にも耐えます。,4
146735,耐水性については、過信禁物。その他は特に問題ないと思う。,4
155058,化粧水より早く減るポンプ式で 加減によって沢山出る 今まではファンケルを使っていたけど使い心地に劇的な違いはなかったので少しガッカリ,4
155395,サーキットや車が少なすぎる、ダウンロードコンテンツもまだ全然ないしすぐに飽きちゃうかな これから増やして行くらしいから期待値で星4にしましたが…課金がめちゃくちゃ高いようなら星2にしてもいいくらいです,4
149807,こし紙ではなくメッシュタイプを探していたのでドンピシャでした。 普通に使えてなかなか良いです。コスパも良いので選んで正解でした。,4
157289,最初に制作された「宇宙戦艦大和」との違いが観たかった。時代により同じ題材であっても変化してくるからです。松本零士さんの作品から少しずつちがうところがありますが、それがよいのか悪いのかは分かりません。,4
128657,端は毛羽立ちますが、大きくて使いやすいです。,4
134853,日頃目について注意をしていたが、これを使うようになってゴルフの時のグリーンのアンジュレーションがわかりやすくなた。パットも好調。,4
142262,綿100なのですべりはないですがとても気持ちの良い敷きパットでした。リピしようか迷っています,4
130936,安くて、バック自体はしっかりして、良いと思います。持ち手がチープですが通常使用では、 取れたりはしないと思います。 容量は GoPro 1台ならまとまりますが、２台分を納めたいなら他のMかLサイズにしましょう。,4
140064,梱包用に購入しました！ ちょっと、弱そうな部分もあるので、 その時は、ガムテープで補強して発送しています。 量が多いので、いろいろと便利です。,4
157959,同じ商品で値段バラバラであるんですね。 壁掛けにしたかったけど一ヶ所じゃ支えられなかったです。,4
141982,シュレッダと一緒に購入しました。カットする力が復活するように感じます。,4
137110,私もたいがいコミュ症ですが、ここまで極端ではない パターンとして処女ピッチと近いものがあります 周囲の人のリアクションが面白いので読める笑える,4
143244,ｉＰｏｄの紹介からストーリーが始まりますが 語られるのはｉＭａｃまでのお話 アップルがどう出来て 発展していったのかを物語ベースで見せています。 ジョブズの人間性が垣間見えながらも 目指した商品へのこだわりが伝わってきます。,4
142791,ゴルフ用で購入しました。 視界もフィット感も最高だったが、シルバーが安っぽく残念。,4
30074,担当者のケアレスミスだと思いますが、プジョー3008と5008とは類似車ではありますが、別な車です。さすがに3008に5008用を使うのは嫌なので、返品します。この程度のことがきちんとできないような会社は今後、一切利用しません,1
23677,消費自体は良いのですが、側面にmade in South Koreaってあるのがとても残念。,1
4082,まだビニール袋の中に入ったまま。在庫として保管中。願わくは開封した途端にサビが浮かないことを祈る。貴社販売の車載用アンテナ基台はすぐさまサビたので。保証期間45日は私にとっては意味がない。いつ使用するかは未定のため。,1
9447,子供のために購入したが… カバーの内側もカバンもびしょ濡れ。,1
30068,電池が１日持ちませんでした。 残念ながらキャンセルしました,1
28455,商品が届いたら黒い安全ピンがたくさん届きました。 商品の性能云々の問題ではありません。 まずは正しい商品を遅れ 二度とココには頼みません。,1
7816,評判通りよい物だと思います。他と比べたことがないのでわかりませんが…,1
5254,リモコンもセットで購入したのですが、ピントも合わず携帯を押さえる部分から粘着した物が携帯についてしまい、返品になりました。,1
9848,商品のガラス【クリアボード】がホコリのような汚れがついてまして、拭いたり、吸ったりしましたが綺麗にならないです。 折角の時計が気持ち良く収納できません。 また、他の商品を検討中です。,1
6603,最近、物忘れが気になるようになってきたので、試しに飲んでみました。 医療機関の方から勧められたので期待していましたが、全く効果を感じませんでした。 袋には皮膚をすこやかに保つ効果があるようなことが書いてありますが、肌トラブルがないので こちらも効果の程は分かりませんでした。リピートはなしです。,1
22725,何度も落下し、しまいには先端が折れました。 ゴミとして捨てたいですが、捨てる費用がかかるので、邪魔ですが置いてあります。,1
809,２か月間使いました。予備のバッテリーを必ず用意しましょう。純正品より容量が少ないです。,1
37747,定期購入に、していて値だが上がるて おかしですね？,1
19644,電池をセットしてはじめは動きましたが、すぐに動かなくなりました。実動20分の高い買い物でした。ネコは興味津々だったので残念です。,1
9197,定価よりも大分高い金額だった事を知りました。良く見ないで買わなかった事を反省してます。,1
21614,不味くて臭くて10kgどうしようかと思いましたが、普通に研いで炊いたら臭くなくなって食べれました 10キロ食べきってみせる‼️,1
10075,歯を固定するネジがどんだけ締めても締まらない不良品が届きました。 切れる切れない以前の問題。 メーカーに問い合わせたところ、アマゾンから交換の手続きするように言われたけど 交換手続きするにもエラーが続いて出来ないので、仕方ないので返金手続きに変えました。 必要だから買ったのに、面倒くさいだけでした。,1
2815,1回目の使用で外側の塗装？壁面がポロポロ。3回めの使用で製品自体が崩れました。粗悪品です。使い捨てにしては高いし…なので繰り返し長いこと使用したいのであれば購入はオススメしません。,1
28290,最後5か月弱で体重2.3キロの猫です。 Sサイズ、Mサイズしかなかった為、Sを購入しましたけれど あまりに大きくて使えませんでした。,1
31929,新しい鉛筆1本を削るために10分かかる。 比喩じゃなく本当にかかる。 買い替えます。,1
6682,日本語説明書がないのでとても苦労しました。単位から推察しました,1
9570,注文後、商品が届かずキャンセル、返金要請までしたが、連絡すらない。星ゼロにしたいが送信出来ないため星1着けたが、実は0どころか、マイナス,1
33644,バニカス系が好きなんですが、これはダメでした。 アトマイザー、コイル、ワッテージ、温度、色々試したけど、何をどうしても味も香りも気持ち悪い。味が出るアトマイザーに変えれば変えるほど不味い。RDAだともうね…。 国内メーカーさんなんで頑張って欲しいです。でも申し訳ないけどこれは不味い。残りどうしよう…。,1
2675,買ってようやく開封して組み立ててみました。 まさかのテントのお尻？の部分の輪っかにポールが入りませんでした。 明らかに不具合品だと思われます。 youtubeなどで色々調べて買って楽しみにしていただけに残念でした。,1
3745,埃よけにはなるけれど防水というわりには雨後シートが濡れてる。そもそもゴム引きもしてないし完全な防水加工はしてないと思う。,1
33838,箱が空いております。 どう見ても、中身をすり替えているようでした。 たぶん、触れば分かるのでシークレットを抜いたのかなぁ～と思いました。 残念なので…星一つです。 このての箱は、念には念をで対応頂きたいと思います。,1
24356,純正と違いヘッドホンでゲームした時の音量が馬鹿でかいです FPSを主にしている方ならわかりますが各項目音量調整してもほぼ意味ないくらいです 後足音や銃声が関係ないところから聞こえたりします,1
11673,低塩になっただけで強烈なにおいがします。 商品名を変えてほしいです。,1
14542,AndroidからBluetoothにて本機に通信はしたのですが、何度試しても車両のECUと通信できません。 エラー消去の目的で買ったのですがどうやってもできないので諦めました。 勉強料と思っておきます。,1
33362,他の方同様エラーコードでログインできない状態でした,1
12408,全然効果なしです。 大量にかけないと死なないし、大量にかけると植物を痛めてしまい残念なことになってしまいました。 寄せ付けない以前の問題。,1
2002,あまりの安さに注文して使用しましたが、国産の同タイプの物と比べると操作感触が悪い。 安いので許せるとして、実際使ってみたところ数回使用で壊れてしまった。（導通せず） 実用性は無いです。壊れるのを覚悟で実験回路しか使えない。 使ったのはLED点灯回路で4.5V500ｍAです。,1
39479,両面テープの所々、ガラスが歪んでるせいか貼りきれない。 隙間から誇りが入る。,1
37469,装着して起動したら物凄い音がします。やはり純正がいいと思った。,1
31069,黒を選択したのに、赤が届きます。最悪です。買わないほうがいいです。,1
1853,目尻や二重まぶたの皺に滲み、ファンデーションがダマになりました。特に仕事中にはメイクを直せないから、よれて酷い顔に。汗を多少はかいたにしても私には合いませんでした。,1
33042,とても残念な商品でした。スマホ、タブレット、テレビとつなぎましたが(Ｌ）は正常ですが(R）の方はかすかに聞こえる程度で不良品かな？,1
24499,2回しか使ってないのに、充電しながらでないと点灯しなくなりました。2回目に使用してときには、既に返品期限が過ぎていました。 ぼったくりにあった気分です。,1
37183,なかなか届かなかった 店頭で買うよりかなり割高になります,1
6029,検品をしっかりしてください。壁紙が破れていて返品の手続きをしました。作業を中断されて迷惑です。柄はよかったのですが。,1
26146,ＰＳボタンの戻りが悪く押したら、押したままになってしまうので使えない返品できるのかな。,1
28418,すぐ、ペロンって取れます。Xperiaに使ったけど、替えのテープも、ペロンて取れて…,1
10859,接着面はフチの２ミリほどしかありません。 オススメするポイントもありません。,1
29244,iPod shuffle(3rd)用に購入したのですが・・・ 残念ながら、リモコンはiPod shuffle(3rd)には使えないようです。 ＃もちろん音は出ますが 試しに、iPod classicにつないでみたら、再生・停止は機能しましたが音量調整は反応せず。 最近のiPhoneとiPodではリモコンの仕様が変わっているんですかねぇ？ ケースとかは値段の割に豪華でちょっとわくわくしたんですけれども。,1
17310,商品が悪いということではありません。使用するに至らなかったので、製品の評価はできません。 もともとかなり遅い配達予定でしたが、それをさらに10日近く過ぎても届いておりませんので、キャンセルしました。 別の業者か、代替商品を探してみます。,1
25353,ブラシがルンバに取り付けられないのです。ビスが短いような気がしますが・・・・・ どうしてか解りません！,1
38952,壊れている物を送らないでください。 安いとはいえ代金を支払っています。クリップが折れていてまったく使えません。 箱の中にもかけらがありませんよ！,1
38171,品質変えたのかな。数年前の物より中身がサラサラした液体になっている。,1
19100,半年も保たずにショルダーベルトの革が切れた。有り得ない。実際に使ったのは4ヶ月程度か、耐久性がなく弱すぎる。,1
4189,ホワイトデーの御返しに注文したのですが 異なる商品が！通販で商売する資格な異ですね。きっと他の方々も同じ被害に？遇われていると思います。,1
13066,掃除機の床ブラシが故障したので探したが、同一品が無かったので型の似たものを購入となった。 商品が届いていざ組み込みとなったら、親ブラシと現所有の子ブラシの形状が微妙に違い、入ってもすぐに脱落する。何とか改良して使えるようにした。 このように微妙に形状を変え各々専用の床ブラシを作る必要があるのだろうか？ 空気量の計算とかいろいろあるのだろうが、床ブラシは統一しても大した問題はないと思う。 それともパーツを多種多様にして売り上げを伸ばす戦略か。 型番から探すにしても、親型番は同じでも、末尾の記号が違うと形が違うようである。 床ブラシに内蔵されているモーター（すぐに壊れる）も型番により、同一モーターにも関わらずタイミングプーリーの位置が微妙に異なったり、防振用のスポンジの位置が違ったりする。一体何種類あるのだろうか。管理するだけでも無駄な労力である。 海外向けに作ったらこんなに多くの種類は作るまい。 日本国内用のガラパゴス商品か。 創業者の松下幸之助翁は電球のソケットや配線器具がバラバラだったのを統一して、松下電機を大きくしたのではなかったのか。創業者が泣いている気がする。 企業は利益を上げるのが目的なのだろうが、消費者が喜ぶ商品を作ってこその企業であろう。松下電機からパナソニックに変わって企業理念を忘れたようである。 もう一つ、サイクロンは吸い込み量はすばらしいが、部品が多くメンテナンスが思ったより大変である。 またこの社のサイクロン機構はフィルターレスといっているにも拘わらず、主モーターの直前に紙フィルターがついているが、これがまた頻繁に目詰まりし、このメンテナンス時に細かいホコリを吸い込み大変な苦労をすることになる。 Ｄソンは最後の紙フィルターも無いらしいが、サイクロンを名乗るならば紙フィルターは無くしてほしい。 次回購入時は他社の紙パック掃除機にする。 後で調べたら、機種ごとに親ヘッドの番号が異なる。おそらく内部のモーターも異なるのだろう。 床ヘッドに電動ローラーを付ければ糸が絡まるのは予想できるのだから、モーター損傷防止回路をつける等できるはずである。もしくは共通部品にして交換を容易にするか、モーターのみ販売するべきである。 日本はいまだに大量生産、大量消費の企業しかないのか、ＣＯ2排出が減らない訳である。,1
20468,バンドの駒詰めができないので困っています,1
39436,大きさはとてもいいが、素材が最悪。 ペーパー素材で軽くて柔らかいと商品ページには書いてありますが、確かに軽くて柔らかいが触ったり動かすとガサガサと大きな音がするので安っぽく感じます。 さらに中国からの発送なので時間が掛かる。私の場合注文から到着まで20日くらい掛かりました。 近くの買い物用にワンシーズンのみの使用で安いものを購入したが、もう少し出してちゃんとしたものを買うべきだったと後悔してます。,1
29849,配信用に買おうとしてる方気をつけてください 2Dのフリーゲームやキャプチャーボードを使っての配信をしようとするとかなりの確率で音がプツリます 元々配信用に買ったものなので今後使う予定はありません,1
26481,バッテリーケース付という事で購入したが、ただの紙の箱に入ってるだけだった。,1
31555,転調をできるだけ無視してアドリブをするための方法が書いてあります。 管楽器など転調の難しい楽器はきっとこういう風に吹いているのでしょうが、ピアノやギターだときついような気がします。,1
11250,室内で遊んでいるときは良かったですが、子供が屋外で遊んだら直ぐに、前輪が左右に動かなくなりました。耐久性に問題があるように思います。安いなりかな。,1
6540,この商品を買ったものです。 最初は普通に使えたのですが急に感度が落ちて治らなくなりました。,1
27355,一度来たが不在で再配達の依頼しても配達業者が来ない。返品も期日オーバーで受付不可。結果金だけ払って商品届かず。,1
26645,１本目はインクの出が不十分で印刷に耐えませんでした。 ２本目以降はセットしてもプリンタに認識されません。,1
14973,生地が薄く、掲載されている画像の様にすっきりピシッとなりません。 169㎝65㎏サイズ31で全体的に大きすぎですが股間の所のみかなり小さく膨らみが目立ってしまいます。チャックも引っ掛かり完全に失敗しました。,1
1457,iPhone8のサイズを頼みましたが、届いたのはiPhone8でもiPhone Xでもない微妙な大きさ…返品しようにもやり方があまりわからず、期限が来てしまった。高評価のレビューが多かったのに残念です。,1
19487,直ぐにシールがはがれ、結局剥がすはめに。残念でした,1
29454,設定に問題があるかは わかりませんが人がいなくても 勝手にON-OFFを一定時間で繰り返します,1
176418,ダメでも仕方ないかな…と試しに買って見たところ、最高です！特に胸が大きめだと普通のスポーツブラは意味が全くないので、これは神商品！,5
186433,ストーリーだけでもすごく面白いのに，作品の世界のあり様がリアルに想像できます．今一番推したい作品です！巻末のショートエピソードがまた素敵．,5
181463,簡単に取り付けられました 今の所水漏れ 水圧 3段切り替えなども問題ありません,5
178531,お試しで購入。悪くはないし直感的に使いやすいと思う。ただ充電しながらの稼働が出来ないのは不便だな。あとズーム機能があれば。。画像が小さく映るので。ま、ユーチューブデビューも出来たし、これで耐久性が良ければ値段的にも悪くない。,5
168258,想像以上にとーっても好きな香りでした。 香りの好みも人それぞれですが、キツ過ぎず使いやすいと思います。,5
191766,ポケモンGOを操作中やレイドバトルの待ち時間中にもポケストップをまわしてくれるので 相当ありがたいです。 もっと早く買えばよかった・・・,5
160888,使用して1週間程度ですが あまり重さは感じません。 背中にフィットしている感覚があり良い,5
198810,安いからと言って作りが雑なわけでもなく、今のところ不満はありません。 特段涼しいわけではなく、かと言って暑く感じたこともありません。 脱ぐ時に袖が引っかかりますが、不快には感じません。 よって、他者と被らず、こなれ感を出したいという方にはオススメできます。,5
166158,明るく、ちらつきも無く、２度目の注文してしまいました。耐久性はまだ解りませんが、国産以上の品質ではと 思います。,5
188687,コードがないので部屋移動が楽で便利になってきました。買ってよかったですわ。今度、母にも1台注文しようと思って。,5
163809,別で購入したポータブルDVDプレーヤーを車内に取り付けるために購入しました。 期待通りしっかりと座席に固定できています！ DVDプレーヤーの固定にしか使っていませんが、固定範囲を柔軟に調節可能なのでiPad等のタブレットの固定にも使えそうです＾＾,5
181498,さっそく室内でレジャーシートを敷いて遊びました^_^ 室内用の違うメーカーの砂もありますがこちらの方が固まりが良く型を使うのに向かいてます,5
160067,手に取って一番最初に思ったのが非常に軽くてびっくりしました。 自分は頭が少し大きい為入るかどうか心配でしたが頭回り６０センチくらいでしたが 問題なく被れました。 後にライトが付いていて夜間は安全性が高まり良いですね。 この価格帯でこれなら満足です。,5
189057,仏式に手間無く充填出来るものを色々探し 最終的にこちらの商品にしました。 レビューでは漏れるとか抜けるなどの声が あり心配でしたが今のところ何の問題もなく使用できてます。 ゲージとエアーリリースボタンの位置も上の方に付いてるので見やすくて良いです。,5
188901,初めは失敗しましたが、甘く甘酒ができるのでよかったです。 また買います。,5
167029,子どもがパズルを完成させたので近所でなかなか安いものがなく、Amazonさんでこれを発見。 安いですが大変しっかりしており、親の私も満足しています。,5
178489,Google Pixel3a用のシンプルタイプのケースを探して、この商品を見つかって購入しました。ケースは柔らかい素材なので滑らなく持ちやすいです。ケースを付けたままで充電にも問題なくできているので、機能の面で満足しています。,5
190726,この時期忘年会で出し物の練習をします。 なので、その際にスマホだけでは少し音が 小さいため、スピーカーを使用することにしました。 音質はとても良く、大きさもちょうど良かったです！ ワイヤレススピーカーとして機能性も良く、 少し離れた距離でもしっかりと使えました。,5
180472,多きはiPhoneと同じサイズ、でかすぎ！！けど長持ちしてくれます。 非常時にはライトにもなるので便利。使用して2年経ちますが今の所不具合はなし。,5
170636,２TBよりも３TBのほうがお得なので購入しました。 耐久性の面で選んでます。,5
171678,文房具やノート、書類の整理に役立っています。色やサイズに応じて用途を使い分けることで綺麗に整理できます。また取り出す際に探す手間が削減できるので重宝しています。,5
164774,有線ですのでリモコンではありません、シンプルな作りで、電話線のコードが使えます。簡単に取り付けられました。,5
171402,純正なので ぴったりは当たり前ですが もっと お手軽な構造で 安いといいですね,5
182091,これがあるのとないのでは、体への負担が全く違います。安く購入することができて良かったです。,5
174672,他社の同等の製品に比べて値段が安いのでよかったです。使用において特に問題ありません。乾けばゴムみたいに保護してくれます。,5
179455,ボディにも使用しました。ボディの肌ノリも良く、汗をかきやすいこの季節だとよくわかります。汗をかいた後の体のじっとり感が違う！買って良かったです！お値段以上のものだと思います！,5
185301,子供がライトニングケーブルの端子部をよく舐めて壊します。笑 なので3本セットのこれを購入しました。 長さも2メートルあり、取り回しが良いです。 あと、ナイロン加工のため、強度も安心です。 ライトニングケーブルの互換品で気になるパソコンとの同期も余裕でした！！ かなり良い製品ですぞ〜ー 写真は生活感溢れる我が家で笑,5
161293,予備の部品が多く付いているので 安心です。 組み上げ後に全部くついれてみましたが しっかりしています。,5
172702,気に入りました。ただチャックは、右だけでいいかも,5
182953,何よりも大変コンパクトにも関わらず、しっかりと仕事をこなしてくれるので気に入っています。 長い柄のついた芝刈り機とは違って、芝生に対して縦に刃をいれられるのも便利です。あまりこのような使いかたする人はいないと思いますが、色々と便利です。 広い芝生の庭の家では腰が痛くなると思います。コードの巻き込みは毎回ひやひやしますね。ただ標準状態でかなり長いコードが付属していますので、延長コードとかが別にいらないのはいいところです。,5
192055,違うメーカーのを購入して使えなくてダメ元で購入しましたが安いし動作も問題ありません。 早く購入すればよかったです。,5
169961,対応も早くうれしいです。カナダの娘が気に入ってて送っています。,5
173667,長さが調整でき、ポタンを押しながら清掃の所によって伸縮できます。日常お風呂上がりの掃除、引越し前の掃除、年末の掃除など全部満足できます、生活もより楽になります。,5
178620,雑誌で見て、気になっていました。コーヒー大好きですが、平日は何かと忙しく、、、 休みの日にゆっくり飲むためにドリップに挑戦しました。 夫とともに一口飲んで、美味しい！と思わず呟いてしまいました。いつものコーヒーが、嫌味のないまろやかさと甘さ、コクまでしっかり感じる事ができました。 日頃のお疲れの方、休日にゆっくりコーヒーを淹れて飲んでみませんか？ 確かに他のフィルターより少し割高感はありますが、優越感にひたれますよ。,5
181148,ケースもついていたので信頼できる商品だと思います。,5
183787,問題なく使えています。頭部を包み込むような立体的フードで保温性に優れます。また、内生地に保温性、吸湿性、通気性に優れた素材を採用しました。この価格で、これだけの品質であれば大満足ですネ！またよろしくお願いします,5
193733,ネットでも店舗でも置いてるとこが少なくて、こちらでは3個で割引になり随分お安く買えるので有り難いです。,5
165499,通話しながらゲームをするのに購入しました。 問題なく使えています。 パソコンだけでなくスマホにも繋げて使用できるので使いやすいです。,5
168489,現在は夜のうちに充電して、昼でも夜でも都合の良い時に使用しています。充電式って良いですね。,5
169150,思っていた通りの商品でした。少し重く感じますが、しっかりしていて質感も良く長く使えそうです。他のものは使ったことがないので比較は出来ませんが良いものだと思います。,5
167514,問題なく利用できた。以前社外品を購入して利用できなかった経緯があるのでやっぱりこちらは良い。しかし、価格的には社外品と比べ数倍するのでもう少し安くなったら☆5。,5
188875,シンプルだけどハマりました。ファミコンを思い出すような簡単さで、子供もプレイできます。,5
162815,私は経済やビジネスが好きでよく様々な経営者の講演やセミナーにいくのですが、成功者はまさにこの本にでてくるゲラー氏のように人生をコントロールしており、お金のために生きるのではなく、自分のやりたいことを突き詰めたら勝手にお金がついてきたという人が多いです。 たまにこの本は実話ではない！というような意見も聞きますが、実話かどうかはどうでもよくてこの本を読み自分の人生を振り返り見つめ直し、そしてより良い人生を生きるために優しくアドバイスをしてくれるとういうような素敵な本です。,5
194820,オールレザーでこの価格は、良いです。収納もたくさんあり、タブレットやノート、ペン、小物入れたり、便利です。消耗考えて、２つ買いました。,5
184499,片付けが停滞していたので、この本を勧められて、購入。大正解‼️頭の整理と一緒にスッキリに踏み出せました。,5
161759,父へのプレゼントに購入しました。 高齢ゲーマーな父のスマホは一日中使っている為、汚いなんて言葉では表現しきれない不衛生さは、家族内で度々ネタになる程でした。実家に久々に戻る予定があったので、プレゼント用に購入して、貼り直しをしてあげ、ついでに掃除もしてあげると、本当の意味で新品な感じに（笑）。父は、かなり喜んでおり、良かったです！。,5
181857,beamsで全く同じものがありますが、ここなら半額ですのでお得です。 デザインは最高にお洒落で、ほぼ毎日つけてしまっています。 黒にブルーとイエローが映える。 特に夏場はこの軽さと薄さが快適。 綺麗な黒なので、やや小傷が付くと目立ちますが、リーズナブルなので、ガシガシ使って時が来たらまた新しいものを買おうと思っています。 オススメですよ。,5
181490,初心者が馬の気持ちを理解する手助けになる一冊だと思いました。,5
181884,好きな芸能人の番組がかなりあるので、録画したのをダビングしたくて買いました。 ディスク1枚1枚にケースが付けられ、またディスクに何の番組をダビングしたのかを書ける紙が入っていたので、毎回細かく番組名を書き、ダビングしています。 おかげでディスクをBluRay機器に入れなくても、何の番組をダビングしているか一目でわかるので、見返したい番組を探すのも楽です。 またディスクを使い切ってしまったら、こちらをリピートさせていただきたいです。,5
162385,会社のトラックの最後尾に付けるつもりで 自分で購入しました。商品が届いた時に ふと 24VだけどLEDだから12Vでも点灯するかも？ と思い 原付の12Vに繋いだら 赤は問題なく点灯して ダウンライトは エンジンの回転があがると 点灯する事がわかり。 面白いので そのまま 原付に つけてました。夜 仕事の帰りは バイクの下の路面を白く光らせながら帰ってます。,5
189987,安くてとても使いやすいです。 コーティングのおかげか汚れも落としやすく、可動部分も柔らかい樹脂なので折れたりすることもなさそうです。 注ぎ口は密閉されている訳じゃないので、あまり飲み物をぎりぎりまでいれてしまうと構造上漏れるので注意です。,5
189051,パッケージの外観はとても格好良いです、贈り物としていいです。商品に一年保証を用意して、安心して購入して安全に使用できます。,5
174160,長手方向に金属板が入っておりバンパー形状に追従し、取り付けた時の上下方向も裏面のスリットを起点に曲がりバンパー下端と合わせ易くプロテクターの役割を果たしている。取り付けて4か月経つが両面テープの剥がれは無い。,5
199797,手のひらで体重を受け止めるので、以前の丸いグリップに比べて非常に楽で手が痛くならず、手の感触も気に入りました。 付属の2種類の六角で固定しますがガタつくこともなく、しっかり固定でき、値段の割りに作りも良く、大変気に入っています。,5
177338,母の日のプレゼント同様、父の日でもしたんですが喜びの電話がありました。 これで焼酎を呑んでくれると思います,5
198520,レベル4、光った時に少し温かく感じる程度で刺激や痛みなどは全く感じませんでした。,5
161638,フレキシブルな材質で耐久性ありそう。薄手の名札カードも滑り出る心配なく使いやすい。,5
188208,白い見た目ですが、履くと自分の肌色がそのまま出ているような雰囲気です。この値段で他では買えないので助かります。,5
192728,これは素直に気持ち良かったです。キテルキテルさんのは他にピンク2とブラック改を持っているのですが、この二つの間に入る硬さで柔らか過ぎず硬すぎず個人的にはちょうど良かったです。これは壊れてもまた買いたいと思うほどでした。友人にも勧めたいですw,5
170547,明るさ・大きさ・点灯時間等、全く問題なく使えてます。 テントの中では１つで十分ですし、外でも２つ有れば十分食事と調理も問題なくできる程明るく,5
194207,仕事の打合せのメモとして使っています。コンパクトで持ち歩きやすいです、何時間の打合せも録画できるので、すごく頼りにしています。そして1080Pの高画質で、きれいに再生できます。,5
185556,使い方によるのかもしれないが、夏のゴルフで半ズボンを履いてふくらはぎの静脈瘤を隠すのには、最適な商品です。,5
192575,足を手術しているので、疲れると足に痛みが出ます。 色々探していて、見つけ注文しました。何回か使用していますが、足の疲れは軽減されているように思います。,5
175412,息子の為に購入しました！ 固定できるというのがかなり良いと思いました^_^ これで画面からの距離も固定できるので目にもいいと思うので！ 小さな子供がいてるところはあってもいいと思います^ ^ あるのとないのでは車の中は全然違います！,5
