119737,ハロウィン用に購入しました。ピンがついたふかふかの耳でかわいいけれど、つけた時に安定感がなく難しい。付属のカチューシャにピンを差し込んで併用してもどこか明後日を向いてしまう感じ。使いづらいけれど、かわいいので何とか工夫して使っていきたいです。,3
84660,他の商品よりも安いので、試しに購入。高いのは可動部分が二か所だが、これは一か所で安い。とりあえず、つけてみたい人には入門用としていいのではないか,3
117167,ドローンは初めてでしたが、操作はしやすいと思いました。以前、小型のラジコンヘリを購入したことがありましたが、安定させるのが難しく、本ドローンはそれに比較すると断然安定していると思います。 今の技術はすごいものだな。。と感心しました。 搭載のカメラは残念ながら期待はずれの画質でしたが、「もっといいドローンが欲しい」と思わせてくれる商品でした。 小2のこどもは、喜んで使っています。,3
110852,とても良いセットですが、こんな色々はやっぱり使いませんでした＾＾； そしてボタンの品質は他コメントにもある通り不良品も混ざっているので要注意です。,3
105000,思ってたよりよかった。写真で見るよりデザインがイマイチでしたが、値段が安いので。,3
113503,柄はイメージ通りで、可愛かった。サイズがやや大きめだったのが少し残念。,3
90858,短くて滑らか。酷暑の夏に向いてるかどうかはこれからです。,3
112316,激的に早く解凍できるのかと思い購入しましたが プレートに当たる部分が面だと確かに溶ける時間は早いです。 ただ、肉等は平らな状態で凍ってないので面でなく点でプレートに接するので 激的な解凍はできませんでした。（自然解凍よりは早くなりますが） メインはタコ焼き用の冷凍タコの激的解凍が目的でしたが タコは点での接地が多いので時間的には期待過多でした テレビショッピング等でよくやるように氷を置けば あっという間に溶けていきますよ。 詐欺みたいなもの(笑) 解凍汁は確かに少ないのかなという感じです。 汁が少ないというのは旨味が抜けないという事なので利用価値はあると思います 他のレビューにありますが2枚購入して上下ではさめば早く解凍できると思います,3
72272,雨の日に使ってみました。 27cmのスニーカーでも装着はたやすく、たしかにクツは濡れません。 ただ、これで歩くととても滑ります。砂利道などでは大丈夫だと思いますが、舗装路やコンクリートなどを歩くときはかなり注意が必要かと。,2
65426,作中に籠池が出てきてなんだこりゃって思ったらあとがきによると作者の政治への不満をぶつけたのがこの漫画だってなことが書かれてた。 最初からそういう内容なら買わなかったので、そういうことは作品紹介に書いておいて欲しい。,2
74456,変換ネジが入っていませんでした。 送り返すのも面倒なので変換ネジは別で買います。 本体の方は特に問題なく使えそうです,2
48710,外のビオトープに設置して、作動後30分でプッツリ動かなくなりました。太陽光はちゃんと当たっていたので、ポンプが逝った？残念な商品でした。 (追記 ) ポンプとソーラーパネルのプラグを外し、両手に互いに持って、がんがんシャッフル。駄目もとで設置し直したら、何故か生き返りました。今は曇りでも弱めに噴水が出てます。とりあえずよかった。,2
60151,目元ふっくらにはならなかったです。 一度使って試してみたかったので、良い経験になりました。,2
64047,匂いがキツイ！人と会う時に使用できません。,2
54783,アームレスト両方の外側の裏、プラスチック成型時での接合面だと思いますが鋭利な部分があり高齢者や小さなお子さんがその部分をなでることや滑らせることで怪我をする恐れがあると思います。当方、カッターとヤスリで削り、滑らかにしました。出来ればメーカーサイドでの対応が望ましいと思います。それ以外はおおむね良好だと思います。,2
77726,と思ってしまうくらい刃が弱い。上質紙を何度か切っただけで刃がまるくなっていることに気がつきました。そしてこのケース、刃をどうやって取るの？どうやって折るの？とっいったパッケージ、そしてその説明も超〜小さい文字と図で本体に貼ってありました。が、MADE IN JAPAN。OSAKA。とあり…。あまりにも悲しすぎる。,2
158154,バックに丁度でした。バックの上部まで効率よく利用したかったので便利です。,4
134858,純正のワイパーゴムなので安心して購入しました。 長さもバッチリでしたので、そのうち交換する予定です。,4
132467,配送の速さに、とても感心しました。製品につきましても、説明書もきちんと添付してあり、着たらすぐに使うことができました。満足です。また機会があれば利用したいと思います。,4
142133,開くと階段状になるのでツールを取り出しやすいです。 でもその分広い場所がないと完全に開けないので使いづらいというデメリットも有り。,4
156518,2017ipadで使用しています。今までにいくつかのこの種のケース（耐衝撃、防水）を使用しましたがこれは本当に防水です。一度浴槽に落としましたが他のケースではすぐに水が浸入するところ全くありませんでした。ただし2017ipadには基本的に対応していないので、他の方のレビューにもあるように音量ボタンが押されっぱなしになるため、わずらわしいので干渉しないように内部を少し削って使用しています。カメラ位置も少しずれがありますが撮影には問題ありませんでした。値段的にも機能的にも満足できます。,4
130690,実家のエアコンが古かったので、付け替えしました。弟が喜んでいます。工事も年末で心配しましたが、予定通り取り付けしていただき、感謝しています。,4
132176,コネクターの圧着には欠かせないツールです。 ラジコンのサーボやAMPのコネクター（BEC）やバッテリーのエアーコネクターの打ち換えに 重宝します。,4
129625,美味しいけど 少ししか入ってない もっと食べたいのに…,4
30074,担当者のケアレスミスだと思いますが、プジョー3008と5008とは類似車ではありますが、別な車です。さすがに3008に5008用を使うのは嫌なので、返品します。この程度のことがきちんとできないような会社は今後、一切利用しません,1
23677,消費自体は良いのですが、側面にmade in South Koreaってあるのがとても残念。,1
4082,まだビニール袋の中に入ったまま。在庫として保管中。願わくは開封した途端にサビが浮かないことを祈る。貴社販売の車載用アンテナ基台はすぐさまサビたので。保証期間45日は私にとっては意味がない。いつ使用するかは未定のため。,1
9447,子供のために購入したが… カバーの内側もカバンもびしょ濡れ。,1
30068,電池が１日持ちませんでした。 残念ながらキャンセルしました,1
28455,商品が届いたら黒い安全ピンがたくさん届きました。 商品の性能云々の問題ではありません。 まずは正しい商品を遅れ 二度とココには頼みません。,1
7816,評判通りよい物だと思います。他と比べたことがないのでわかりませんが…,1
5254,リモコンもセットで購入したのですが、ピントも合わず携帯を押さえる部分から粘着した物が携帯についてしまい、返品になりました。,1
176418,ダメでも仕方ないかな…と試しに買って見たところ、最高です！特に胸が大きめだと普通のスポーツブラは意味が全くないので、これは神商品！,5
186433,ストーリーだけでもすごく面白いのに，作品の世界のあり様がリアルに想像できます．今一番推したい作品です！巻末のショートエピソードがまた素敵．,5
181463,簡単に取り付けられました 今の所水漏れ 水圧 3段切り替えなども問題ありません,5
178531,お試しで購入。悪くはないし直感的に使いやすいと思う。ただ充電しながらの稼働が出来ないのは不便だな。あとズーム機能があれば。。画像が小さく映るので。ま、ユーチューブデビューも出来たし、これで耐久性が良ければ値段的にも悪くない。,5
168258,想像以上にとーっても好きな香りでした。 香りの好みも人それぞれですが、キツ過ぎず使いやすいと思います。,5
191766,ポケモンGOを操作中やレイドバトルの待ち時間中にもポケストップをまわしてくれるので 相当ありがたいです。 もっと早く買えばよかった・・・,5
160888,使用して1週間程度ですが あまり重さは感じません。 背中にフィットしている感覚があり良い,5
198810,安いからと言って作りが雑なわけでもなく、今のところ不満はありません。 特段涼しいわけではなく、かと言って暑く感じたこともありません。 脱ぐ時に袖が引っかかりますが、不快には感じません。 よって、他者と被らず、こなれ感を出したいという方にはオススメできます。,5
