55460,湾曲部分が覆えないという話は見てましたがどのぐらい気になるのかは個人差かあると思うので試してみましたが、流石に両側もう1mm伸ばして欲しいかなと思う横幅でしたね(^_^;) 幅による使いにくさで大幅減点ですが、それ以外は五点でもいいかなというレベルです。 覆えてる部分は操作しやすいですし。,2
46956,アプリが中国なのかな？日本語にはなって使えるけど中国アプリは嫌なので使ってません,2
65690,届いて驚いたのは、バリだらけ、先もタイヤに傷が付くほどの切断状態でした。 急ぎで使いたかったので、返品はせず グラインダーで角を取り使用しました。 今後の為に、工具屋で再度購入！,2
71874,すぐ鼻が出ます。もう少し一体感があったほうが良い。ネックウォーマーとしては首が重くなるし、いまいちでした。,2
50365,中古で使用ができるものの、かなり汚れが激しく、これならいらなかった。,2
66019,ガラスケースが歪んでるしサイズがあってなくて使えない｡これでこの値段は高すぎる｡返品したい。,2
71981,ペラペラで丈も寸足らずで、ディスカウントストアで一枚100円で似たような品質のが売っていました。 裾も丸まってしまいます。 でも、ペラペラなので着膨れせず、なんだかんだで重宝しています。,2
70528,"4,5回トライしましたが麺の表面だけが茹でられ、中は粉っぽく食べれた物ではありませんでした。 後悔しております。",2
191859,目的は様々なケーキを作る為に購入しました。ロールケーキやガトーショコラ、シュークリームにチョコレートケーキ、ショートケーキなど作りましたが底が見えるので湯煎などで使っていて安心感があります。 4セットでそれぞれの大きさが違うので収納も便利だし、ケーキなどを作らない時は家族も便利に色々な料理に使っています。 ※追記 最近になって、療養食関係も作り始めました。するとこのボウルのセットが非常に意味がある。 一つ一つのボウルが軽いです。だから１番重いボウルでも計量器に載せても狂いが殆どない。だから便利。 そして日常で使うに当たってボウル類をセット外で揃えると保存スペースを以外に持っていかれると思います。 大きさが段々で４セット。これがヤバい。スペースの整理とクッキリしているので気持ちもクッキリして料理に前向きになれます。物忘れしにくい気分になりますので、買い物に行ったときに思い出しやすくなっている事だと思います。更にサラダをしてもボウルのまま出しても当たり前のように感じるので、楽さが違う。物にもよりますが、ボウルから移し替える手間が大分解消されるので、スペースがすっきりして、綺麗なボウルで軽いので扱いやすくて、余程の無理な力をかけない限りなかなか壊れないような物ですので、少しでも安くなった時に１回買っておくと便利です。計量器、この”セットのボウル”、新しい菜箸の３つでどれを優先するべきかというとこのボウルのセット。 そんな感じの体感になります。 以上です。,5
173793,屋根に登るために購入しましたが、もうちょっと長いのにすればよかった。ズッシリと重量感があり、安全性は高そうです。,5
193528,この商品はすごく良いです！ Insta360 ONEの性能を生かそうと思ったら必須です,5
176656,ちゃんと動いて良かったです。コードも細いので最高です!!!!持ち運びに最適です！,5
165435,写真通りのリュックでした。厚生地でしっかりしています。 デザインもシンプルなのがお気に入りです。洋服に合わせやすく、長く愛用します!,5
178649,タバコは吸わないが、色々な臭いがしている、特に足の臭いが臭くて。車に乗って靴を脱いで乗っているが この商品を使ってからは、エンジンをかけてしばらくすると臭いが消える。 お陰で不快なおもいをせずに快適に車に乗れます。,5
166660,事務所のPCにUSBポートが２つしかないので増設用に探してました。 カードリーダーまで付いていてとても便利です。,5
185575,近所のマラソン大会に子供と一緒に走るので購入しました。本番まで練習に使用してます。生地は薄手ですが意外にサポートはしてくれます。モタモタせずひざ周りに生地が溜まることもなく私的にはいい買い物したなと。,5
18672,呼び出し購入し、最近開封しましたが、 2本とも使えない。安いケーブル買ったら 逆に出費が多くなりますね。,1
9669,こりゃまいった。いっこうに品物が到着しません。,1
7129,取り付けベルトが短すぎるのでグリップ部分には巻きつけれません。使えない。長いの出して欲しい。,1
17480,体重を掛けて押し込まないとプッシュ出来ません。子供には無理かも。 コンパクトで、デザインもシンプルで良いのですが残念です。 硬さの調整が出来ないかな？,1
19476,1年程度使用。規定トルクで締め付けてもすぐにずれました。 軽自動車程度の加重では問題ないかもしれませんが、普通車では強度不足のようです。 最終的には調整後の締め付けでナットの根元から破断してしまいました。,1
4599,商品が先程届きましたが、自在金具が一つも入っていませんでした。 今週中に届かないと間に合いません。急いております。至急発送をお願いします。,1
11396,レーダー探知機の〇〇無線常時受信状態に PDで20Vきちんと出ただけに残念,1
2167,レビューがそこそこ良く、価格との質のバランスがよさそうなBluetooth5.0なので購入しましたが、 全く手荒い扱いはしていないにも関わらず、3日で音が出なくなり、返品となりました。 音質は普通で、操作ボタンが見なくても触り心地でできないのは改良した方が良いと感じましたが、 耳へのフィットが良く、長くお世話になると思っていたので、至極残念です。 また探す手間がかかり、とにかく面倒です。。。,1
151975,Ma2さんがサラリーマン達の表情をうまく描きました。,4
144997,値段相当なものだと思います。 ただ自分にはサイズが結構大きめだと思いました。,4
129442,明るいです。他の方のレビューにもありましたが、まぶしいくらいです。こんなに明るくまぶしいとは思っていなかったです。設置する高さに気をつけてください。明るさを変更するやり方が分かりづらい、というか私がうまく出来ないのかもしれませんが。,4
157208,価格も安いので失敗覚悟で買いました。 今まで革ベルトだったのですがこのベルトに取り換えたので高級感が出ました。 ピンや工具も付いてるのは親切ですが説明書が付いてません。 ベルトの長さの調節方法を知らない人は考えこむかも知れません。 内側の固定金具をマイナスドライバー等で隙間に差し込み、てこの要領で外して下さい、それで調節可能です。 それでも止める位置はどこでもと云う訳では無く、前後探す必要があります。 腕にベルトをはめる金具も固いので星一つ少なくしました。,4
122724,正確なところは、判りません。オシロスコープが無いので波形確認はできてません。５０Hｚ６０Hzファンを回したところ、回転数が変化したので、切り替わることを確認しました。計測機器の電源として使用しました。計測値に問題は無さそうでした。,4
120957,これまでは、掃除機で吸引していましたが、先日掃除機をコードレスタイプにやりかえました。 結果、吸引パイプの口の形が丸でなくなり、圧縮袋の口の形状に合わなくなりました。そこで見つけたのがこのアイテム。 小さいので心配していたのですが、結構吸ってくれます。 できればアイテムの吸引口の直径があと2～３ｍｍ大きければよかったかな。,4
156140,以前V7を購入しましたが。車の中を掃除するのに便利かとさがしてました。もう少し安ければ最高でしたがほぼ満足しています,4
142884,150センチのクリスマスツリーのオーナメントとして買いました！ 赤とゴールドで私の好きな色合いでかわいいです。ラメ等は手で触ると結構ついてくるので、ラッカーで塗装してから飾り付けをしました。フックをかける金具部分はややチープな感じで、乱暴に扱うとすぐに外れます。 壁付けなので後ろ側は飾ってませんが、とても素敵になりました。もう少し豪華にしたい場合は追加で買い足すと良いと思います。 ちょこっと残念な部分もありますが、この量なので満足できると思います。,4
115248,話の内容はともかく、コン・ユさんが間違いなくカッコいい。 目の保養で観たら案外よかったね。くらいが良いのではないかとおもいます。,3
104630,掛け時計の梱包方法ですが、大きい箱に緩衝材なしで時計の箱が入っていました。 配送時箱の中で時計が自由に動き、衝撃を受けたのではと思ってしまいました。 故障していないことを祈って使用したいと思います。,3
110316,23.5を普段履きますが、仕事で使う為24㎝を購入。少し大きめですが、靴下履いて馴染みだすと問題無し。ただ、通気性が悪くむれます。 テカリはあまり無い方だと思います。,3
97860,黒革丁のものを使わせていたのですが、要所要所が剥げてきて最初は黒いビニールテープでごまかしていたのですが、思いきって購入し使わせています。気に入っているようです❗,3
109746,動作はしましたが、ボタンのゴムが一部ちぎれていました。ちょっと残念。,3
107813,ピンチが取り替えやすく劣化しづらそうだと思い購入しましたが、ウチには不向きでした。 まず、持ち手部分が短く低い方の竿に引っかかる。斜めの配列は干しづらく、左右のバランスも取りづらい。何より非常に揺れやすい、これは風が強い高層階には不向きです。もう少しよく考え、コメントも読み込むべきでした。一応 持ち手にシリコンストッパーが付いているので、上から竿用のピンチで止めてなんとか使っています。,3
91757,サイズ感は イメージ通りでしたが ガタガタして 頼りない感じです。,3
117219,コンセントタイマーや、明るさセンサーで電源の自動オンオフをコントロールしてイルミネーションの代わりになると思いましたが、電源はフロントのボタンのみでオンになり、所定の時間後にオフになります。その状態で上記の自動点灯をしようとしても自動オンになりません。この商品は常にフロントのボタンでスタートです。,3
