85784,黒はPrimeになくてここで購入しました。,3
98749,リンゴの香りは、まったくないです。崩れやすい？かも。 コスパどおりかと、思います。3こ有るので娘は、好んでいるみたい。,3
87578,ジェイソンステイサムのイメージが崩れた。コメディーは役は今一つ。全体的には楽しめたが。,3
112066,デジタルの懐中時計は種類が少なく、さらにお安い商品となると珍しいと思うので購入しました。 表示としては、月日時分秒曜日が一目で見渡せるので便利です。 ストップウォッチやタイマーの機能もあります。 普段ポケットにこの時計を入れているのですが、意外と時報が便利です。 機能とお値段のバランスで評価すれば「星5」です。 「星3」の理由は、付属のカラビナが壊れていたからです。 代替のカラビナを探す手間がかかったので、「星3」の評価です。,3
96394,お米市場が分からないのですが、リピしようと思ったら高くなってました 残念、別のに切り替えです,3
93624,GSXR-600 k8に使用しました。 材質はナイロンのナップサックのような感じでしっかりした感じはありませんが、ここ2ヶ月ほど使用していますが劣化はなくしっかりバイクを守ってくれています。 おすすめです。,3
106525,目に見えないので捕獲状況は分かりませんが、効果を期待したいと思います。,3
108218,デザインはいいが動きが渋くスムーズに開閉しずらかった。切れ味はいいです。ストラップかそれを付ける為の穴が欲しかった。,3
178096,とても使いやすい。Apple Pencilに非対応なので購入したが、大満足,5
182827,純正品と見た目や質感は似ています。 違いといえば、Apple Watch本体に嵌めにくい。マジックテープ部分の色が純正品と違うが止めた感じではこちらの方が剥がれにくいのでしっかり感がある。 これらは気にする人にとって大きな問題？となるかも知れませんがむやみに外れない安心感はあります。 しかし純正クオリティーを求めるには値段が値段なので純正品のバンドを汚したくない人や色を試したい人にはおススメです。 評価は購入後数週間使っての感想ですがバンドの折り返し部分の内側が擦れて潰れだしてきてますが切れる程の事はないと思いますがこの辺は使い方次第では純正でも同じかと思うので私はこちらを数本使った方が安上がりかと思います。タイトルでも書きましたが殆ど純正と代わり映えしませんのでお勧めです。,5
194470,一人暮らしの6畳間で稼働です。湿気を取ってくれてびっくりしました。買って良かったです。,5
163429,振動の向き（上下・水平・双方向）が選択できるのは良い。振動は速くて強いが動きの幅は少し狭い気がする。スイッチ(ボタン)の反応が過敏であり操作音がうるさい。直接座って使うとお尻でスイッチを押してしまう。色々と書いたが、揺れが下半身に効き足腰のコリもほぐれる気がするので総合的には満足している。,5
178462,値段以上の価値ありです。前使っていたアイロンよりも断然軽く、サラサラになり、友達にも褒められました。迷っていたり、新しいヘアアイロンが欲しい人は迷わず買うべきです。,5
178847,叩くと良い音がします。かなり響くので夜はやめたほうがいいと思いました( ・∇・),5
177911,ゲーム機自体異常なくらい軽いです。本当に作動するか不安でしたがちゃんと電源も入りボタンの反応もいい感じです。ゲーム機は初期設定で英語表示になっていますが設定で日本語に変えられるので問題なく使用出来ます。ただ説明書が英語記載のみなので使用しながら操作を覚えていかないといけませんがよくゲーム機をプレイされる方には違和感なく受け入れられると思います。ゲーム数は3000となっていますが恐らく同程度入っているとは思いますが多すぎてまだ全部を確認は出来ていないです。たぢ充分な数あるのは確かで子供の頃にゲームセンターでしていた懐かしいゲームが沢山あり子供だけでなく大人も楽しめる内容になっています。画面は4.3インチで大きくて見やすいです。充電に関しては2時間から3時間の間で切れる感じなので遠出する時には充電器を持って行った方が無難ですが充電しながらプレイ出来るので自宅や宿泊先では気にしなくて済みます。まだ使えてはないですが音楽プレイヤーにもなるし電子書籍にも対応しているとの事なのでゲーム機1台で三役してくれると思うと持ち歩くのも楽でとても助かります。この手のゲーム機はそんなに詳しくないですが個人的にはジョイスティックが想像していたより難しく慣れるのに少し時間がかかりました。レトロゲームばかりしていたからかも知れませんが。子供達は特に気にならないみたいです。対応しているゲームフォーマットも11種類と多いのでこれから色々試して遊んでみようと思っているので長く使用出来ると有り難いです。金額を考えるとお得なのでもう一台買って取り合いしないように出来たらと思います。,5
199561,思わぬプレゼント包装に ほくそ笑んでしまいました メッセージカードも 嬉しかったです 機会があれば同じショップで また別のアクセを購入したいです,5
25645,時間制限が邪魔で自分には難しく、攻略本を見ながらでもうまくいかなく、クリアできませんでした。 制限なしで発売してほしいです。,1
5388,ナット状の工具のスプラインの凸部が先端までないので、スプロケットのロックナットと噛み合わず使えません。先端部を2ｍｍ程度削り何とか使えるようになりましたがスプラインの精度も良くありません。高価なものではないので純正をお薦めします。,1
33491,こんなアコギな商法をしてるのか？ファンを舐めてるとしか、思えんな。,1
527,アイデア自体はいいですし、あると便利なのですが、きつすぎて入りににくいです。。,1
34229,2017/12/29 Apple Watch3用に買いました。真ん中は指で反応するけれど、隅の方は指で全く反応しなくなりました。Apple Watchは隅の方に「戻る」や「電話」のマークが出るし、パスワードロックのボタンも大きく出るので端が押せなくて困りました。,1
23982,靴の形の底の部分が靴よりも大きいのが気になります。リーボックのファンです。ブーツも買って気に入っています。,1
16712,ピンの直径が違ってた！ よく見て発注しましょう。 返品が面倒で、廃棄しました。,1
2012,指すべりもタッチも問題なかったのですが、汚れ落ちが悪く角に浮きがあり、サイドは覆われずAPPS EDGEの使用時にひっかかりました。虹彩認証に反応せず、センサーが覆われてるとかなんとかで毎回警告が出ます。iFaceのカバーからもはみ出た感じで、1週間足らずで外れてしまいました。とても残念です。,1
43423,貼った時は、貼りやすくてとっても良かったんです。 でもそのあと、数時間で落としてもないのにフィルム…割れてました…なぜ…,2
62557,なんだか硫黄っぽい？ような匂いがします。 効果の程はよく分かりませんでした。,2
68767,NEOGEO mini本体だけとしては懐かしいゲームがたくさん入っていて良いのです（評価★★★★）が、自分としては本体スティックと2×2で並んだボタンではうまく操作出来ず、また、スティック型外部コントローラもない（2018/8/26時点）ので（評価★）実質遊べない商品でした。,2
71771,特にメインのチャクの開閉が困難、ベルトも１０ｃｍ長い方がいい,2
79125,購入から3日後動き出しましたが5日経過して止まっています。取り扱い説明書では、リュウズが2段引けるようになっていますが一段しか引けないので、日付・曜日合わせができません。対応方法を教えてください。,2
66654,以前購入した他社の製品が鳩目が破れて買い換えたのですが、以前の物は内側に入っただけではっきりと温度が下がっているのが分かりましたが、これは温度変化が感じられません。期待外れでした。,2
71397,想像していたより水着のページが少なく楓ちゃんのかわいさも半減見ていて つまらないし買わなきゃ良かった,2
49613,まず、ボールは不要です。好きなボールがあるので。それなら、スポンジのような別用途のボールを望む。マジックテープが弱すぎ。すぐにボールが落ちる。もっと強化下さい。期待以下でした。,2
130316,軽くて、持ち運ぶのを考えると良いものと思います。 耐久性に若干の不安がありますが、問題ないのかもしれません。,4
140316,振動強めのが欲しくて見つけたのがコレ シッカリと強めの振動で直ぐに起きれます,4
152823,色々なモノの値段が上がってしまったせいか 綿100製品はお高くなってしまいましたね… ひと昔前なら近所のスーパー等でお安く 売っていたような商品なのですが ネットで探し回らないとこういう商品は 見つけられなくなりました。 膝がすぐ出そうな感じではありますが 年中はける厚みと素材感です。 某有名メーカーのルームパンツと比べれば こちらの商品のほうが肌あたりが優しいですね アトピー体質の私でも気にならないです。,4
145059,気に入った点 ・暖かいタオルで少しお肌を温めてから適量を手のひらに広げてなでるように顔全体をマッサージしたら 冷たいタオルで冷やす感じで軽く拭き取れば驚くほどしっとり。 ・抜け毛などには指先に少量を取って地肌にすりこみ頭をを蒸しタオルすると髪がとてもつやつやしてきます。 勿論抜け毛も収まります。 気に入らない点 ・臭いが嫌い・ ・かなりべたつく。でも良い点ン方が勝っているから我慢して使える。 ・少し温めないと使いにくい。,4
155550,生地は薄めです、生地に伸びが無いので少し指を折り曲げにくいです、とくに親指は硬いのがついてて曲がりにくいです、使っているうちに馴染んでくるのかもしれません。 価格から考えて十分かと思います。 あと黒を買いました、デザインもなかなか良いですね。,4
140803,バイク自体をフルカバー出来るので従来のバイクカバーの風などで外れたりメクレたりがありません。 脱着に多少の面倒はありますが、それも盗難、いたずらなどの安心感に繋がります。 生地自体をもう少し頑丈そうにして欲しいところ。 ロックを通す穴や通気穴から多少の雨水の侵入があります。 改善出来たらまた買います！！,4
127016,持ち運びも軽く電池の持ちはまだそんなに使ってませんがいいと思いました。,4
132142,自宅には理想サイズの為使用中。 稀にネットが袋の中で絡んで出し辛いものがあるが、今のところこちらの製品はそういったストレスも無し。,4
