85784,订的蜂蜡皮革，结果到货了是黑不溜秋的颜色；订的us7.5（40码），到货的却成了us8（41码），这是什么情况？ 海外购确实是懒得退换货了，将就吧。,3
98749,感觉就是今年值得旅行的地方推荐，每个地方极其短小,3
87578,作者的随感，驳杂。观点还前后矛盾。处于工业文明和农业文明的冲突困惑中。,3
112066,还没用 但是包装完好 没有之前提的盖子坏了的问题 但是没有纸质包装外壳 而且是从深圳保税区发货 深圳保税区的东西有些相比外面很便宜但不知道真伪啊 写了shampoo 的是洗发水 写了conditioner的是护发素,3
96394,真假不能甄别 但是在室内或者光线较暗的地方清晰度就不行了 不如国内同价位的产品,3
93624,翻译有问题，其实是面膜，完全不能当面霜用。敏感肌用完，每回脸上都是红红的,3
106525,為什麼到一半就沒了，看到一半跳出來評論？,3
108218,我家宝宝4岁不喜欢这套书，可能故事不够吸引，情节太简单了,3
104626,枕头收到后试了下。整体感觉不错，有些偏软，但是躺着很舒服。这个枕头7-9cm的高度有些低，成人的话不能将头部托到合适的高度，这款适合小孩用。 关键的问题是这个卖家也太坑了。枕头上标价500多，但是他们标价800多。货收到后，我去搜了搜了，某东的这牌子的官方店才卖89块钱。我就呵呵了，希望以后亚马逊对这些卖家的行为好好审核下，打着Z秒杀的旗号坑人。,3
102434,总体上确实可以让人思考、反思，但是一些概念性的总结多，具体执行的时候，平庸的人看了书依然平庸！推荐看更深入的关于营销、关于心理学的书，有了底子才谈得上其他。当然，打造产品的初衷更重要！,3
92390,身高160，买164尺码偏大，明年应该就合适了。,3
100737,"各种无聊的统计数据,没有介绍方法和案例,枯燥的学术论文而已,全书最吸引人的地方就是书名。不建议购买",3
103352,这次买的酒比较酸，每次喝完还有腹泻，不知道是不是酒的原因。,3
114677,后面的内容好像是凑上去的，跟平凡的世界比差的太多了,3
107969,如标题，做工一般，性价比不高，不建议购买，小白鼠啊。。。,3
108464,买了两组，以为有好几种颜色，但是打过来就一种，有点不太满意。另外，大小设计还是有点问题，只能塞进去小一点的鞋，男士的皮鞋，还有运动鞋，因为鞋面稍宽，都塞不进去。,3
178096,突破常规看世界，思想上的深度和现实中的平常形成强烈碰撞，是逃避的方式还是看破红尘的大彻大悟，是作者的价值观本身具有的想改造法律和社会现实之不公平的欲望，还是对社会实际问题的矛盾用超脱的思想来回避？仁者见仁智者见智，无论从哪方面思考都可以有一定深度挖掘的理由和价值。文章短小精悍，但不妨碍思想深度的引发和启迪，推荐！,5
182827,中医大家的书，都是干货，以后此类书，还会再买。,5
194470,这个真心不错，用了几天洗得还挺干净的，而且洗完脸也不干，两瓶这个价钱真心很值!!!!又大瓶!!,5
163429,功能非常强大很好用用一两次就可以熟练操作，这样为我节省不少的时间，很喜欢，做工很好质量很不错我在实体店看的类似的比这个贵多了，很划算，物流发货很准时很到位很满意，卖家更是很有耐心服务周到。,5
178462,很不错，虽然其中很多专业知识看不明白，但是情节很不错。非常适合好莱坞拍一部大片。,5
178847,反馈来了 很不错 想说这么高的配置 商家的价格这么低 不亏？,5
177911,有些人看起来很忙很勤奋，恨不得天天只睡4个小时；有些人看起来似乎闲庭信步，毫无“拼命”的劲头。但笑到最后的，反而是貌似懒散的后者。这种现象很容易让人心理不平衡。其实，事情的因果关系并非表面那样。 “勤奋者”虽然在努力地飞驰，但方向是混乱的，把自己的能量耗费在很多无谓的地方； “懒散者”虽然步子慢，但方向明确，规划清晰，一步一个脚印走得扎实，纵然不能迅速取胜，也迟早会站在胜利的终点。人生方向的选择，不仅仅是人往高处走那么简单。因为你很难弄清楚，走哪一条路对你最有利。眼下看起来前途无量的选择，说不定反而不是最适合你的。,5
199561,王力先生的书内容就不用说了，印刷也很精美，非常喜欢！,5
181601,很漂亮的一款手表，在专柜试过了，十一有活动打完折还五百多。然后突然想起来好久没来亚马逊买东西了，就来找了一下，这个价格太惊喜了。发货也很快，2号买的，4号下午就收到了，很漂亮，很满意！根据说明书操作，时间调起来也很简单！～,5
175970,质量不错哦 没有色差 大小合适 穿上脚舒服 轻巧,5
193744,特别喜欢，黑五特价319拿下，加上税费378，太值了。孩子也很喜欢。大眼睛是镜头盖，蓝色裤子可以让相机站在桌子上，附赠的有腕带。,5
199639,看过李健和她的对谈，喜欢上了盛可以，出了新书就买来看了，这本书共收录了她的七篇文章，有几位年轻人对爱的探索与追求，有为了挽回自己尊严的挣扎与努力，有朋友离世后对当下生活的反思……每一篇看过之后都值得细细品味，然后才能悟出作者想要表达的内容。,5
199744,内容丰富详实，印刷挺好，会继续光顾。好评,5
160995,大众心理学经典著作。经典，但同时又充满偏见。勒庞的思考方式有点类似弗洛伊德，虽然没有经过实验证明，但很多独到的观察与尖锐的观点不得不让人注意。,5
179229,历史很好，但本人文学功底有限，这种不是纯白话文的，看起来还是有些吃力，放着慢慢看吧。,5
163178,作为近1岁的产品经理，在我的经历中遇到很多问题。最近读了这本书发现还有很多方法可以很快解决我曾经遇到的难题。 同时，这本书在对我未来的成长路上有很高的指导意义。 感谢作者,5
25645,看图片说明很想买，到手后却很不满意，又硌又勒，很不舒服。,1
5388,为何我到现在还没有收到货？写清单在哪里？我的短信和邮箱都没有收到！,1
33491,商品都很好，所有的差评留给亚马逊的物流！,1
527,质量特别差，用不到一个月，喷嘴直接热水喷出来，烫脸上腿上了,1
34229,包装差，书皮破裂。要求退货没有回应。与当当相比，包装，物流，退换货简直低一个档次,1
23982,是机器翻译的吗？请问署名的翻译者好意思吗？,1
16712,亚马逊海外购提供的是过期产品，使用日期是2017年2月1号，今后不会亚马逊海外购，相当不诚信,1
2012,亚马逊发货太不走心了，3天才到就不说了，杯子底部有磕破，外包装破烂。送人的，拿不出手。转头京东买一个，贵几块钱，次日达，外包装包得好好的，杯子也完好无损。如果亚马逊再这样下去，估计客户都要被别的网站抢走了。,1
2431,给个大大的差评 里面说的东西大部分不懂 这个也算了还可以百度下 但是连个图都没有 图文不并茂 白看了,1
34868,非常不值，塑料像用过好多年的，旧得啊都不想说了。一共就几个零件什么东西都要自备。还这么贵，真不建议购买！,1
15438,这个鞋子是8号下的订单，12号就到货了，按照以往的海外购经验看，我这个鞋子根本不可能是国外发货，所以亚马逊你要好好的解释一下，是海外发货还是国内发货？,1
5563,乐扣的保温盒质量毋庸置疑，非常好！但是既然是亚马逊自营的，为什么会选择百世这么垃圾的物流。足足迟到了一整天，预计三天内到货，简直是咋亚马逊自营的招牌(づ ●─● )づ这一星是评价物流的,1
35548,差评，第一次在亚马逊上买书这么不愉快！纸质质量不好，还贵！ 评级都没显示多少级，点了直接显示完成，我评了多少星级都不知道。备注:如果可以，这个没有级，太差了,1
10646,2017.01.21花1399元买了Littlegiant 雷都捷特M22梯子，宝贝详情显示可以发货且发顺丰；结果23号供应商一男客服电话告知不能发货了。然后就等，等到2月7号供应商一男客服电话联系我，我明确告知此梯我不要了（等了2周还不发货，一句道歉都没有！谁要呀，那么贵的梯子却是如此差劲的服务！）；结果没想到短路的供应商男客服居然发货给我，我就直接拒收，事后居然还打电话问我为什么拒收，真是有股傻劲！！！之后等他退款，结果等他们收到货后也没有任何电话联系，看到的却是物流信息被删除了！！！！物流只有显示2月7号发货，预计9号我能收到，而此时已经是2月13号了，我的天呐！！！这是什么亚马逊，居然连物流信息卖家都可以删除！！！然后就是打亚马逊400电话，遇到一个新客服，啥都不懂；再拨遇到一个好点的客服，告知问题已反馈已联系卖家，同时会让卖家24小时内联系我处理退款问题，且告知亚马逊对供应商管控很严处罚很严！结果2月15号过了40个小时供应商依然没有联系我，之后我联系亚马逊400电话，客服依然只告知会反馈给供应商，然后就没有然后了，好在物流信息重新又出现了！！！20多天的时间里联系无数次亚马逊（指的是留下电话，亚马逊客服会5分钟内联系我），结果一个回复都没有，遇事只会推到卖家供应商，好像亚马逊它一点责任也没有，对卖家也没任何处罚措施，但嘴巴说的很好听，其实一点掌控力都没有。至此供应商，亚马逊都没有联系我，退款依然遥遥无期；虽然钱跑不了，但遇事后对于你们的服务真是叹为观止！！！为了表示诚意，我所有买过亚马逊的宝贝都打一星，以表对亚马逊的爱意！,1
22560,在亚马逊买书从未给过差评，这次特别生气！四本书，两本书后面盖着开的章，一本有铅笔字标注，一本书面全是划痕！无语了！,1
24569,电子书有问题，不能正常翻页，一下就到了800多！,1
43423,不好 跟我从新西兰买的不是一个味道 不知道是不是假的,2
62557,第一泡，第二泡还可以，之后就寡淡了，不耐泡，味道一般,2
68767,我想问为什么2015年的考试按照2014年的考纲编写？？？？,2
71771,粘不稳总掉下来，USB口没多久就坏了，插了完全没反应，太鸡肋了，本来就没几个面,2
79125,没看完，看到百分之二十多。因为我觉得我并不感兴趣，在我看来显然这本书没有进入真情那队列。优点：文笔流畅，较幽默。缺点：矫情、矫情、矫情。妈妈说，最重要的话要说三遍。,2
66654,这个买错了，也没有退货，不知有什么用，只是想买启瓶器,2
71397,"剧情拖沓冗长,大篇大篇的对话,选材俗套,看了感觉在浪费时间,不太贴切现实",2
49613,怀疑是假的。 味道有些刺鼻，而且发热时间太短。,2
79518,很不走运的买到的有空白页的书……不开心……都看了一半了……,2
60372,不知道是不是都是这样，反正我的这个传输速度很慢,2
43701,是否能联系一下退货事宜 很多天了 没人联系,2
60923,题量少题目简单，解析较为粗略，不推荐中图版的同学购买此书,2
73050,书还行，发票先是我备注了没有发，后来打电话客服却一个多星期了都没有到，还好没有评,2
68332,排版很乱。基本每三章都会重复一遍，是不是为了凑页数？ 作者后记中说尝试用评书体写作，可作为读者看得很尴尬😓。每章开头的评书对话既无历史根据，又充满了自嗨。我认为被书名吸引进来，想看的内容绝不会是评书吧！ 书中的立论想影射现实，可没有充分的资料和严谨的逻辑来支撑这个论点，牵强附会地凑了这本书！,2
58937,脚垫上有明显的磨损，但是产品还是能正常使用的,2
61580,书背面非常脏，内页纸质较差，怀疑是盗版书,2
130316,床很好，很结实，还送枕头，唯一的遗憾是有几个固定床架和床板的螺丝钉掉了，可能是运输途中颠簸所致，但是因为床板上螺丝的孔已经变大，无法再用螺丝将床板固定。,4
140316,手机其实不错，除了不是4G，拍照稍微逊色一点，但已经很不错，视频非常好。主要是屏幕够好，不刺眼不累眼，很喜欢。,4
152823,好，好，以前从不去评价，不知道浪费了多少积分，现在知道积分可以换钱，就要好好评价了，后来我就把这段话复制走了，既能赚积分，还省事，走到哪复制到哪，最重要的是，不用认真的评论了，不用想还差多少字，直接发出就可以了，推荐给大家！！,4
145059,给四星吧，买的第一本书下面塑封意见破开，书可能是受潮了，书整体是弯的，希望你们库存发货时候好好看看，塑封都破损了还发出来吗？给亚马逊服务一个好评，一说有问题，立马给发一本新的过来，最后一张图片是发过来新书，前面图片都是第一本，大家都看看吧，给做个参考。,4
155550,因为小朋友在课外上课之余，老师要求每人分享一个小故事或者脑筋急转弯，所以帮小朋友买了这本书。 1. 本身200多页，不算厚。一页一个脑筋急转弯，答案是作为附录列在书的最后面，不是直接在主题下面的； 2. 每页除了一个配图的脑筋急转弯以外，还会有一些不同形式的拓展栏目，如成语、故事等，这个挺不错的，可以让小朋友看的更快乐一些； 3. 本书还对脑筋急转弯进行了归类，这个也听不错的； 作为小朋友的读物，有几项可以稍微改进一下： 1. 书的印刷质量，毕竟是小朋友阅读为主的，纸张和字体可以更清晰一些； 2. 是否可以有彩色版的，小朋友阅读也会更轻松一些；,4
140803,还可以吧有些帮助................................,4
127016,书是好书， 可惜字印得太浅， 读起来眼睛很累。而且纸张不好， 加上书又厚， 拿在手里真累！,4
132142,有些概念没有定义。 外行看得有些吃力。,4
141688,和描述的一样，音质还行，但录音很小声 已经把麦克风放在最靠近嘴边的地方了。包装不严密，耳机是新的，但盒子和密封袋已经被打开过,4
139517,以前一直用的花王，这次试了一下大王，不晓得是不是正品，反正面料还是很柔软，但是感觉吸水性还是要差点儿，最差劲的是快递，购买的时候显示的19号送到，结果到了不给我打电话也不发短信，直接拿去给我放在快递收发点儿，害我一直等到半夜都没得通知，本来宝宝尿不湿就不够了，打快递电话不接，还是第二天联系到客服去问的快递员，结果跑了几个快递点儿才把包裹找到，像亚马逊这么大个网购平台，真的该找个大点儿的快递公司，这种小快递公司真的不靠谱，客服说叫雪狐快递，人家收发点儿都说根本不晓得这个快递公司，真的很耽误事儿，我都第二次遇到这种情况了。,4
158657,产品还行吧，不过卖家态度还好也相当诚信，包里缺配件反应给卖家，卖家主动提出补发新包，并且不用退货，我也是做生意的懒得那么麻烦给别人制造麻烦所以只要求卖家把漏发的配件发来，不过卖家还是同时寄来了一个钱包。给五星违心，给三星不忍心，给四星吧。,4
135255,送货太慢了，下了订单20天才送到。声场比较宽，低音下潜足，但是高音部分比较杂。而且品控不太好，我这副拿到手，接触有点不良。,4
154480,我是在家里，书放在学校了所以买了一本新的，我觉得配套的助记挺好用的，推荐哦,4
146354,读着这本书，就觉得不知道以后的世界会不会也变成这个样子。。。。。非常压抑的阅读感受,4
132425,买了之后就闲置了，感觉练瑜伽这事还真得去健身房，有教练指导。,4
159794,盖子味道确实大，这么大的味道会影响喝咖啡的感受。不过产品质量很不错。,4
