55460,恭喜，看这本书本身就是一种受骗，浪费时间。,2
46956,货到时，里面的精油全都漏出来了，包装太差了，只好拒收了。,2
65690,太硬，另外码数和实际标的有差距，偏大，最夸张的是穿了一个月后脱胶严重,2
71874,什么都不想说了，和照片的差异不是一般的大,2
50365,收到货了，首先尺寸与车子有不符，接着包装极差，盒子扁的，只用胶带缠一下，顿时吓尿，打开查看商品，发现与描述相差很大，安装时，连多余的连接带都木有，而且没有说明安装书，和产品证书，我靠，屁股想都知道是仿造的，绝对不是真品，第一次上亚马逊，觉得就一大坑。。。,2
66019,产品噪声太大！据说目前国内就这样的技术水平，希望不断改进提高。,2
71981,这本书是讲故事吗，也没有什么三维效果啊，真心看不懂,2
70528,后轮安装不上，本来想换一个后轮。系统没法点击换货，只有退货（备注换货，客服未联系，直接退货了）。我打客服电话居然无法接通，挂牌上的厂家电话居然也是空号，醉了……,2
43311,这货美亚上发售竟然没有看到产地，用测评软件测过了，速度在20m/s一下，优点就是便宜，200以内。,2
53966,您好，这个机子本身自带内存卡么？如果带，是几个G的？如果不带，机器本身有多大的内存容量？ 另外，如果不带内存卡？此机器需要什么型号的卡？最大能支持多少G？谢谢，请逐一回复，谢谢。,2
43942,"已是第三次买, 每次二包, 前两ok, 今次有一包漏气, 本想退货, 但食物退货政策说, 快件签收后不能退, 我的货物是公司前台代签收后交给我, 很难做到验货后签收, 但问题是漏气的食品你们就不应发货出来, 咖啡漏气会走味, 不能接受!",2
44691,保温效果不错，但刚用不长时间就掉漆了，并没有磕碰。,2
44934,肥肉太多了，能占到15%-20%，做出来的肉太油腻，价格也一般，我们当地沃尔玛29.8一斤牛腱。 说说好的：肉质新鲜，味道不错。,2
71227,走了一个礼拜了，还没有发货，退货都不知道怎么退,2
58521,先是小说，反正我看了前两篇，后面的就看不动了，容易疲劳,2
65253,后面那个钢板怎么拆出来啊 哪位朋友知道？,2
191859,物流二十天通关要十天太慢了，身高173cm体重71kg合身。,5
173793,书桌边正好放着这本书，很高兴认识这样的女子，可以听我聊聊往事，书买了几本也送朋友。从第一本到现在，都是干净不做作的文笔，简单自然，其中道理通俗易懂。爱着，爱过，都好。,5
193528,物流非常给力，第二天就收到了，很好的一次体验，下次还会再来！,5
176656,一般不评论，但此书要推荐！ 内容翔实，逻辑紧密，翻译到位！,5
165435,味道很好，满满的果肉； 偏甜，糖尿病或血糖偏高的人应慎选； 亚马逊的包装一直都是没的说的，用泡沫纸保护得很好； 日期稍嫌不够新鲜。 总体评价：性价比还是蛮高的！,5
178649,设计很巧妙，大小刚好，反正挺能装的，单反的小野人包包放进去还有空间富余，超值。,5
166660,好用，声音清晰，携带方便，正品，值得好评！,5
185575,特殊时期，看到这个故事，感慨良多，不知道自己还能不能回来,5
192924,厨师机很不错，开始还担心质量问题，用了三次，做的吐司面包很好，绞肉很细腻。,5
166022,收到啦 速度还是很快的 终于有货了 收到它让我今天很丧的心情都好了起来 硬壳书很有质感 只是翻页封皮容易起折痕 我要去搞个封皮 啊啊啊啊啊啊我要给汉尼拔打call,5
160214,腾讯活着栏目的专题经常有看，没想到会买一本精选集结的纸质书。但那天在书店看到，翻了几个故事，立即有买回来好好在纸上读的冲动。书中所选的故事都以蜕变为主题，展现了一个个普通人的做出的改变。很走心。,5
189585,喜欢书中对西方绘画及画家的感受。散文也写得充实。没有更多的抨击，调侃也很风趣。,5
187013,这木架子性价比不错，做工完全对得起这价格，放在哪里都有质感。想再加两层板，不知如何联系厂家。,5
160297,马上要去马来西亚。临时买的。本来写着5.10到。结果惊喜。4.27就到了。亚马逊真的快的不行。可以海淘还真的很惊喜。毕竟找人代购一是价格高。二是有可能有假。,5
175765,是朱泥的，泥料和做工一般，属于半手工制作，物美价廉吧，这价格买这样的也不错了，好泥料纯手工起码好几千,5
186932,书的内容还不错，但应该差不到哪里去。国内的购书网站，京东，亚马逊，当当，可以说是各擅胜场，各有不足。让人徒唤奈何！最可恨的就是每家有些书都是没货了还在那里卖！一直等，等到什么时候去,5
18672,市场价30多点的10升铁皮油箱既然价格标价90多，我老乡说买贵了，我就退了，他帮我买了个一摸一样的，才30，果断退货，太坑人了！,1
9669,用泡过一晚的豆子打豆浆还是会有一小勺豆子完整存在，因此退货。,1
7129,差！不利，夹头发。对不起心目中的品牌形象,1
17480,"您提出了问题：""这个M100我看好久了，但是我发现在美国、加拿大都没上，只有中国有，这是为什么，贴牌的？""",1
19476,千万千万别买，翻译的实在太烂了，不但学不到东西还会误导读者，完全没法读，已经直接丢掉了。后来是在网上找的英文原版在看。,1
4599,明明已经付了钱，现在说取消订单怎么回事？难道你们要退回金额？好像也没看见吧？那我的损失谁来受理？,1
11396,骗子 怀疑是假货 补充装根本不起沫 完全是忽悠消费者 极不负责,1
2167,亚马逊，呵呵了，再也不用了，奉劝大家注意了，不要提前预付。快递员可以在不送给你的前提下，自动写送达，对书没意见，对亚马逊的派送员极度失望，再也不用了。各位小心钱财两空，还受一肚子气,1
1508,质量很差，比厂家原装配件轻一半都不止，感觉品质很次！,1
23224,书籍到手。里边有薄膜。但是书籍居然湿了。 外包装好的。不知道快递出问题。还是没检查好出问题,1
29913,耳机孔对不上，关键是说的s7实际上s6，晕了,1
28000,没用几次，就露出白色，原来黑色涂层轻轻一扣就掉。扔掉，不敢用。,1
13439,中通快递，态度恶劣。书到手上，已遭破坏。,1
34750,在亚马逊买了这么多东西，这次是第一次评论，想不到我的第一次就给了这个垃圾品牌，我就买了两条短裤，货到后拆了吊牌就放洗衣机洗，晾干后就发现两条裤子的档部都爆裂开了，就买了两条，两条都同样爆线裂开，（次品率100%）庆幸的是我不是在外面穿着的时候裂开的，不然就丢人到家了，就算是马路边十块钱的货也不会是这样的，这是我网购以来最垃圾的货，没有之一，各位千万别上当了，也不明白这垃圾品牌是怎么生存的,1
29406,"东西没有用几天就出现问题了，6月份收到货，11月初就出现故障了，（且每周最多大概用一次,或者一月用一次,总之没用几次）不知到找谁维修，维权！怀疑是不合格产品或次品",1
24841,一年级的孩子看字体太小了，密密麻麻的都是字，配图太少，而且是黑白。早知道是这样就不想买了，而且书刚刚到手就降价了,1
151975,好....................,4
144997,书是正版的，不过快递 一周才到，我也是醉了,4
129442,扣子要是有个可以重复使用的袋子装就更好了。,4
157208,很多朋友说，你有病啊，看这个。但是真是因为工作和这个群体很近。想了解一些看不到的东西。今年真的有机会走了这样一个流程。阅读是一种体验的重现，我是先读后体验，真是不可思议。不拒绝，不应该拒绝，读书不是应该如此这样么。,4
122724,这是一本很好的教辅书，就是没看到是主要适用于理工科，哎，感觉有点浪费。,4
120957,尺码比国内码大两号，L码适合185cm，95kg或以上人士穿着。做工精致，款式时尚，单层中等偏薄面料，春秋季服装。,4
156140,卖家的服务太棒了，考虑非常周到，完全超出期望值，发货速度也很快，质量也很好，下次还会再介绍朋友过来,4
142884,今天刚收到。用了一下。给我的第一感觉是控油效果很好很明显的和以前用的一些皂不一样。其他效果还待用一段时间再做评价,4
153555,"用没几天,接头出问题,大概我使用的关系吧.",4
121493,三年了 现在还在用着，但是电脑插头那边的外面保护白壳送下来了，可以用。,4
129694,质量很好，款式也不错和卖家描述的一致，满意,4
155657,一本非常棒的有利于初学者迅速理解区块链实战的通俗易懂的书。,4
130384,"大概是我没看仔细，直到最后才发现这是罗素""西方哲学史""的删减版。本着""看不懂哲学至少可以看看哲学史""的心态，然后发现连哲学史都看不懂...一大部分是语法和术语定义的问题。比原作增加了插图和相关哲学家的说明，装帧和这种插图方式感觉会有点山寨，但其实信息量还挺不错的，小百科的感觉。追求完整原作的大概要去看商务版。",4
137590,电影看了很多遍 买了本绘本读读看 但是书页切割有点 让我不是很满意 。。。,4
155178,我退货，内部拉链把手掉了，有点小，不实用。,4
159751,做的很好，但是实物只跟第二张图片相符，而且网上给的信息和图片都太少了，放的图也小，只有第二张才相符，太高了点,4
115248,商家发货很快，第二天就收到了，产品很给力，给2星，缺点就是买东西一点赠品都没有，商家什么都不为顾客考虑，太抠门了。没有淘宝好。,3
104630,年前买来送侄子的，孩子挺喜欢。问题有个小部件坏了，店家说给重新寄可是最后只寄来了发票，发票抬头还写错了，有些小郁闷,3
110316,颜色太浅了，不是想要的颜色，没有用定妆粉，容易脱妆的,3
97860,商家送货缺东西，不知道什么意思，由于不重要，也就不联系了！,3
109746,不怎么样，用过别的抽取式面膜，差不多价格比这个好多了。精华少就算了，主要问题是面膜剪裁太差，完全不服帖。,3
107813,看书名才买的，看了一点，没有兴趣再看下去了。不太喜欢这类文吧。,3
91757,活动时候买的，价格是便宜，但是书的质量很一般，不够清晰，灰蒙蒙的，我自己看着眼睛都不舒服，怕孩子看的时间长了坏眼睛,3
117219,到货的时候，估计是没包装好，书皮有些损坏，看着破旧了些。,3
85356,扣两颗星的原因，是买了三包，都无法看到有效的使用期。供应中国的贴身卫生用品，理应让中国消费者知悉商品的有效使用期。,3
95722,其他的不懂不评论，我老公穿鞋很少臭脚，但是穿这个鞋会臭脚,3
88455,几十本书放在一个箱子里，可是等收到的时候箱子已经破损的不能看了。无法理解，为何不能花点耐心好好包装。,3
82238,书本身挺好的。就是物流很扫兴，建议商家运到云南的快递还是选个稍微正规点的吧，消费者也省心,3
101885,书是好书，但是官方的电子书，字体排版出现这么不规范，我真是无语了，不推荐大家购买该版本,3
97292,亚马逊服务好 给亚马逊个好评 至于手机吗 不太满意 手机色调上 红色和绿色 太艳了 刺眼,3
83966,辜负我对这本书的期望。。。。。，研究群众的消极一面,3
90234,御用教材，不得已才买，买来发现并没有什么用,3
