127855,宝宝现在越来越喜欢坐着玩，这个实用，挂件还能换其他的,4
152307,四十块够用很久了，德国产的，据说比台湾产的会好用，没对比过不知道，擦得挺干净的,4
120267,一块整木，硬实，用起来不错。 少给一星，是因为这个砧板湿了之后，木材本身有股不好闻的气味会粘在手上；得重新洗一下手才能去掉。 另外真实的材质也没有广告图片那么好看。,4
130126,故事短小，精悍，画风很美，典型的西方风格，当然书很薄，没几页。,4
156282,今天收到鞋子就穿运动袜试了一下，鞋子偏小，买大0.5至1.0厘米比较合适。,4
133660,三个故事，第一个故事占了大半部分，总觉得男女之间的友情可以如此清澈长久，是件不可思议的事情，这个故事可以在杂乱现实的世界里，给人一点缘分的遐想,4
157316,讲真，不是很满意。首先，我第一次购买的时候并不知道次日到货，我等了两三天，迟迟未接到电话，然后我上来一看，已经在退货了，理由是联系不上我，呵是联系不上还是没有联系？第二次，我又下了单，可是在订单信息显示的却是第一次购买时送货的快递员的电话，我打过去，态度很强硬，意思就是你爱要不要，说已经退回去了，还说有通话记录证明他打了电话给我，呵。我在微博上看到很多投诉银捷快递的，我在此强烈要求贵站更换快递公司，谨此！,4
141204,总体不错，挺大的，不过装的时候布有点紧。,4
153551,首先快递有点慢 自己买大了点 平时耐克男球鞋买的43 这个买的9 估计8.5才合适,4
153131,宝贝收到了，质量很好，容量很大，很漂亮，物流也很给力，卖家很好,4
141379,699抢的，非常值了，做工一般，WMF的牌子很响。,4
147747,皮的，质感软，不过我媳妇说像洗漱包，拉链一般，说实话，感觉不像国外货，很像中国小作坊做的,4
144727,穿NB要7码，所以就按此码数买，谁知太大了，穿不了，又没6码的货，退了，不过穿上很好看，修脚,4
136619,比想像的要小得多。没怎么用，没有调速功能的。,4
140855,内容不错，可读性强。很具有参考价值，不过还是希望具体的例子更多一些会更好。,4
128778,还好，本来以为整个瓶身是木质的，谁知道只是一层漆，而且有些地方掉漆了，所以就四星吧,4
128391,收到货后就试用了，熨衣服的效果还是很不错的。但没商品所介绍的速度。,4
148765,诗作本身可读，但纸张粗糙，装订不好，容易垮掉。,4
150547,很好内容很详细，适合新手。就是实物到手时感觉颜色暗淡，可能是印刷导致的,4
124668,买的时候，冲着网页上写的材质是304钢就买了。可是包装上壶上都没有304字样，现在的网页上也不写304钢了。到底是什么钢呢？,4
137341,百万年前人类诞生，一万年前人类文明曙光初现，尽管这段时间相对历史的长河只是沧海一粟，但深刻地改变了自然和人类自己。如何了解和认识人类文明史？如何理解人类文明的发展进程？这是一个绝对的大问题，没有一定的知识储备和理论体系而妄自下笔，只会被人耻笑。 作者则大胆地进行了尝试，“从宏观的和动态角度来说明人类文明的演化趋势和中西文化的基本分野···通过建构各种理论体系来解释那些被记载的历史事实，并把意义赋予它们”，跳脱出传统的“原始社会-奴隶社会-封建社会-资本主义社会”概念范畴，以“神话时代-英雄时代-宗教时代-工业时代”这一新角度来重新审视人类文明，其中提出“文化杂交”的观点，即农耕民族与游牧入侵者的冲击和杂交从而发生文化形态嬗变，具体有三次，完成了历次文明的蜕变。 1997年成书，立论新颖，角度也独特，给人耳目一新；但也受限于当时的材料和能力吧，书中缺少更为详实的史实，论述的过程中主线不够凸出，论据有些刻意安排。总而言之，这本书是探讨人类文明史的一次有力尝试，期待更多的后来者。,4
137402,清晰明了地让读者了解了Google主要采用的技术,4
155376,没想到这是一本有关人工智能引发社会问题的书，这是未来我们不得不面对和解决的。,4
120130,低音音质不是太好，有点硬，不是那种散开的那种，听多了可能不舒服，造型质量挺不错的,4
131492,被题目吸引进来的，喜欢顿悟的感觉，希望可以抓住这个感觉,4
159639,系统理论和实际案例加上网友的案例作拿出来讨论，该书升入浅出，的确很接地,4
138131,时间没有详细对过，但是夜光不是很好的说。,4
131197,一般般，有些情节不是夸张了就是隐去了不少。,4
120335,快递真的很给力！货品方面，跟图片不太一样，图片中的表盘基本是黑色的，但实货到手后发现，其实是跟碳纤维一样的深灰色，其实也蛮好看的。另外，吐槽下手表的搭扣，真的就是两片铁皮，真担心哪天就折了,4
129935,按键力度适中，响声悦耳，滚轮无声。随鼠标附带一节AA电池，服务意识不错，不知道使用寿命怎么样，用用看下。,4
136014,领标是小标，不清楚是不是正品，不过感觉做工还可以,4
123297,鞋偏大，透气性不错，足底干爽，不进水，应该是正品,4
6468,作为精密仪器，这个准确度很让人失望！太失望！,1
14064,用了两个月，不知道什么原因，自己启动了，怎么按它都停不下来，气死我了,1
20862,手机里竟然有2条电话号码？还有聊天记录，太不尊重顾客了！！！包装盒发黄，是真机没开封的吗？一向从京东买从没遇到这种情况，因为这次京东没货了所以从亚马逊买了，本人网购3年第一次给别人差评，真是太气愤了！！,1
35994,气味很重 不适合在车里面擦拭 有甲醛味道 包装以打开过 被人用了3分之1,1
27746,买的时候上面写着7天无理由退货，到货后没有拆包装，打客服电话说不能退货，这是在欺骗消费者，建议大家不要相信这家商家，请绕道走吧！,1
37654,包装差，没有保护，收到的书有褶皱，请改进。,1
15250,我买了一条为啥插在u盘上，u盘灯亮了但就是不能用？？？,1
18387,随便网上能搜到一点基本的新三板法律解决方案，剩余大部分是法规，这样的律师写出这样的书，难道不觉得羞愧么？ 什么叫实务？ 实务就是告诉读者发现某一个事情怎么去做，去做的不仅仅是方向性，更应该是实操性的指导。 真的太烂了，求你们这些律师，能回归点正常律师么？别去忽悠人好么？,1
28565,2只才收到一只，还边角有破损，申请退货，几天了没反应，坑爹！亚马逊现在不如以前了！,1
29449,快递太慢了，快十天了还没到也没有物流信息,1
32921,此乃黑商户，买了一次，每个月给你发次货，而且还不能退货！！！此乃黑商户，买了一次，每个月给你发次货，而且还不能退货！！！此乃黑商户，买了一次，每个月给你发次货，而且还不能退货！！！此乃黑商户，买了一次，每个月给你发次货，而且还不能退货！！！此乃黑商户，买了一次，每个月给你发次货，而且还不能退货！！！此乃黑商户，买了一次，每个月给你发次货，而且还不能退货！！！此乃黑商户，买了一次，每个月给你发次货，而且还不能退货！！！此乃黑商户，买了一次，每个月给你发次货，而且还不能退货！！！此乃黑商户，买了一次，每个月给你发次货，而且还不能退货！！！此乃黑商户，买了一次，每个月给你发次货，而且还不能退货！！！此乃黑商户，买了一次，每个月给你发次货，而且还不能退货！！！此乃黑商户，买了一次，每个月给你发次货，而且还不能退货！！！此乃黑商户，买了一次，每个月给你发次货，而且还不能退货！！！此乃黑商户，买了一次，每个月给你发次货，而且还不能退货！！！此乃黑商户，买了一次，每个月给你发次货，而且还不能退货！！！此乃黑商户，买了一次，每个月给你发次货，而且还不能退货！！！此乃黑商户，买了一次，每个月给你发次货，而且还不能退货！！！此乃黑商户，买了一次，每个月给你发次货，而且还不能退货！！！此乃黑商户，买了一次，每个月给你发次货，而且还不能退货！！！此乃黑商户，买了一次，每个月给你发次货，而且还不能退货！！！此乃黑商户，买了一次，每个月给你发次货，而且还不能退货！！！此乃黑商户，买了一次，每个月给你发次货，而且还不能退货！！！此乃黑商户，买了一次，每个月给你发次货，而且还不能退货！！！此乃黑商户，买了一次，每个月给你发次货，而且还不能退货！！！此乃黑商户，买了一次，每个月给你发次货，而且还不能退货！！！此乃黑商户，买了一次，每个月给你发次货，而且还不能退货！！！此乃黑商户，买了一次，每个月给你发次货，而且还不能退货！！！此乃黑商户，买了一次，每个月给你发次货，而且还不能退货！！！此乃黑商户，买了一次，每个月给你发次货，而且还不能退货！！！此乃黑商户，买了一次，每个月给你发次货，而且还不能退货！！！此乃黑商户，买了一次，每个月给你发次货，而且还不能退货！！！此乃黑商户，买了一次，每个月给你发次货，而且还不能退货！！！此乃黑商户，买了一次，每个月给你发次货，而且还不能退货！！！此乃黑商户，买了一次，每个月给你发次货，而且还不能退货！！！此乃黑商户，买了一次，每个月给你发次货，而且还不能退货！！！此乃黑商户，买了一次，每个月给你发次货，而且还不能退货！！！此乃黑商户，买了一次，每个月给你发次货，而且还不能退货！！！此乃黑商户，买了一次，每个月给你发次货，而且还不能退货！！！此乃黑商户，买了一次，每个月给你发次货，而且还不能退货！！！此乃黑商户，买了一次，每个月给你发次货，而且还不能退货！！！此乃黑商户，买了一次，每个月给你发次货，而且还不能退货！！！,1
33703,听力 听力 听力 听力 资料在哪里！！！！！！！！！！！！！！,1
17740,东拼西凑，毫无价值，浪费了阅读时间，不值得买,1
32096,第一次买东西就印象不好。货已经收了，款已经扣了，为什么还压着我的预授权。占着我的额度。另外，买的时候填写发票信息了，发票呢？难道还要自己再去开么？,1
33990,褶皱！！！看评论有人说包装很好，所以买了，结果。。。我X，骗你大爷的！而且，纸张很差，没错，就是纸！！！,1
2880,实物与图片严重不符合，拿到手灰黑灰黑的，而且颜色不均匀,1
34605,首先在淘宝京东很多商家都在卖这款洗衣机，因为价格原因我就选择了价格最低的亚马逊，想不到就是噩梦的开始.. 1) 1月1日下的单，虽然是顺丰，不过1月12日才送到家里，而且只送到小区门口不送上楼，1月13日就是能退换的最后期限，所以根本来不及安装与测试。 2）安装后发现漏水，联系亚马逊，亚马逊叫我直接联系商家客服，我联系商家客服后他们也爱理不理的样子...最后还是要抓这亚马逊让他们去跟商家谈，商家才开始对我有响应.. 3）我相信是快递或者包装原因，后来师父来看发现洗衣机里头桶全碎了..是彻底粉碎了..然后又不能整台洗衣机更换..只能换零件...试想一下一台新买的洗衣机从来没使用过就除了外壳不用更换其他东西都更换的感觉是怎么样的么？ 4）商家上门维修需要发票...而洗衣机送来的时候并没有发票... 今天是2月1日，经过一个月折腾终于修好...不知道能用多久...,1
18357,同时买了这款还有维克牌的，这款狗狗根本不吃。也不知道效果如何。维克那个是特别喜欢吃，而且瘦弱的狗狗吃了一段时间后，体质有所增强，感觉不错。,1
36068,1、做工很粗糙；2、皮质看起来很次；3、鞋底在地板砖上的异响很大、同时做工和质地一般；对亚马逊的期待大打折扣,1
4829,我买过很多次书了，卖家在包装方面一直很吝啬，这次更是非常气愤和失望。仅用薄薄的一层塑料袋包装，包装过分简陋，已经破损污染。卖家的良心和责任心何在？只是不为难快递小哥，不情愿地收下。,1
39208,亏了是电子书，如果是纸书，都想撕成碎片。全书排版乱七八糟，前后重复。全书核心就是在自吹自擂。反反复复。标题党。,1
18947,页数偏差严重，从160页直接到177页，中间少了10多页的内容，这样的质量你还敢买吗？,1
36291,太无聊、太做作的故事，估计是翻译太没水平了,1
19947,都是空洞的大道理，说教的，没用的书，删除了,1
543,商家太不地道了，收到货第一天还能打通电话，只是没人接，后来在这上面发了邮件说退货，在打电话就打不通了，或是关机！唉......不想给退就直说,1
4108,上面贴了一个大大的标签，揭掉之后发现原来是在台湾地区卖的。原产地是韩国。喜欢用便宜进口货的小清新可以选,1
2740,书中没有matlab代码，也没有光盘，问作者要代码还要另外收费，不知道书名的matlab设计是什么意思。,1
16742,买的时候客客气气，发现尺寸有点大要退货就磨磨叽叽，最后也没退成，说我寄送快递的时候把洗碗机放反了导致有磕碰，难道快递公司就不会把箱子倒着放，那不也有磕碰么？最后白花了一笔钱，家里没地方放，送人了，坑！,1
31332,从你的全世界路过八分，这个两分吧，写的都是什么啊！！！！,1
35172,买的kindle版，实话实说，非常不好的一本书，很失望，因为经常出去旅游的关系想买本书了解遇到的野花，可是检索方式居然是按科属，如果我能判断科属的话，就不需要这样一本书了。也有按照颜色检索的，同一颜色都不挨着，你遇到一种黄色的花就要按着目录把他们都找一遍才行，太浪费时间！图片很小，排版很失望！,1
36402,2019 2月中旬买的，到现在不足俩个月，俩只鞋子前后都开胶了。一直穿这个品牌的鞋子，没遇到过这样的。,1
26723,字体看起来扁扁的，看截图，左边看起来是正常的，右边这本书看起来字体超级奇怪！！！,1
83787,没想到亚马逊的商品也这不靠谱，说好的保温两小时，实际根本不太保湿(外面热)，还卖这么贵，当初不如在淘宝上买，还可退货。这次上当了。,3
107394,鞋子的带子稍微矮了一些 本想退货的 但是退货太麻烦了 将就着穿吧,3
119023,都还好 就是膝盖那在上面没太遮盖膝盖部位,3
115646,同时买了T10款，但那款有点顶脚，退了留了这款，这款居然没配鞋带，也没说明原因，不爽。,3
115171,还没使用，东西好不好一回事，问题是这个“学生用”，还带刀鞘误导了我，以为是比较小的，结果是大人尺寸的，这个“学生”大概指的是高中生吧,3
104384,书本身挺好的，可是很不爽的是刚到手就从200减50变成了200减80。。。。,3
95389,诚实的说，可以一看。但是否值得一看? 我不确定会给别人推荐。,3
105667,"只写到汉朝却名字叫中国史,这不是骗人吗?混子你这么缺钱?",3
108393,先说圆通快递实在越来越突破底线了，永远不联系客户的情况下谎称联络不上待处理，不管是谁家只要发圆通就是这个状态。 这个东西好的一面的确能一个实现两个的功能，但很大的盘子，上面能放的空间比较小，倒是对健康有帮助，省得一次吃太多,3
107849,换了之后没什么感觉，真的不知道是真是假。这个油有一股淡淡的煤油味,3
101944,华为手机系统也不更新了，用了两年现在都用不了了,3
118027,东西方便好用，但现在喝上丹江水后水质好了不是一个档次，桶装水不喝了。,3
91302,开始还行，用了一段时间之后去屑效果就不怎么行了，不如其他水润养护系列的！,3
117890,音质一般，听低音有点闷。 我买的白色，遗憾的是没有标配音频线、没有便携 对音质要求较高者，不要轻易入手。,3
111706,味道重，总怕接触皮肤不好，再加上胸围小了，原想退货的，因为不在家错过了期限。,3
81044,前后主人翁性格不搭，感觉不是一个人写完的整本书，这个故事在最开始的回忆那里很吸引人，文笔很细腻，人物感情表达很丰富，可是等从回忆里回到现实，笔锋转了不说，整个人物的性格也变了，很明显的感觉到此文好像不是出自一个人的手笔，后半部分文章让我很失望，可以说是在浪费我的时间,3
114311,Pulse按键倾斜内凹，按下去好半天无法复位，现阶段影响美观，不知用一段时间后会不会坏？配件箱透明箱盖破裂，是否可以更换？,3
112078,在学校图书馆里借来看下就可以了，我买了很快就看完了，没有第二次翻看的冲动。书的印刷质量还是不错的。,3
89969,外观还可以，就是走时不准，三四天就要快两分钟,3
81532,"基本上都可以在网上查到的料理,买不买的你自己决定吧",3
109392,有帮助啊！！还行吧 这本书基本上把微商领域写成了一个系统，可以当做教科书看看,3
98485,就是简单讲解了每个框架的使用步骤，适合初学者,3
106294,书的字比较小，不知道怎么一行中的字体大小不一样，是正版书吗？网购很多书，第一次遇见，孩子是不能看了，只能囤着了！！！,3
96606,不对称锅体，一边像被挤压过，手柄有点松，太浅了,3
113144,s码不是成人款的s码，而是8-12岁幼童款,3
110686,锅底中心部分有点凸起，油不能平铺了。 相比于价格来说，有些失望。,3
105691,此书内容有点泛泛而谈，不够深入，很多地方都是蜻蜓点水带过。只适合有想法大致看一下流程的人。,3
85307,很伤心书运过来封面完全旧的不能看了，以前最喜欢在新华书店这边买了，现在却收到这样的货⊙﹏⊙,3
107112,大学时买的，准备工作前看看学习一下，结果看完后工作了，发现并不是都和书中的情景相似。 在我们这种国内互联网公司，人事没那么复杂。 如果和作者一样在外企工作可能会更有帮助。,3
95572,本来以为这个牌子的肯定很好，谁知道根本拖不了，太重了，无奈已经用过了，就不退货了,3
101463,帮朋友买的，价格很实惠，说是牛皮，但朋友说看着不像，我也不会看，但颜色她很喜欢，包容量也很大,3
82725,我是2月20号下的单，3月1日收到，这到底是什么快递呀？？？,3
193078,专门申请了prime会员就为了买这个镜头，没有收运费但是要收税，并不便宜几块钱，用不太好，还是喜欢大光圈，虽然已经比较轻了，但我还是嫌不够轻便了,5
166523,挺舒服的，不知道永久了是否会变形，价格比国内品牌高一些，用用看吧！,5
184007,此书不错便宜实惠；接线的方法讲的在详细点就好了,5
164688,买来充实教室的图书角的，孩子们很喜欢，我也很喜欢。,5
164368,书籍很好，读了之后感觉很实用，受了很大启发，快递员送货很快，值得大家阅读。,5
161787,用了感觉手机不错，发热控制的很好，待机时间能接受，希望华为再接再厉，碾压苹果,5
173895,中国制造，但质量一流，物流从日本到国内，没有任何磕碰与损失,5
196665,和上一本《人类简史》一样棒。幽默尖锐智慧，不愧是畅销书作家,5
163751,如题，我觉得还是不错的，是本好书，壮哉，我大图灵~！,5
192343,白色鞋永远是百搭款，这款鞋子挺舒适的，穿着也挺轻巧，特别显脚小,5
191382,非常好，还会常买，东西质量不错，反映也好，祝生意兴隆！！！,5
179846,在家正常用了半年，出门旅游收拾东西时掉地上了一下，然后就不能用了,5
198580,三国演义虽然是本小说，但是很多人都愿意将起视为真实的历史纪录。 其中对曹操，周瑜等的贬，对刘备，诸葛亮的褒，已经深刻影响了中国人对真实历史中上述人物的评价。 但是瑕不掩瑜，精彩，宏大，细致而又有悲壮的情节。汇成一部三国史，让我们得以一次又一次的阅读。,5
170545,书很好，作者绘画水平也非常高，讲解也很细，由于自己水平有限难临摹。书还是值得推荐。,5
198505,书很好，运货速度快，书是正版，儿子很喜欢。,5
178148,产品做工还不错，无异味。桌面调整还是比较顺畅，椅子坐的也很舒服。自己动手安装的，都还比较顺，就是椅子费了好大劲而且没看到椅子的说明书😝。少了个小零件和客服说了，答应补发😚。,5
195778,给儿子买的，儿子非常满意，码子正常，大品牌值得信赖。,5
191946,一直在亚马逊，习惯性购物首选亚马逊。品质有保障。现在在国内能买到进口正品不容易，亚马逊一定要保持下去呀。一如既往的喜欢，和支持。快递也给力。效率高。谢谢亚马逊。,5
172095,收到了，做工很好，老公穿着大小正合适，卖家和物流赞！,5
178701,低音不错，房间听很舒适，高音方面好像差点，海外购比国内便宜很多，不过如果有问题也不知道如何处理，好在音箱保护很严实，拿到手后完好无损。,5
162881,好几次在亚马逊上买西语用书了，价格适中，快递速度快，书内容也很好,5
162760,封面纸质都挺满意的 内容的话初读时有被影响到 后来觉得提供了看问题的一个视角吧,5
197902,很好，以前从不去评价，不知道浪费了多少积分，现在知道积分可以换钱，就要好好评价了，后来我就把这段话复制走了，既能赚积分，还省事，走到哪复制到哪，最重要的是，不用认真的评论了，不用想还差多少字，直接发出就可以了，推荐给大家！,5
172805,我已买了两个了，一个自己用一个给娘家用，现在还有亲戚想买，比实体店便宜很多，正品,5
194311,"非常好的宝贝,穿着舒适美观大方,是真皮的款式新颖",5
161074,很好的卖家，商品包装完好，送货快速，正规发票，赠品质量不错，买佳能产品今后就在你家了。,5
177119,内容还是不错的，主要是投资理念和策略，有助于构建成熟的投资理念,5
174228,有例句不错，可以下载配套音频。很好，作为基础书籍,5
198161,这本书纸张很好，内容都很充实，可以学到好多关于漫画的画法。,5
169585,这本书分析挺到位的，没人评价是不是被人黑了,5
176354,不错 开始使用确实有黑色碳粒 说明书也有写 冲几次也就干净了,5
161239,性价比很高啊，这一套壶直接搞定了，不用滤杯、滤纸，直接可以享受手冲单品的乐趣。,5
71782,厂家服务态度不好。一直在家等着送货，出去买了瓶水，没有带手机，刚好错过了厂家和送货负责人的电话，厂家先是在短信中责备万分，后打电话过去解释，又责备万分。不知道货怎么样。,2
75206,实在早上吃不下这玩意儿，一点味道都没有，买来到现在还没吃掉,2
65709,比较以前在美国买的色泽，大小都差，而且价格特贵。服务也不好，联系卖家不回应。希改进。,2
62893,烂尾就不说了，本身故事也是乏善可陈，感觉人物都是面目模糊，所有的人都不知为何缺乏行动逻辑，像是摆放好的木偶一般，说着作者想要听的话，顺着固定的脚本前行，算了，姑且是看完了，也不会再看第二次，算是浪费了时间吧，作为学地质的，看到那么多矿物方面的东西还是颇有些高兴的，姑且又多加了一颗星。,2
79853,因为喜欢yoga lin才买了这本书 书的内容很满意 亚马逊配送很快 书籍也没有破损 很满意,2
47356,物流不知为何前所未有的超快，晚上下单第二天早上不到九点就送到家了！比较失望的一次购物！商品本身无密封，物品脏乱，而且是一年多前产品，说明书商品外观和实物不符，实物也和网页上商品有些不符，试过吹风有味，不知是不是因为刚开始用，风嘴也有塑料味。如果不是嫌麻烦肯定退了！亚马逊，我放弃了淘宝和京东在你这购物，你辜负了我对你的信任呀！,2
47801,轻得不行，表盖的材质看起来太差了～想想也是，几十块钱买这个牌子的表难道还想要正品吗？不如随便买个都比这个有质感～能看时间就行吧～,2
75100,没用多少时间啊，3月买的，4月多开始用，这9月就充不进电去了，什么质量啊=。= 也找不到售后，疯了,2
66019,产品噪声太大！据说目前国内就这样的技术水平，希望不断改进提高。,2
63580,之前用的咖啡机也是意大利的一个牌子的 此款与之相比差太远了 1. 水箱用的材料有很重的塑料， 应该用食品级PC之类的吧 2. 过滤组件的材质比较不好，里面容易长水垢一样的东西 3. 咖啡渣有时会附在出水口 不知道会这样 总体感觉不好，用过比较好的咖啡机的人别买 会让你失望的,2
77178,亚马逊的客服服务太差，4月28打客服至5月9日打客服电话申请商品退货，每次客服接电话都会跟我说，24小时内回复我，然后四次都没有回复过，一次也没有,2
42840,外包装里面的外壳给压烂了，好在碟没坏。画质比普通DVD画质要差，但也不是不可忍，还算可看的，但是一开始播放起来真是卡死了，多放了几遍才好多了，但突然拉到其他时段还是会卡一下，不像别的DVD不会卡。勉强给两星。,2
74486,东西好坏不说。说是亚马逊自营 其实是加盟商家，还有五星好评冲话费小纸片呢。,2
64412,质量一般，鞋舌是革的，鞋底胶口没有大黄靴好。,2
57524,面料手感不好，不像纯棉的，有点粗糙。还什么圣大保罗，很洋气的名字，然而并没有什么卵用！总之这价格感觉不值,2
45348,主要是急用，就不找麻烦了，内容印刷正确，但和以前学校发的同系列教材比，好像纸张薄了，纸正面可以看到反面的内容，难不成是我记错了，呵呵,2
67333,商品描述为皮革（Leather ），实际为other material ，且标识也为人造革，海外购懒得退了，但希望描述准确！,2
43084,有注音确实不错，但是错的地方真不少。如果要阅读此本，建议最好多找几个版本对照看！,2
43543,大多单词都没有例句，对于有些相近的词意无法进行区分,2
58349,降噪效果似乎只来自入耳的耳塞，试过高铁和空调风机这种相对稳定的噪声，同样的环境下打开ANC降噪和关闭几乎没区别。,2
67782,做工一般，附带的1号电池是扁的，明显被压过还是什么；电池盒有些粗糙。,2
75651,实用内容太少，感觉8%都是在凑字数，只是提出了问题，并没有给出很多解决问题的方案,2
54732,虽然中间出现了小插曲，但是还是在最快的时间内给我换了个新手机，我表示非常感动，服务态度非常好的，电话服务，还有快递大哥，都很好，我以后会首选亚马逊的！,2
45813,就是地下力量，内容一模一样。换了个封面，换个书名又拿出来卖。,2
54549,不知真货假货，以前在超市买的纯果汁并无杂质，这次买的里面果肉杂质多。,2
78954,脚踩着挺舒服，但是掉色，没有吊牌看着美国制造实际中国制造，皮面穿着不到二十天有碎裂纹，难道就这一双质量有问题的让我碰上了，决定退货，谁知道物流一直没来短信，来短信了也没时间折腾了，商品发货就用了一个月时间，真怀疑商品发到美国在发回来，再退在用一个月时间，真没这功夫了，认了，不建议购买,2
68249,从现在这个时点看，书中的内容比较浅显、逻辑深度不够，并无明显亮点。,2
70247,好吧，不应该买的，一页也没做。看了就头晕。,2
58152,刚拿到货时发现包装袋破了一个小口，打开后发现书的角已经弯曲，像是被开过？反正懒人，将就一下算了,2
61163,无法升级，退货了到现在没有收到款呢，为什么？权当被骗了,2
65545,连美国军方（FBI）都在找茱莉亚教他们怎样用基于证据的技巧来提高自己的记忆质量，我们还有什么理由不学。,2
67028,盖子的味道很大，强烈的塑料味，后悔了，不推荐！,2
