127855,宝宝现在越来越喜欢坐着玩，这个实用，挂件还能换其他的,4
152307,四十块够用很久了，德国产的，据说比台湾产的会好用，没对比过不知道，擦得挺干净的,4
120267,一块整木，硬实，用起来不错。 少给一星，是因为这个砧板湿了之后，木材本身有股不好闻的气味会粘在手上；得重新洗一下手才能去掉。 另外真实的材质也没有广告图片那么好看。,4
130126,故事短小，精悍，画风很美，典型的西方风格，当然书很薄，没几页。,4
156282,今天收到鞋子就穿运动袜试了一下，鞋子偏小，买大0.5至1.0厘米比较合适。,4
133660,三个故事，第一个故事占了大半部分，总觉得男女之间的友情可以如此清澈长久，是件不可思议的事情，这个故事可以在杂乱现实的世界里，给人一点缘分的遐想,4
157316,讲真，不是很满意。首先，我第一次购买的时候并不知道次日到货，我等了两三天，迟迟未接到电话，然后我上来一看，已经在退货了，理由是联系不上我，呵是联系不上还是没有联系？第二次，我又下了单，可是在订单信息显示的却是第一次购买时送货的快递员的电话，我打过去，态度很强硬，意思就是你爱要不要，说已经退回去了，还说有通话记录证明他打了电话给我，呵。我在微博上看到很多投诉银捷快递的，我在此强烈要求贵站更换快递公司，谨此！,4
141204,总体不错，挺大的，不过装的时候布有点紧。,4
153551,首先快递有点慢 自己买大了点 平时耐克男球鞋买的43 这个买的9 估计8.5才合适,4
153131,宝贝收到了，质量很好，容量很大，很漂亮，物流也很给力，卖家很好,4
141379,699抢的，非常值了，做工一般，WMF的牌子很响。,4
147747,皮的，质感软，不过我媳妇说像洗漱包，拉链一般，说实话，感觉不像国外货，很像中国小作坊做的,4
144727,穿NB要7码，所以就按此码数买，谁知太大了，穿不了，又没6码的货，退了，不过穿上很好看，修脚,4
136619,比想像的要小得多。没怎么用，没有调速功能的。,4
140855,内容不错，可读性强。很具有参考价值，不过还是希望具体的例子更多一些会更好。,4
128778,还好，本来以为整个瓶身是木质的，谁知道只是一层漆，而且有些地方掉漆了，所以就四星吧,4
128391,收到货后就试用了，熨衣服的效果还是很不错的。但没商品所介绍的速度。,4
148765,诗作本身可读，但纸张粗糙，装订不好，容易垮掉。,4
150547,很好内容很详细，适合新手。就是实物到手时感觉颜色暗淡，可能是印刷导致的,4
124668,买的时候，冲着网页上写的材质是304钢就买了。可是包装上壶上都没有304字样，现在的网页上也不写304钢了。到底是什么钢呢？,4
137341,百万年前人类诞生，一万年前人类文明曙光初现，尽管这段时间相对历史的长河只是沧海一粟，但深刻地改变了自然和人类自己。如何了解和认识人类文明史？如何理解人类文明的发展进程？这是一个绝对的大问题，没有一定的知识储备和理论体系而妄自下笔，只会被人耻笑。 作者则大胆地进行了尝试，“从宏观的和动态角度来说明人类文明的演化趋势和中西文化的基本分野···通过建构各种理论体系来解释那些被记载的历史事实，并把意义赋予它们”，跳脱出传统的“原始社会-奴隶社会-封建社会-资本主义社会”概念范畴，以“神话时代-英雄时代-宗教时代-工业时代”这一新角度来重新审视人类文明，其中提出“文化杂交”的观点，即农耕民族与游牧入侵者的冲击和杂交从而发生文化形态嬗变，具体有三次，完成了历次文明的蜕变。 1997年成书，立论新颖，角度也独特，给人耳目一新；但也受限于当时的材料和能力吧，书中缺少更为详实的史实，论述的过程中主线不够凸出，论据有些刻意安排。总而言之，这本书是探讨人类文明史的一次有力尝试，期待更多的后来者。,4
137402,清晰明了地让读者了解了Google主要采用的技术,4
155376,没想到这是一本有关人工智能引发社会问题的书，这是未来我们不得不面对和解决的。,4
120130,低音音质不是太好，有点硬，不是那种散开的那种，听多了可能不舒服，造型质量挺不错的,4
131492,被题目吸引进来的，喜欢顿悟的感觉，希望可以抓住这个感觉,4
159639,系统理论和实际案例加上网友的案例作拿出来讨论，该书升入浅出，的确很接地,4
138131,时间没有详细对过，但是夜光不是很好的说。,4
131197,一般般，有些情节不是夸张了就是隐去了不少。,4
120335,快递真的很给力！货品方面，跟图片不太一样，图片中的表盘基本是黑色的，但实货到手后发现，其实是跟碳纤维一样的深灰色，其实也蛮好看的。另外，吐槽下手表的搭扣，真的就是两片铁皮，真担心哪天就折了,4
129935,按键力度适中，响声悦耳，滚轮无声。随鼠标附带一节AA电池，服务意识不错，不知道使用寿命怎么样，用用看下。,4
136014,领标是小标，不清楚是不是正品，不过感觉做工还可以,4
123297,鞋偏大，透气性不错，足底干爽，不进水，应该是正品,4
155661,和我自己的26寸箱子相比，这个箱子小，像24寸的。,4
125507,有趣，有料。 美中不足，是过于简单 看过之后印象不会太深刻 不过这是休闲读物的通病,4
138976,如果你既是日系火车迷又喜欢旅游，此书必买！即使不是火车迷，但如果想去日本体验不一样的旅行，这本书也是非常棒的指南！给四星的原因是书里的错别字实在有点多，校对的工作没做好，希望再版时能改进。,4
140632,收到的不算快，但包包是真心喜欢，很想自己也能画出喜欢的图案。,4
147442,据朋友说包装简陋没有盒子只有袋子，无色差，比图片看着大太多，所以一定要看好尺寸，适合旅行的时候带，很能装，口袋很多都在外面，里面空荡荡特别能装，但是，太沉了，我是女生拎着很吃力，有一处皱痕，因为是硬皮质所以无法消除。如果在柜台看见我是不会买的。也就值这个价，多了不值。,4
130874,没有看最后一部分回信 其他部分其中有些道理还是值得看看的，道理都懂 但有时就需要这样一个提醒,4
139913,还可以，有些故事虽然听过，但是重读还是很有感觉,4
126197,质量都很好，只有一点耳机话筒孔在一起很纠结。快递很迅速，货物也不错,4
141460,看评论说是如何如何酸 其实还好啦 没有什么添加剂蛮好的 配合蜂蜜饮用还是不错滴 少放点就不会那么酸啦。,4
151287,我们收到的这双鞋子只有一只能发光的，正不正常？,4
144299,扯经这一块，挺扯的也搞笑。 奇趣这一版有点魔幻现实主义的感觉，我怀疑是作者喝醉时候写的。 第三部分有点像是日记吧，看得出挺脱俗和洒脱的一个人。,4
152763,宁可，也不这个句式中，错杀一千和放过一个，谁前谁后？取决于你。,4
148564,使用很方便，可惜没有坐垫，冬天只好在里面垫个毛巾。感觉有点小，宝宝大点估计就用不了了，卡扣有时候很不好拆，不知道多拆几次会不会断掉。,4
122279,175-65 kg，买了m码，穿起来很舒服，面料不错，做工精细，就是袖子有点大，有点长，不过还好，里面还可以穿一件卫衣或者衬衫，这种衣服穿起来就要粗犷一点，太紧反而不好，物流也是很快的，一周时间就到了,4
133981,以为小朋友刷牙结束后会有一段动听的音乐，结果只有结束提示音，是不是这款不带音乐啊？,4
140536,不太严谨，有些表述不能深究，不过作为考试教材是必然可以的。,4
120299,故事没那么跌宕，太现实了，没有觉得很喜欢,4
120440,印刷不错，日系的腔调： 冷色系的背景色，冷色系的配图。每一道菜有图也有具体的做法。打算按书的菜谱选些易上手的来学做。不过很多配料的叫法会比较不一样，如果要做得一样还是需要再研究的,4
136634,内容比较基础。做期货的即便是不考试也应该学一点基础知识。法规部分有许多公司法的内容，以及金融监管的法律法规。考试前需要集中看个两三天。 因为已经从业一段时间，还是比较有信心。但考试出乎我意料的是：1、时间有点紧张。100分钟，需要抓紧使用，后面题来不及看了就瞎选的。2、基础比法规难，很多都是计算题，需要速算，参加考试前最好找题先练一练。 我考试前一周出差，一边坐车一边看，断断续续看了一周，低空飘过，也算没白忙活一场。,4
138637,买之前没有做好功课 买了来只能使用轨迹球 不太习惯 但是用久了习惯后应该还是不错的 这货只能用来上网 或者简单的操作 可用来当Htpc的鼠标 在电视上遥控 玩游戏 做表格就算了 还是很别扭的,4
155686,物流速度很快，晚上十一点订的，第二天中午就到货了！在煲机中，声音还不错，声音挺大，和在实体店试听差不多，但是比试听的耳机效果要好些。,4
130060,第一次开机就总是显示放置纸张并按启用键 ，纸张都放了一叠,4
154537,我相信原版图书肯定写的很好，但是在翻译到中文的时候不是很地道，很拗口，这个需要今后改进的,4
158117,不是说好夜光的吗？除了不夜光其他都很好.很喜欢.,4
130784,是感觉会发热，但不知道能发热多久！期待中,4
143442,家里已经使用了一段时间，今天才来评价。主要是为小宝买的，现在小宝每天睡觉时都在用，效果还是不错的。空气过滤网每隔两星期用吸尘器清理一下，可以重复使用较长时间，使用成本自然也下降了，可以根据需要选择不同的运行模式，基本上无噪音。,4
124522,很可爱。可是收到后色差严重。我以为我买的是粉色，英文不好是硬伤,4
158467,还没全部看完。高需求宝宝需要的时间和精力都会远大于天使宝宝。客观的看待，不全信。吸收自己觉得重要的吧,4
151715,书质量还可以，物流也蛮快，内容也很好，非常喜欢。,4
125100,买的kindle版开始还担心图片不好，入手以后在手机上看图片的感觉和拍子上看的效果一样。书有些小瑕疵有几个字明显是错别字。总体来说还是很不错了。图例也多。,4
140771,快递很快，书质量也很高，但是，画面很模糊，感觉压缩后又放大了的样子，看的不清楚，字体是正常的。,4
155054,不推荐大家入手 实物跟图片有很大差别,4
6468,作为精密仪器，这个准确度很让人失望！太失望！,1
14064,用了两个月，不知道什么原因，自己启动了，怎么按它都停不下来，气死我了,1
20862,手机里竟然有2条电话号码？还有聊天记录，太不尊重顾客了！！！包装盒发黄，是真机没开封的吗？一向从京东买从没遇到这种情况，因为这次京东没货了所以从亚马逊买了，本人网购3年第一次给别人差评，真是太气愤了！！,1
35994,气味很重 不适合在车里面擦拭 有甲醛味道 包装以打开过 被人用了3分之1,1
27746,买的时候上面写着7天无理由退货，到货后没有拆包装，打客服电话说不能退货，这是在欺骗消费者，建议大家不要相信这家商家，请绕道走吧！,1
37654,包装差，没有保护，收到的书有褶皱，请改进。,1
15250,我买了一条为啥插在u盘上，u盘灯亮了但就是不能用？？？,1
18387,随便网上能搜到一点基本的新三板法律解决方案，剩余大部分是法规，这样的律师写出这样的书，难道不觉得羞愧么？ 什么叫实务？ 实务就是告诉读者发现某一个事情怎么去做，去做的不仅仅是方向性，更应该是实操性的指导。 真的太烂了，求你们这些律师，能回归点正常律师么？别去忽悠人好么？,1
28565,2只才收到一只，还边角有破损，申请退货，几天了没反应，坑爹！亚马逊现在不如以前了！,1
29449,快递太慢了，快十天了还没到也没有物流信息,1
32921,此乃黑商户，买了一次，每个月给你发次货，而且还不能退货！！！此乃黑商户，买了一次，每个月给你发次货，而且还不能退货！！！此乃黑商户，买了一次，每个月给你发次货，而且还不能退货！！！此乃黑商户，买了一次，每个月给你发次货，而且还不能退货！！！此乃黑商户，买了一次，每个月给你发次货，而且还不能退货！！！此乃黑商户，买了一次，每个月给你发次货，而且还不能退货！！！此乃黑商户，买了一次，每个月给你发次货，而且还不能退货！！！此乃黑商户，买了一次，每个月给你发次货，而且还不能退货！！！此乃黑商户，买了一次，每个月给你发次货，而且还不能退货！！！此乃黑商户，买了一次，每个月给你发次货，而且还不能退货！！！此乃黑商户，买了一次，每个月给你发次货，而且还不能退货！！！此乃黑商户，买了一次，每个月给你发次货，而且还不能退货！！！此乃黑商户，买了一次，每个月给你发次货，而且还不能退货！！！此乃黑商户，买了一次，每个月给你发次货，而且还不能退货！！！此乃黑商户，买了一次，每个月给你发次货，而且还不能退货！！！此乃黑商户，买了一次，每个月给你发次货，而且还不能退货！！！此乃黑商户，买了一次，每个月给你发次货，而且还不能退货！！！此乃黑商户，买了一次，每个月给你发次货，而且还不能退货！！！此乃黑商户，买了一次，每个月给你发次货，而且还不能退货！！！此乃黑商户，买了一次，每个月给你发次货，而且还不能退货！！！此乃黑商户，买了一次，每个月给你发次货，而且还不能退货！！！此乃黑商户，买了一次，每个月给你发次货，而且还不能退货！！！此乃黑商户，买了一次，每个月给你发次货，而且还不能退货！！！此乃黑商户，买了一次，每个月给你发次货，而且还不能退货！！！此乃黑商户，买了一次，每个月给你发次货，而且还不能退货！！！此乃黑商户，买了一次，每个月给你发次货，而且还不能退货！！！此乃黑商户，买了一次，每个月给你发次货，而且还不能退货！！！此乃黑商户，买了一次，每个月给你发次货，而且还不能退货！！！此乃黑商户，买了一次，每个月给你发次货，而且还不能退货！！！此乃黑商户，买了一次，每个月给你发次货，而且还不能退货！！！此乃黑商户，买了一次，每个月给你发次货，而且还不能退货！！！此乃黑商户，买了一次，每个月给你发次货，而且还不能退货！！！此乃黑商户，买了一次，每个月给你发次货，而且还不能退货！！！此乃黑商户，买了一次，每个月给你发次货，而且还不能退货！！！此乃黑商户，买了一次，每个月给你发次货，而且还不能退货！！！此乃黑商户，买了一次，每个月给你发次货，而且还不能退货！！！此乃黑商户，买了一次，每个月给你发次货，而且还不能退货！！！此乃黑商户，买了一次，每个月给你发次货，而且还不能退货！！！此乃黑商户，买了一次，每个月给你发次货，而且还不能退货！！！此乃黑商户，买了一次，每个月给你发次货，而且还不能退货！！！此乃黑商户，买了一次，每个月给你发次货，而且还不能退货！！！,1
33703,听力 听力 听力 听力 资料在哪里！！！！！！！！！！！！！！,1
17740,东拼西凑，毫无价值，浪费了阅读时间，不值得买,1
32096,第一次买东西就印象不好。货已经收了，款已经扣了，为什么还压着我的预授权。占着我的额度。另外，买的时候填写发票信息了，发票呢？难道还要自己再去开么？,1
33990,褶皱！！！看评论有人说包装很好，所以买了，结果。。。我X，骗你大爷的！而且，纸张很差，没错，就是纸！！！,1
2880,实物与图片严重不符合，拿到手灰黑灰黑的，而且颜色不均匀,1
34605,首先在淘宝京东很多商家都在卖这款洗衣机，因为价格原因我就选择了价格最低的亚马逊，想不到就是噩梦的开始.. 1) 1月1日下的单，虽然是顺丰，不过1月12日才送到家里，而且只送到小区门口不送上楼，1月13日就是能退换的最后期限，所以根本来不及安装与测试。 2）安装后发现漏水，联系亚马逊，亚马逊叫我直接联系商家客服，我联系商家客服后他们也爱理不理的样子...最后还是要抓这亚马逊让他们去跟商家谈，商家才开始对我有响应.. 3）我相信是快递或者包装原因，后来师父来看发现洗衣机里头桶全碎了..是彻底粉碎了..然后又不能整台洗衣机更换..只能换零件...试想一下一台新买的洗衣机从来没使用过就除了外壳不用更换其他东西都更换的感觉是怎么样的么？ 4）商家上门维修需要发票...而洗衣机送来的时候并没有发票... 今天是2月1日，经过一个月折腾终于修好...不知道能用多久...,1
18357,同时买了这款还有维克牌的，这款狗狗根本不吃。也不知道效果如何。维克那个是特别喜欢吃，而且瘦弱的狗狗吃了一段时间后，体质有所增强，感觉不错。,1
36068,1、做工很粗糙；2、皮质看起来很次；3、鞋底在地板砖上的异响很大、同时做工和质地一般；对亚马逊的期待大打折扣,1
4829,我买过很多次书了，卖家在包装方面一直很吝啬，这次更是非常气愤和失望。仅用薄薄的一层塑料袋包装，包装过分简陋，已经破损污染。卖家的良心和责任心何在？只是不为难快递小哥，不情愿地收下。,1
39208,亏了是电子书，如果是纸书，都想撕成碎片。全书排版乱七八糟，前后重复。全书核心就是在自吹自擂。反反复复。标题党。,1
18947,页数偏差严重，从160页直接到177页，中间少了10多页的内容，这样的质量你还敢买吗？,1
36291,太无聊、太做作的故事，估计是翻译太没水平了,1
19947,都是空洞的大道理，说教的，没用的书，删除了,1
543,商家太不地道了，收到货第一天还能打通电话，只是没人接，后来在这上面发了邮件说退货，在打电话就打不通了，或是关机！唉......不想给退就直说,1
4108,上面贴了一个大大的标签，揭掉之后发现原来是在台湾地区卖的。原产地是韩国。喜欢用便宜进口货的小清新可以选,1
2740,书中没有matlab代码，也没有光盘，问作者要代码还要另外收费，不知道书名的matlab设计是什么意思。,1
16742,买的时候客客气气，发现尺寸有点大要退货就磨磨叽叽，最后也没退成，说我寄送快递的时候把洗碗机放反了导致有磕碰，难道快递公司就不会把箱子倒着放，那不也有磕碰么？最后白花了一笔钱，家里没地方放，送人了，坑！,1
31332,从你的全世界路过八分，这个两分吧，写的都是什么啊！！！！,1
35172,买的kindle版，实话实说，非常不好的一本书，很失望，因为经常出去旅游的关系想买本书了解遇到的野花，可是检索方式居然是按科属，如果我能判断科属的话，就不需要这样一本书了。也有按照颜色检索的，同一颜色都不挨着，你遇到一种黄色的花就要按着目录把他们都找一遍才行，太浪费时间！图片很小，排版很失望！,1
36402,2019 2月中旬买的，到现在不足俩个月，俩只鞋子前后都开胶了。一直穿这个品牌的鞋子，没遇到过这样的。,1
26723,字体看起来扁扁的，看截图，左边看起来是正常的，右边这本书看起来字体超级奇怪！！！,1
26,感觉很难吃，买之前没看评论，不然肯定不会买了。,1
8401,连减震的泡泡纸都没有，甚至连个纸包裹一下都没有，什么都没有，盒子里就这样一支口红，打开就是这个样子，来回被撞的样子呵呵呵了，亚马逊你开不下去就是迟早的事,1
30436,投诉两次，死皮赖脸就是不给你开发票，也不知道亚马孙是怎么处理的,1
15168,书是周一下单的，但是周四才到。外包装是完好无损的，但是打开之后，里面的第一本和第二本根本没有塑料纸包装，并且上下书籍封面都有破损，这是我第一次收到有这样包装的书籍，很伤心。,1
25405,拖把杆太细，不到半年断了，不知保用5年的底气从何而来,1
31839,为什么我都已经退货了，卖家没有退钱给我，而且我根本找不到卖家联系电话，现在我书没拿到时候，钱也没退到。卖家钱不要退了，发货吧。,1
37419,这本书买的失败，以至于我决定去书店重新买一本。失败的原因是这是一本二手书，李宗吾本人的东西已经很少了，全被那个翟文明那个编著改成了自己编的一本书。让我很失望。,1
13665,还有什么思想，大家应该用自己脚来踩死这个老无赖。,1
38631,每一本书都是皱皱巴巴的，我买的是书还是废纸，包装能不能长点儿心,1
12671,一直用魅士的手机套，买了很多次了，100个赞👍,1
27630,辣鸡！！首先已经过时了，配置不正确。内容讲得太基础。所以就是辣鸡！！！,1
10922,用到第二天，就坏了。然后问客服应该怎么处理，但是没有回应。也没有人联系我怎么弄。要求退货后，也是非常麻烦，要求很多东西，还要我自己承担费用寄回去，完全没有诚意要解决问题。质量确实是太差了,1
4135,什么鬼我的账户里没有这本书还一个劲地下载 差评！！！！！！！！！！！！！！！！！！！！！！！！！！！！！！！！！！！！！！！！！！！11,1
1005,一点没有茉莉花的清香味，很陈旧的感觉。已开封又无法退。,1
28178,质量很一般，鳄鱼的嘴固定很费劲，老是自动闭上，我自己手动改装了一下，好一些，懒得退了。。。,1
6973,1.鞋子的材料非常垃圾，不知道是什么材料，非常容易脏，非常容易沾上脏东西，买回来第一天就发现了 2.鞋底简直就是垃圾，就是平板，直上直下的那种鞋底，非常异常非常异常（用来表示我的愤怒）容易脏，相信有经验的朋友应该知道，鞋底边缘非常容易沾上脏污，并且向上蔓延，能理解那种情况吗，我现在的鞋从来没出现这种情况。 （再删就没天理了）,1
11121,就切了一次蔬菜，居然就有3除缺口，无语了,1
15716,非常恶心的一次购物，查看快递显示已经送达几天，没有任何消息，给快递人员电话打过去让把单号说下完了一会回复，结果两天又过去了还是没回复，再次电话过去让我再次报单号，我说上次已经说过了当时你们也有记录的，我说我这会没在外面没法提供单号，对方说那就算了，我想说尼玛~~头一次遇到这要的快递，最后找亚马逊反应，接到一个电话说是快递公司的让去一个站点取货，我问对方说你们送快递就是往一个地方一放电话、短信啥都不通知一下就行了吗，对方说是的他们没法通知再次想说尼玛~~,1
3889,很好看的鲜橙色，不是荧光色。粘性手胶也好用，马上自己缠上啦,1
12858,我定的单还要等几天能到，深圳到广州都两三天了还没到吗？,1
21575,卖家真是服了你 我订购的 是2件一样的 居然给我发的不是同一款 快递速度慢 一个星期差不多才收到货物，对其很不满意 ！！！,1
36406,1、物流慢，周五早上买的，准备周末在家收快递，等了两天没到，下周二才到！2、圆通的快递员送快递态度差，因为在上班我让他晚上或者放假了再送，他说太麻烦，让我赶紧想办法！！靠！我也想在家收快递，但你们太慢了，周末没送过来啊！我周末都推了好多事，没敢出门，就等你送快递！！ 我相信东西应该是好东西，好多朋友同事都推荐这个给我，但强烈建议商家能换家快递公司！圆通太差劲！否则真的很影响购买体验！！！！！！！,1
11846,孩子很喜欢，但就是那个声音太吵了，不是一点点吵。听了难受，烦躁,1
20919,已经不能用了。。。。没有通话声音，找谁维修？,1
7807,亚马逊每次包装都是薄薄的一层塑料，是每次，我所有的书，不管买几本！还有压痕…,1
1963,这亚马逊太坑了，在亚马逊少说也买了块10W的东西了，居然我下单了给我退了。 我买的尼康单反D610居然给我悄悄的退单了。 这亚马逊太坑了，在亚马逊少说也买了块10W的东西了，居然我下单了给我退了。大家都别相信亚马逊的秒杀了。别用亚马逊了。哎 投诉部门居然说没有记录，我就是用的本号买的。居然没有记录，哎，伤心的亚马逊，本来还一直相信亚马逊的。哎哎哎，受伤的啊。 居然现在评论的需要审核了。什么意思啊。怕我发你们不好的信息，你们好给我屏蔽吗？ 还有上次我在这个帐号上买的一双鞋子，无缘无故的给我消失了，我后来打电话问客服，说是没有货了。我晕，我不打电话就不联系我了吗？ 我等待了那么久就是一句没有货了来敷衍你们的客服，什么啊，怎么亚马逊到了中国变成这个样子了？ 我在美国亚马逊也买了不少东西，购物体验完全不一样啊。,1
8068,之前的评论居然没有通过审核，垃圾！产品是17年2月的，还有半年左右的保质期，千万不要买了，而且明明下完单第二天就降价了，客服还不承认！！！,1
13805,带了半个月后突然发现表带的每一节都出现了刮痕，很奇怪的是无一例外。看别人的带了好几年的都没有问题呢。,1
18976,为什么光盘是坏的，据说还对电脑光驱有损坏！好生气，换书也来不及了,1
27257,一星都不想给，不要在这个海外购下单，会等着你崩溃，下单后几天都不发货也不给取消订单。,1
11104,用了不到5次，伞把那个卡位就有一个莫名奇妙断了，伞扣也坏了。怎么能这样。,1
29635,为什么卖的比淘宝还贵，结果还要给运费，想不通,1
83787,没想到亚马逊的商品也这不靠谱，说好的保温两小时，实际根本不太保湿(外面热)，还卖这么贵，当初不如在淘宝上买，还可退货。这次上当了。,3
107394,鞋子的带子稍微矮了一些 本想退货的 但是退货太麻烦了 将就着穿吧,3
119023,都还好 就是膝盖那在上面没太遮盖膝盖部位,3
115646,同时买了T10款，但那款有点顶脚，退了留了这款，这款居然没配鞋带，也没说明原因，不爽。,3
115171,还没使用，东西好不好一回事，问题是这个“学生用”，还带刀鞘误导了我，以为是比较小的，结果是大人尺寸的，这个“学生”大概指的是高中生吧,3
104384,书本身挺好的，可是很不爽的是刚到手就从200减50变成了200减80。。。。,3
95389,诚实的说，可以一看。但是否值得一看? 我不确定会给别人推荐。,3
105667,"只写到汉朝却名字叫中国史,这不是骗人吗?混子你这么缺钱?",3
108393,先说圆通快递实在越来越突破底线了，永远不联系客户的情况下谎称联络不上待处理，不管是谁家只要发圆通就是这个状态。 这个东西好的一面的确能一个实现两个的功能，但很大的盘子，上面能放的空间比较小，倒是对健康有帮助，省得一次吃太多,3
107849,换了之后没什么感觉，真的不知道是真是假。这个油有一股淡淡的煤油味,3
101944,华为手机系统也不更新了，用了两年现在都用不了了,3
118027,东西方便好用，但现在喝上丹江水后水质好了不是一个档次，桶装水不喝了。,3
91302,开始还行，用了一段时间之后去屑效果就不怎么行了，不如其他水润养护系列的！,3
117890,音质一般，听低音有点闷。 我买的白色，遗憾的是没有标配音频线、没有便携 对音质要求较高者，不要轻易入手。,3
111706,味道重，总怕接触皮肤不好，再加上胸围小了，原想退货的，因为不在家错过了期限。,3
81044,前后主人翁性格不搭，感觉不是一个人写完的整本书，这个故事在最开始的回忆那里很吸引人，文笔很细腻，人物感情表达很丰富，可是等从回忆里回到现实，笔锋转了不说，整个人物的性格也变了，很明显的感觉到此文好像不是出自一个人的手笔，后半部分文章让我很失望，可以说是在浪费我的时间,3
114311,Pulse按键倾斜内凹，按下去好半天无法复位，现阶段影响美观，不知用一段时间后会不会坏？配件箱透明箱盖破裂，是否可以更换？,3
112078,在学校图书馆里借来看下就可以了，我买了很快就看完了，没有第二次翻看的冲动。书的印刷质量还是不错的。,3
89969,外观还可以，就是走时不准，三四天就要快两分钟,3
81532,"基本上都可以在网上查到的料理,买不买的你自己决定吧",3
109392,有帮助啊！！还行吧 这本书基本上把微商领域写成了一个系统，可以当做教科书看看,3
98485,就是简单讲解了每个框架的使用步骤，适合初学者,3
106294,书的字比较小，不知道怎么一行中的字体大小不一样，是正版书吗？网购很多书，第一次遇见，孩子是不能看了，只能囤着了！！！,3
96606,不对称锅体，一边像被挤压过，手柄有点松，太浅了,3
113144,s码不是成人款的s码，而是8-12岁幼童款,3
110686,锅底中心部分有点凸起，油不能平铺了。 相比于价格来说，有些失望。,3
105691,此书内容有点泛泛而谈，不够深入，很多地方都是蜻蜓点水带过。只适合有想法大致看一下流程的人。,3
85307,很伤心书运过来封面完全旧的不能看了，以前最喜欢在新华书店这边买了，现在却收到这样的货⊙﹏⊙,3
107112,大学时买的，准备工作前看看学习一下，结果看完后工作了，发现并不是都和书中的情景相似。 在我们这种国内互联网公司，人事没那么复杂。 如果和作者一样在外企工作可能会更有帮助。,3
95572,本来以为这个牌子的肯定很好，谁知道根本拖不了，太重了，无奈已经用过了，就不退货了,3
101463,帮朋友买的，价格很实惠，说是牛皮，但朋友说看着不像，我也不会看，但颜色她很喜欢，包容量也很大,3
82725,我是2月20号下的单，3月1日收到，这到底是什么快递呀？？？,3
108222,鞋子还不错，挺时尚，也合脚。目前没穿着跑过步，不做置评。但是如果走路，还是很不错的。,3
87568,翻开第一页是破的，有点失望，难道不是正版吗？,3
91090,我的remote并不能用，而且时常电用起来很快,3
112733,以前从不去评价，不知道浪费了多少积分，现在知道积分可以换钱，就要好好评价了，后来我就把这段话复制走了，既能赚积分，还省事，走到哪复制到哪，最重要的是，不用认真的评论了，不用想还差多少字，直接发出就可以了，大家也试试,3
83285,有一本书皮边有破损，内容不是纯白话文，适合中学以上的看，字体略小，但能接受，不过纸张不好，背面的字透的厉害,3
84544,这套书虽然也是两年前买的，孩子相对来说不是很喜欢，书的质量也不太好，看着看着就散了。,3
111060,王强的《圈子圈套》3部，非常精彩。冲着同一个作者去的，而且书名也不错。看起来，又会是部精彩的作品。 但是，这部作品，前半部设了一个非常明显的局，关键是这个局很冗长，吊足了读者的胃口。 当这个局逐渐打开，读者才发现，其实并不高明。先前的大肆渲染，到最后不过是喝了杯白开水。而且草草结尾，能看出来作者是想给读者留个想像的空间，但是恕我直言，作为读者之一，我实在懒得去想像后面的故事。 总体而言，这本书是大标题小内容。,3
103555,刚买来的表，不会走，想知道是没电了还是其他的什么状况，买来表冠不是卡着的，就在最里面,3
92791,无太多的专业知识及交易节点介绍，简单的线型叙事，当故事读可以！,3
84236,本人脚板比较宽，脚背比较高，这双鞋不是很适合我的脚型。买跑鞋，还是要买合脚的好,3
102689,扫描书中的二微码是广告并没有视频教程，（全是这样）买了N多书还是头一次遇到。微信中找了该学院他们提供了一些无用地址，后来再找就不回复了。这就是蜂鸟摄影学院！！！。,3
116075,运送速度不错，但是拿了别人的书一对比，明显的盗版，表示很生气，那么贵的一本居然是盗版，不再相信亚马逊了,3
104583,按主题分的单词虽然挺好的，但是没有mp3也没有标音调，不是很实用,3
89643,一个影迷如此珍视的精装版图书，居然只有一层塑料外包装，什么填充物都没有，可以再幽默一点？,3
110599,香味有点奇怪，不刺鼻，使用过后头发很柔顺，不油腻,3
113917,使用频率并不高，买了两年多了，合起来应该没用到20次，最近一次用，密封性坏了，气压上不来，汤汁全变蒸汽跑掉了，售后怎么弄呢，怎么维修？有谁知道吗？,3
119314,本来质量还可以，但是耳带太短了，想调节的话一拉就断。,3
119776,买完第二天就降了一百块，有点不开心。 包装也没有封条，感觉都不精致。,3
110158,只是优惠期后，价格高，没有下力气促销了。,3
98511,收货后听了一天，煲机中，发觉右边（R）耳机声音反馈总大于左边（L）一些，换边试了后感觉左边又大一点，什么情况？声音电阻反馈有问题吗？想换货。,3
100804,还好吧，感觉有点硬。刚开始的时候不是很好拿，但现在用着用着也就习惯了。,3
119356,音质不错。声音大了，有点漏音！但这价格。满值……,3
116811,衣服质感，质量都很不错，可惜尺码有问题，一个s码的衣服有80的袖长，远远长于同品牌的62袖长。 根本就没办法穿。,3
91164,新机子拿到，但是usb线是坏的，自己另外买了一根线换上才能用,3
81862,森海塞尔插头是国标。苹果美标，所以需要买转换接头！！！不然就等于买了白菜,3
110821,不喜欢，杆子是塑料镀铬的，比较low，所以选择退货了。,3
86426,读书少，当个参考吧 可能莎的书读起来就是这个样子,3
87748,打开目录，里面就有个封面和start ，四册书的目录呢？这么贵的电子书连个目录都做不好吗？,3
98708,就是顶盖不好按下，弹起也失效，漏水！ 用了一年，保温效果就不行了，换了一个备用的头。也不行。不推荐！,3
89842,四本书有两本是没塑封的，书的质量有点问题。,3
86151,选了s码，还是好大，裤子特长，我身高165，这个尺码至少还要剪掉5公分，裤腿很肥，穿了几次，裤裆有点起球,3
106044,厂家的售后服务很及时 态度也很好 对产品的使用作了及时的协调和处理,3
193078,专门申请了prime会员就为了买这个镜头，没有收运费但是要收税，并不便宜几块钱，用不太好，还是喜欢大光圈，虽然已经比较轻了，但我还是嫌不够轻便了,5
166523,挺舒服的，不知道永久了是否会变形，价格比国内品牌高一些，用用看吧！,5
184007,此书不错便宜实惠；接线的方法讲的在详细点就好了,5
164688,买来充实教室的图书角的，孩子们很喜欢，我也很喜欢。,5
164368,书籍很好，读了之后感觉很实用，受了很大启发，快递员送货很快，值得大家阅读。,5
161787,用了感觉手机不错，发热控制的很好，待机时间能接受，希望华为再接再厉，碾压苹果,5
173895,中国制造，但质量一流，物流从日本到国内，没有任何磕碰与损失,5
196665,和上一本《人类简史》一样棒。幽默尖锐智慧，不愧是畅销书作家,5
163751,如题，我觉得还是不错的，是本好书，壮哉，我大图灵~！,5
192343,白色鞋永远是百搭款，这款鞋子挺舒适的，穿着也挺轻巧，特别显脚小,5
191382,非常好，还会常买，东西质量不错，反映也好，祝生意兴隆！！！,5
179846,在家正常用了半年，出门旅游收拾东西时掉地上了一下，然后就不能用了,5
198580,三国演义虽然是本小说，但是很多人都愿意将起视为真实的历史纪录。 其中对曹操，周瑜等的贬，对刘备，诸葛亮的褒，已经深刻影响了中国人对真实历史中上述人物的评价。 但是瑕不掩瑜，精彩，宏大，细致而又有悲壮的情节。汇成一部三国史，让我们得以一次又一次的阅读。,5
170545,书很好，作者绘画水平也非常高，讲解也很细，由于自己水平有限难临摹。书还是值得推荐。,5
198505,书很好，运货速度快，书是正版，儿子很喜欢。,5
178148,产品做工还不错，无异味。桌面调整还是比较顺畅，椅子坐的也很舒服。自己动手安装的，都还比较顺，就是椅子费了好大劲而且没看到椅子的说明书😝。少了个小零件和客服说了，答应补发😚。,5
195778,给儿子买的，儿子非常满意，码子正常，大品牌值得信赖。,5
191946,一直在亚马逊，习惯性购物首选亚马逊。品质有保障。现在在国内能买到进口正品不容易，亚马逊一定要保持下去呀。一如既往的喜欢，和支持。快递也给力。效率高。谢谢亚马逊。,5
172095,收到了，做工很好，老公穿着大小正合适，卖家和物流赞！,5
178701,低音不错，房间听很舒适，高音方面好像差点，海外购比国内便宜很多，不过如果有问题也不知道如何处理，好在音箱保护很严实，拿到手后完好无损。,5
162881,好几次在亚马逊上买西语用书了，价格适中，快递速度快，书内容也很好,5
162760,封面纸质都挺满意的 内容的话初读时有被影响到 后来觉得提供了看问题的一个视角吧,5
197902,很好，以前从不去评价，不知道浪费了多少积分，现在知道积分可以换钱，就要好好评价了，后来我就把这段话复制走了，既能赚积分，还省事，走到哪复制到哪，最重要的是，不用认真的评论了，不用想还差多少字，直接发出就可以了，推荐给大家！,5
172805,我已买了两个了，一个自己用一个给娘家用，现在还有亲戚想买，比实体店便宜很多，正品,5
194311,"非常好的宝贝,穿着舒适美观大方,是真皮的款式新颖",5
161074,很好的卖家，商品包装完好，送货快速，正规发票，赠品质量不错，买佳能产品今后就在你家了。,5
177119,内容还是不错的，主要是投资理念和策略，有助于构建成熟的投资理念,5
174228,有例句不错，可以下载配套音频。很好，作为基础书籍,5
198161,这本书纸张很好，内容都很充实，可以学到好多关于漫画的画法。,5
169585,这本书分析挺到位的，没人评价是不是被人黑了,5
176354,不错 开始使用确实有黑色碳粒 说明书也有写 冲几次也就干净了,5
161239,性价比很高啊，这一套壶直接搞定了，不用滤杯、滤纸，直接可以享受手冲单品的乐趣。,5
161670,铸铁锅手柄加热两三分钟后就会非常烫，有这个柄套就可以端着锅走了。,5
164022,现在的书我些薄了，价格还挺高，打完折都觉得贵了些,5
171199,纸质很好 因为是手稿版 所以是A4纸那么大一本的 要开始好好感受朱生豪的笔墨情趣了,5
179050,整体来说还是不错的，就是有的地方没印上还是怎么样。有的注解阐述的不太正确，查之意思有偏差。,5
164200,给老爸和岳父一人一个，都说用起来还行。但是后来看到降价了。,5
186820,很好看，简洁大方，超乎意料之外。包装完整，送人、自用都很适合。,5
183226,商品还是很不错的，出去听听歌或者练练听力很好狠方便。日本电子方面的精致还是挺用心的。,5
174747,刚装好的味道挺大的，跟一款驱蚊水味道挺像的,5
163987,用了很久才来评价，东西真心不错，比想象中的好很多， 因为随便看一个破壁机都一两千， 所以对这个没有报太大希望。结果打东西非常给力， 我打的青菜辅食，还有一些豆浆， 软硬都有打出来却都很细腻。 而且店家服务态度好又很热情，所以真的强烈推荐。 图片拍得不好看哈，大家凑合看,5
182642,已经通过紫光灯测试，绝度正品！非常感谢！,5
199296,刚读完，结尾让人好唏嘘怅然。已经大力推荐给闺蜜了，不知道张医生会不会出第三本,5
166894,"印刷清淅, 紙質不反光, 學習書法的好範本。",5
168417,酒架很大，很实用，喜欢，放在家里都高大上,5
163880,一点都不累肩膀，就是有点累腰，很好背，特别好用，娃背上很快就睡了,5
183316,好用，方便。过滤出来的水清澈。性价比高。,5
174932,不错的东西，值得拥有，价廉物美，推荐加好评。,5
161839,送男朋友侄子的，没打开看，外面看着很好，特别重的两本书，希望内容也有同样的分量,5
190268,比在柜台或者微商买便宜很多啊。还是相信亚马逊直营店的，挺好。,5
185774,小狗很喜欢，买回来刚撑好小狗就钻进去不想出来了。 外面的面料很容易擦洗，里面的豹纹也比较耐脏。 比想象中厚实，但窝垫可能需要经常晒晒，免得积攒湿气。,5
161869,好喜欢这本佛书，适合所有人看到、学到、修到！,5
195276,佩戴舒适贴耳，跟手机原装耳机比，还是超值的,5
162289,棚车少年这一些列书是孩子最喜欢的了，每一套都看了很多变，爱不释手。故事情节生动，引人入胜，主人公是几个孩子，他们坚强勇敢，正直善良，能够积极的用自己的聪明才智去解决问题。对现在的孩子们有很好的教育和引导作用。另外，纸张印刷都很好，插图也很精美。整体效果非常好！非常期待新书的发行！,5
164972,给父母买的，他们说很不错的。以后有需要继续购买,5
181853,朋友选的这款的，质量很好，大小也刚好，她胖点，可以穿,5
199265,一本让自己成为更好的女人的书，里面的婆媳篇最喜欢了，教你怎么与人相处才能家庭和睦美满,5
162141,整套书不错，是正版的。还送了海报。整体极其满意。,5
188120,作者的文笔很好，这本译得也很好。不由得感叹法国真是浪漫之都啊，每一个发生在这儿的故事都显得比别的地方的故事更加浪漫。,5
171672,这几本书买了很久了，孩子特别爱看，之前我们给她讲，现在自己没事就翻出来看了。真是好书,5
193205,宝宝倒是喜欢看，整体画风很优美，很温馨。但是价格也有点高。,5
165109,非常棒的书，让我重温电影里的一点一滴，对得起价格，值得收藏，包装也很给力，五星好评。,5
165662,这么经典的书不用评论，在中国，识字或者不识字都知道。,5
187877,广州酒家 双黄纯白莲蓉月饼口感好，甜度适中，家人满意。,5
71782,厂家服务态度不好。一直在家等着送货，出去买了瓶水，没有带手机，刚好错过了厂家和送货负责人的电话，厂家先是在短信中责备万分，后打电话过去解释，又责备万分。不知道货怎么样。,2
75206,实在早上吃不下这玩意儿，一点味道都没有，买来到现在还没吃掉,2
65709,比较以前在美国买的色泽，大小都差，而且价格特贵。服务也不好，联系卖家不回应。希改进。,2
62893,烂尾就不说了，本身故事也是乏善可陈，感觉人物都是面目模糊，所有的人都不知为何缺乏行动逻辑，像是摆放好的木偶一般，说着作者想要听的话，顺着固定的脚本前行，算了，姑且是看完了，也不会再看第二次，算是浪费了时间吧，作为学地质的，看到那么多矿物方面的东西还是颇有些高兴的，姑且又多加了一颗星。,2
79853,因为喜欢yoga lin才买了这本书 书的内容很满意 亚马逊配送很快 书籍也没有破损 很满意,2
47356,物流不知为何前所未有的超快，晚上下单第二天早上不到九点就送到家了！比较失望的一次购物！商品本身无密封，物品脏乱，而且是一年多前产品，说明书商品外观和实物不符，实物也和网页上商品有些不符，试过吹风有味，不知是不是因为刚开始用，风嘴也有塑料味。如果不是嫌麻烦肯定退了！亚马逊，我放弃了淘宝和京东在你这购物，你辜负了我对你的信任呀！,2
47801,轻得不行，表盖的材质看起来太差了～想想也是，几十块钱买这个牌子的表难道还想要正品吗？不如随便买个都比这个有质感～能看时间就行吧～,2
75100,没用多少时间啊，3月买的，4月多开始用，这9月就充不进电去了，什么质量啊=。= 也找不到售后，疯了,2
66019,产品噪声太大！据说目前国内就这样的技术水平，希望不断改进提高。,2
63580,之前用的咖啡机也是意大利的一个牌子的 此款与之相比差太远了 1. 水箱用的材料有很重的塑料， 应该用食品级PC之类的吧 2. 过滤组件的材质比较不好，里面容易长水垢一样的东西 3. 咖啡渣有时会附在出水口 不知道会这样 总体感觉不好，用过比较好的咖啡机的人别买 会让你失望的,2
77178,亚马逊的客服服务太差，4月28打客服至5月9日打客服电话申请商品退货，每次客服接电话都会跟我说，24小时内回复我，然后四次都没有回复过，一次也没有,2
42840,外包装里面的外壳给压烂了，好在碟没坏。画质比普通DVD画质要差，但也不是不可忍，还算可看的，但是一开始播放起来真是卡死了，多放了几遍才好多了，但突然拉到其他时段还是会卡一下，不像别的DVD不会卡。勉强给两星。,2
74486,东西好坏不说。说是亚马逊自营 其实是加盟商家，还有五星好评冲话费小纸片呢。,2
64412,质量一般，鞋舌是革的，鞋底胶口没有大黄靴好。,2
57524,面料手感不好，不像纯棉的，有点粗糙。还什么圣大保罗，很洋气的名字，然而并没有什么卵用！总之这价格感觉不值,2
45348,主要是急用，就不找麻烦了，内容印刷正确，但和以前学校发的同系列教材比，好像纸张薄了，纸正面可以看到反面的内容，难不成是我记错了，呵呵,2
67333,商品描述为皮革（Leather ），实际为other material ，且标识也为人造革，海外购懒得退了，但希望描述准确！,2
43084,有注音确实不错，但是错的地方真不少。如果要阅读此本，建议最好多找几个版本对照看！,2
43543,大多单词都没有例句，对于有些相近的词意无法进行区分,2
58349,降噪效果似乎只来自入耳的耳塞，试过高铁和空调风机这种相对稳定的噪声，同样的环境下打开ANC降噪和关闭几乎没区别。,2
67782,做工一般，附带的1号电池是扁的，明显被压过还是什么；电池盒有些粗糙。,2
75651,实用内容太少，感觉8%都是在凑字数，只是提出了问题，并没有给出很多解决问题的方案,2
54732,虽然中间出现了小插曲，但是还是在最快的时间内给我换了个新手机，我表示非常感动，服务态度非常好的，电话服务，还有快递大哥，都很好，我以后会首选亚马逊的！,2
45813,就是地下力量，内容一模一样。换了个封面，换个书名又拿出来卖。,2
54549,不知真货假货，以前在超市买的纯果汁并无杂质，这次买的里面果肉杂质多。,2
78954,脚踩着挺舒服，但是掉色，没有吊牌看着美国制造实际中国制造，皮面穿着不到二十天有碎裂纹，难道就这一双质量有问题的让我碰上了，决定退货，谁知道物流一直没来短信，来短信了也没时间折腾了，商品发货就用了一个月时间，真怀疑商品发到美国在发回来，再退在用一个月时间，真没这功夫了，认了，不建议购买,2
68249,从现在这个时点看，书中的内容比较浅显、逻辑深度不够，并无明显亮点。,2
70247,好吧，不应该买的，一页也没做。看了就头晕。,2
58152,刚拿到货时发现包装袋破了一个小口，打开后发现书的角已经弯曲，像是被开过？反正懒人，将就一下算了,2
61163,无法升级，退货了到现在没有收到款呢，为什么？权当被骗了,2
65545,连美国军方（FBI）都在找茱莉亚教他们怎样用基于证据的技巧来提高自己的记忆质量，我们还有什么理由不学。,2
67028,盖子的味道很大，强烈的塑料味，后悔了，不推荐！,2
67944,声音太小了，小就算了，也没有调节音量的开关，真是醉了,2
79696,①锅的边缘有破损，涂层被破坏；②锅盖塑胶把损坏；③外包箱没有明显破损，但是中部有受到重压的痕迹；④昨晚开箱之后就选择了换货，静等商家的换货服务。不知道服务质量如何？期待中……,2
43699,是正版吧！书有些过多我慢慢看速度很快给满分,2
65184,本人完全就是冲着作者来的，刚读完 the fault in our stars 觉得作者写的很细腻，唯美，特别真实，看哭了好几次所以就迫不及待的买了John Green的其他几本出名的书。坦白的讲，我看完这本书的时候真的很失望。一直是抱着继续往下看就会有好情节这样的想法坚持看下去的，但是莫名其妙的渡过读过高潮，读到最后，有一种不知道为什么要浪费大好时光在这本书上的感觉。主人公就是一个懵懵懂懂的学生，不知道自己要干嘛，要怎么样，感觉活的稀里糊涂，最重要的是，我对他的这种印象到结尾都没有改变！可能只是自己一个人的感受吧，但是真的觉得这本书就是无病呻吟，让我在理应最该被打动的情节都纹丝不动。,2
40478,一本超过好多本！就是没有手机软件哪～有些可惜哦～正品不假，手感好好～,2
45567,只要买准则就好了，那个应用指南谁买谁后悔，太无耻了，每一本书重复的内容占60%,2
61512,女儿7岁多，对这本身完全不感兴趣，没见她看过，让她看也是兴趣缺缺，回说看过了。,2
48050,东西还是不成熟，固件升级变砖了，售后麻烦，当然心率监测还是很靠谱,2
66475,不用没有黑印，用完还留黑印 是不是要我去买去黑印的产品啊？理肤泉？？？？？？,2
65690,太硬，另外码数和实际标的有差距，偏大，最夸张的是穿了一个月后脱胶严重,2
58578,差评，镜面无Logo，（广告宣传图示中有）,2
79296,收到的书是破的！反馈给客服，到现在都没有回复，太过分了！,2
62019,一共买了三本类似的书，但这本印刷质量明显没有买的另外两本好。,2
64790,1000块钱的东西，你也好意思用劣质的材料做？这么大的味道？我买的139的akg都没这么大味道。,2
72237,还有三个月就过期了，中间经历夏天，有融化过得痕迹，且味道已变。,2
69099,编写的其实还行 就是拿这个复习考研太浅了,2
53517,用了三个月感觉没啥作用 毛发数量和生长速度一如既往,2
41781,优点: 纸张质地好，封面触感好，翻译也不错 缺点: 寻章摘句，作者好好的思想被拆得七零八落 整体评价: 一个关键性缺点让所有优点都黯然失色。,2
74198,这本书的封面设计得挺有格调，但是这本书却是华而不实的。相信大多数购买这类服装搭配的书的读者，是希望买到一本能够给出大量明确的、真诚的、靠谱的建议的造型建议书，然而这本书却是那样的抽象而笼统，它的语言更多的是启发式的，实质性的建议太少。我来大致总结一些这本书里提到的主要观点：“一个女人，要有自己的风格，找到最符合自己、最衬托自己的风格（灵感可以来源于电影明星、歌星、旅行中观赏到的异域风情），要多买基本款、经典款的衣服（如经典小黑裙、长款白衬衫、卡其色裤子、牛仔服，等等），不要盲目追随潮流，要注重服装的整体性（不要忽视鞋子，不要忘记点睛之笔的配饰）。” 基本上就说了这些，我个人觉得这些还算中肯，但除此之外，就没有更多具体靠谱的建议了。,2
77200,书本好旧，纸质好粗糙，感觉就像图书馆被拆开翻了好久的书一样。书的上下都有很多黑色的灰尘的痕迹。好失望！,2
73706,至于内文 阅读并不流畅 请对文字挑剔的同学谨慎购买。,2
75817,第一次在亚马逊上购买奶粉， 收到货奶粉瓶整个都是变形的，联系客户叫我发邮件和图片。 所有的资料都发了，电话也打了。 没有给一个任何处理的结果。 我不得不佩服亚马逊处理事情的态度和结果，让人无言以对。 买过第一次绝不会来第二次，各位宝妈们，买奶粉要慎重，不要因为便宜点到亚马逊购买，真的会让你气的吐血的心都有了。,2
79163,用了一段时间了，效果一般呢，未见到痘印变淡,2
46782,物流有点差啦，竟然不打电话，直接放门房啦，让我们还在那死等电话，打包盒子竟然用的还是当当的，,2
70052,这次购物体验有史以来最差！付款后显示快要送达，又突然把钱退回。过几天又说再发货。总算盼着货物要到了，却接到快递电话，说打碎两瓶。大过年的实在不想纠结，快递赔了两瓶的钱就这样收货了。打开箱子一看才知道亚马逊绝对不适合卖酒！那包装水平真不是一般的差！总之本次购物差评差评差评！,2
63695,我不怕贵，贵也贵不到那里去，问题是真的很简陋。,2
69687,1. 穿第一次里面的里子都掉皮。 2. 不透气。,2
54851,作者的心态太扭曲了 所以观察也没什么客观意义 很矫情的一本书,2
40412,前 编辑 | 删除 这种写作风格真是看不进去啊，语言和我们不是一个路数上的，看个开头就丢进书柜！越看越迷糊，睡着了，饶舌！,2
53402,产品标题中声称赠送贴膜和电容笔，而且只有亚马逊配送，可是又在商品介绍的最后说亚马逊配送没有赠品。,2
41267,剃须刀屏幕上的电量不是数字显示，和包装上的图案不符，不知道是什么原因。,2
64003,镜盒本身不错，只是配的夹子太难用，是个有问题的设计，清洗液打湿了夹子以后硅胶套很容易滑落，害我镜片都掉到地上。,2
