119737,物流，配货非常不满意，速度超慢，希望有所改进。以前在亚马逊买过东西，那时物流比现在给力，不知道为什么现在还越来越差了,3
84660,货应该是正品，但并不送货上门，要自己去取，这比京东，苏宁差远了,3
117167,本来想让孩子看书之后对篮球发生点兴趣，但他觉得一般。,3
110852,用了半年，出现不稳定情况，经常找不到硬盘。,3
105000,刚收到，发现下层隔板是破的，已申请换下层隔板,3
113503,这个书，翻译得不是很好。尤其最后一部分。大概是我没看懂的缘故。作品本身还是很不错的。,3
90858,真不知道亚马逊这么大的网站怎么找这样的物流，打电话和我说东西到了，让我去车站取，我去了车站没有，打电话他又去了别的地方，让我去我去了他又走了，就这样我追着物流走了半小时，这就是你家的送货上门吗，这是什么物流，气死我了，差劲的一次购物。东西还可以感觉小了点，噪音挺大！,3
112316,这瓶买的是238，到货后扫描瓶身条形码居然推荐京东和当当网的卖家，京东价格是138，当当网价格是168，很奇怪，不会被掉包了吧？,3
89986,包装盒内仅放上了几个气囊，礼盒内部和外部加固措施为零。在运输途中赠送的快速醒酒器跟酒瓶混在一起被压成了饼，礼盒的卡扣坏掉了。亚马逊单瓶装的酒水包装严密，对于礼盒装怎么这么不重视呢？,3
101072,这本书不是我想象中的，主要是答案中没有分析，只有A、B、C答案，这样就没多大的帮助了。,3
106473,色差严重到不可理喻。 图片黑色，实物是蓝黑色 做工过得去,3
112234,这本内容比较简单，而且里边并不全是彩印，这点墨也能省，服了。再也不会买这个出版社的了。,3
98625,好。对锻炼身体有好处。有光盘，练起来容易。,3
112812,拿到手的第一感觉是重、扎实，对可靠性在心理上有信任感。但是说实话，国货的做工在不少细节上似乎还比较粗糙。希望不要仅仅满足于“结实”，应该有尽善尽美的自我要求，尽管我们不是日本人。,3
92596,中国产，质量还算不错，就是型号太大了，本来想退的，结果600多买的只能退200多，忍了。感觉像国内发的货。,3
100163,我在中国想接上去用，但是接囗不能接上；有否有转接的东西吗,3
112903,kindle版图书一定是大势所趋，但对于学术研究，或者写论文来说，引用时必须要写明页码。kindle版图书，怎样能标明和纸本一致的页码呢？如果不标明和纸书一样的页码，根本无法引用。这个问题很重大，希望一定要解决！,3
88986,没啥可说的，有点坑爹的感觉，买了才知道这是上下两册，反正第二册是怎么都找不到了，除了淘宝……无语啊，狐狸的书不多，但每一本都喜欢的,3
96761,东东没有送到，在系统上已经显示配送完成，怎么可以这样做的？,3
80569,插头不一样，没法用。。。买之前没有考虑到这个问题囧,3
107074,产品质量很好，按键灵敏，只是折叠之后还是有点长，携带不便,3
85450,有点小失望，压仓底的货，外盒有点脏，保质期也快到了;说好的预约送货，根本就不是，感觉送货都不看客户事先填的要求…,3
107681,这衣服尺码为什么这么小？运动品牌，尺码偏小，非常不能理解,3
113760,情节推进略尴尬…起承转合可以再硬一点吗😂…,3
100677,款式非常喜欢和舒适，可惜穿了两个月就脱胶，郁闷，不建议购买。,3
107244,首先肯定商家比较诚信、认真；也是纯正桃花。问题有几方面：1、是2014年4月产品。2、如果有饮用方法介绍，会更完整。3、快递要加强。4.希望卖家有新鲜当年产品的话可以推介。,3
115626,这书适合90年代初使用，现在看太过时了。,3
113697,翻译的有点平淡，视角总在切换。 以小说来看故事性不是特别强，但作为动漫衍生的作品，一如既往的温柔氛围还是值得疲惫的时候阅读的。,3
101935,目录没有，排版混乱，字体不能改，注释也是乱七八糟，盗版的品质都没有这么差,3
101238,作者文笔出色，但是并没有很多干货。你不希望花一小时时间和金钱买几个小故事。,3
117568,做工还可以，但是转向系统很不灵活，我后来自己加了点润滑油。这些都不是问题。 最大问题在于，作为小车座的时候，娃的2个腿不能自由的助力，轮子和脚打架。距离不够。参考（女宝2岁，82厘米） 作为踏板车，前双轮宽，应该更稳定，然而稍微倾斜下坡就会翻车。一句话，不太适合。,3
108864,买“必修1”，发了本“必修4”过来，很不愉快一次购物，假如没货是可以直接跟我联系的，上面有号码，,3
103758,压缩效果没感觉多明显。接近200元，就这么两个很薄的套子，性价比一般。,3
93810,用了很久才来评论，好冲调，好搭配，很像是不含糖的藕粉，但咋就不顶饱呢？,3
84370,60块，图便宜买的，背着还行，大小合适，但是肩带不太结实，背太重的东西，缝线容易崩开，补过2次了，手提把手位置不太合理。 还是不推荐购买了,3
97861,卖家很好，书送过来的时候保护得挺好。但是这本书本身的内容有点小失望。从第一课到最后的第96课，所有的流程都一样，并没有因为后面的难度增加而进行相对的改变。,3
93378,书不错 很新 但是左下角烂掉了 自己拿胶带贴了贴,3
99577,作者为法律专业博士，内容的实用性还是很强的，但是写作的路子确是学术性很强。学术型的写作虽然表述精确，但却使得很多本来不难的东西看起来愈发晦涩难懂。三颗星给的是内容的全面和实用。,3
104044,衣裤上一个标签都没有，上衣太厚了，领子有点高，跑完15公里湿透了像背个沙袋，不得已又换了件Nike快干衣，没有达到预期效果，所谓恒温也未体现出来，而同时穿的skins裤子透气速干全程未感觉汗湿过。套装的裤子还没试不评论。,3
108228,纸质很薄，很粗糙，封皮也很薄，书很轻，感觉很想盗版啊。。。不过幸好的是封皮颜色还是比较正的,3
87441,送上门时只套了顺丰的塑料袋，里面一个薄薄纸盒，无任何防撞保护物，以致收到的壶有被磕到的凹陷，真是离谱！,3
118764,这本书买了很久，当初刚学水彩觉得不错，但是买来翻翻就没有兴趣临摹了，之后再也没有看过。因为个人觉得难度最大画得最精彩就是封面这幅画，其他很一般。临摹最重要是喜欢，喜欢才有兴趣临摹，至于技巧很多入门级的书都有大。水彩临摹的书推荐《Splash》。,3
93429,这本书印刷不好，每一幅画都不是很清晰，如隔薄纱；很喜欢丰老的画，但这样的质量真是让人觉得很遗憾！,3
96288,便宜大碗但使用感不好，粘、闷、厚…闲置了,3
107695,家用还行，压力还能再大点，出水管略短，噪音不是太理想,3
83227,故事尚可，有趣但是太网络化。让人追着读完，而然后就再也没什么可回味了。,3
96796,促销时买的，很优惠，还没用，希望亚马逊自营能靠谱点儿，要不大电商一家也信不过了,3
96423,包里面的小口袋有一个已经裂开，其他都还好,3
109057,产品和手机连接一些时间会掉线 需要再次连接，此外连接距离超过10米就不行了，只能用来散步，炒菜时候听听音乐也不错。,3
106638,封面很喜欢，但是书的内容个人觉得就不是很好了，还有每个章节后面都有一些关于宽恕的练习。倒像是有一些案例分析然后再进行指导的味道了。,3
106524,内容很不错，实用且丰富，但是kindle版的文章和我网上下载的音频文件有部分出入，并不是完全相同的。也没用什么双速的mp3文件提供下载。 希望亚马逊可以提供电子书版的音频文件网络下载。不然到哪里去买书配套的光盘呢？不会只能自己再买一套实体书就是为了张光盘吧。,3
104094,物流挺快的，书也还行。只是那个外包装也太简陋了，连一点儿保护措施都没有只有一个袋装着。,3
101160,刚收到的鞋孑，不是原装鞋盒，有一只鞋底是穿过的痕迹，顿时不欢喜了。,3
115988,看完没太多感觉，很多道理已知。闲来时候看看打发时间还行吧,3
90906,看过后，发现内容低于预期，作者的体裁选取和描述思路不够精准，看过后对很多问题感觉还是一头雾水。一般吧，也可以一看。,3
88858,客观的说，鞋上脚还是挺漂亮的，不过鞋码偏大。我有一双clarks的皮鞋，按照同样的尺码下单的，然而到了以后发现鞋大了，脚跟带不住鞋跟。而且鞋子后跟内有块防磨的皮子，这块皮子的边缘正好磨擦脚跟内侧，上班不到一千米的路，直接给我磨掉了一块肉皮。。。下班垫着卫生纸贴了两三层很厚的电工胶带把伤口包，才勉强撑着走回家。。。 另外，鞋型略瘦，脚掌宽的人穿可能会有点夹脚。鞋面的皮子比较容易出现划痕，到手的时候就有点，不过这种皮子的就是这个特性，也就没有找客服，毕竟海外亚马逊曾经在衣服号码选择不当的情况下，非常体贴的给过我一些费用补偿，这么良心的商家不能让他们用过多不合理的经济压力。,3
81918,适合家庭和学生使用，质量好，价钱也可以，不错的商品,3
104231,为什么不断给我发考研书的广告，尤其到了第二年考研结束时还在发，是什么意思？,3
96369,还行，有点流水账的感觉 有些见解现在看来有点过时,3
95720,还是西方经济学的框架，但否定了很多传统教材的观点，作为一个入门的小学生，实在不知道怎么评价，值得一看吧，博学之，才能明辨之。,3
99804,好像不是正版 才看了一小会儿就看到了错别字,3
103686,买了给老爸用，上一个2014年底买的，最近不会自己断电了，又下单买了一个。 总的来说还比较好用，就是不知道三年坏了是不是算正常，估计早就不在保修期，所以也没有要求修。,3
89107,书质量是不错的，但是书后面的光盘无法读出来。比较不满的是这一点。,3
82308,满足了科普的要求，不过讲的不深，而且没有具体的数据或者出处做支撑，不知道可不可信,3
72272,产品还是不错的，够用。这么大的烤箱是不都不能同时烤两盘东西呢，否则上色不均匀,2
65426,10.11号下的单，11月18收到的，真给力啊,2
74456,看了一个小时，第一章都在讲行为心理学的正确性，对社会的重要性，对个人的好处，一些心理学的概念，让我觉得这本谁无趣，不是我想看的内容,2
48710,不是全彩不是全彩不是全彩 黑白部分印刷也很粗糙,2
60151,发货挺快。只是戴上不是太好看，有一点点土，其实设计越简单越好看耐看。包装很简单，送人的话不是太显档次。一百九买的，不准备退了，戴着玩吧。,2
64047,书的纸质不错，但内容欠佳，服饰图片太少，教科书般的文字太多，最差劲的是宋朝三百年历史竟然没几张图片，而蒙古鞑子的图片太多太烦，编者是有多喜欢元朝！？总之，这本书真不是一本好书。,2
54783,特价买的，但是买回来感觉并不值，坐起来很难受的椅子，有以下几个明显的缺点： 1.座深太浅。座深太浅的话，说明坐垫里面泡沫用料偷工减料了，坐着有点发硬。 2.坐垫上面泡沫分布不合理，坐垫正前方的泡沫要感觉多一些，导致整个坐垫后倾，坐起来相当的不舒服。 3.腰部那里悬空，坐久了腰很痛，得配合购买一个腰靠使用。 4.扶手太硬了，手放在上面很硌手。,2
77726,不知道是不是正品 掉色严重 基本上就能穿一个夏天吧 多洗几回就没法穿了,2
66400,当然 是我个人的问题 我看到这个价格+图片 没仔细看详情就买了 万万没想到居然只有手掌大小 其实这么大也就算了 还非常薄！！ 太薄了 打开包裹的一刹那我是崩溃的 大小我也就不计较了 这个页数居然卖这种价格实在是非常不值！！,2
65429,奶粉不易溶解，每次使劲摇晃最后还是会有很大疙瘩，跟面粉似的。宝宝不爱喝。 怀疑不是真奶粉，不敢让宝宝喝。,2
68411,翻译者语言表达不够准确，参杂了太多个人主观性，其它非作者所书章节所总结有点参考性,2
72464,"要显示甲醛检测结果,起码要等到开机5分钟以上,比如在车上测甲醛,10分钟都开出老远了,人都不知道被甲醛毒害多久了.看在做工和构思还比较精致的份上,给2分吧",2
66176,很不爽........买下一本封面很脏，有褶皱的书,2
54402,明明是买了两盒，结果一个有粉扑一个没有，什么情况啊！,2
41259,书是好书!!!亚马逊为什么把这么好的书糟蹋了呢,2
78446,喜欢野夫的作品！不喜欢是针对印刷，质量差，墨色淡，看着眼睛累。,2
69028,不推荐买，用了一个月就坏了，售后谁是人为误操作导致的不给保修，我只能呵呵了,2
70579,本书有值得看的地方，不过总体来说不是很好。都送到楼下了让我退掉了。,2
52780,书很旧，不像是新书，很多划痕磕角，内容不缺但是第一印象不太好。,2
43736,买来第二天就使用了，但是瓶口的橡胶部分，有非常刺鼻的味道。 家人说是橡胶味，我对气味比较敏感，暂时无法接受。 等用一段时间后看看气味会不会消失掉。,2
56899,设计应该还行，外观也好，不知啥原因，我买那个不能起飞。退货很迅速。亚马逊退换货值得一赞，上门取货，尤其方便购买方。,2
44127,介绍上面不是有料包的吗！要不这样怎么驱蚊还怎么安睡啊！！！谁来回答我这个问题！！！,2
62579,飞粉，在这个品牌没出名的时候买的，现在还在箱底。,2
67774,第一次写评论，本土绘本买的少，这套比较失望。绘画风格不喜欢，不走心，文案小学生作文水平，选题非常好，但书的质量真心差。比起《米先生的世界旅游绘本》，被甩出好几条街不止，那一套创作于上世纪五十年代末。,2
70504,写的就是不好，人物单薄，剧情平庸（也许在那个年代算是新鲜吧）,2
78057,翻译极差，而且极不尊重原文（例子太多，举不过来），所以作者原来想表达的意思以及幽默感会大打折扣。当然这不是店家的错。但对我来说这种书就是用来收藏的，这叫信仰，而且书的质量，印刷都非常不错。想真正读读的朋友还是别买了，读好一点的版本或者读原文喽（这本书最最最最最最厉害的地方在于用极其简单的法语，讲出来这么棒的故事。想真正感受一下这本书的魅力的话现学法语也不迟呦，看一本书还能多掌握一门语言，哈哈）,2
41268,收到书后，发现不是我想要的内容，能换吗？,2
51623,非常喜欢skip hop这个品牌，在亚马逊上也关注了很久，到手却失望。通常网购不会太挑剔，只因相信亚马逊的口碑与每次购物体验都不错。也不是第一次在亚马逊上网购了，不是特别过分不会给差评。只因相信现在的生意难做，商家也不容易。但这次不得不评价一下：包装太次，以至于怀疑是否原装正品。如有需求，请谨慎购买。,2
46601,以前买书很快就到了，现在不知道为什么速度这么慢，一个星期才到,2
69085,尺码比较大，胸围很大，衣长很长，必须扎在裤腰里。 喵里奥也不是很舒服，差强人意的一件衣服，不推荐,2
56610,刚买完结果就降价优惠，真不知道是怎么搞的！,2
79093,我的天啊 ，怎么断货了！？宝宝还没到2个月,2
45723,第一章到第十一章的内容写的非常详细，适合像笔者这样完全没有编程经验的人，但是第十二章之后，可能碍于篇幅原因，对各种各种交互式项目的语法介绍，就显得很粗略，稍微蜻蜓点水一下就完事，但写出来的范例程序又比较复杂（对初学者来说），看完后比较难消化 另外就是电子书版的排版问题，希望能尽快解决,2
42854,耳机不错，第一个有故障，申请换货很顺利。亚马逊还是比较靠谱的,2
49011,尺寸偏大，还不支持换货，退货要付125块钱邮费，真坑,2
75583,质量应该没问题吧，尺码小了，退了，赔商家的运费赔了二三十好像，可是我邮过去也就花了10元，不高兴,2
73843,这个芯一点不好 滤了烧水壶还是跟以前一样 我在美国自己买回来的圆芯就不会这样,2
47926,纸张厚实，颜色不刺眼，清晰，音符大，很好。,2
51451,内容很好，但是目录为什么不像宋词鉴赏词典一样按照作者排序？希望改进！！,2
53620,不是太满意玩游戏中间老死机本想退货嫌麻烦又急用没退,2
67901,书中的文字是好东西～～～但书真的不怎么样～这个不怎么样是说出版社的心思都花在赚钱方面了～装帧不过尔尔～随便薄薄的一册标价二十几元～总之价格和用心程度对应不起来～～但你有什么办～因为喜欢作都却不得不买一套～270多块预订的～全网找不到了～只能说亚马逊厚道！！！！！,2
59477,看电影的时候，如果音量开到能听清人声的大小，低音就会特别响，听着很难受，不推荐购买,2
43806,以为是提高学习的方法，原来讲的是学习的重要性,2
78425,这本书花了17块多买的，看了之后很失望，她总共3本书，第一本还不错，后面的一本不如一本，但是都看完了,2
71363,只提供电子发票，发票问题不合理，讨论交流难达成。,2
69038,正版的书盗版的质量 匹诺曹这个小孩形象很经典,2
65507,本以为是以一种轻松小说的形式展现的一段旅程，但没想到像是一个记录片，而且总有种记流水账的感觉，所以不是太喜欢！,2
49851,一直忘了评价，亚马逊的东西真不行。这款三星，当年经常无故重启或关机，质量不行！,2
46884,电影相当棒，小说的翻译让人难以忍受，实在读不下去。,2
60000,质量不好 不管是文章内容还是图书本身 很失望,2
67589,前面有人158秒杀，今天秒杀价是198，这还是秒杀？,2
60685,尺寸太小了，说是中性包，可款式只适合女生，没办法，送人了。,2
55960,书是二手的 很旧也很脏 而且和卖家联系后不能重新发货 不满意的一次购物,2
78307,手机非常漂亮，很喜欢，用了一个多星期，各方面都还可以。,2
62418,不好不好不好不好不好不好不好不好不好不好不好不好不好不好不好不好不好不好不好不好，这本真他妈不好,2
78562,总体上书本内容通俗易懂，简单易看易懂，适合初级读者看看。但是涉及的层次不高，缺乏新意，东拼西凑，对于高级读者这书表达还欠缺火候，个人建议实例结合理论，点拨知识点，再加上作者精辟见解，那样就很好了。,2
40551,只能听音乐，不能打电话，失望。也不能插到底的，不知道咋设计的。,2
76091,书籍内容一般，就是成长史，语气整体轻松明快，有些地方也能会心一笑，消遣书。不过值得提的是，这本书是盗版的，字体都有重影了，看起来费劲，还好重影的不多，,2
62761,整个就是网络评论的整理…哎…仅供大众岗位跳槽参考使用吧,2
43208,看了作者得1911来的，1911精彩多了，可能也是不同题材写起来不一样。 朝鲜战争历史意义什么不说了，书感觉比较无聊，大段进攻防守线路的描述，脑子里又没地图，根本不知道怎么回事。 勉强看了一半，有点看不下去了。。,2
68458,梦里花落知多少，这本书有错别字，不太喜欢,2
53689,鞋子made in china ，感觉不适合中国人普遍的脚型，适合特别瘦长的脚，已经买大了一码，还是窄。不太舒服。,2
78665,这种就别拿出来卖了，视野就一点点个小点，只能给孩子挂脖子上装AC缺,2
51821,有些说的玄乎，感觉走的不是客观和理性的路,2
158154,特价活动时候买的，很划算。第三天早上到手的，签收之前看了日期，16.7到期，外包装箱很好，箱子外边还裹了气泡膜，师傅很小心的搬下车。孩子很喜欢喝，煮的时候有一层奶皮。奶味浓郁。家里人都很喜欢，如果遇到活动还会继续买的！,4
134858,挺好的，都是亲历者的感受和经验，对向想讲解日本的朋友有帮助。,4
132467,当时能找到的英语二参考书里还不错的，推荐吧。,4
142133,书是好书，却是盗版。另外，评论里骂的各位，这本书的用意是啥？作为中国人不该爱自己的祖国？不晓得那些享受着空调wifi没有战火硝烟的你们，没有为国家发展做任何贡献的你们，到底有什么资格喷一个写出这样好书的作者？怕是被西方文化腐蚀透了吧。你享受着我党打下的江山和太平盛世，却捧着键盘骂娘，不如去移民吧。我爱这个国家，她有好有坏，她的好我们不要吝啬赞美，她的坏我们一起改正。,4
156518,谷物颗粒看得见，补充能量非常放心，唯一的不足就是稍微有点甜，如果能再淡一些会更好,4
130690,快递不送货上门，要自己去取这点不太好，东西看了还是挺好的。,4
132176,1，价格相对某东便宜200； 2，外包装完好，内置盒子不是密封的，镜片有灰，感觉不是全新的； 3，东西应该是正品，做工字迹水印螺纹亲水性都查过了，只是不是全新的，这个东西一个月内都可以退货，退了以后照样卖。,4
129625,东西还是挺好的，就是快递有点慢，之前都是挺快的，这次比较慢。,4
129464,应该是正版的，建议可以组合售卖，价格降一些。,4
142387,物流是比较不错的 左右耳音量有差别，声音对我来说，其他还好，人声不突出，当然我没有特意去煲机，但也用了4个月，平均每天两个小时左右，人声至今是我对这款耳机的无奈。 不宜带久，一般两小时就有点夹耳朵。 调节松紧的地方左右各分十分度，很为头大小不同的人着想（笑）。 外观很不错，简洁低调，可能没怎么折腾他，现在看起来还蛮新的。可能到了夏天出汗比较多的时候估计磨损就多了。。。 非专业人士，非耳机发烧友，仅供参考。,4
142234,手机比较重，上网速度很快，只接打电话电池能用两天。 自带软件很多不能卸载，而且总有各种更新提示，这点比较烦人。 是双卡双待单通，且用的是小卡。,4
139136,还行…挺好用的，可以购买作为备用机 ，，,4
150191,安装软件比较麻烦，比较其他的f清晰和反应快很多。,4
128744,泰国制造，带在手上还是蛮好看呢，美国直邮一周就到了，也是棒棒的,4
129878,为什么我刚买一个月就降价一千，亏大了，亚马逊怎么解释，怎么解释，退货,4
145012,给朋友买的 一分钱一分货 而微软的做工还算好的,4
134552,这本书给的例子很详细，解释也很具体，属于初级入门类读物。,4
146321,东西不错，很喜欢牙买加配色，快递没有按时送达，推迟了一天~,4
137859,以前从不去评价，不知道浪费了多少积分，现在知道积分可以换钱，就要好好评价了，后来我就把这段话复制走了，既能赚积分，还省事，走到哪复制到哪，最重要的是，不用认真的评论了，不用想还差多少字，直接发出就可以了，推荐给大家！！,4
143390,总体很满意，可以放很多张卡，包本身也很小巧，之前以为内里也是皮，收到后发现不是,4
145114,平时穿42.5 265的鞋 这个鞋买了270穿着才合适 只想吐槽亚马逊的快递 发货速度慢就不说了 寄出来的快递到达目的城市后转悠了6天才到我手里 外包装破烂不堪 里面的保护气囊也被弄破 不知道快递人员是何居心 素质极差！,4
153367,壳很软很舒服，膜也不错，但是湿的擦屏幕的布居然干了！！！,4
146279,安装比较容易，一定得先打开接收器，再安装感受器，否则就得返工重新做！,4
138794,大学时用了一本ASP的这个书，感觉相当好，所以今天又买了这个jsp,4
123495,36码半的脚，国内买阿达都是36码，这一次居然还能大一个手指，我也是无语了～,4
126838,有很多细节的习惯很有用，比如随时作笔记，自信比口语熟练度更重要，注意短期目标等等。,4
121244,比较适合横屏支架，竖屏的话桌面不能太光滑。做工中上等，物有所值。,4
141312,Z实惠103买的，密封标签是坏的，所以还是消毒了下。有股味道，闻久不大习惯，宝宝爱咬，但更喜欢贝亲的那款。小鹿太大，贝亲的小。,4
122529,洗在身上不是特别的香 不过也不会觉得不舒服 男生用着还是可以 不过妈妈不太喜欢,4
147696,心率、运动检测什么的都不错，也很耐用，充电迅速。不过泳池模式误差略大，能比实际多几百米哈哈。另外和手机蓝牙传输有时候会出错，后来连了电脑，才显示有个记录有问题，需要删除。,4
129028,多谢店主的宝贝，嘿嘿，用着很不错，我会棒店主多多推荐的，祝卖家生意兴隆,4
159377,很棒的产品！可以持续通话6小时左右！音质很好，小巧方便，唯一缺憾的就是物流太慢了！！！,4
142051,更像一本游记，和之前想象的内容有些差距。这种内容完全可以在旅行网站看，没必要特意买这本书。,4
152038,包装还可以，除了关节处有的不太好固定，有些活，其它都还好。毕竟模具做出的产品，总会有些瑕疵,4
120595,建议买大半码，鞋子包的很紧，打开盒子，鞋子味道有点大，应该不会是假的吧，还是都有这味？先穿，改天再来追加评论,4
141969,本来是随便买买的 没想到意外地好起来作者的行文风格和对观点的论述我很喜欢 不比那些有名的差 至于*朝那些事儿 只适合说书 也能分类在历史书中？,4
155349,东西刚收到就降价70，不爽，能不能退差价啊,4
140993,感觉还是不够好，应该不如孙宝文那个特别放大的系列。,4
140570,可惜了这本没货，不过，商家及时联系我退款。,4
121773,需要自备工具，安装比宜家的东西麻烦。看着大包小包的各种用途的配件一直没有下决心装起来。等装了再评价吧。,4
152848,文字印刷还不错，插图不清晰，其中文字模糊。书为横版简体字，有对应解释。是否有错别字，待日后阅读。今天刚收到书，发货及物流还可以。作为中医爱好者，一直想有本《内经》，今日得以如愿，希望有所得。,4
134683,这是外国画家的动物绘画技法书，对动物形体有比较深入的了解,4
149023,内容不是完整的，以解释性编撰写的。供参考。,4
141647,物流也挺快的，小二服务态度也是比较好的，总体来说还是不错的。,4
126670,女人永远不要低估了自己的能力，谁都可以是女王,4
147138,使用起来不是很方便，清洁力一般，不如锐玛,4
138412,很少在亚马逊上评论，因为其商品质量和服务都一直满意。不过这次还是有点失望，物流直接把瓶子摔得变形。,4
129241,书不错，给侄子买的，就是这物流太不给力了,4
155995,作者的话条理清晰话语简洁，可是缺少趣味性，一堆复杂的地名人名有些让人眼花缭乱，大概是文化差异的结果。耐心读的话会知道不少历史知识。,4
146735,手臂的地方有点小，衣服设计可以，质量不错,4
155058,感觉没有那么值，男同事给贴的，一拿到手就说是塑料的，虽然自己接触的玻璃膜不多，也感觉不像玻璃膜…包装倒挺好，用淘宝扫一扫包装上的二维码，能扫到货品号，但淘宝没有该商品，不知是太新还是太旧…,4
155395,材质不是很合乎自己的想象，以为这样就价格也不至于太出乎意料的,4
149807,做工一般，多处漆面脱漆。需要购买的同志可以看图，而且在中亚买东西，不知道怎么和卖家客服人员沟通。也许我文化水平低，后面泡茶的卖家发过一个来，公道杯没补发，虽然我说影响不大，可能是这个原因，所以只补发了一个,4
157289,质量对得起这个价格，满意，尺码比其它要稍微大点，个人感觉。,4
128657,个人很着迷清朝的历史，市场上大多为‘曾在清宫服务’的人士的自传。这本是比较着重叙述的‘知识书籍’。 内容适合学习，了解，甚至作为初级‘参考文件’来使用。没有太多绚丽的词句，但有分量。,4
134853,瓶底贴了片薄膜，撕开后可见外层不锈钢的小洞。10盎司很小巧，怕掉漆所以买了原色的,4
142262,挺好。只是不明白为什么下订单时不能买一个，非得增加数量？东西不便宜，多买的那一个还得找个人送掉。,4
130936,说实话。反正就很一般般的线…可能传输还行。但是感觉还没装电信光纤送的线好😳,4
140064,不知道这是不是所谓的原版进口书？印刷不错，纸张跟我想象的有不少差距！但携带方便，价格还是有点小贵！内容正在看。。。。。。,4
157959,身高175cm，体重77kg，XL至少大了一码。,4
141982,挺好看的，用起来也挺不错的，就是续航没描述中的那么久，毕竟早晚都用，差不多5、6天要充次电,4
137110,样子很喜欢 但是买大了一码 要是小点就好了。但是脚背那里挤。穿了一段时间后左脚的脚背那里磨小脚趾后面那块骨头,4
143244,内容没有想象中的那么仔细，缺少很多有名的地方，印刷很好,4
142791,质量不错，尺码标准，穿着舒适，清洗后需平整。,4
30074,气死了 付款时给100元现金 却找了6元 当时没注意 过后人又找不到 吗的送货员的素质真低 贪5快钱的小便宜就能富裕了吗？,1
23677,我东西都没有收到，怎么已经配送成功。物流慢，服务差！在亚马逊上只能买点零食！给你打个3分吧！服务太差,1
4082,昨天刚收到一批书，这本书略微一翻，出现有一页是破损的，让人很难受。这是我在亚马逊第一次遇到这种情况，但愿亚马逊以后可以在发货之前认真检查下质量，不要出现这种低级的问题。,1
9447,商品不错，但物流太慢了，而且快递态度很差。从下单到现在，快一个月了，货还未交付完成，高考了，请多点人性，多一点责任，多一点体谅,1
30068,差评，这次没有原装箱包装，牛奶瘪的瘪，鼓的鼓，不象正品，目前发现有两盒臭了，还有蛆，有图为证，不能退换货，不会再来了,1
28455,新小米盒子概念太模糊了 简直就是坑人 因为是小米盒子增强版 所以买回家一无是处 鄙视一下,1
7816,看了后发现书的价格与内容相比，太贵了，还占地方。不能捡便宜买啊。,1
5254,7月1号下的单，2号发的货，将近半个月了，货还没到！！！,1
9848,垃圾，下个软件根本就扫不出来图，就这两本书也敢买这么贵，骗子。,1
6603,差评 那么贵一个塑料杯 严重漏水 倒完水 水就从吸管和吸管插口往外冒 喝水时都不敢歪一下,1
22725,手机套边角是破的，而且整个手机放进去了是倾斜的，买给老妈的他也没有关注，太不值了,1
809,虽然书没有破坏，可是里面特别脏。退款很麻烦，只能接受5555,1
37747,您好，买的这个榨汁机用不了。我要退换请问在哪里退换,1
19644,和美国亚马逊价格怎么差那么多，不怪亚马逊。。。。。。,1
9197,亚马逊网站怎么这样？送来的机油包装箱己打开，拒收后要求换货，客服却让用户重新下单，本身这单也没完成吗！价格涨了。用户重新下单很不方便，店大却这样不为用户着想，另人很失望，希望其解决。,1
21614,极端垃圾，千万别买。买来用了没多久，就经常性的网络断线，每次断线就要重新设置，不胜其烦，打了网件客服电话，也只是让你重新设置。然而设置好后，一天后又断了，现在扔一边了。买了一个tplink的，200块钱，从不断线，网速飞快。以前一直用网件的路由器，从此以后，网件一生黑。,1
10075,卖家的书很不错，印刷和纸质都还可以，快递速度也不是很慢,1
2815,纸质真的太差，对于喜欢看纸质一定不要贪图便宜，会让你有种不想看下去，或者收藏的任何动力,1
28290,书收到了 连薄膜都没有 那是旧书啊 不开心,1
31929,与图片不符，收到的货是不锈钢本色的，根本不是图片上的样子,1
6682,太坑了！！满心欢喜打开鞋子，我就呵呵了。说好的小白鞋呢？颜色发青，周围一圈都有黄色，各种logo跟标记完全不一样。鞋子还有凸起让我很不舒服。而且鞋子太大，明明特意百度了尺码买的。等了这么久就收到这货，我呵呵亚马逊！！！！反正懒得退了，花钱买教训！！！,1
9570,翻译的很差，有些内容自相矛盾，有的内容让人完全不能理解，真的误导新手父母，害人不浅,1
33644,前两次用感觉还挺好的，颜色也好看。但是，第三次用，没有摔过也没有烫过什么的，就开始漏水了……现在已经扔了……,1
2675,鞋子穿着舒服 好看 只是有一点瑕疵 怀疑是残次品,1
3745,能添加图片吗？这货到手各种水渍。二手的吧！,1
33838,拉链粗糙，线头到处。和地摊货差别实在不大,1
24356,买了快一年了 就没用过几次 本来是想开车时用的 结果死活无法连接iPhone6 但是iPhone4s可以连接 真是纳了闷了 为了这玩意儿难道要我换手机吗,1
11673,不要再买了，品胜的其它东西也要注意了。哎。,1
14542,表是没有问题，但是亚马逊的物流也是太差了！如果不是价格便宜也不好在这里买，完全比不上京东的物流，请你们好好检讨一下！你们从广州发货到中山要5天时间！我也是醉了！附上物流截图你们看，好好反省！,1
33362,我付款快两月没发货，也没有任何说法，难道去月球采购。,1
12408,次日达的东西发了一周，中间两次打电话催都没用！,1
2002,忽悠人，耽误事，买了东西过了好几天显示退货,1
39479,一直都没有收到书，物流公司也联系不到，就这么莫名其妙的没有了。,1
37469,亚马逊是否卖翻新机，我买了手机一个月多屏幕左上方就有了十几个黑点，现在返厂返修，说至少三个星期，真是无良商家，大家在这买手机要小心。,1
31069,这是在亚马逊最糟糕的一次购物！货物收到后，因为家里摆放位置的问题，暂时没有拆开。昨天代开包装，首先发现正面朝上的包装里，烘干机尽然是头朝下放着的！门是敞开的，关了几下发现关不上，一看是卡子坏了！太不负责人了！后来发了退货申请邮件，收到回复说可以找松下的售后维修，于是联系了售后。今早售后上门，才发现，烘干机的发票尽然没开给我！而且机器后面也没有条形码！维修的人收没有发票和条码，维修要收费，于是，一个几块钱的卡子，被收费85元，而且售后还不甘心，又要抬价到100元！ 我打商家留在亚马逊上的联系电话，尽然是关机！这种商家！太不负责人！严重鄙视，大家购物谨慎选择这个商家。,1
1853,盗版书 盗版的，想要正版的就别买了，没法看,1
33042,无耻商家，书缺失几十页，说因为时间太久不能退换。还说发货时检查，客户拿到手不能把上千页的词典逐页检查就得自认倒霉。无耻的亚马逊，越来越烂的品牌。,1
24499,书刚到，内容还没有看。但是很不满意！75块买的书，却有盗版嫌疑！纸张薄，偏黄，而且书变形了，还不如到某宝上去买，说不定更便宜，质量更好！！,1
37183,本以为是即将上映的电视剧剧本才买的，收到后完全不是，不过2块钱也不用计较了，算是看外传,1
6029,真是垃圾，败坏亚马逊的名声。放不稳，真不安全。,1
26146,退货一个月了，还没收到退款，明明是质量问题,1
28418,一个半月货没到，联系卖家2次，没有任何回复，终于到了，直接给我放小区超市里，连个电话都没打…………超市看我没取快递，给我打电话询问，我才知道什么情况…………亚马逊真让人失望……,1
10859,极其不推荐家长购买。不适合任何年龄阶段的儿童阅读。 内容很不合理，逻辑不严谨，传达出来的思想不利于儿童身心的健康成长。,1
29244,已经退货了。 平板用了一天后，便出现检查电池讯息。 然后再也充电不了。 质量有问题,1
17310,前不久刚刚2599买的，现在标价2299， 还没开封，我是不是可以退了再买呢,1
25353,妈的，你们的配送员太他们的不是人了，电话随是关机，叫我去拿货又不开门，老子跑了好几次了，到现在还没拿到，妈的骗人就别他妈的到网上来三,1
38952,5百左右的锅应该算是一个普通以上的锅了，但是收到的东西，既包装是乱七八糟的，更不提全新包装了，连个最起码的产品说明书和合格证字影都没有，包括这锅上一个字影子也看不到，无从下手鉴定这锅是真是假，连最起码的连牌子也无从下手核对，锅盖还是松的，拧不紧，无语，要不是这退货麻烦，肯定退掉，5百大洋买了个什么锅都不清楚。,1
38171,一本书分开多本卖，你卖就归卖吧，还不按书的内容分，明明一个故事的还要分2本卖！,1
19100,根本无法播放，简直无话可说，你们就这态度啊,1
4189,像是小孩子看的书。插图完全喧宾夺主，看不出任何名著该有的样子。,1
13066,"1. 我留的家庭地址选的周!末!送!货!结果你配送员周四周五就带着包裹出门送货是为什么????????还没有任何提示和联系不说打个电话,发条消息都没. 2. 结果到了周末你们反而不送货了!!!!!打给配送站配送站说周末人员紧张来不及安排送货!!!!!!!!!!你们这是在耍人呢还是在耍人呢还是在耍人呢??????????????????网站上写着预期送货时间是周末,结果你们反而不送了,我还特地为了在家收这个包裹推了本来的练习课,简直了!!!!!!!",1
20468,这书，废话连篇，各种偏激的说辞，误导读者不要买房、不要使用信用卡。还有笨拙的故事显得过于滑稽。不知道那些好评是怎么来的！,1
39436,味道很大，买的时候要慎重。几十块的东西，我也懒得退货了。非常失望的一次网购体验。,1
29849,东西不错，只是今年2016.8.31就要过期了，只能用半年不到时间，卖家还特意用商标挡着到期日，当所有消费者都是傻子吗？算了，我也懒得退货了，只是后面的购买者看清楚了……,1
26481,球门呢？客服解决一下吧 包装里没有红色球门 !!!,1
31555,充电难，用电快。很不理想。不知能否退货。,1
11250,怎么没有附上《实物等大纸型》，书有附实物等大纸型，我应该找谁要回？？？？？？？？？？？？？？？,1
6540,纸张真的很差，去你真的不要去买它，完全不相信它值14元，坑死人呢,1
27355,我不想多说了，很不满意，亚马逊也就这样了,1
26645,送货速度太慢，小孩都等急了，快一个星期也没有给我发货，邮件也没有回，都不知道什么时候能发货的！,1
14973,个人感觉一点用都没有，视频是由不同的人录制，只有简单的做法，没有操作过程，视频只有第一、二、三、四、八章。这主编太敷衍别人,1
1457,2015年4月11日收到货，6月17日使用两个月即不能充气。,1
19487,好几处油漆第一次玩着玩着脱落 一不留神在娃的手上发现 试问这种脱落的油漆哪个妈妈敢给宝宝入口 是中国hape的品质如此 还是所谓的网络特供 出问题的肯定不只我一家,1
29454,非常糟糕、选购太麻烦！非常气人！寒乱的表现。。。。服务质量远不如前。最差评的平台！,1
176418,非常好用的一把锅铲，不管是不粘锅还是珐琅铸铁,5
186433,很好，很实用，比预想的使用效果还要好。服务态度也好，验过机后付款的。 用了两个月了，是正品，抗摔，性价比高，非常满意，还会再来的。,5
181463,东西不错满意，发货速度很快，下回有机会还会买。,5
178531,.飞利浦的耳机做的一直很好，上次买的一款39的就很好，只是给丢了，可惜。只好重新买耳机，又选了飞利浦的产品，飞利浦的耳机线不像国产的耳机线那样，经常放兜里容易变硬，飞利浦的耳机线一直是软的，不管什么时候，怎么用，不变形，这才是最棒的。音质我不是很在意，感觉也还不赖，给个好评。,5
168258,平时穿运动鞋42，这次考虑这鞋比较窄，所以买的85，非常合适。其乐鞋就是舒服。,5
191766,1999年合同法颁布到现在，家中几个版本的合同法，新版的教材没来得及看，可以想见有物权法和侵权责任法等新东西。,5
160888,是双层的，比较隔热，重量也很轻。 唯一的小缺点时盖子和杯子不是非常吻合，应该是杯盖沿不是非常的圆。 提个建议：钛金属应该可以做成亮银色，那样会更漂亮。,5
198810,是正品，没有杂音，听起来很微妙，轻柔。既好看又划算,5
166158,这是我一直以来期待的那种高屋建瓴般把小学数学基本概念讲透的书。对分数的定义太精妙了，简直醍醐灌顶。,5
188687,很大的一瓶，颗粒完整，香而不浓，方便快捷,5
163809,"书质量不错, 每页内容不多不少, 非常好!",5
181498,宝贝收到了～跟想象中 一样～很好哦～包裹的很 严实 质量也很好,5
160067,木工书很好，知识很全面，想做木工的可以学习！,5
189057,内容有点杂。讲了点简单的真实人物结构比例、肌肉分布，又讲了些动漫中的镜头、动作设置。 任何一方面都并不是巨细靡遗，需要专业书籍补充。优点是比起经典的老专业书绘图清晰。 无论想研究写实还是动漫人物，这本书都没有必要购买。但对和我一样什么都不懂的朋友来说，却可以一次收获大量各方面知识，所以我是给五星的。,5
188901,好，不漏水，蒸汽出来的快，烫衣服效果很好,5
167029,永远的经典，每次阅读此书都有新的启发和收获。,5
178489,全书的宗旨就是为解决：日本人为什么这么怪 - 为什么可以既坚定又反复无常，又忠诚又容易反叛，经过作者深入的研究，挖出了深藏在日本人文化中的原因，读起来很顺畅，也佩服作者的眼光，推荐。,5
190726,到货快。卖家包装用心，装在一个便当盒里，还附带发票，看着很舒心。每晚洗漱后使用，用了一个月，护肤品吸收效果明显。买来主要是想淡化法令纹，目前感觉还需坚持用。不过眼角提拉效果较为明显，这让我更有信心使用下去。,5
180472,帮嫂子娘家买的，还不错，物流也很给力……,5
170636,第一次在亚马逊买书，比淘宝便宜，质量还好(≧∇≦)/,5
171678,是孩子喜欢的书，生动有趣，很适合小学生读,5
164774,以前用另一个牌子，这牌子第一次用，止汗效果都一样。并且做活动便宜。,5
171402,虽然等的时间有点长，但绝对值得购买。好像就是量身定制的一样。80%的棉，穿在身上，皮肤感觉很好。中亚海淘以来，写的第一个好评。纪念一下。,5
182091,哎，宝宝现在一直想要在里面了，也不想出来，省心是省心了，就是不给他玩就要哭。,5
174672,不仅仅在写作技巧，方法上面讲得让人感觉挺专业的，更重要的是有真题和相应的范文，这个是我比较看中的，因为我觉得技巧再多，不如多提供一些高分范文，我喜欢自己去总结和摸索，它为什么比我写的好，然后从中能够找到一些写作的灵感。,5
179455,耳机音效没的说，隔音效果很好，外型漂亮，价格便宜，超值！,5
185301,是正品，买来送人是很不错的选择，很实在，什么都有，套装就是方便,5
161293,书还没看，但是书皮很精美，里面的的排版也很好，就是如果内容是双语就好了,5
172702,总觉得萧红的一些文字和鲁迅先生的文字有同出一处的感觉 时代相同 经历相似的原因吧,5
182953,姚明在NBA的那几年我是使劲的在黑他，但没想到的是他退役的那天我竟然流了眼泪 这才是真爱吧 毫无疑问他是我们篮球爱好者心目中的英雄 只可惜的是再也不会有一下个姚明了,5
192055,鞋子收到了，穿着很舒服，质量很好，很喜欢,5
169961,宝贝质量很好，和描述的一样好，上身效果也不错，挺赞的，卖家服务也细致耐心，好评！,5
173667,非常方便值得买，适合上班族手帐，不用花太多心思,5
178620,买给孩子看的，自己先看了，被书中的内容吸引了，看的时候哭了好几次，非常值得购买的一本书,5
181148,电子书非常好。看下来没发现错字啥的，排版紧凑。翻译非常流畅。,5
183787,还没穿看着还不错，相比从商场买的一条80多的便宜好几倍，不过没试试感觉如何。,5
193733,每次只要用一点 ，在亚马逊上买了好多贝亲的产品。,5
165499,清洁能力简直了。虽然可能是男装用的，但是我觉得女生也完全可以用不影响，有磨砂炭粒子，用完非常干净。,5
168489,一起买了两本，比书店便宜很多，纸张淡黄色的那种，看起来很舒服，中公的教材很好，知识点讲解明确，适合学习,5
169150,杯子收到了，倒了开水，不漏水，没有气味，亚马逊自营商品一直很好，支持亚马逊。,5
167514,非常非常简洁的简史，可以获得一个初步的轮廓，为以后选择进一步的读物提供一个框架,5
188875,intel的品质还是让人信服的，推荐这款。,5
162815,还可以，做工太一般了。不值这个价。聊胜于无吧。,5
194820,"很不错,亮度很强,晚上使用很方便.,很满意.",5
184499,很多小故事，可以让孩子爱上读书，不枯燥。,5
161759,怀孕真的是人生中最大的一件事了，它承接了上一辈的寄托下一辈的希望。有时候我感觉我怀孕，爸妈们比我还紧张。 这本书能根据孕妇做每一个周的详解以及描述了胎儿的发展情况，这本我看了后再送给我弟妹，她也觉得很好！,5
181857,很好，很超值，还送网络课程，看网络比看书容易理解！,5
181490,相当可爱的一本书，跟其他介绍旅游的书完全不同，除了旅游信息，风土人情之外，还有作者自己的手绘，太有意思了，在书店里看见这书，觉得画的不错才来网上买的，看完之后，真的很想去坦桑尼亚玩了,5
181884,给孩子买的，自己一边学，一边给孩子推拿。,5
162385,本书的内容十分翔实，有大量的图和文字说明。本书可以算是资料类的书籍，并没有进行古代服饰的系统研究。装帧很不错，就是稍微有些小。这个开本做了700多页，分量很重，非常有大部头的感觉。,5
189987,可能是地域有差异，我们这里不流行它上面的做法,5
189051,真实透彻地反应职场遇到的种种，易懂且分析的有理。,5
174160,书很好，价钱实惠，比在新华书店好多了，就是付款是不知道为什么不方便，很慢；另外我买了十几本书，为什么不可以免邮，还要出运费。,5
199797,很满意 穿起来很好看 很大气 很高档的裙子,5
177338,很好，但是一直没在地上用过，今天在车上垫着睡觉了，挺暖和的,5
198520,袜子材质不错，做工精细，细腻柔软。袜子里面没有多余的线头，不会磨脚，穿着很舒服。吸汗效果可以，应该是防臭的.,5
161638,松紧带设计的是上下带的，使用很不舒服，不如左右带的方便,5
188208,书质量吾错，光盘未试，内容还可以。买来自学，应该可以。,5
192728,乐高的质量很好，送给孩子的新年礼物、宝贝很喜欢。唯一缺点是送过来的扣有点问题，总掉。,5
170547,总体来说很不错， 物流很快，表的样子也很漂亮。感觉表带稍微有点硬。,5
194207,买的时候没注意，收到货竟然是两大瓶。很惊喜了一下,5
185556,枇杷很新鲜也甜，每个果实包装的很好，好评。,5
192575,很便宜，稍微软点，要直接放床上不垫其他垫子会好点！,5
175412,总体上说很不错就是组装有点麻烦。螺丝容易损坏,5
