85784,订的蜂蜡皮革，结果到货了是黑不溜秋的颜色；订的us7.5（40码），到货的却成了us8（41码），这是什么情况？ 海外购确实是懒得退换货了，将就吧。,3
98749,感觉就是今年值得旅行的地方推荐，每个地方极其短小,3
87578,作者的随感，驳杂。观点还前后矛盾。处于工业文明和农业文明的冲突困惑中。,3
112066,还没用 但是包装完好 没有之前提的盖子坏了的问题 但是没有纸质包装外壳 而且是从深圳保税区发货 深圳保税区的东西有些相比外面很便宜但不知道真伪啊 写了shampoo 的是洗发水 写了conditioner的是护发素,3
96394,真假不能甄别 但是在室内或者光线较暗的地方清晰度就不行了 不如国内同价位的产品,3
93624,翻译有问题，其实是面膜，完全不能当面霜用。敏感肌用完，每回脸上都是红红的,3
106525,為什麼到一半就沒了，看到一半跳出來評論？,3
108218,我家宝宝4岁不喜欢这套书，可能故事不够吸引，情节太简单了,3
178096,突破常规看世界，思想上的深度和现实中的平常形成强烈碰撞，是逃避的方式还是看破红尘的大彻大悟，是作者的价值观本身具有的想改造法律和社会现实之不公平的欲望，还是对社会实际问题的矛盾用超脱的思想来回避？仁者见仁智者见智，无论从哪方面思考都可以有一定深度挖掘的理由和价值。文章短小精悍，但不妨碍思想深度的引发和启迪，推荐！,5
182827,中医大家的书，都是干货，以后此类书，还会再买。,5
194470,这个真心不错，用了几天洗得还挺干净的，而且洗完脸也不干，两瓶这个价钱真心很值!!!!又大瓶!!,5
163429,功能非常强大很好用用一两次就可以熟练操作，这样为我节省不少的时间，很喜欢，做工很好质量很不错我在实体店看的类似的比这个贵多了，很划算，物流发货很准时很到位很满意，卖家更是很有耐心服务周到。,5
178462,很不错，虽然其中很多专业知识看不明白，但是情节很不错。非常适合好莱坞拍一部大片。,5
178847,反馈来了 很不错 想说这么高的配置 商家的价格这么低 不亏？,5
177911,有些人看起来很忙很勤奋，恨不得天天只睡4个小时；有些人看起来似乎闲庭信步，毫无“拼命”的劲头。但笑到最后的，反而是貌似懒散的后者。这种现象很容易让人心理不平衡。其实，事情的因果关系并非表面那样。 “勤奋者”虽然在努力地飞驰，但方向是混乱的，把自己的能量耗费在很多无谓的地方； “懒散者”虽然步子慢，但方向明确，规划清晰，一步一个脚印走得扎实，纵然不能迅速取胜，也迟早会站在胜利的终点。人生方向的选择，不仅仅是人往高处走那么简单。因为你很难弄清楚，走哪一条路对你最有利。眼下看起来前途无量的选择，说不定反而不是最适合你的。,5
199561,王力先生的书内容就不用说了，印刷也很精美，非常喜欢！,5
25645,看图片说明很想买，到手后却很不满意，又硌又勒，很不舒服。,1
5388,为何我到现在还没有收到货？写清单在哪里？我的短信和邮箱都没有收到！,1
33491,商品都很好，所有的差评留给亚马逊的物流！,1
527,质量特别差，用不到一个月，喷嘴直接热水喷出来，烫脸上腿上了,1
34229,包装差，书皮破裂。要求退货没有回应。与当当相比，包装，物流，退换货简直低一个档次,1
23982,是机器翻译的吗？请问署名的翻译者好意思吗？,1
16712,亚马逊海外购提供的是过期产品，使用日期是2017年2月1号，今后不会亚马逊海外购，相当不诚信,1
2012,亚马逊发货太不走心了，3天才到就不说了，杯子底部有磕破，外包装破烂。送人的，拿不出手。转头京东买一个，贵几块钱，次日达，外包装包得好好的，杯子也完好无损。如果亚马逊再这样下去，估计客户都要被别的网站抢走了。,1
43423,不好 跟我从新西兰买的不是一个味道 不知道是不是假的,2
62557,第一泡，第二泡还可以，之后就寡淡了，不耐泡，味道一般,2
68767,我想问为什么2015年的考试按照2014年的考纲编写？？？？,2
71771,粘不稳总掉下来，USB口没多久就坏了，插了完全没反应，太鸡肋了，本来就没几个面,2
79125,没看完，看到百分之二十多。因为我觉得我并不感兴趣，在我看来显然这本书没有进入真情那队列。优点：文笔流畅，较幽默。缺点：矫情、矫情、矫情。妈妈说，最重要的话要说三遍。,2
66654,这个买错了，也没有退货，不知有什么用，只是想买启瓶器,2
71397,"剧情拖沓冗长,大篇大篇的对话,选材俗套,看了感觉在浪费时间,不太贴切现实",2
49613,怀疑是假的。 味道有些刺鼻，而且发热时间太短。,2
130316,床很好，很结实，还送枕头，唯一的遗憾是有几个固定床架和床板的螺丝钉掉了，可能是运输途中颠簸所致，但是因为床板上螺丝的孔已经变大，无法再用螺丝将床板固定。,4
140316,手机其实不错，除了不是4G，拍照稍微逊色一点，但已经很不错，视频非常好。主要是屏幕够好，不刺眼不累眼，很喜欢。,4
152823,好，好，以前从不去评价，不知道浪费了多少积分，现在知道积分可以换钱，就要好好评价了，后来我就把这段话复制走了，既能赚积分，还省事，走到哪复制到哪，最重要的是，不用认真的评论了，不用想还差多少字，直接发出就可以了，推荐给大家！！,4
145059,给四星吧，买的第一本书下面塑封意见破开，书可能是受潮了，书整体是弯的，希望你们库存发货时候好好看看，塑封都破损了还发出来吗？给亚马逊服务一个好评，一说有问题，立马给发一本新的过来，最后一张图片是发过来新书，前面图片都是第一本，大家都看看吧，给做个参考。,4
155550,因为小朋友在课外上课之余，老师要求每人分享一个小故事或者脑筋急转弯，所以帮小朋友买了这本书。 1. 本身200多页，不算厚。一页一个脑筋急转弯，答案是作为附录列在书的最后面，不是直接在主题下面的； 2. 每页除了一个配图的脑筋急转弯以外，还会有一些不同形式的拓展栏目，如成语、故事等，这个挺不错的，可以让小朋友看的更快乐一些； 3. 本书还对脑筋急转弯进行了归类，这个也听不错的； 作为小朋友的读物，有几项可以稍微改进一下： 1. 书的印刷质量，毕竟是小朋友阅读为主的，纸张和字体可以更清晰一些； 2. 是否可以有彩色版的，小朋友阅读也会更轻松一些；,4
140803,还可以吧有些帮助................................,4
127016,书是好书， 可惜字印得太浅， 读起来眼睛很累。而且纸张不好， 加上书又厚， 拿在手里真累！,4
132142,有些概念没有定义。 外行看得有些吃力。,4
